customer_id,line_proxy_first_order,last_order_before_freeze,age_days_at_freeze,f_scope,returned_at,returned_channel,returned_within_14d,in_d_and_f
31f41eee-0076-45ea-9a35-3b1ab46a0366,2026-01-06,2026-01-06,251,gt90,,,false,true
7a24eb81-f9dd-4e2c-bb52-41d65745a00a,2026-01-06,2026-01-06,251,gt90,,,false,true
7a718e80-25f2-4c6e-891a-cea62e1519d5,2026-01-06,2026-01-06,251,gt90,,,false,true
9577a0fc-f462-48d9-915a-cabb51f8edeb,2026-01-06,2026-01-06,251,gt90,,,false,true
fc77947e-35aa-44ab-bfe8-5663f72fc555,2026-01-06,2026-01-06,251,gt90,,,false,true
08c95557-ab58-4537-890c-9a1aee0eb5af,2026-01-07,2026-01-07,250,gt90,,,false,true
0af3cc8e-5363-48cc-a5cd-2547fb51d5cd,2026-01-07,2026-01-07,250,gt90,,,false,true
3afeaa4f-5665-46f2-bfca-43370d5c60d0,2026-01-07,2026-01-07,250,gt90,,,false,true
4d1d769c-7150-4a77-8911-793e84e79f8b,2026-01-07,2026-01-07,250,gt90,,,false,true
50f341d6-7e20-4341-8836-75eac3fe5c29,2026-01-07,2026-01-07,250,gt90,,,false,true
683378c4-23e1-4efc-bc84-12d7344615d9,2026-01-07,2026-01-07,250,gt90,,,false,true
a59e0946-cd4d-4e86-9fda-c2abb677fa2b,2026-01-07,2026-01-07,250,gt90,,,false,true
b295e11a-3d00-46c0-a4f1-d48b35779802,2026-01-07,2026-01-07,250,gt90,,,false,true
ebd8495b-aa45-45c0-8e5c-57ff64954a32,2026-01-07,2026-01-07,250,gt90,,,false,true
f69915b1-7f0b-40e4-aec9-bad3c8d4cfee,2026-01-07,2026-01-07,250,gt90,,,false,true
1a75d8f6-abbb-42c2-be6b-9e737e380db6,2026-01-08,2026-01-08,249,gt90,,,false,true
381e9eeb-5f10-411d-8f73-7a6307440c86,2026-01-08,2026-01-08,249,gt90,,,false,true
5a4b1480-0d08-48d7-806b-a8249f4ab5b3,2026-01-08,2026-01-08,249,gt90,,,false,true
94500290-4eab-4456-b121-ea5df6e1ef29,2026-01-08,2026-01-08,249,gt90,,,false,true
eb50ee4f-816c-4bde-b83f-2a1d286af925,2026-01-08,2026-01-08,249,gt90,,,false,true
05066f1d-8e16-4a40-9a32-ab0c7c1152fe,2026-01-09,2026-01-09,248,gt90,,,false,true
839a8395-a284-48ed-9f04-041429f53aa0,2026-01-09,2026-01-09,248,gt90,,,false,true
99678f4c-4cbf-41a4-820a-27bcb4645619,2026-01-09,2026-01-09,248,gt90,,,false,true
aa6b1de7-fa25-40a0-b0aa-c11a4fe63eaa,2026-01-09,2026-01-09,248,gt90,,,false,true
ae59a6fb-19fa-4de7-ad02-ef96789dda7c,2026-01-09,2026-01-09,248,gt90,,,false,true
e2a540d2-15df-4c52-ba76-2ce362158e48,2026-01-09,2026-01-09,248,gt90,,,false,true
d7ccd786-af91-4e94-908a-235786f6e149,2026-01-10,2026-01-10,247,gt90,,,false,true
e3ccedbe-cd10-4c96-914e-3a206d807dd7,2026-01-11,2026-01-11,246,gt90,,,false,true
10bdc417-b483-4c68-ab22-a8897bae327a,2026-01-12,2026-01-12,245,gt90,,,false,true
32a83331-7390-4689-a2a7-21872b4042c4,2026-01-12,2026-01-12,245,gt90,,,false,true
4c7ac551-78ae-47d9-95ef-7d7b3ed5da61,2026-01-12,2026-01-12,245,gt90,,,false,true
561dc50f-f219-4a45-aa64-e099c31d30a9,2026-01-12,2026-01-12,245,gt90,,,false,true
779387c8-c87d-4cd3-a34e-d66593d41fbd,2026-01-12,2026-01-12,245,gt90,,,false,true
aab24f14-43d1-409d-85c7-3b72fd21eb61,2026-01-12,2026-01-12,245,gt90,,,false,true
adb85879-ac8d-48be-8bb1-9ae45cc34a01,2026-01-12,2026-01-12,245,gt90,,,false,true
ae9bb80d-9051-4ec0-a53f-a4d4c6cb746b,2026-01-12,2026-01-12,245,gt90,,,false,true
c3a64b64-c7dd-49e3-9cf0-86907c6323d7,2026-01-12,2026-01-12,245,gt90,,,false,true
15f08664-b97a-4139-83d4-8a4a8bb63051,2026-01-13,2026-01-13,244,gt90,,,false,true
345aae8c-285f-4f72-93e6-9bf2ce480a45,2026-01-13,2026-01-13,244,gt90,,,false,true
4685b07b-7149-4796-99df-9b35616192ba,2026-01-13,2026-01-13,244,gt90,,,false,true
478658d4-83a3-4dd4-beab-c3ef7e722465,2026-01-13,2026-01-13,244,gt90,,,false,true
59e1d967-0cac-47e7-ad93-916451149880,2026-01-13,2026-01-13,244,gt90,,,false,true
67f026ad-6b2a-46ab-9035-757e863a97f8,2026-01-13,2026-01-13,244,gt90,,,false,true
a681944a-28ca-4ae5-b2ce-e9fd450dae40,2026-01-13,2026-01-13,244,gt90,,,false,true
ab84d0f4-dabf-4de2-b46a-1311d22f606c,2026-01-13,2026-01-13,244,gt90,,,false,true
ababedce-1db3-485d-9d81-d8b152311187,2026-01-13,2026-01-13,244,gt90,,,false,true
b4de73f4-bbeb-42da-9dc9-7479ab16ecf8,2026-01-13,2026-01-13,244,gt90,,,false,true
c84b822b-bcc8-419d-afc1-ee9f3c814c81,2026-01-13,2026-01-13,244,gt90,,,false,true
d6fdd96a-19ab-4647-b1f1-5ddfd361270d,2026-01-13,2026-01-13,244,gt90,,,false,true
dadc3f64-f7ad-48f4-9f2d-506f0d6fd113,2026-01-13,2026-01-13,244,gt90,,,false,true
f8d9d813-8d49-4c18-b8e9-166779f4c905,2026-01-13,2026-01-13,244,gt90,,,false,true
fd6d9fce-b7dd-4dc8-8f02-2cbee5f5dce7,2026-01-13,2026-01-13,244,gt90,,,false,true
3caa9f7b-3041-4d56-9a09-da3a2d3e2238,2026-01-14,2026-01-14,243,gt90,,,false,true
7e70c632-b69d-4742-8e81-9f33eae173b8,2026-01-14,2026-01-14,243,gt90,,,false,true
a6eca7ea-c0fe-4feb-81f8-7615119b2a36,2026-01-14,2026-01-14,243,gt90,,,false,true
d17a9f1a-7715-4b76-bb83-66ef17ad91eb,2026-01-14,2026-01-14,243,gt90,,,false,true
e5a0510f-cef1-4375-8018-8c007cd9033c,2026-01-14,2026-01-14,243,gt90,,,false,true
0524f739-36d0-432e-8752-6fd29e49b6a5,2026-01-15,2026-01-15,242,gt90,,,false,true
46f67e9c-4f75-4fa5-b344-802cb190fe9c,2026-01-15,2026-01-15,242,gt90,,,false,true
4b653f9b-937e-4ecd-9ebc-3b8a55e39154,2026-01-15,2026-01-15,242,gt90,,,false,true
91212289-79a5-4e99-8437-d728b06f1cbf,2026-01-15,2026-01-15,242,gt90,,,false,true
d68fe84c-86ca-4890-a551-ba9a75909e8e,2026-01-15,2026-01-15,242,gt90,,,false,true
93f0e228-6239-49f9-8207-778ecd2db7bc,2026-01-16,2026-01-16,241,gt90,,,false,true
ffed2054-618e-4e6b-8ab5-564ea2155c6e,2026-01-16,2026-01-16,241,gt90,,,false,true
12373ee0-96b4-49ba-b523-6e0a6d118211,2026-01-17,2026-01-17,240,gt90,,,false,true
4976b22b-0a76-4af7-ba0f-72adb588f565,,2026-01-17,240,gt90,,,false,true
64dbbbf6-3319-4e96-8d9f-d847d27dcda4,2026-01-17,2026-01-17,240,gt90,,,false,true
6a962189-6243-4bea-96ff-20aa4e072482,2026-01-17,2026-01-17,240,gt90,,,false,true
76d25c4f-c0f0-4acd-8151-3db5e080dad9,2026-01-17,2026-01-17,240,gt90,,,false,true
7dd461c3-5190-4b8c-82a7-19794a101560,2026-01-17,2026-01-17,240,gt90,,,false,true
a2b4be4f-1354-4660-a2d4-96fa9bf6ad05,2026-01-17,2026-01-17,240,gt90,,,false,true
ae9102db-16db-4a41-8d1c-bab9aadb173b,2026-01-17,2026-01-17,240,gt90,,,false,true
d38f3589-1432-4682-925c-e1ec8a88514c,2026-01-17,2026-01-17,240,gt90,,,false,true
eaf50c60-ad23-40d6-828a-46850ea0b047,2026-01-17,2026-01-17,240,gt90,,,false,true
6429ccbc-2fd5-473b-95b3-d0cacb5a6080,2026-01-18,2026-01-18,239,gt90,,,false,true
1ff09042-e850-4b0f-a432-e895d453618a,2026-01-19,2026-01-19,238,gt90,,,false,true
3b7ba9f4-370e-469b-a66e-f60ed1dae1c6,2026-01-19,2026-01-19,238,gt90,,,false,true
56675ca9-c1e8-4a47-ac31-cedffa27a129,2026-01-19,2026-01-19,238,gt90,,,false,true
7eb373db-1ad5-44d2-8204-add7568d1a0d,2026-01-19,2026-01-19,238,gt90,,,false,true
a8c96d63-2460-4ced-be53-2702895cc577,2026-01-19,2026-01-19,238,gt90,,,false,true
d94fa661-e80c-471f-879c-9fd3c74edf2a,2026-01-19,2026-01-19,238,gt90,,,false,true
df59d4d7-ed7e-499a-99e1-affec4bd69c6,2026-01-19,2026-01-19,238,gt90,,,false,true
1a51becd-37cb-4496-b824-57e321566172,2026-01-20,2026-01-20,237,gt90,,,false,true
3808b03d-fcb7-4cf7-b34a-0d644f051888,2026-01-20,2026-01-20,237,gt90,,,false,true
403eb097-4d4b-4338-af99-608dcdaa906f,2026-01-20,2026-01-20,237,gt90,,,false,true
86604fc0-720c-4371-bf8a-6c91fc6c25e8,2026-01-20,2026-01-20,237,gt90,,,false,true
91a341e8-9066-492c-b325-013610e8b584,2026-01-20,2026-01-20,237,gt90,,,false,true
9d5046a6-0787-4024-9696-eb731a368103,2026-01-20,2026-01-20,237,gt90,,,false,true
c1fd436e-51e7-4437-8a50-cb17edce2390,2026-01-20,2026-01-20,237,gt90,,,false,true
d2f6fbfd-5187-4a47-b8f3-ca0c8361df1a,2026-01-20,2026-01-20,237,gt90,,,false,true
e9a3bc31-668a-40f9-bb57-69dbab8995f1,2026-01-20,2026-01-20,237,gt90,,,false,true
e9c15842-6c1b-4181-b544-a065e7198d0e,2026-01-20,2026-01-20,237,gt90,,,false,true
f50be706-af45-4722-88af-bd0475b60255,2026-01-20,2026-01-20,237,gt90,,,false,true
face6022-3125-4585-86c3-594a20a91a42,2026-01-20,2026-01-20,237,gt90,,,false,true
fed5138a-09c1-4e9d-b241-d7080f05a7b5,2026-01-20,2026-01-20,237,gt90,,,false,true
47782de8-a6e0-468b-9e59-7eb2e652e3a5,2026-01-21,2026-01-21,236,gt90,,,false,true
6bf2fb06-2564-4eee-b455-08de45812543,2026-01-21,2026-01-21,236,gt90,,,false,true
b56aedf5-0146-428b-8564-43c438727efb,2026-01-21,2026-01-21,236,gt90,,,false,true
c5c3b46a-602a-4357-8748-fee0c0754a0e,2026-01-21,2026-01-21,236,gt90,,,false,true
e2d9296a-184b-49dc-86f0-ee616c520905,2026-01-21,2026-01-21,236,gt90,,,false,true
98fe1ef5-e216-4258-bd68-2dca5b22ef1e,2026-01-22,2026-01-22,235,gt90,,,false,true
cd1661e3-0d82-4a6d-9f48-4b7f386fbde2,2026-01-22,2026-01-22,235,gt90,,,false,true
4cc281f9-26a2-4fd5-ad73-be2adea42047,2026-01-23,2026-01-23,234,gt90,,,false,true
507dea21-defe-4ca5-89b1-4bc692f97378,2026-01-23,2026-01-23,234,gt90,,,false,true
6c553971-3bd6-41e1-9f6d-7709d26b5dca,2026-01-23,2026-01-23,234,gt90,,,false,true
826dee49-0aa2-48ff-882c-6ce28d64a8ce,2026-01-23,2026-01-23,234,gt90,,,false,true
899036ed-de55-46e8-9412-284f8423126a,2026-01-23,2026-01-23,234,gt90,,,false,true
931f8106-b65a-4a4d-8e01-5ba1111f085f,2026-01-23,2026-01-23,234,gt90,,,false,true
94d63eb0-c90b-4746-b551-4d1e910b1429,2026-01-23,2026-01-23,234,gt90,,,false,true
a8dff52d-4eae-4505-90bb-eebdb618a442,2026-01-23,2026-01-23,234,gt90,,,false,true
aec1f692-f32c-4a65-b9ff-e7a24840c99b,2026-01-23,2026-01-23,234,gt90,,,false,true
b4f8f1b9-941c-4a27-9b2d-1e34821f999d,2026-01-23,2026-01-23,234,gt90,,,false,true
be53d4c1-555d-4a0d-8d91-2319bc1871df,2026-01-23,2026-01-23,234,gt90,,,false,true
2d57efda-3196-456c-ae80-d704d6a5ac0f,2026-01-24,2026-01-24,233,gt90,,,false,true
2e583916-1040-4bba-8cd4-e326cc87bd43,2026-01-24,2026-01-24,233,gt90,,,false,true
3cca833e-0f8d-40bd-b596-50cf32ed87ee,2026-01-24,2026-01-24,233,gt90,,,false,true
41cc63f2-f1d3-4070-ad7d-69b17f887020,2026-01-24,2026-01-24,233,gt90,,,false,true
504e2407-4eb0-4a95-945e-0aff98e71d0b,2026-01-24,2026-01-24,233,gt90,,,false,true
561c41b4-29a9-42f1-8026-a1b5af96cba4,2026-01-24,2026-01-24,233,gt90,,,false,true
7ed1a905-9573-4530-b2f0-0319db774f1b,2026-01-24,2026-01-24,233,gt90,,,false,true
8487286a-c0ef-446c-85ee-4fe0871ada85,2026-01-24,2026-01-24,233,gt90,,,false,true
86622a6b-f2cc-445e-84e9-88cadb9d3957,2026-01-24,2026-01-24,233,gt90,,,false,true
92840fce-03bd-4800-8bb3-e66b89a38ac2,2026-01-24,2026-01-24,233,gt90,,,false,true
a03f3f85-8d1c-489d-965b-3f16b4001693,2026-01-24,2026-01-24,233,gt90,,,false,true
accfd3d3-2129-4005-ba38-12eda121a2ea,2026-01-24,2026-01-24,233,gt90,,,false,true
e3b7ebe7-8237-4870-8a1a-f9249cf53458,2026-01-24,2026-01-24,233,gt90,,,false,true
f06ec0dc-ef3d-45de-8296-1d3bc4154141,2026-01-24,2026-01-24,233,gt90,,,false,true
f6113a54-ae1f-44ac-9397-b16476a21668,2026-01-24,2026-01-24,233,gt90,,,false,true
fac98b7d-f6c5-48c2-8d3a-b39edd4370c0,2026-01-24,2026-01-24,233,gt90,,,false,true
0365de6c-824e-41a0-8eaa-2cc083b17515,2026-01-25,2026-01-25,232,gt90,,,false,true
0e18a8ea-4333-411e-b77f-89128d0fc219,2026-01-25,2026-01-25,232,gt90,,,false,true
15c33b11-b39b-4794-87f7-1bfe70497b0d,2026-01-25,2026-01-25,232,gt90,,,false,true
1831864a-23ea-4c91-b96d-4090b98ebd67,2026-01-25,2026-01-25,232,gt90,,,false,true
19ebf035-dd53-420c-b426-090819422ba2,2026-01-25,2026-01-25,232,gt90,,,false,true
2aff2b34-8c9a-4f34-ba89-4225dab0a902,2026-01-25,2026-01-25,232,gt90,,,false,true
3653da0c-2f3d-4ef7-9b0e-4610a87e658a,2026-01-25,2026-01-25,232,gt90,,,false,true
37a70781-fe05-4647-a944-043185fa7a0a,2026-01-25,2026-01-25,232,gt90,,,false,true
3dddf3c9-f1aa-418a-8bac-fbd581aac09d,2026-01-25,2026-01-25,232,gt90,,,false,true
4462b3ba-0b8d-4f65-898c-7c16457487d5,2026-01-25,2026-01-25,232,gt90,,,false,true
4a94c05a-c189-4563-a2e1-054a240a46d2,2026-01-25,2026-01-25,232,gt90,,,false,true
55c57fe4-57e6-47a2-a13b-de726d922ee9,2026-01-25,2026-01-25,232,gt90,,,false,true
562fb24d-3ece-4700-aeb0-c645e6e9ed51,2026-01-25,2026-01-25,232,gt90,,,false,true
5928e5b3-3e1a-46eb-99ff-27beead28ef2,2026-01-25,2026-01-25,232,gt90,,,false,true
5e43a9db-64d9-4a4f-95c0-393ff60aa472,2026-01-25,2026-01-25,232,gt90,,,false,true
69804bab-4cff-4872-8f4d-0c5954eed445,2026-01-25,2026-01-25,232,gt90,,,false,true
6da493df-93c2-4382-9b8d-02a46929fd64,2026-01-25,2026-01-25,232,gt90,,,false,true
8bea4696-157b-423e-828c-e5e18846738e,,2026-01-25,232,gt90,,,false,true
902f21fa-f2b3-4b8d-84df-f68086324e97,2026-01-25,2026-01-25,232,gt90,,,false,true
9b5ac5e4-30ee-4a0b-a856-75e787a60999,2026-01-25,2026-01-25,232,gt90,,,false,true
b1b72606-1868-41c6-9dca-203c4650f96c,2026-01-25,2026-01-25,232,gt90,,,false,true
c1208450-7171-4010-81e2-f4cf0425607c,2026-01-25,2026-01-25,232,gt90,,,false,true
cdcab8b1-d9e9-4ac6-b786-7b4797a6bf20,2026-01-25,2026-01-25,232,gt90,,,false,true
e3ef675a-ca89-4631-9d77-c48456021888,2026-01-25,2026-01-25,232,gt90,,,false,true
f1e7beb7-b4bf-4aed-887f-c00e6de1e041,2026-01-25,2026-01-25,232,gt90,,,false,true
008f9aae-d2f7-4e15-a226-6558526b5862,2026-01-26,2026-01-26,231,gt90,,,false,true
0608209c-2352-4df0-9db6-0cec64af0bdd,2026-01-26,2026-01-26,231,gt90,,,false,true
062f68b4-0459-467d-8f5e-9e92d601bf33,2026-01-26,2026-01-26,231,gt90,,,false,true
100b5a9c-833a-43c7-aaba-b2963fd952aa,2026-01-26,2026-01-26,231,gt90,,,false,true
11c24f5a-3681-4392-ae2d-c5926c8b5b98,2026-01-26,2026-01-26,231,gt90,,,false,true
2a0d6ca6-d432-4d14-af8d-c117f18c395b,2026-01-26,2026-01-26,231,gt90,,,false,true
51402985-69a2-409a-81a5-3112daaaddd7,2026-01-26,2026-01-26,231,gt90,,,false,true
51468e90-6249-44b1-9643-e29ba0bbc2d8,2026-01-26,2026-01-26,231,gt90,,,false,true
574c4a30-efe8-4308-bac2-2d3287f99601,2026-01-26,2026-01-26,231,gt90,,,false,true
634c26c2-be07-4b93-89bd-4592ff72d43c,2026-01-26,2026-01-26,231,gt90,,,false,true
7500b504-c94a-4b49-a592-773f244d76f4,2026-01-26,2026-01-26,231,gt90,,,false,true
7829d3ec-3d40-4889-8984-4babab45da24,2026-01-26,2026-01-26,231,gt90,,,false,true
86ef593e-c530-4621-abe6-f69bd4eee478,2026-01-26,2026-01-26,231,gt90,,,false,true
90ddb331-a778-4218-a1ea-232e42409556,2026-01-26,2026-01-26,231,gt90,,,false,true
93545345-0660-4f46-b369-a6ddd4784fe1,2026-01-26,2026-01-26,231,gt90,,,false,true
9496421e-2d3a-4d8c-9948-2e5986cd574f,2026-01-26,2026-01-26,231,gt90,,,false,true
9e062149-631c-4c25-b125-1c6dec4e6496,2026-01-26,2026-01-26,231,gt90,,,false,true
a7debf3e-914f-49eb-b019-bc4cf280f5a4,2026-01-26,2026-01-26,231,gt90,,,false,true
a8740047-ecd5-4278-b93d-561758fcb487,2026-01-26,2026-01-26,231,gt90,,,false,true
b25eb40b-8457-4136-97fd-bc46e5fccc3c,2026-01-26,2026-01-26,231,gt90,,,false,true
bac8c0e1-853e-4c26-bb72-6f3f9af3ae5d,2026-01-26,2026-01-26,231,gt90,,,false,true
bc5f9d25-a9ac-48f6-8237-493012feb803,2026-01-26,2026-01-26,231,gt90,,,false,true
bcbe991e-2543-473a-98de-5207b3e118c1,2026-01-26,2026-01-26,231,gt90,,,false,true
c1dae6bb-48e9-43c5-a067-3c1c8605d463,2026-01-26,2026-01-26,231,gt90,,,false,true
d0a19bae-10ad-473b-a040-4d5ef5aed83c,2026-01-26,2026-01-26,231,gt90,,,false,true
d21e3c24-8b98-4035-9844-804230e3cb69,2026-01-26,2026-01-26,231,gt90,,,false,true
d33a08bd-e8a9-4ba9-82d4-7cb1aef0c6fa,2026-01-26,2026-01-26,231,gt90,,,false,true
d63dd186-3dcb-4b47-b89a-f9a745360a33,2026-01-26,2026-01-26,231,gt90,,,false,true
dcdde39d-da6d-4cfb-acf4-a7611e69869c,2026-01-26,2026-01-26,231,gt90,,,false,true
de19e523-e4c4-4f82-a374-3b8a042b7167,2026-01-26,2026-01-26,231,gt90,,,false,true
f47e49b4-b073-4617-8d4b-8d280f12af9d,2026-01-26,2026-01-26,231,gt90,,,false,true
fdf2c7df-edf0-453b-a078-f4b4d9a0b94f,2026-01-26,2026-01-26,231,gt90,,,false,true
08a22c1e-1647-48e1-a165-cf54b58c2448,2026-01-27,2026-01-27,230,gt90,,,false,true
13cd34ee-8d3b-415a-b76b-662b78e0f966,2026-01-27,2026-01-27,230,gt90,,,false,true
29756161-2661-4e1e-a6ef-194148de60f1,2026-01-27,2026-01-27,230,gt90,,,false,true
2cf2d586-53c9-4213-b0bc-7140980cd9a2,2026-01-27,2026-01-27,230,gt90,,,false,true
39acc7fb-489a-4b80-8d2b-d4f44d33ece0,2026-01-27,2026-01-27,230,gt90,,,false,true
3b4faa97-f29d-4907-b27e-69278b9cdfde,2026-01-27,2026-01-27,230,gt90,,,false,true
3bab7765-dde6-40a5-9873-c62c7ce55ed2,2026-01-27,2026-01-27,230,gt90,,,false,true
42bbcbb3-2dc9-431a-95f8-ba7f459b974c,2026-01-27,2026-01-27,230,gt90,,,false,true
447addc0-a4fc-400e-921a-ec612fe99870,2026-01-27,2026-01-27,230,gt90,,,false,true
47a339a2-5353-41dd-98bb-33f34098070e,2026-01-27,2026-01-27,230,gt90,,,false,true
51a8c0cd-0658-4c43-845b-2ce047add128,2026-01-27,2026-01-27,230,gt90,,,false,true
52f180ed-4157-4545-9e20-5ec7c0bbf42b,2026-01-27,2026-01-27,230,gt90,,,false,true
54e0e0c4-83af-4bc0-b935-f03b12302706,2026-01-27,2026-01-27,230,gt90,,,false,true
56bf9d85-cba6-46c4-938d-8d09f2087564,2026-01-27,2026-01-27,230,gt90,,,false,true
5faf1847-49b9-421c-b03f-148b152ad1ca,2026-01-27,2026-01-27,230,gt90,,,false,true
6060ab1c-feb4-41ed-8084-7850176f669a,2026-01-27,2026-01-27,230,gt90,,,false,true
6bb20e9c-16cc-44dd-bb38-b4d072356ff7,2026-01-27,2026-01-27,230,gt90,,,false,true
70d9b5d1-4fe6-41b2-a378-c750d583a655,2026-01-27,2026-01-27,230,gt90,,,false,true
74ea4c28-a2e2-4ba8-a207-6c52380a4ede,2026-01-27,2026-01-27,230,gt90,,,false,true
82047f11-f6df-4d93-b2ce-e1a4ffe24806,2026-01-27,2026-01-27,230,gt90,,,false,true
82c0ca28-1997-42f0-9c0c-3cfa1881ccd3,2026-01-27,2026-01-27,230,gt90,,,false,true
8d5e79e1-9c35-4137-acfc-f2b48a7865ae,2026-01-27,2026-01-27,230,gt90,,,false,true
908dab26-95a8-4c1c-865c-37bfcf10716f,2026-01-27,2026-01-27,230,gt90,,,false,true
970f4233-7f5c-46f8-88cc-ec012a5546fb,2026-01-27,2026-01-27,230,gt90,2026-09-24,line_oa,true,true
973e222e-a8ad-46b4-866d-cb6fa1f444a4,2026-01-27,2026-01-27,230,gt90,,,false,true
981c02a7-7620-45da-b26a-3d89700ad709,2026-01-27,2026-01-27,230,gt90,,,false,true
a0537086-fb75-4bda-832a-2cdbcc0736fa,2026-01-27,2026-01-27,230,gt90,,,false,true
a0a7331a-dcae-4795-93a6-4cfbe7101d69,2026-01-27,2026-01-27,230,gt90,,,false,true
abda18ba-2d1b-45c6-b8f8-92a26dc3e7de,2026-01-27,2026-01-27,230,gt90,,,false,true
d24a11ef-b9ff-4ff6-8b62-d58df08a1edd,2026-01-27,2026-01-27,230,gt90,,,false,true
d3bf3db6-7109-488a-94df-6460f8ac3fd0,2026-01-27,2026-01-27,230,gt90,,,false,true
d5de6651-8f1d-47fa-9142-b6801a575312,2026-01-27,2026-01-27,230,gt90,,,false,true
e7d5e239-7bc9-4e95-a3c6-b608b8c13a15,2026-01-27,2026-01-27,230,gt90,,,false,true
eba0f7e8-102b-466a-bb86-3070c9342d56,2026-01-27,2026-01-27,230,gt90,,,false,true
ef5654c4-666a-4216-988a-e828ab5a1651,2026-01-27,2026-01-27,230,gt90,,,false,true
fb53b49c-b957-4287-9af3-4bc41647270a,2026-01-27,2026-01-27,230,gt90,,,false,true
fc6f5e95-3836-4d86-9bd5-f25fc44c7a24,2026-01-27,2026-01-27,230,gt90,,,false,true
fd3a1e6f-4c57-4ae7-8e94-93d89c4fa63d,2026-01-27,2026-01-27,230,gt90,,,false,true
fdae8c6c-73ef-4369-824c-e1e6a79d4f7a,2026-01-27,2026-01-27,230,gt90,,,false,true
00a715fe-b288-487e-b945-0b5e0cd6f85f,2026-01-28,2026-01-28,229,gt90,,,false,true
0e7dd728-47c3-4b8b-8189-16fd2467e095,2026-01-28,2026-01-28,229,gt90,,,false,true
1406f991-51c5-4665-b4c4-9f8b7adcc623,2026-01-28,2026-01-28,229,gt90,,,false,true
15fb30fb-ffa0-4a34-82c9-83fbad94af67,2026-01-28,2026-01-28,229,gt90,,,false,true
1b81b60e-f608-421d-8089-7a8e785e65bf,2026-01-28,2026-01-28,229,gt90,,,false,true
28376e5a-2dbb-4401-98a9-d321789b3cbf,2026-01-28,2026-01-28,229,gt90,,,false,true
2e0e1e1e-8308-46e2-978d-80fe4fc93bc5,2026-01-28,2026-01-28,229,gt90,,,false,true
31503c79-36e8-41d3-8264-d9dc1613a796,2026-01-28,2026-01-28,229,gt90,,,false,true
4047097e-6d35-4ac8-9157-ceeb5bd30d57,2026-01-28,2026-01-28,229,gt90,,,false,true
408cfc32-15ed-4be3-9896-8c13743491ba,2026-01-28,2026-01-28,229,gt90,,,false,true
4e76765d-27da-498e-808b-2634ba1d374f,2026-01-28,2026-01-28,229,gt90,,,false,true
58a436da-a55a-444e-8a26-1d80b3bbf8ec,2026-01-28,2026-01-28,229,gt90,,,false,true
5c671278-ab2d-41ea-b74a-7eeb9dfe8ded,2026-01-28,2026-01-28,229,gt90,,,false,true
5cb34cd7-92ed-4c73-9a31-5853969d90dc,2026-01-28,2026-01-28,229,gt90,,,false,true
6febf296-b33f-4592-8060-e083df4031a5,2026-01-28,2026-01-28,229,gt90,,,false,true
7630343a-ff6f-4eed-ac81-0163b6965cc0,2026-01-28,2026-01-28,229,gt90,,,false,true
7ffcb4eb-de49-4087-b7b6-67bb68b594ce,2026-01-28,2026-01-28,229,gt90,,,false,true
819d3d81-0ece-4adc-990b-0d1a1de76a6a,2026-01-28,2026-01-28,229,gt90,,,false,true
9c3779b7-97cf-44ae-9e60-fd0005d76b5e,2026-01-28,2026-01-28,229,gt90,,,false,true
9d00ff62-d741-44bf-aa15-520d6dc711b4,2026-01-28,2026-01-28,229,gt90,,,false,true
a14503c9-14ef-4630-be8b-fb045d25c2de,2026-01-28,2026-01-28,229,gt90,,,false,true
ab091ebb-6827-4291-9f01-20dc17ac5137,2026-01-28,2026-01-28,229,gt90,,,false,true
addb886f-6dfa-4edf-8b9c-caedd51d21fd,2026-01-28,2026-01-28,229,gt90,,,false,true
aedb1071-48d0-4ed3-a4a5-d8322fb472f6,2026-01-28,2026-01-28,229,gt90,,,false,true
b3a862be-959d-4345-9d5e-90da5e9633dc,2026-01-28,2026-01-28,229,gt90,,,false,true
d108c10d-13f6-465c-9fbc-72434c6126d1,2026-01-28,2026-01-28,229,gt90,,,false,true
d5c1e579-a3a7-4a9a-b290-3626e424d25e,2026-01-28,2026-01-28,229,gt90,,,false,true
d63f172a-6cbd-4f10-9ac0-e846c6fc7bb3,2026-01-28,2026-01-28,229,gt90,,,false,true
dd2323b0-8afa-4da1-9456-4ee3e45d9be6,2026-01-28,2026-01-28,229,gt90,,,false,true
e5ef4d89-6524-4eb5-857d-53540e74ab7c,2026-01-28,2026-01-28,229,gt90,,,false,true
f19a7f5b-d309-48a3-a9c5-b20850f309df,2026-01-28,2026-01-28,229,gt90,,,false,true
ff1d6601-9d86-47fc-85bc-f01bdff507cc,2026-01-28,2026-01-28,229,gt90,,,false,true
01d091fa-ff12-4a48-a6fd-c1814daf0f84,2026-01-29,2026-01-29,228,gt90,,,false,true
0a30fc12-e589-4a61-a0e0-689a5af35eda,2026-01-29,2026-01-29,228,gt90,,,false,true
119016f5-deec-4e4b-8c6d-6dcfdd8ba523,2026-01-29,2026-01-29,228,gt90,,,false,true
14130d91-6200-49af-bf93-b917ef281e5e,2026-01-29,2026-01-29,228,gt90,,,false,true
186b8379-26a4-4351-bd57-f485dc34e98a,2026-01-29,2026-01-29,228,gt90,,,false,true
1ddf01f0-39a7-4fa8-a68a-5172ee67667b,2026-01-29,2026-01-29,228,gt90,,,false,true
2b0b3061-0c7e-4437-bb2f-dca82bea87c5,2026-01-29,2026-01-29,228,gt90,,,false,true
32cc8245-5863-4e5a-a8ec-13eb8cdf9cae,2026-01-29,2026-01-29,228,gt90,,,false,true
371e324c-e77d-4509-aabd-e990f76d9e02,2026-01-29,2026-01-29,228,gt90,,,false,true
3efbe4cb-11d9-441f-80da-484b0495e742,2026-01-29,2026-01-29,228,gt90,,,false,true
463b89a3-a1b8-4f78-ac15-3c4332dde584,2026-01-29,2026-01-29,228,gt90,,,false,true
4c1dcf44-5777-42f0-86f0-7b1822432662,2026-01-29,2026-01-29,228,gt90,,,false,true
502a29d2-5f17-4f29-9c3d-76a3576b7bc6,2026-01-29,2026-01-29,228,gt90,,,false,true
6c258a80-9e1b-438b-91b4-8be8a82ded97,2026-01-29,2026-01-29,228,gt90,,,false,true
7ace910d-5844-431e-9834-87668bf0ea3f,2026-01-29,2026-01-29,228,gt90,,,false,true
8086426e-5771-4ee7-b685-696d255c37cb,2026-01-29,2026-01-29,228,gt90,,,false,true
89a5832e-9783-4e82-ad02-cac6dd58afb4,2026-01-29,2026-01-29,228,gt90,,,false,true
952217d4-ec1c-412b-97ff-3a618efdef12,2026-01-29,2026-01-29,228,gt90,,,false,true
a53b6e44-aa79-46c2-b488-b7bea8cb38b8,2026-01-29,2026-01-29,228,gt90,,,false,true
a7e6bbd6-3c26-406b-9042-a1be23ee27ea,2026-01-29,2026-01-29,228,gt90,,,false,true
a884db06-d461-4463-bfe4-c5383b3ed870,2026-01-29,2026-01-29,228,gt90,,,false,true
ac7e724a-febe-493c-a11d-b5972fe6fbbb,2026-01-29,2026-01-29,228,gt90,,,false,true
afbe5c4d-0e75-4b49-b912-678cd84d1b5d,2026-01-29,2026-01-29,228,gt90,,,false,true
b2a60a31-6730-4998-ac3e-b0b42b5874b9,2026-01-29,2026-01-29,228,gt90,,,false,true
bb239015-9456-4660-8e75-5464b4806c69,2026-01-29,2026-01-29,228,gt90,,,false,true
bbd9c488-1547-45cf-aead-4acfd89c0de7,2026-01-29,2026-01-29,228,gt90,,,false,true
cc174dcb-3de9-401c-a99a-da91b276fa8c,2026-01-29,2026-01-29,228,gt90,,,false,true
cd5c0792-f29f-4987-80ec-de5b8af8c171,2026-01-29,2026-01-29,228,gt90,,,false,true
d2539a62-5eaa-4bae-950f-df517221a046,2026-01-29,2026-01-29,228,gt90,,,false,true
d52e96fb-4d08-4115-a065-bdf10a2cf663,2026-01-29,2026-01-29,228,gt90,,,false,true
da6643d3-36dd-4104-bfe8-4bb3b78e818e,2026-01-29,2026-01-29,228,gt90,,,false,true
dcf5e309-3b84-4046-a18e-90f5918046ac,2026-01-29,2026-01-29,228,gt90,,,false,true
de39b130-cd21-4a16-a4b4-04560ee60482,2026-01-29,2026-01-29,228,gt90,,,false,true
df018869-b138-4c3c-892a-4d10b4a90bae,2026-01-29,2026-01-29,228,gt90,,,false,true
e368ecb3-dc84-4342-8e9e-bbae36397091,2026-01-29,2026-01-29,228,gt90,,,false,true
e3e4acf1-257a-468c-b5c6-bb5fde0c2547,2026-01-29,2026-01-29,228,gt90,,,false,true
e8fe2026-385d-4c49-945d-cc718b0d8513,2026-01-29,2026-01-29,228,gt90,,,false,true
ef5483aa-5d03-4a82-826f-104bbc72ede9,2026-01-29,2026-01-29,228,gt90,,,false,true
f46127c5-dd2d-487f-98f0-ad9f16321ea6,2026-01-29,2026-01-29,228,gt90,,,false,true
00b72f0e-e288-4982-bc45-8c3ecb86ea3b,2026-01-30,2026-01-30,227,gt90,,,false,true
2d21aab8-6541-462a-a872-9b75adbc1cdf,2026-01-30,2026-01-30,227,gt90,,,false,true
43c772a6-7fd3-4379-b297-5345c6ea3f1c,2026-01-30,2026-01-30,227,gt90,,,false,true
44b4ae4c-8a45-4789-bfee-2f8d0acc8b36,2026-01-30,2026-01-30,227,gt90,,,false,true
6e018498-3ac3-4fbd-8e9c-8e71338b0125,2026-01-30,2026-01-30,227,gt90,,,false,true
8b448f0c-23ab-4bdf-9d62-b505d33b7fcc,2026-01-30,2026-01-30,227,gt90,,,false,true
b663dfaa-948a-4920-9da9-357508bf0dec,2026-01-30,2026-01-30,227,gt90,,,false,true
b95ca456-4bb7-4916-a88c-9f1c7b06373a,2026-01-30,2026-01-30,227,gt90,,,false,true
c3bc3397-dce1-444f-be25-44bd1452bd85,2026-01-30,2026-01-30,227,gt90,,,false,true
c994cef7-b040-4684-a3a3-6b413f670fb3,2026-01-30,2026-01-30,227,gt90,,,false,true
c9dc394d-aa36-472c-a455-a22994e9e919,2026-01-30,2026-01-30,227,gt90,,,false,true
cfd51bc7-ea50-4e66-bc08-357fef4d9e45,2026-01-30,2026-01-30,227,gt90,,,false,true
d8f3c0c0-1155-4170-ace9-0346a1bd07b2,2026-01-30,2026-01-30,227,gt90,,,false,true
dca29bbb-1561-4564-a506-407a312bcdfc,2026-01-30,2026-01-30,227,gt90,,,false,true
e77dd374-2397-4e8f-8157-1cc09730fb89,2026-01-30,2026-01-30,227,gt90,,,false,true
fe0d2714-7372-4961-b9ef-429f636a28c7,2026-01-30,2026-01-30,227,gt90,,,false,true
0d36854c-0ad2-438b-b889-8e342934c62a,2026-01-31,2026-01-31,226,gt90,,,false,true
24b6c567-97e8-4209-a1fc-bf79a954f8f8,2026-01-31,2026-01-31,226,gt90,,,false,true
34010309-7af7-4842-ad9a-937985741c7f,2026-01-31,2026-01-31,226,gt90,,,false,true
37b372a5-6e3a-4964-9d67-83aac710578f,2026-01-31,2026-01-31,226,gt90,,,false,true
3feb3454-bd71-4d77-9438-3ed35593ae89,2026-01-31,2026-01-31,226,gt90,,,false,true
ab6e274a-4325-4930-b770-4037e14fcb56,2026-01-31,2026-01-31,226,gt90,,,false,true
c9b8ab15-1811-4f0b-8239-b8475ea1abe6,2026-01-31,2026-01-31,226,gt90,,,false,true
d71b0683-001f-492b-a8d2-8871847c77f9,2026-01-31,2026-01-31,226,gt90,,,false,true
f84c3529-175a-4822-bd54-b0b750642e05,2026-01-31,2026-01-31,226,gt90,2026-09-22,line_oa,true,true
4e1c050b-dde1-4bff-b89d-8495e2ec1e05,2026-02-01,2026-02-01,225,gt90,,,false,true
c9303a51-bea5-4edd-93b1-c0647b3f4dd1,2026-02-01,2026-02-01,225,gt90,,,false,true
075513e3-35fe-4a1d-b16f-550931cfde32,2026-02-02,2026-02-02,224,gt90,,,false,true
1ca5e4f9-4b8b-4de8-bce4-b0267fed4375,2026-02-02,2026-02-02,224,gt90,,,false,true
4557326f-d708-48b2-b532-b169f2dffc88,2026-02-02,2026-02-02,224,gt90,,,false,true
67c4bf55-c786-4035-9559-ddead969edd0,2026-02-02,2026-02-02,224,gt90,,,false,true
6ad4c7d4-d167-4c76-bd49-250edef37bd6,2026-02-02,2026-02-02,224,gt90,,,false,true
af40b15d-2420-4031-94fc-a2243597ddaa,2026-02-02,2026-02-02,224,gt90,,,false,true
d20a5d56-61d5-4aa5-873c-3f4232b160c7,2026-02-02,2026-02-02,224,gt90,,,false,true
2e8536e4-59b9-4b4e-bec7-ce8553bc53fb,2026-02-03,2026-02-03,223,gt90,,,false,true
5b774f90-279a-481e-81b6-bcd0c03b551c,2026-02-03,2026-02-03,223,gt90,,,false,true
665cae56-e4fd-44b3-a409-b62def0c272c,2026-02-03,2026-02-03,223,gt90,,,false,true
8a2aa4ba-8e47-4cb6-8546-552259e92bf7,2026-02-03,2026-02-03,223,gt90,,,false,true
8abb47d4-ed6a-4182-a5d3-39b98695906d,2026-02-03,2026-02-03,223,gt90,,,false,true
bb0e1cfd-1d7e-464e-8298-337c3385bb1c,2026-02-03,2026-02-03,223,gt90,,,false,true
056968e4-7aaa-47c8-a362-6425b6989a22,2026-02-04,2026-02-04,222,gt90,,,false,true
49710125-81fd-491c-876d-ea6b042aed36,2026-02-04,2026-02-04,222,gt90,,,false,true
bd968bc5-96e8-4c22-a8b8-d7147ea4d128,2026-02-04,2026-02-04,222,gt90,,,false,true
e77504a7-5600-4539-abc7-8c17714d5d00,2026-02-04,2026-02-04,222,gt90,,,false,true
17fd2ee1-631c-4ade-8c2e-814b6234ac5b,2026-02-05,2026-02-05,221,gt90,,,false,true
43907d09-911e-4e99-a704-a5cabcb386fe,2026-02-05,2026-02-05,221,gt90,,,false,true
4ed905ed-03ae-44f5-9936-f1eea42aa0fa,2026-02-05,2026-02-05,221,gt90,,,false,true
8079d65d-cee2-4496-ba00-b27897e217fa,2026-02-05,2026-02-05,221,gt90,,,false,true
aae5471d-d62c-47d9-956f-c2e72975cb46,2026-02-05,2026-02-05,221,gt90,,,false,true
b806aa1c-5c07-4a70-8553-28afbbacebb8,2026-02-05,2026-02-05,221,gt90,,,false,true
bb72f655-9039-4169-8de4-61b8a6efd55f,2026-02-05,2026-02-05,221,gt90,,,false,true
ecc755ba-9516-4ee7-862d-3da9c1e980a0,2026-02-05,2026-02-05,221,gt90,,,false,true
5c0c868e-7f24-4a5d-bece-a7df49e20405,2026-02-06,2026-02-06,220,gt90,,,false,true
8b209918-fb04-4a77-92ef-2f33f8253525,2026-02-06,2026-02-06,220,gt90,,,false,true
8f985f09-75b8-428e-bdc6-f4e4bca9b443,2026-02-06,2026-02-06,220,gt90,,,false,true
14c17036-3c97-4b99-b2b5-f426ef1e7831,2026-02-07,2026-02-07,219,gt90,,,false,true
1ad3066c-b78f-4378-93cc-ebe5f2168e58,2026-02-07,2026-02-07,219,gt90,,,false,true
ba8b86fa-6fb6-41af-bb4f-e74b6dd4c513,2026-02-07,2026-02-07,219,gt90,,,false,true
02109d50-b57e-4f39-bcdd-98773d6714d2,2026-02-09,2026-02-09,217,gt90,,,false,true
604fb9f7-25d2-4b18-9519-0e22bc9d711e,2026-02-10,2026-02-10,216,gt90,,,false,true
fcfab690-6295-4537-8067-c5fcdbfa23ff,2026-02-10,2026-02-10,216,gt90,,,false,true
6e03b085-52d1-4f1a-bef3-f40c6d64c883,2026-02-12,2026-02-12,214,gt90,,,false,true
8a7766ba-09ee-4677-bc8b-dc6871bada48,2026-02-12,2026-02-12,214,gt90,,,false,true
0b1f30a8-a471-49a0-a99b-ca44fc24e981,2026-02-13,2026-02-13,213,gt90,,,false,true
0c58f53e-ba6d-4c8e-9260-adcc578e103d,2026-02-13,2026-02-13,213,gt90,,,false,true
8c6ad0da-4010-4ec6-8ced-d00ecb3540ac,2026-02-13,2026-02-13,213,gt90,,,false,true
97bd1076-08f6-4003-bf8d-c5f72f1ce3b2,2026-02-13,2026-02-13,213,gt90,,,false,true
bcd622e5-fa46-4413-90b0-5b0ec464e801,2026-02-13,2026-02-13,213,gt90,,,false,true
d7aa3c68-6de5-471c-93d4-9e6a9b118cd6,2026-02-13,2026-02-13,213,gt90,,,false,true
6a077d78-bdc7-4dc2-aa85-ad41079ee6d0,2026-02-14,2026-02-14,212,gt90,,,false,true
7dd17f6a-dd7e-4692-89ae-056c7eacd233,2026-02-14,2026-02-14,212,gt90,,,false,true
96577fd2-8e52-4959-b27d-d15baacfd59c,2026-02-14,2026-02-14,212,gt90,,,false,true
fc874a8c-f0d4-4d6e-8abf-e836efc7ff7b,2026-02-14,2026-02-14,212,gt90,,,false,true
14e58a45-83eb-444b-9ebc-edcb1de27f1e,2026-02-16,2026-02-16,210,gt90,,,false,true
3113d4e5-8c4d-44e0-b799-a6b08e7c6f7e,2026-02-16,2026-02-16,210,gt90,,,false,true
9eae8232-a7b0-4c77-bc8e-db15daaa21ec,2026-02-16,2026-02-16,210,gt90,,,false,true
b8af0aba-d121-4201-b6bd-82552f118728,2026-02-16,2026-02-16,210,gt90,,,false,true
c8d22644-6975-4ba7-bd38-c5b671bd58a8,2026-02-17,2026-02-17,209,gt90,,,false,true
926632d7-86b5-4f36-9009-300570240a7c,2026-02-18,2026-02-18,208,gt90,,,false,true
d4e6fd51-1602-4022-a138-0a38879237cd,2026-02-18,2026-02-18,208,gt90,,,false,true
eb220611-4c87-4e09-9646-9e7f837d2293,2026-02-18,2026-02-18,208,gt90,,,false,true
9bb2aa5c-658e-4390-9a6c-27556cb0efc1,2026-02-20,2026-02-20,206,gt90,,,false,true
b9d28567-17c0-4d81-b6e6-16a5fb79a4b4,2026-02-20,2026-02-20,206,gt90,,,false,true
136447bf-9a35-49a0-963e-3dde9dc99bc8,2026-02-24,2026-02-24,202,gt90,,,false,true
47571ca0-09a6-4235-92a4-88af1af7ffe6,2026-02-24,2026-02-24,202,gt90,,,false,true
d1b0db0d-ded1-4a00-a047-5b9414f0da04,2026-02-24,2026-02-24,202,gt90,,,false,true
f692c033-a2e6-4af3-91b9-5da8294e3073,2026-02-24,2026-02-24,202,gt90,,,false,true
39fe261a-3cd5-422f-8351-738905806bb6,2026-02-25,2026-02-25,201,gt90,,,false,true
59fd9e10-f140-47b1-aaa6-2bc6039521bb,2026-02-25,2026-02-25,201,gt90,,,false,true
94569531-90a3-4411-bd8a-95417cc37a84,2026-02-25,2026-02-25,201,gt90,,,false,true
2437b8ea-74cb-4044-9f96-3c5c3b6bf63b,2026-02-28,2026-02-28,198,gt90,,,false,true
42d9c379-20ff-4f4d-a6c2-482b58c521c3,2026-02-28,2026-02-28,198,gt90,,,false,true
897cdc68-48d2-46a8-93db-143c11822d4c,2026-02-28,2026-02-28,198,gt90,,,false,true
da6dc311-9355-4f7e-9f2c-857efdde584c,2026-02-28,2026-02-28,198,gt90,,,false,true
5d694819-b7f8-4850-910f-539afc61d1f8,2026-03-01,2026-03-01,197,gt90,,,false,true
557c8119-e541-4709-bb93-c9056d7a5da4,2026-03-03,2026-03-03,195,gt90,,,false,true
88194c5e-c1d9-41e9-b61a-a3c9c7469e5f,2026-03-04,2026-03-04,194,gt90,,,false,true
96ace281-c8af-4151-ac17-7e77f2b80335,2026-03-04,2026-03-04,194,gt90,,,false,true
b8b40341-82ee-4ed2-b8a5-f8beffc91343,2026-03-04,2026-03-04,194,gt90,,,false,true
985dc321-4809-4618-ac88-dc5528870620,2026-03-05,2026-03-05,193,gt90,,,false,true
ce02fab5-2c03-436a-b0d7-29e3a0187a07,2026-03-05,2026-03-05,193,gt90,,,false,true
82f074eb-0fa4-4d05-8fd8-99aacf89b010,2026-03-06,2026-03-06,192,gt90,,,false,true
d8695857-3d34-45bc-8064-489ae7530a67,2026-03-06,2026-03-06,192,gt90,,,false,true
2c071e54-dcf3-452b-a6ee-dc9c6e3c7429,2026-03-07,2026-03-07,191,gt90,,,false,true
39e67838-e933-48c2-96ee-71cb445300b0,2026-03-07,2026-03-07,191,gt90,,,false,true
8fcaa77e-c10a-48d5-97e0-161d6108944c,2026-03-07,2026-03-07,191,gt90,,,false,true
cd1994b0-7cb3-4092-aecf-d9f0adeaa192,2026-03-07,2026-03-07,191,gt90,,,false,true
beef7d0b-e430-4182-8f3f-85d19104182d,2026-03-12,2026-03-12,186,gt90,,,false,true
b990ede5-61ed-4667-bb79-9a774bfddd6e,2026-03-13,2026-03-13,185,gt90,,,false,true
d0c9ee87-7386-45ae-8117-58676f24deb9,2026-03-13,2026-03-13,185,gt90,,,false,true
17da19bc-7908-45af-b874-5f9b5eb60f91,2026-03-14,2026-03-14,184,gt90,,,false,true
29ae1566-db71-400d-8cac-cdb6517b4164,2026-03-18,2026-03-18,180,gt90,,,false,true
3bd7885c-05f2-4660-90d4-da16b7ca77c4,,2026-03-24,174,gt90,,,false,true
3e0b6712-ce9f-4442-82d8-0f6ca3973f34,2026-03-24,2026-03-24,174,gt90,,,false,true
425a0dc8-b3ab-4b3e-b724-ece74f332983,,2026-03-24,174,gt90,,,false,true
5a733aee-d499-4c4c-a7e3-67a14e3c3d2b,2026-03-24,2026-03-24,174,gt90,,,false,true
72c966ce-38fc-43ae-a705-8ca1dd881671,,2026-03-24,174,gt90,,,false,true
7b5cd67e-d5b4-4650-96f7-f0a01a48effa,,2026-03-24,174,gt90,,,false,true
ac40fb2d-f7a1-4e55-8097-e02b9fe7c8bb,,2026-03-24,174,gt90,,,false,true
b79f9797-087a-4492-bc51-235f271bb9cf,,2026-03-24,174,gt90,,,false,true
d1d16a5d-3678-4ef0-b6bc-e196bd27b1ab,,2026-03-24,174,gt90,,,false,true
d61e1dfc-c06f-4430-b804-76c305e75cc7,,2026-03-24,174,gt90,,,false,true
fbbe2b0b-e264-4fb2-8d2c-e7972c4606c7,,2026-03-24,174,gt90,,,false,true
18be6443-4157-4a43-9660-10c2eb92700b,,2026-03-25,173,gt90,,,false,true
19f969e6-da22-4807-b8e3-738b656dd7ee,,2026-03-25,173,gt90,,,false,true
1ec7a64c-6b2b-41c9-a104-637e6d5365bf,,2026-03-25,173,gt90,,,false,true
22901cbb-5142-4201-9e1d-b88760088dfb,,2026-03-25,173,gt90,,,false,true
26b48090-d4c5-41e6-bbd1-fddb02c34e17,,2026-03-25,173,gt90,,,false,true
2c435565-a725-4b83-ab85-98cef348c636,,2026-03-25,173,gt90,,,false,true
33f5726e-0723-45ea-b098-4f940b4779ae,,2026-03-25,173,gt90,,,false,true
3488de95-0637-4e32-9c90-2ef9b9a1e0d5,,2026-03-25,173,gt90,,,false,true
3784d7e8-e21d-4bcb-9049-3e22313a2fdc,,2026-03-25,173,gt90,,,false,true
3791538b-72a0-4cbe-9861-4020f4b9cd2c,,2026-03-25,173,gt90,,,false,true
43f6567a-1f2b-4fce-afcf-5559d7455357,,2026-03-25,173,gt90,,,false,true
4d1b176f-c0de-4a67-bad9-87d54624175b,,2026-03-25,173,gt90,,,false,true
51410704-c3fd-419f-8125-d9e2be387110,,2026-03-25,173,gt90,,,false,true
57d5f170-aa24-4f57-ba9e-888ab4510694,,2026-03-25,173,gt90,,,false,true
58e1cac7-794f-4a69-a2a3-f8a16a919fff,,2026-03-25,173,gt90,,,false,true
5d1c0e1d-16d0-4fbc-ad5e-d79903b02dd0,,2026-03-25,173,gt90,,,false,true
5d982efa-a069-4010-92a6-112418116f6c,,2026-03-25,173,gt90,,,false,true
64395b8a-ca25-48e2-abb9-79af319eef75,,2026-03-25,173,gt90,,,false,true
69c2075a-90e0-4bc8-bd0c-76d4c52fe156,,2026-03-25,173,gt90,,,false,true
79d206be-b6fa-4e21-9c5a-6672d609ebf8,,2026-03-25,173,gt90,,,false,true
8beba362-0969-482d-8ebb-e9eccc64521f,,2026-03-25,173,gt90,,,false,true
8fc4cc90-1f4a-4a72-886f-97ad749a925a,,2026-03-25,173,gt90,,,false,true
93d766f4-a3a7-4b70-b52b-b557b6cb42a2,,2026-03-25,173,gt90,,,false,true
a3821cac-f9cd-4e00-97e5-9c3c994c497e,,2026-03-25,173,gt90,,,false,true
a6a6b255-8627-46ef-bba5-9bc2b7186136,,2026-03-25,173,gt90,,,false,true
aad5356a-0f8a-4aba-9cfa-ad44e480dedd,,2026-03-25,173,gt90,,,false,true
b95d9ac6-f6f1-4afc-8e5a-4eb88467ad46,,2026-03-25,173,gt90,,,false,true
bba23826-7ec3-4ca8-8b50-5c6ff055a80f,,2026-03-25,173,gt90,,,false,true
bdfa3d01-3171-4c24-9c12-09602eaad515,,2026-03-25,173,gt90,,,false,true
c2065c52-9f47-4a3f-8fcb-2e74b86573d4,,2026-03-25,173,gt90,,,false,true
d7de405d-d435-4d01-9fee-3054f892fd13,,2026-03-25,173,gt90,,,false,true
d9e339cb-eeff-4622-b8a8-8de650d473b6,,2026-03-25,173,gt90,,,false,true
f127966a-c4c9-4a5e-b818-6fdfa59ae29a,,2026-03-25,173,gt90,,,false,true
f2a5ba0a-7579-4df5-a004-9cba9ff78304,,2026-03-25,173,gt90,,,false,true
f7f2bb66-532a-4b33-884e-e352e1908b8e,,2026-03-25,173,gt90,,,false,true
f99bafae-8525-475d-92a7-6779f828fa94,,2026-03-25,173,gt90,,,false,true
fbd9f5fa-b8fe-4f73-be68-a0e9413f4726,,2026-03-25,173,gt90,,,false,true
fd474e9e-db0e-45ed-aebe-2e8cd080bec7,,2026-03-25,173,gt90,,,false,true
20e77149-82b5-46f6-904f-f0f2147a8fc8,,2026-03-26,172,gt90,,,false,true
222efd6e-0df5-42e5-90c2-00218c94829b,,2026-03-26,172,gt90,,,false,true
2f51ed60-f472-466e-bdf4-7753fac26833,,2026-03-26,172,gt90,,,false,true
3141f894-a89e-4aaa-bcc7-cd60c2826343,,2026-03-26,172,gt90,,,false,true
69c4d3a3-04d5-4f5f-888a-46bb6acc7e35,,2026-03-26,172,gt90,,,false,true
a96eb4b0-57e3-4842-8657-e6a716919c7c,,2026-03-26,172,gt90,,,false,true
c8ad6596-7a98-4361-8895-ac0432dfa6b6,,2026-03-26,172,gt90,,,false,true
cdfc6a4d-44a1-4c83-8ed3-00b25c8c3ea0,,2026-03-26,172,gt90,,,false,true
fd032bc7-de89-4e37-87ff-859c82b74012,,2026-03-26,172,gt90,,,false,true
fda51e74-bb21-4644-bbed-13dd5aaec15e,,2026-03-26,172,gt90,,,false,true
01e6da50-b78a-49a6-ae8e-c95da4dfa255,,2026-03-27,171,gt90,,,false,true
0e3a39fd-666e-41c3-8d2d-72385cdca058,,2026-03-27,171,gt90,,,false,true
63d9757a-3791-47ab-931c-9fa6840e9211,,2026-03-27,171,gt90,,,false,true
69172668-9c92-4120-9328-1161041a725c,2026-03-27,2026-03-27,171,gt90,,,false,true
6e7bac94-5c3c-463b-9594-f6246b9e6ef5,,2026-03-27,171,gt90,,,false,true
99233c19-3633-46e5-bccb-9d9621aff2c5,2026-03-27,2026-03-27,171,gt90,,,false,true
a41f6ccc-acfa-48be-a185-838483d15fdf,,2026-03-27,171,gt90,,,false,true
e2b4cd52-0d9a-43ea-86b5-41153ded3e24,2026-03-27,2026-03-27,171,gt90,,,false,true
3fb462ab-9984-4041-9e48-d3b09e95bdbc,,2026-03-28,170,gt90,,,false,true
49c689d2-0c28-4ba8-b32d-fb3ed54ca20d,,2026-03-28,170,gt90,,,false,true
ae393d5b-75dd-4550-b05a-1288078d70c4,2026-03-28,2026-03-28,170,gt90,,,false,true
f88ecf63-5826-4ad9-8b5b-b0dda4723039,,2026-03-28,170,gt90,,,false,true
1fcc9f98-6991-4529-a2cf-ec9bf5cf33d6,,2026-03-29,169,gt90,,,false,true
2251eb4e-3ac8-4682-bcc7-688d0b8e39dd,,2026-03-29,169,gt90,,,false,true
54ae2d3f-e676-4c9f-9804-5dc874811850,,2026-03-29,169,gt90,,,false,true
60b786dd-065b-4426-ab62-264bdca7be0f,,2026-03-29,169,gt90,,,false,true
69bae0d5-3fd3-4538-980c-9376fc3f0261,,2026-03-29,169,gt90,,,false,true
93c2a28c-39f0-49ad-8ddb-36bc4fb14f84,,2026-03-29,169,gt90,,,false,true
96642ae5-eb45-47f8-89b3-f725c9b6de97,,2026-03-29,169,gt90,,,false,true
c78abd39-3eb8-4a63-9c5d-b39ca1388f47,,2026-03-29,169,gt90,,,false,true
d7d9dd66-ff51-48d3-b68e-e4f2c2080cb0,,2026-03-29,169,gt90,,,false,true
f1f2f61a-ade0-41e7-af53-7e8c873869d6,,2026-03-29,169,gt90,,,false,true
f3b545f9-14de-4aa3-80ff-4ecf41e5fec4,,2026-03-29,169,gt90,,,false,true
fb4518b3-5cad-4286-b83d-b781a9ef5949,,2026-03-29,169,gt90,,,false,true
0bc8f9b3-79d1-4edf-b035-8f062f555550,,2026-03-30,168,gt90,,,false,true
2af20ce1-e8d2-4761-97d5-dfa08fd54b67,,2026-03-30,168,gt90,,,false,true
69d73b2e-4354-4322-9059-849e6acc56de,,2026-03-30,168,gt90,,,false,true
7fa32d27-5b7b-465b-ac2a-3215b392b0bd,,2026-03-30,168,gt90,,,false,true
cec3b3f8-de5d-4bcb-8da5-7a2d261318f6,,2026-03-30,168,gt90,,,false,true
30f82989-ab7e-4289-9db4-dcbba6dc9d0c,,2026-03-31,167,gt90,,,false,true
5b65bd96-ca95-4d87-96dc-25e7f75badd3,,2026-03-31,167,gt90,,,false,true
822d2a83-007f-40a5-8e74-45e0602f97f6,,2026-03-31,167,gt90,,,false,true
a365c307-de82-4184-92d8-2549ced26971,,2026-03-31,167,gt90,,,false,true
b155c8ff-5f8b-4677-b9bc-c3713b1bbdbd,2026-03-31,2026-03-31,167,gt90,,,false,true
307c17af-a6c4-4cd1-b6b8-9f58addc2a89,,2026-04-01,166,gt90,,,false,true
40bb3aca-54f8-46dd-8e63-71b686ffac52,,2026-04-01,166,gt90,2026-09-17,tiktok,true,true
470d567f-4975-4993-b5cd-9e7edda1dd1e,,2026-04-01,166,gt90,,,false,true
67ee9f18-dd93-4c71-9d64-3366a62e6987,,2026-04-01,166,gt90,,,false,true
c8fb1904-e253-4614-b371-7670aea53bb0,,2026-04-01,166,gt90,,,false,true
d630366c-0636-41a4-ae76-b36403ee2456,,2026-04-01,166,gt90,,,false,true
2aad4a7c-9ab1-4cc3-aea8-24e625b9c06c,,2026-04-02,165,gt90,,,false,true
2d5043a8-d17e-4a57-ab26-53bc62e08418,,2026-04-02,165,gt90,,,false,true
4a07d7b1-2295-45d0-85ba-90a32f1c1098,,2026-04-02,165,gt90,,,false,true
60869d81-6778-4a06-ab01-1f61c99be0b9,,2026-04-02,165,gt90,,,false,true
71c18e8f-8ac0-47d2-a021-d2c18639e64c,,2026-04-02,165,gt90,,,false,true
7e7f591f-6575-47e8-84a1-a94dc6f87fef,,2026-04-02,165,gt90,,,false,true
8bd37fc7-7b4b-47f9-978e-b5a5d327123e,,2026-04-02,165,gt90,,,false,true
b2beae8b-4958-4d06-8451-6b6a629da039,,2026-04-02,165,gt90,,,false,true
c357e399-b671-4be7-bdad-5d69fdee0d84,,2026-04-02,165,gt90,,,false,true
d04caeab-39c1-4615-a61e-510885553fde,,2026-04-02,165,gt90,,,false,true
d167a410-db5e-4f25-bc2b-56003ae2b9bb,,2026-04-02,165,gt90,,,false,true
fa4bf870-a409-452c-a51b-3794a0673ffe,,2026-04-02,165,gt90,,,false,true
13902f98-664e-421d-bba3-2ed0288e1433,,2026-04-03,164,gt90,,,false,true
0774adb3-8898-4234-b495-a0ac0a8e2534,,2026-04-04,163,gt90,,,false,true
975f09e1-b545-47ca-9609-b9db5e65e726,,2026-04-04,163,gt90,,,false,true
c18c622b-a8a8-4962-8cf6-e02c43e25e4c,,2026-04-04,163,gt90,,,false,true
fc56242f-ad22-45e4-b31d-af80cc41a45c,,2026-04-04,163,gt90,,,false,true
cdbdf89e-b98a-4591-85d2-156729e61f87,,2026-04-05,162,gt90,,,false,true
121fb048-c795-48db-b94c-8683c96f1a48,,2026-04-06,161,gt90,,,false,true
3449bfec-48cc-4358-8e4c-131dc60b84cc,,2026-04-06,161,gt90,,,false,true
40c2e1d7-ef39-44d8-bc47-5809a24a8804,,2026-04-06,161,gt90,,,false,true
73c1237b-562a-4e17-82d6-6912ab8b8932,,2026-04-06,161,gt90,,,false,true
d5a8e537-d4d7-43de-9b5a-04c6f7b0335a,,2026-04-07,160,gt90,,,false,true
0c10bb98-a57c-4ad2-b148-77982570a7e3,,2026-04-08,159,gt90,,,false,true
915d6e1e-9bb1-46e5-93f8-6ada2bc94369,,2026-04-08,159,gt90,,,false,true
b00616d0-beaf-4afa-8dfd-891f27a6d64d,,2026-04-08,159,gt90,,,false,true
c870fb29-c658-4e69-87e3-7d1fe9426342,,2026-04-08,159,gt90,,,false,true
8436de81-22d8-433c-ae24-c01e7ea74f57,,2026-04-09,158,gt90,,,false,true
b4b68efd-cbde-4693-8377-d787ea1d4641,,2026-04-09,158,gt90,,,false,true
174bbb20-ce7d-4df5-ae38-c1bb597113c3,,2026-04-10,157,gt90,,,false,true
249cf810-3479-4265-a21b-f7a0899c0fa6,,2026-04-10,157,gt90,,,false,true
a4b9a374-45ef-471c-907b-f73f2c2a435f,,2026-04-10,157,gt90,,,false,true
da83b699-18da-45f1-8b5c-2e0517b74f7b,,2026-04-10,157,gt90,,,false,true
e7811ef7-9e59-416c-a82a-aa77a5a9abe5,,2026-04-10,157,gt90,,,false,true
34a55c52-5d94-4a0f-81b2-7072a183e224,,2026-04-11,156,gt90,,,false,true
17723487-b422-429c-a2d5-b6159ee3af6b,,2026-04-12,155,gt90,,,false,true
1010a66c-2c3b-4db8-88c9-d8cc2842a6ec,,2026-04-14,153,gt90,,,false,true
79b5521b-2562-4d5d-af69-901f133f3047,,2026-04-14,153,gt90,,,false,true
9d403e64-ad7f-49da-b012-6688d644165a,,2026-04-14,153,gt90,,,false,true
b98450e9-3618-46a2-b510-031a7b3d7a0e,,2026-04-14,153,gt90,,,false,true
cd09dd5a-dd16-4800-b62c-fa40e07e963b,,2026-04-14,153,gt90,,,false,true
2604b7e5-eb9c-4e07-b65c-a02dee51afa1,,2026-04-15,152,gt90,,,false,true
54bcaa1f-8415-493b-a189-0f0d960e8e52,,2026-04-15,152,gt90,,,false,true
5ed5ef85-519f-4edf-ad97-d5ab3cc4fe40,,2026-04-15,152,gt90,,,false,true
6e8af0a8-b634-405f-8552-0dfb88fbb47b,,2026-04-15,152,gt90,,,false,true
79677884-c1bc-4252-9190-916ac17afed7,,2026-04-15,152,gt90,,,false,true
7e450a1c-4a5b-4435-94ac-99e3d6caa006,,2026-04-15,152,gt90,,,false,true
7fa7c2c0-a76e-41d5-ac48-ff64a2bf20a7,,2026-04-15,152,gt90,,,false,true
8a99f203-c3cb-4df6-a73d-92bdf12e675c,,2026-04-15,152,gt90,,,false,true
92a82b98-89b2-468f-b45b-e4cf29808ef0,2026-04-15,2026-04-15,152,gt90,,,false,true
98253d52-e7de-4ff6-8759-87bdd6432feb,,2026-04-15,152,gt90,,,false,true
fb0f9ff1-047b-4be0-8255-8686cb4e5154,,2026-04-15,152,gt90,,,false,true
1db02f42-3ff1-487f-ba15-88e913a08e3b,,2026-04-16,151,gt90,,,false,true
4ed4425c-0444-4455-9f07-5ef5765ce021,,2026-04-16,151,gt90,,,false,true
59cbf864-8f12-4a7a-a3a8-f459b91e4d82,,2026-04-16,151,gt90,,,false,true
5b34906d-6b2b-4575-8c13-3724c18730a2,,2026-04-16,151,gt90,,,false,true
6df3bda8-71b1-48ad-b959-dd46962ca23f,,2026-04-16,151,gt90,,,false,true
8f9ae150-981a-40a9-9538-a11d552a1248,,2026-04-16,151,gt90,,,false,true
04ba694f-9f33-40d2-b768-b725018f73aa,2026-04-17,2026-04-17,150,gt90,,,false,true
0f1f9bfe-3d98-43b5-b571-3eb15b715216,,2026-04-17,150,gt90,,,false,true
2779e512-6616-4420-9c58-9f4ff2e3b35c,,2026-04-17,150,gt90,,,false,true
5593faf2-e392-4ad0-891e-3869c1835077,,2026-04-17,150,gt90,,,false,true
6c828242-ff4e-424f-a4c0-bc40e687ee20,,2026-04-17,150,gt90,,,false,true
826e2e32-c70b-4c7a-9a03-70f05341154c,,2026-04-17,150,gt90,,,false,true
9fb08c35-af04-4a2d-a894-6939ac7cde8b,,2026-04-17,150,gt90,,,false,true
be540179-3439-4181-9d05-192aa0a00e3e,,2026-04-17,150,gt90,,,false,true
f1b74327-5fe7-449e-b62d-bac8851cf04b,,2026-04-17,150,gt90,,,false,true
0194f374-c1c1-4a0b-8f56-886b930f9a42,,2026-04-18,149,gt90,,,false,true
05c8ea9c-eceb-4d32-a0e8-58dd8acf8494,,2026-04-18,149,gt90,2026-10-01,tiktok,false,true
226ef969-80de-4bd7-ad14-a57ad82bc0dc,,2026-04-18,149,gt90,,,false,true
6b1d72f5-c527-4788-b50d-e6642e563d91,,2026-04-18,149,gt90,,,false,true
740859bb-0b73-4a28-b16a-02130f724217,,2026-04-18,149,gt90,,,false,true
ec9ae4c7-20e6-449b-b740-32a507218936,,2026-04-18,149,gt90,,,false,true
58b95b2d-2829-4bc7-8a08-0fe61cb8bf64,,2026-04-20,147,gt90,,,false,true
656b17fc-f7c9-41a7-84f8-8aa8f995f771,,2026-04-20,147,gt90,,,false,true
7db56bd5-12ea-4dcc-8d7a-6ab8b3e47b2a,,2026-04-20,147,gt90,,,false,true
b5b49918-9d22-4919-b4aa-ae4d96c6e33f,,2026-04-20,147,gt90,,,false,true
b8ea21b4-602f-403a-aac6-b9a02ad78da4,2026-04-20,2026-04-20,147,gt90,,,false,true
03bea04f-c56e-42bd-8243-d053764abc07,,2026-04-21,146,gt90,,,false,true
15fea5c2-e0d2-49d4-8fd8-24eb82ab09fc,,2026-04-21,146,gt90,,,false,true
2ae57fef-aa7f-489a-8644-ea0fbb00a207,,2026-04-21,146,gt90,,,false,true
3508d684-575b-44cc-b881-8e9c6b093baa,,2026-04-21,146,gt90,,,false,true
3fc6e2e4-3271-4ea1-b3a2-569d746fe41f,,2026-04-21,146,gt90,,,false,true
535699eb-ef1b-4545-94db-21277d5c34be,,2026-04-21,146,gt90,,,false,true
7f152e21-ca4e-4bce-ba2f-48b7a023b829,,2026-04-21,146,gt90,,,false,true
94fa885f-5733-4079-8ff1-71a612e2a9b4,,2026-04-21,146,gt90,,,false,true
b52f59ae-84b8-4634-b793-ec5e6f324b60,,2026-04-21,146,gt90,,,false,true
c9b722eb-06b6-4bae-a1d4-b938479675a7,,2026-04-21,146,gt90,,,false,true
d3a07719-1db0-4f83-a202-54fc1668446b,,2026-04-21,146,gt90,,,false,true
e8e03956-b269-4fe4-92d2-d79aa9751cbd,,2026-04-21,146,gt90,,,false,true
f029c2e0-8b3b-4912-8824-9485d2f40d3c,,2026-04-21,146,gt90,,,false,true
f67d9754-0d23-49f2-b733-0e38186f8d58,,2026-04-21,146,gt90,,,false,true
ff0a807c-1b92-4e17-b36d-ca006471fc8b,2026-04-21,2026-04-21,146,gt90,,,false,true
37681d5f-d40c-4783-b39c-7158f8c954ca,2026-04-22,2026-04-22,145,gt90,,,false,true
6196cabf-3904-4ae2-aa86-8536c4210295,,2026-04-22,145,gt90,,,false,true
a873439e-d183-4937-83d7-87e85b01cfbb,,2026-04-22,145,gt90,,,false,true
bdb93a80-d6d3-425d-80c6-d3a70aad7314,,2026-04-22,145,gt90,,,false,true
f47e52b5-6ce3-44a2-8632-48c69e0cff2e,,2026-04-22,145,gt90,,,false,true
ff81903d-c0c8-4454-971d-79163822d80e,,2026-04-22,145,gt90,,,false,true
0c9a6a51-3294-4f50-9e08-a5b6a08aa790,,2026-04-23,144,gt90,,,false,true
0e295a37-1bcd-40be-9dfd-30cc45a44291,,2026-04-23,144,gt90,,,false,true
292a9c60-f43a-4560-b508-a2e64646e07f,,2026-04-23,144,gt90,,,false,true
33ab2657-8de3-4df4-a43e-373d90488c40,,2026-04-23,144,gt90,,,false,true
7acf8cee-08fb-4a78-b30c-8c243762c61b,,2026-04-23,144,gt90,,,false,true
a62cb3af-bf06-4b9d-8c7d-672811ce976d,,2026-04-23,144,gt90,,,false,true
d263108b-4ec5-48c6-80fd-c073d63e5088,,2026-04-23,144,gt90,,,false,true
a17b87b7-0805-4346-b9ce-b3e2a544d4a6,2026-04-24,2026-04-24,143,gt90,,,false,true
0b03b5ab-3dd2-4bf0-8ef0-0382c60f60dc,,2026-04-25,142,gt90,,,false,true
0f573b29-5228-4ea1-8461-734be6f7e10e,,2026-04-25,142,gt90,,,false,true
12f433d4-8822-45e5-b4dd-d0c491e07238,,2026-04-25,142,gt90,,,false,true
8237c10c-1943-4c88-9de2-91c69226ae79,,2026-04-25,142,gt90,,,false,true
3da10b58-89eb-4394-98dd-2b725f213a81,,2026-04-26,141,gt90,,,false,true
547de610-8429-4465-9e5d-ce5df9c97b8d,,2026-04-26,141,gt90,,,false,true
76748685-e48d-454b-8bcd-5ec11e72d280,,2026-04-26,141,gt90,,,false,true
a72cf823-1093-4d4d-b06d-c393739c7be4,,2026-04-26,141,gt90,,,false,true
ec2c2a70-100f-4fbe-9249-52f03eb10680,,2026-04-26,141,gt90,,,false,true
2468d98b-a4f9-4191-9604-6ac75e9e5902,,2026-04-27,140,gt90,,,false,true
2bc775e7-b66c-4f7e-ac9c-77ada510ec9e,,2026-04-27,140,gt90,,,false,true
5c04da57-5a03-43e0-a698-f9a9b918dabb,,2026-04-27,140,gt90,,,false,true
5d3f0d84-0a36-483a-a248-da69a1764a14,,2026-04-27,140,gt90,,,false,true
7ad3f05d-2eed-4ecc-9fd9-aa1d1c2e718c,,2026-04-27,140,gt90,,,false,true
02375d5c-038e-49c9-93d1-89391bcaeff6,,2026-04-28,139,gt90,,,false,true
0a413d02-639a-425d-a0b6-a91e57d57c8b,,2026-04-28,139,gt90,,,false,true
13d382c4-04c0-4727-af53-25f7ee6d5ce7,,2026-04-28,139,gt90,,,false,true
223c4c54-8d11-46e0-b5ff-3e536c804813,,2026-04-28,139,gt90,,,false,true
281b075f-a45d-46d3-b3a3-1580be9f9078,,2026-04-28,139,gt90,,,false,true
29dd9dcb-7637-4b23-8f01-f3d27dce3009,,2026-04-28,139,gt90,,,false,true
39576414-c513-4bec-9ff7-fb0572c81d02,,2026-04-28,139,gt90,,,false,true
404e22ae-897f-4e3d-a1f6-6b114618814f,,2026-04-28,139,gt90,,,false,true
4861fbcc-5a7b-49de-a3f0-e7411ff8ebed,,2026-04-28,139,gt90,,,false,true
502ef625-9b3c-4cd4-9c7a-a2bb95bfdcba,,2026-04-28,139,gt90,,,false,true
5db97580-6489-4570-a08d-2b8814fdd687,,2026-04-28,139,gt90,,,false,true
600ddc3e-20fc-4396-ba91-20419d1e7506,,2026-04-28,139,gt90,,,false,true
648552e0-13d4-43c1-adc2-ddec3f3a9b56,,2026-04-28,139,gt90,,,false,true
7b66989c-5de3-42a0-b0d0-154114f35b91,,2026-04-28,139,gt90,,,false,true
7bec11cd-ab4c-472c-858b-9d32e89a8278,,2026-04-28,139,gt90,,,false,true
8470ab19-6a1c-4a8c-bc38-8f138e822f3d,,2026-04-28,139,gt90,,,false,true
8655dcc0-b68e-4036-b924-85572fc11c66,,2026-04-28,139,gt90,,,false,true
a3c82dfa-7494-40e4-97ed-0c8ce1b5075a,,2026-04-28,139,gt90,,,false,true
a7a9355b-ec4f-49b2-9034-fed904e9a245,,2026-04-28,139,gt90,,,false,true
c6deb958-d01b-494e-8f99-88748a31cf3d,,2026-04-28,139,gt90,,,false,true
d6d8f05d-4884-4cef-b088-873bf7a608fb,,2026-04-28,139,gt90,,,false,true
d7bb4088-ef17-42c8-ba00-b419420da3f9,,2026-04-28,139,gt90,,,false,true
dc44bfcd-9431-4dc3-a738-f532c42b7c2c,,2026-04-28,139,gt90,,,false,true
de3230f6-8b9c-4446-bf8b-00a46c1b8bb7,,2026-04-28,139,gt90,,,false,true
e05e28b2-99be-4178-97a7-1e849c163ed8,,2026-04-28,139,gt90,,,false,true
f87853fb-d853-45ad-bb5b-523ec390f3f6,,2026-04-28,139,gt90,,,false,true
bbccd357-36ef-4676-b79b-2cf8e41d0626,2026-04-29,2026-04-29,138,gt90,,,false,true
70abd723-286b-47c4-8928-e5f680d3dbb7,,2026-04-30,137,gt90,,,false,true
ac86d3c8-d0d1-4a77-8c06-91ba0a08ede5,,2026-04-30,137,gt90,,,false,true
fe3f8d74-e4f3-4e51-83e2-80c6f364184e,,2026-04-30,137,gt90,,,false,true
3287a513-6171-4c20-a051-dcf8ecda4be2,2026-05-01,2026-05-01,136,gt90,,,false,true
8f26f885-cdab-4fe9-8939-1f6fa70041fa,2026-05-01,2026-05-01,136,gt90,,,false,true
2cbf9b99-5671-4589-9307-4a931b4eca31,,2026-05-02,135,gt90,,,false,true
5899e313-5004-4d15-83fa-c912b98e12f5,,2026-05-02,135,gt90,,,false,true
5fabf82a-7c16-4483-bf30-f4bb97ac2e4b,,2026-05-02,135,gt90,,,false,true
6694ab3a-e5cc-402c-bb5e-6605aa9b9a05,,2026-05-02,135,gt90,,,false,true
87c2d78a-966c-47a4-8630-25e871d8d257,,2026-05-02,135,gt90,,,false,true
9fa0589d-9218-4899-a38c-d772b57ee099,,2026-05-02,135,gt90,,,false,true
ded25750-3291-4c64-9267-4881f7e2b8a7,,2026-05-02,135,gt90,,,false,true
ef1e8126-4007-4dad-8954-c388ae6ff80e,,2026-05-02,135,gt90,,,false,true
17db4278-10c4-43e4-9e55-e4be04f2a37d,,2026-05-03,134,gt90,,,false,true
293e8da8-8009-4a03-b3c3-d57136b19b56,,2026-05-03,134,gt90,,,false,true
74cc1e9a-75f9-4234-9fe9-5be1de3366ea,,2026-05-03,134,gt90,,,false,true
b66e3884-2efa-4505-bf9e-128d272a4c74,,2026-05-03,134,gt90,,,false,true
c3d29c9b-3df0-467d-9dd4-c91fb3554c5c,,2026-05-03,134,gt90,,,false,true
badb9496-ea62-4883-ad68-a2e913a7d66d,,2026-05-04,133,gt90,,,false,true
ee9f7c8d-eab4-470a-9c7a-b2d435e099cb,,2026-05-04,133,gt90,,,false,true
fabaf9c9-baf2-433a-8b4c-d3d3df66327d,,2026-05-04,133,gt90,,,false,true
fb960dbe-bc9f-499c-a74d-ba4b4a6c078f,,2026-05-04,133,gt90,,,false,true
41900ba8-3515-437c-81d8-566186cc4c6c,,2026-05-05,132,gt90,,,false,true
52a3d274-cf87-46a0-a6ef-286ded1b2c25,,2026-05-05,132,gt90,,,false,true
56460498-9eb5-4bc5-b500-0c88a7c16471,,2026-05-05,132,gt90,,,false,true
6950045a-11ea-4a92-8bff-c4bd4f699498,,2026-05-05,132,gt90,,,false,true
6ebc237b-54b0-414c-8d8b-3ea68a85ac9b,,2026-05-05,132,gt90,,,false,true
7120ece8-99c0-46d8-9478-660ac5b41d9d,,2026-05-05,132,gt90,,,false,true
8dfa4e18-5dc4-496f-a3ce-015573f022cd,,2026-05-05,132,gt90,,,false,true
9ac34455-03fb-4497-a37b-f83780d98dc8,,2026-05-05,132,gt90,,,false,true
9eed203e-052d-48b3-bda8-3d7eb9d70b77,,2026-05-05,132,gt90,,,false,true
ac8e910c-cce5-471d-b730-1f230503ca9a,,2026-05-05,132,gt90,,,false,true
b70d58ed-bcdc-419f-bc6f-698076ea5aea,,2026-05-05,132,gt90,,,false,true
b8378a40-5692-4566-affb-847e85d94113,,2026-05-05,132,gt90,,,false,true
fa06127c-8d14-41cf-bc56-92da7d2bc624,,2026-05-05,132,gt90,,,false,true
3ae8033a-0651-463e-8e5e-4ea5b91265c8,,2026-05-06,131,gt90,,,false,true
b698bd14-3d60-4daf-a4ca-6eef5180c369,,2026-05-06,131,gt90,,,false,true
e2aad5d0-e36a-4a1b-bb19-6a1f53d3f172,,2026-05-06,131,gt90,,,false,true
87dbede5-88b3-4cfe-9072-5229570d5dd7,,2026-05-07,130,gt90,,,false,true
85b86cdc-5fa1-49d9-9069-785d3026b41e,,2026-05-08,129,gt90,,,false,true
ac6b093c-56d5-4bd3-9c27-63293f13f436,,2026-05-08,129,gt90,,,false,true
ae0eba1d-6f33-453a-8770-68c32b96ff5a,,2026-05-08,129,gt90,,,false,true
0107961a-922c-42f5-b0f2-381022472a63,,2026-05-10,127,gt90,,,false,true
2ba16edb-c723-47a7-84ba-a5ae8a903b22,,2026-05-10,127,gt90,,,false,true
35a365a7-2392-49c3-8f6a-10190aaafa86,,2026-05-10,127,gt90,,,false,true
44c57641-f6e7-47d4-bb7f-b5a6f4594f41,,2026-05-10,127,gt90,,,false,true
64ff03c6-1fd2-4358-a5e7-bbe1873e96f1,,2026-05-10,127,gt90,,,false,true
e417cb6a-a8c5-4245-b4e6-2eadb4e29bff,,2026-05-10,127,gt90,,,false,true
342eaf28-6caf-4693-a91d-0f23c30b78ca,,2026-05-11,126,gt90,,,false,true
589a425a-d8f1-46ab-8944-20b96da403e5,,2026-05-11,126,gt90,,,false,true
a63ba112-d114-48b6-89ae-edb052146a76,,2026-05-11,126,gt90,,,false,true
0a81a7ef-18fd-44b6-94d3-557a46c224cf,,2026-05-12,125,gt90,,,false,true
3c78940f-b18b-4e0b-8427-9f11655e0c14,,2026-05-12,125,gt90,,,false,true
5083f479-a8f4-4abb-90a6-21a8c3163b8c,,2026-05-12,125,gt90,,,false,true
aa994931-42de-441c-8385-0c5395c63906,,2026-05-12,125,gt90,,,false,true
ae9c3bb3-e14b-4423-8f24-b8fe7cbc4dd9,,2026-05-12,125,gt90,,,false,true
07dec8d3-9179-444d-9045-9bc801e06805,,2026-05-13,124,gt90,,,false,true
12da4bad-9377-48b4-b566-0dc76bb49f46,,2026-05-13,124,gt90,,,false,true
182c90c5-11d7-4f10-a920-0b9999e2f2d5,,2026-05-13,124,gt90,,,false,true
186427f6-7cfa-46f0-a8ab-f9399f7be979,,2026-05-13,124,gt90,,,false,true
73f6d09e-531c-433e-ad9f-710e24740a34,,2026-05-13,124,gt90,,,false,true
826b0bb4-0984-4aab-ab3c-3d8b3c07f7b3,,2026-05-13,124,gt90,2026-09-16,tiktok,true,true
87706232-f4e4-49d4-a513-7b51c096274d,,2026-05-13,124,gt90,,,false,true
925e2b2d-9361-4cee-890b-de986453759e,,2026-05-13,124,gt90,,,false,true
f8f7375e-ffbb-460f-b787-cc3d589e0eb6,,2026-05-13,124,gt90,,,false,true
3ae9d4b5-7352-4823-bcf0-3da4b099419c,,2026-05-14,123,gt90,,,false,true
48015173-f1cf-4077-a1d4-93616d1f1317,,2026-05-14,123,gt90,,,false,true
57d17f58-759a-4626-928a-b9c5b58c7914,,2026-05-14,123,gt90,,,false,true
630dff27-6cff-4b4f-887d-29d97b464d0a,,2026-05-14,123,gt90,,,false,true
64b16d0e-e366-437e-a742-79532c89206e,,2026-05-14,123,gt90,,,false,true
6c0914f1-858c-4f4d-853a-7c560a6e0464,,2026-05-14,123,gt90,,,false,true
7658824d-cf9e-4290-9785-4024d8de6891,,2026-05-14,123,gt90,,,false,true
85786d0b-4f5d-4388-8ab0-31add33b5cd7,,2026-05-14,123,gt90,,,false,true
9a060c21-99fa-4c16-9bb2-df1b05dbb67a,2026-05-14,2026-05-14,123,gt90,,,false,true
a6395cd1-4c61-4531-b8db-482587aec773,,2026-05-14,123,gt90,,,false,true
edd6457f-0ff7-418d-ae5b-1e909c541518,,2026-05-14,123,gt90,,,false,true
0361b225-cc21-47df-af76-a69d187aaff8,,2026-05-15,122,gt90,,,false,true
19114cd1-3794-4d16-9dde-5d48dea26b1f,,2026-05-15,122,gt90,,,false,true
45aea343-d54e-444f-8437-bec92d8affb8,,2026-05-15,122,gt90,,,false,true
4ebfc952-b13f-4712-8138-7ae44aa27ffb,,2026-05-15,122,gt90,,,false,true
599ae230-b0f2-4c80-b7f4-a71e3fbadb61,,2026-05-15,122,gt90,,,false,true
8513bb51-e159-4024-8054-428739beab79,2026-05-15,2026-05-15,122,gt90,,,false,true
a9f026f0-15ee-463d-a42d-260228416070,,2026-05-15,122,gt90,,,false,true
aee3a8ff-758d-4240-8535-c8d27ee937ba,,2026-05-15,122,gt90,,,false,true
e744991e-70f1-445a-83de-7fc97c149d3d,,2026-05-15,122,gt90,,,false,true
17c45e41-d161-4bee-aa40-641c53179f9c,,2026-05-16,121,gt90,,,false,true
2580e7b7-5cea-42d7-9d65-2969f151c8a7,,2026-05-16,121,gt90,,,false,true
2642a6fd-c75f-4da2-b0ac-90bfa7c66d42,,2026-05-16,121,gt90,,,false,true
2a8390a8-b090-4e5c-bdcc-5816aec21f41,,2026-05-16,121,gt90,,,false,true
3a0eea7e-0637-4f08-b8dd-1d2a42ff98cb,,2026-05-16,121,gt90,,,false,true
3a238a9c-7418-4f37-bce1-033178c7a409,,2026-05-16,121,gt90,,,false,true
5f9b90ae-b7a8-46c1-b7b6-8a49dd4a4fdc,2026-05-16,2026-05-16,121,gt90,2026-09-22,line_oa,true,true
69c7d3b0-85d1-471f-9f9c-d25d33ac60a8,,2026-05-16,121,gt90,,,false,true
70679686-0b4c-43a3-af1d-f785583ae1f8,,2026-05-16,121,gt90,,,false,true
73bc520a-20d9-4e5f-b9b7-55f7092b3479,,2026-05-16,121,gt90,,,false,true
7ffaff4b-3691-4109-bb15-051fd6cfbc1d,,2026-05-16,121,gt90,,,false,true
86ada0d5-13b6-4355-9933-8a80975b259e,,2026-05-16,121,gt90,,,false,true
9ed43ea4-255d-41e4-b841-1280a16a9411,,2026-05-16,121,gt90,,,false,true
cdc5f3d9-b628-485e-adb4-46e8b5dd39b2,,2026-05-16,121,gt90,,,false,true
d50a5f13-deb5-4495-8b39-69a8f4b4eb80,,2026-05-16,121,gt90,,,false,true
d7c19049-aaee-422a-9127-0ae265ed55ff,,2026-05-16,121,gt90,,,false,true
e5ec5aec-394f-4a8b-af92-63423bbc69f0,,2026-05-16,121,gt90,,,false,true
eaf7398a-4114-4309-94a0-2d2e13a14435,2026-05-16,2026-05-16,121,gt90,,,false,true
ee86b1dc-ff72-4028-a952-adb58992eef1,,2026-05-16,121,gt90,,,false,true
1c392448-ae3d-44ab-8ade-c112c8ec3f09,2026-05-17,2026-05-17,120,gt90,,,false,true
79a35ccc-1972-4b23-bc81-d5d50cb87be1,,2026-05-17,120,gt90,,,false,true
0629a50d-e452-4100-9b8b-04e322062951,,2026-05-18,119,gt90,,,false,true
128cba13-453c-46fc-864b-152cea2d9e9c,,2026-05-18,119,gt90,,,false,true
266ad058-6ff4-44b0-bf72-bd044ff06fe8,,2026-05-18,119,gt90,,,false,true
43f60b04-6119-449a-9f6e-c41b06eff390,,2026-05-18,119,gt90,,,false,true
551bf21e-f259-4ba3-80a9-e94940a9d169,2026-05-18,2026-05-18,119,gt90,,,false,true
ac59f23a-4d75-41ab-a6f5-a623f4396522,2026-05-18,2026-05-18,119,gt90,,,false,true
bc08efbc-86de-4eda-95b2-6395a5ab052d,,2026-05-18,119,gt90,,,false,true
d043d091-78e8-4bc5-87fd-172373b008e2,,2026-05-18,119,gt90,,,false,true
e137140d-20a3-4752-b368-9dcb44e9ac08,,2026-05-18,119,gt90,,,false,true
e3a02c56-d19d-4f70-b7e3-47e5ccbf29df,,2026-05-18,119,gt90,,,false,true
04b7ae41-cab2-4c3e-af4b-ea5c5a631bca,,2026-05-19,118,gt90,,,false,true
4c5f63b9-e280-43b2-b880-4857c8d402b4,,2026-05-19,118,gt90,,,false,true
79e6e1ab-fa0d-4775-b515-af48391789a4,,2026-05-19,118,gt90,,,false,true
81315488-4363-4bca-84fe-e0687d2660b1,,2026-05-19,118,gt90,,,false,true
84da0c01-9545-4bed-be1a-68a37a913094,,2026-05-19,118,gt90,,,false,true
bbf85b32-5eca-401b-a966-9ead254b66c3,,2026-05-19,118,gt90,,,false,true
00ceac9d-4eb0-42c0-bd52-2830aaae0f44,,2026-05-20,117,gt90,,,false,true
03c158e1-64a0-4290-9037-76a990bca09d,,2026-05-20,117,gt90,,,false,true
52e52f4a-31d8-458a-90f8-0a7b115ad2e0,,2026-05-20,117,gt90,,,false,true
6a0fb7fc-170e-4853-b4df-ede499467c67,,2026-05-20,117,gt90,,,false,true
9fa06b35-7874-40d1-a75f-47482665d513,,2026-05-20,117,gt90,,,false,true
bd3a344b-c68e-4dba-b642-3095464aaaba,,2026-05-20,117,gt90,,,false,true
d48200b9-7b87-47f8-a011-079b12459b26,,2026-05-20,117,gt90,,,false,true
1f96f09a-e4a9-4244-95cd-370406e57570,,2026-05-21,116,gt90,,,false,true
95c61863-78c4-4bc3-9479-81361ca92491,,2026-05-21,116,gt90,,,false,true
974ed930-5d2b-47be-b1a3-e53a0e7c4150,,2026-05-21,116,gt90,,,false,true
bd01d69c-e9e5-4e5c-a17c-bba37601c597,,2026-05-21,116,gt90,2026-09-23,tiktok,true,true
bd388c44-8122-4d06-bc0c-fc2a66471e45,,2026-05-21,116,gt90,,,false,true
bff99410-5bf4-4afa-9a0f-6e034acfdda6,,2026-05-21,116,gt90,,,false,true
ed0ab960-6b2e-4e07-8344-1e6c945626b9,,2026-05-21,116,gt90,,,false,true
1bda6835-54b7-4b1f-b166-88544401f41c,,2026-05-22,115,gt90,,,false,true
92343f6b-3015-48ed-b900-5d695549dfdb,,2026-05-22,115,gt90,,,false,true
93a45804-62fb-4980-a700-b0c7699e7f7c,,2026-05-22,115,gt90,,,false,true
390f348d-8dab-45c1-999e-91220a275c8e,2026-05-23,2026-05-23,114,gt90,,,false,true
4db7e841-bd10-4ec0-b8f1-5e1b7a4cafab,,2026-05-23,114,gt90,,,false,true
4fdde897-7299-4fa5-9028-423c0c3bd42a,,2026-05-23,114,gt90,,,false,true
5228bf99-a84e-49a8-a89b-5d851376af2c,,2026-05-23,114,gt90,,,false,true
5869085a-9e8f-42f1-af25-6963919605c6,,2026-05-23,114,gt90,,,false,true
5cdff2c9-8740-47aa-9fb1-cf6e5dfef25a,2026-05-23,2026-05-23,114,gt90,,,false,true
5d163650-4a29-4fc9-8020-7584d5343ec7,2026-05-23,2026-05-23,114,gt90,,,false,true
70b16a96-8aee-4970-b786-c88a4658d9ba,,2026-05-23,114,gt90,,,false,true
74e9250a-8ae9-431f-8d05-537a22da4208,,2026-05-23,114,gt90,,,false,true
7979401f-53af-404f-b4e1-4b8fe7942861,,2026-05-23,114,gt90,,,false,true
976a0377-32a4-4d51-896d-2258783c0ecc,,2026-05-23,114,gt90,,,false,true
b07c00c4-1fb4-46ca-a80c-49125e4906ff,,2026-05-23,114,gt90,,,false,true
c14830f3-6582-4a98-91e4-79f1c31f85fd,,2026-05-23,114,gt90,,,false,true
c6b3e309-46b7-4b21-b675-6c1ed0d8c66a,,2026-05-23,114,gt90,2026-09-15,tiktok,true,true
ca03e3c0-f788-49a7-bcda-85dd930e150a,,2026-05-23,114,gt90,,,false,true
cb32b089-c9bf-48a6-abec-158453a98bec,,2026-05-23,114,gt90,,,false,true
cda009e0-68c7-4ec2-915b-5970efbb7f1a,2026-05-23,2026-05-23,114,gt90,,,false,true
ef9e4590-a76d-42ef-8df4-516f4c70978f,,2026-05-23,114,gt90,,,false,true
fb15120f-b7f7-48f8-99e9-691b8c46d108,,2026-05-23,114,gt90,,,false,true
363fd895-6581-47f7-982b-bf76f34aac55,2026-05-24,2026-05-24,113,gt90,,,false,true
4244f5ec-aabe-40ef-b931-fe62226a4df5,,2026-05-24,113,gt90,,,false,true
535aefa7-2c1c-4add-a6dc-40e96b77c673,,2026-05-24,113,gt90,,,false,true
7b4ca6ce-acdf-4bbe-b389-adf7f8a53bb0,,2026-05-24,113,gt90,,,false,true
7d856c0a-4ad9-4a39-ac5a-27794773899c,2026-05-24,2026-05-24,113,gt90,,,false,true
82fb5988-9eed-47a8-bf79-7a1899543d9c,,2026-05-24,113,gt90,,,false,true
91e73d43-98b7-4af9-967d-85d77995bebc,2026-05-24,2026-05-24,113,gt90,,,false,true
99587e5a-bf9b-40ca-b679-08157fdb8a68,,2026-05-24,113,gt90,,,false,true
a1f70c59-a549-433a-ab98-eb3f69d210c6,,2026-05-24,113,gt90,,,false,true
b80f3458-0e4a-427f-a222-0e26dfc26e5d,2026-05-24,2026-05-24,113,gt90,,,false,true
c3945294-c5cb-47fa-a246-e67ce2040b42,,2026-05-24,113,gt90,,,false,true
c9cdfd4a-41c6-423a-9e8c-f212c53aef3a,2026-05-24,2026-05-24,113,gt90,,,false,true
ca17273b-d016-46f9-9b23-560adb5b936c,,2026-05-24,113,gt90,,,false,true
cecafd68-10e3-46cd-a507-052348c87dc8,,2026-05-24,113,gt90,,,false,true
ea2f073b-c979-48fa-8473-cff3e36b40d9,,2026-05-24,113,gt90,,,false,true
ec840c84-75ac-41f0-bc94-56a6cddd3c2c,,2026-05-24,113,gt90,,,false,true
203d2df8-8c5f-4c77-821d-29ccece3641c,,2026-05-25,112,gt90,,,false,true
2d0a4e53-c946-46c9-8f25-a854332f9b4d,,2026-05-25,112,gt90,,,false,true
3c7b697e-e0eb-4698-9931-3512b9bb75b3,2026-05-25,2026-05-25,112,gt90,,,false,true
9282184b-8561-49b5-b68d-fcea654f2f14,,2026-05-25,112,gt90,,,false,true
a5aad40b-dbad-4371-8800-75cd0693334d,,2026-05-25,112,gt90,,,false,true
ad4377f6-3c1d-40d7-9d4c-22532449d0fd,,2026-05-25,112,gt90,,,false,true
ed55219e-67d3-4f58-bfc2-919f32806b72,,2026-05-25,112,gt90,,,false,true
fa882392-bf9c-4f0f-a243-cf2f607cbca3,2026-05-25,2026-05-25,112,gt90,,,false,true
00d14b60-dff1-47e8-89c2-360aa88bc7d3,,2026-05-26,111,gt90,,,false,true
05af0d02-e6bd-481b-824d-e88036eb028b,2026-05-26,2026-05-26,111,gt90,,,false,true
0cd39596-9e57-4871-856d-370344b19911,,2026-05-26,111,gt90,,,false,true
54b12407-34a0-4675-85a5-f06ba24919d4,,2026-05-26,111,gt90,,,false,true
844bf62f-13ab-497a-9f81-d399195926b5,2026-05-26,2026-05-26,111,gt90,,,false,true
8ea87740-f52f-4b72-9d4a-05709bd52b3f,,2026-05-26,111,gt90,,,false,true
94d39075-3b11-4caf-9aed-7f6f088ee330,,2026-05-26,111,gt90,,,false,true
9b879e13-b999-416f-b62c-70bc2ebbeb73,,2026-05-26,111,gt90,,,false,true
c158a471-5f65-4ff2-a16f-d99e0df1a521,,2026-05-26,111,gt90,,,false,true
c9560bee-353f-4e6b-8584-8b2bbd46dc15,,2026-05-26,111,gt90,,,false,true
c9dfd172-64ac-44c0-974a-3ae1b0458c62,,2026-05-26,111,gt90,,,false,true
cf8d3781-7be3-49a7-a0d7-d959e5ab0a89,,2026-05-26,111,gt90,,,false,true
d39d1ac2-9ccd-40e1-ad1d-acc3d65ff94e,2026-05-26,2026-05-26,111,gt90,,,false,true
f42d454a-b863-4852-82fa-2fee4dcd8dba,2026-05-26,2026-05-26,111,gt90,,,false,true
ff9bacf8-b94e-4405-a4e3-f55877d698e2,2026-05-26,2026-05-26,111,gt90,,,false,true
028a5cba-f704-4bee-80ae-2b725279ef16,,2026-05-27,110,gt90,,,false,true
2a538d94-0bad-4e0c-a7bb-16489bbb616b,2026-05-27,2026-05-27,110,gt90,,,false,true
360a3b14-3108-4b0b-9351-52de643388b2,2026-05-27,2026-05-27,110,gt90,,,false,true
3cedcf51-dc29-4d8e-ab1e-452b2e857e66,2026-05-27,2026-05-27,110,gt90,,,false,true
4241a612-677b-47ae-b541-8c8c62fc145a,,2026-05-27,110,gt90,,,false,true
4b575a13-1859-42fd-9ce6-917df3345df1,2026-05-27,2026-05-27,110,gt90,,,false,true
63e4d38d-2e50-4854-87e4-d83c8fee196a,,2026-05-27,110,gt90,,,false,true
7f2a223b-b0af-49d1-a66d-0bd6d532af97,2026-05-27,2026-05-27,110,gt90,,,false,true
a95dd47c-d56a-497f-ac89-eaaa63a7be2f,,2026-05-27,110,gt90,,,false,true
aa2e6326-1eea-4ff4-aeb7-76ff887bbbc0,,2026-05-27,110,gt90,,,false,true
b0795a38-da97-44f1-abcf-72da7ce38ff8,2026-05-27,2026-05-27,110,gt90,,,false,true
bbae34bb-7159-47b3-ad62-228bdd5ef9cc,2026-05-27,2026-05-27,110,gt90,,,false,true
eae0a6c7-4ca4-419b-b3c9-526cda7cee23,2026-05-27,2026-05-27,110,gt90,,,false,true
fed7a99b-eaed-4974-9faa-cad7aab8098c,2026-05-27,2026-05-27,110,gt90,,,false,true
ffa4372e-7938-427e-b626-d44ef8407344,,2026-05-27,110,gt90,,,false,true
00287f38-98fa-4e5d-8681-5370955596f2,,2026-05-28,109,gt90,,,false,true
18f229e0-7c28-449c-93b4-bf267c7090f8,2026-05-28,2026-05-28,109,gt90,,,false,true
409c0ab2-d6c1-4344-b77d-d3b258e5091a,,2026-05-28,109,gt90,,,false,true
8f9b2558-acc1-4a23-8211-12f492eefcdc,2026-05-28,2026-05-28,109,gt90,,,false,true
b828f699-7b22-4962-95f0-6c043245d99b,2026-05-28,2026-05-28,109,gt90,,,false,true
d23701eb-9003-4361-bade-66865a5dd16f,2026-05-28,2026-05-28,109,gt90,,,false,true
e999affd-91c3-4600-9c96-42de03f0445d,,2026-05-28,109,gt90,,,false,true
06cbf326-beee-41c3-92cd-9b107eb31099,,2026-05-29,108,gt90,,,false,true
0d195d1c-5457-40d3-8b41-e11dfef7d3ad,2026-05-29,2026-05-29,108,gt90,,,false,true
1f0fa191-74fa-42de-9ffa-585e7c51d51c,,2026-05-29,108,gt90,,,false,true
3d21cdf2-f9c6-4eed-a625-696a881a56cf,,2026-05-29,108,gt90,,,false,true
462e9a3e-4d3d-4f67-ae42-ac06fa0d2f92,2026-05-29,2026-05-29,108,gt90,,,false,true
54c0b8af-1e58-42b5-a0f8-743a8d636b08,,2026-05-29,108,gt90,,,false,true
804b0c8b-1dbe-4078-8df4-532108370e6a,,2026-05-29,108,gt90,,,false,true
85dce128-513f-4c56-ae9d-7718007dfd0a,2026-05-29,2026-05-29,108,gt90,,,false,true
8e4fab17-8f9f-4f77-a03b-f04cb4f613a6,2026-05-29,2026-05-29,108,gt90,,,false,true
a3c5d57a-e792-4358-8cbe-f7f54e917c8c,2026-05-29,2026-05-29,108,gt90,,,false,true
a42a4531-c5a3-4bef-827f-98bc82a46bd9,,2026-05-29,108,gt90,,,false,true
ab0eec6a-549b-4799-8878-bfc00cd28d09,,2026-05-29,108,gt90,,,false,true
b4316da3-33c6-4a36-bd84-c891fc154de3,,2026-05-29,108,gt90,,,false,true
c6ca71c3-43a8-43fb-8b15-8ef0aa727f69,2026-05-29,2026-05-29,108,gt90,,,false,true
cb7c5258-8348-4b56-a8d2-5e37dcde3edb,,2026-05-29,108,gt90,,,false,true
d7ffcc9d-1bab-475b-924d-9fe152d92a11,,2026-05-29,108,gt90,,,false,true
dc1f046c-727b-4c83-8a46-48bf2088a2b5,,2026-05-29,108,gt90,,,false,true
dec0d315-a5ec-493f-905d-3c4a9e9770f9,,2026-05-29,108,gt90,,,false,true
f7a2ba64-cae1-496f-a215-1aab81e78518,,2026-05-29,108,gt90,,,false,true
1420c6d9-9bb7-4266-a639-7d09f0da11a5,2026-05-30,2026-05-30,107,gt90,,,false,true
156a7a10-0c8c-483c-ba4a-4d90133e0109,2026-05-30,2026-05-30,107,gt90,,,false,true
1e412811-0c9a-4953-8ffe-72cfc7c90aed,,2026-05-30,107,gt90,,,false,true
1fb63d0b-6e41-4128-b652-f5db9418b3f5,,2026-05-30,107,gt90,,,false,true
3dcdaaf2-2aa7-4d3f-a3a5-c7e29a5ea583,,2026-05-30,107,gt90,,,false,true
3e2cc641-39ca-46e1-88de-c79ae02f1627,,2026-05-30,107,gt90,,,false,true
5328926c-6baa-424f-b227-8266161990aa,,2026-05-30,107,gt90,,,false,true
6e3ab768-ae51-415c-a291-5cc091060f30,,2026-05-30,107,gt90,,,false,true
867dc594-be6c-4f27-8980-d832df5d34c2,,2026-05-30,107,gt90,,,false,true
900d6362-b64a-4a16-b822-a5a58149812c,,2026-05-30,107,gt90,,,false,true
b5d99175-1042-44ae-8c21-0f9221df0394,,2026-05-30,107,gt90,,,false,true
dd96959e-a096-4024-bb97-e8fe6be9c2a8,,2026-05-30,107,gt90,,,false,true
e304079f-fed0-40ed-9528-dea6fab37c20,,2026-05-30,107,gt90,,,false,true
e905db85-70d8-42be-a660-3233fe1994b0,2026-05-30,2026-05-30,107,gt90,,,false,true
fe3d63d4-631a-41ce-95f9-4e47a9efea9b,2026-05-30,2026-05-30,107,gt90,,,false,true
04e3ec8a-2dfa-4787-9c1c-8640ebdd2973,,2026-05-31,106,gt90,,,false,true
0d736c76-261e-4de3-8d33-61fa971b140c,2026-05-31,2026-05-31,106,gt90,,,false,true
18b276af-b10b-40eb-8050-9d6881341fc2,,2026-05-31,106,gt90,,,false,true
471982da-ff34-4198-9051-3024809fb9c9,,2026-05-31,106,gt90,,,false,true
80f90114-55e0-4527-9606-2f4670024324,,2026-05-31,106,gt90,,,false,true
8f875100-8407-4ae4-a792-593ac0f15dd8,2026-05-31,2026-05-31,106,gt90,,,false,true
95f4b3e5-4254-410e-a409-fbfbfa4718a2,,2026-05-31,106,gt90,,,false,true
ae6e5570-4237-4406-bee6-dacff454d301,2026-05-31,2026-05-31,106,gt90,,,false,true
b252af91-b13b-4433-82fd-62e82aedc3c0,2026-05-31,2026-05-31,106,gt90,,,false,true
d5f81bb6-48a9-49f5-9f4f-9d529e365348,2026-05-31,2026-05-31,106,gt90,,,false,true
ded6955d-854f-47a5-aadb-22724473133d,,2026-05-31,106,gt90,,,false,true
2444de05-b1b0-4a6d-8762-d98ea7ff8bf0,2026-06-01,2026-06-01,105,gt90,,,false,true
2c6e8452-e84c-45e1-9524-d08896b95858,,2026-06-01,105,gt90,,,false,true
3d7c7466-176c-4fef-87c3-bfccdd5dd568,,2026-06-01,105,gt90,,,false,true
47fbdb5f-27e3-4cc2-8224-3bd464abeb66,,2026-06-01,105,gt90,,,false,true
6777bbd6-8bc4-40df-ad52-cff104f933f6,2026-06-01,2026-06-01,105,gt90,,,false,true
760658f9-1ec0-4075-ab35-06219f751ffd,,2026-06-01,105,gt90,,,false,true
82809b94-9f07-4630-b536-4391a8d54eed,2026-06-01,2026-06-01,105,gt90,,,false,true
92f74f0a-ef08-48ac-9fff-0ec1df47b265,,2026-06-01,105,gt90,,,false,true
bb155934-f04f-4d43-beec-746e887e0222,2026-06-01,2026-06-01,105,gt90,,,false,true
bd25d42f-2f76-4b18-a8c4-f557406aefe8,2026-06-01,2026-06-01,105,gt90,,,false,true
cbba457e-8b88-419e-be00-8954ab59cc31,,2026-06-01,105,gt90,,,false,true
d746ee6e-4724-4e1d-9d93-4266149ce86c,2026-06-01,2026-06-01,105,gt90,,,false,true
d993c7f0-ddac-403f-8912-5126337b5c78,2026-06-01,2026-06-01,105,gt90,,,false,true
ebe86089-d33b-46bc-b2aa-7363fd12e3af,,2026-06-01,105,gt90,,,false,true
07b8998f-d913-41b0-b90c-c3b834a6addb,2026-06-02,2026-06-02,104,gt90,,,false,true
0dafe26d-04cb-4134-9d46-07578093661c,,2026-06-02,104,gt90,,,false,true
2ae58072-43de-4d12-afb9-f5fc7514c840,,2026-06-02,104,gt90,,,false,true
2f8193c3-acd7-4876-a652-523df598a237,,2026-06-02,104,gt90,,,false,true
4236f465-d63d-4da1-92ce-1642e57b8307,,2026-06-02,104,gt90,,,false,true
44904d99-2448-46e8-a634-f4c7186c7d01,2026-06-02,2026-06-02,104,gt90,,,false,true
5d194db7-fe8a-4d47-ae21-3938489bbc33,2026-06-02,2026-06-02,104,gt90,,,false,true
686d1691-2608-4724-87e1-d13ba1a411d5,,2026-06-02,104,gt90,,,false,true
68fc138e-acda-4655-893e-f209d17c1281,2026-06-02,2026-06-02,104,gt90,,,false,true
77b74a95-6c1b-4881-a7ba-14fec9506466,,2026-06-02,104,gt90,,,false,true
906761c6-bdd2-40ab-9f9e-4437aa1a4c0a,2026-06-02,2026-06-02,104,gt90,,,false,true
9afd0385-8ba2-40b3-a2ad-ea38231520f9,,2026-06-02,104,gt90,,,false,true
a7a729f4-589d-4f54-b3aa-9192160f7340,,2026-06-02,104,gt90,2026-09-16,tiktok,true,true
a9e91472-ac67-413f-996e-144a285d8932,,2026-06-02,104,gt90,,,false,true
b57525cc-a8d4-4ac5-a240-f99fc442a6f2,,2026-06-02,104,gt90,,,false,true
c0d18174-80a7-404c-bd35-96e1c464aef8,2026-06-02,2026-06-02,104,gt90,,,false,true
cf0434cf-2d16-4c89-8b7a-06e1a24d7b94,2026-06-02,2026-06-02,104,gt90,,,false,true
f3938c88-32da-4f1f-96a7-4a01fb7d7104,,2026-06-02,104,gt90,,,false,true
f6b5f3ba-2197-4930-bcd6-e5e39dbd6d4c,,2026-06-02,104,gt90,,,false,true
fc2e1733-e2c7-40e6-a4c3-d968aecd4c84,2026-06-02,2026-06-02,104,gt90,,,false,true
fefffe43-1ea9-4269-a611-31f3419f82a1,,2026-06-02,104,gt90,,,false,true
1ec1bcd5-5dda-43e6-a695-389b8c66094d,,2026-06-03,103,gt90,,,false,true
612b9fd7-af8e-4f8e-bb15-94eacd484108,,2026-06-03,103,gt90,,,false,true
735d6956-a142-4f0c-aef7-ee2f1ae76416,,2026-06-03,103,gt90,,,false,true
75f56451-2d70-44f3-bc14-70f3d720b622,,2026-06-03,103,gt90,,,false,true
7c2f1342-65c8-47f6-bc97-b609718c71f0,,2026-06-03,103,gt90,,,false,true
83d478d7-8ecc-4611-8e84-a5af7132f4d2,,2026-06-03,103,gt90,,,false,true
87b04d96-9c76-4d8c-a1c0-67a11e23e12b,,2026-06-03,103,gt90,,,false,true
8b2fca16-7122-4f7e-9022-5122914a6a3b,,2026-06-03,103,gt90,,,false,true
8b65b90d-932a-4d98-9e84-aa5cc825e308,,2026-06-03,103,gt90,,,false,true
91cb90f4-03de-44dd-97ac-797c84378e8f,,2026-06-03,103,gt90,2026-10-05,tiktok,false,true
9427bdb0-4ad0-4245-8770-47b44432aee4,,2026-06-03,103,gt90,,,false,true
9740e3fe-6fba-4e94-ad80-665c074b35e0,,2026-06-03,103,gt90,,,false,true
9ee3f1f5-6974-43d8-bbf7-dceac77ef0e1,,2026-06-03,103,gt90,,,false,true
a029b46d-0d12-495f-8dc4-99fb227db01b,2026-06-03,2026-06-03,103,gt90,,,false,true
a4611f75-90e6-4dcb-98c8-0b1abfa2a57a,2026-06-03,2026-06-03,103,gt90,,,false,true
a54a19ae-15f5-4175-b896-e78d743d8752,2026-06-03,2026-06-03,103,gt90,,,false,true
a821bcab-03b1-485e-b22e-f7bd36e34ed8,,2026-06-03,103,gt90,,,false,true
ca47ccf7-4abf-43c7-90e7-9b5476d28f88,,2026-06-03,103,gt90,,,false,true
d18085b2-258a-49d8-b283-ac9aa8f03910,,2026-06-03,103,gt90,,,false,true
dd55daea-126e-41bb-bf37-cce96a223390,,2026-06-03,103,gt90,,,false,true
df55dcf7-9a52-4372-9344-5727c76551f3,,2026-06-03,103,gt90,,,false,true
03c1bd59-a009-4571-b8e7-c8eb6647ab11,2026-06-04,2026-06-04,102,gt90,,,false,true
071c9b0a-5613-49cf-a72c-e1445ce83159,,2026-06-04,102,gt90,,,false,true
0e742902-6fba-4395-b6e1-d505201d6ec2,,2026-06-04,102,gt90,,,false,true
12012ba2-f29f-4c0f-947a-9f7588c0cab3,2026-06-04,2026-06-04,102,gt90,,,false,true
13a25c4a-ee9b-4853-b546-95408d51e3dc,,2026-06-04,102,gt90,,,false,true
18fbc8d3-add0-4e6d-a10b-04448507de70,2026-06-04,2026-06-04,102,gt90,,,false,true
2b700f33-de0a-4953-a4fc-f01a64a462ee,,2026-06-04,102,gt90,,,false,true
30ac8f22-6986-425c-ab3d-5c5f8e1ebb87,,2026-06-04,102,gt90,,,false,true
324df3db-04c2-4594-99f8-c56ff9c569d2,,2026-06-04,102,gt90,,,false,true
39905b90-57da-49e8-aec2-63af716fe556,,2026-06-04,102,gt90,2026-09-29,tiktok,false,true
3c02e873-284b-4559-b767-3e087690d26a,2026-06-04,2026-06-04,102,gt90,,,false,true
3c139a41-9474-4070-a770-0b9bd7a5aed7,,2026-06-04,102,gt90,,,false,true
42ed4f2a-65ea-40ba-9261-5f8f5a9befa3,2026-06-04,2026-06-04,102,gt90,,,false,true
535c8711-2a78-4fef-8e55-f27f0927af87,,2026-06-04,102,gt90,,,false,true
57e1cecd-f681-449e-a90e-9f48ecdc5861,,2026-06-04,102,gt90,,,false,true
619f4d56-ae25-4b87-b7f2-5af69dcd2022,2026-06-04,2026-06-04,102,gt90,,,false,true
6b55d4f8-d24b-42d8-b1aa-ab4b4d506840,,2026-06-04,102,gt90,,,false,true
6edb94cc-85cd-4b8b-b2bf-398531f38c53,,2026-06-04,102,gt90,,,false,true
728c0bcf-4c59-43cd-972c-c258c7109df1,,2026-06-04,102,gt90,,,false,true
848787f3-7008-4e20-b322-30b44ee29061,,2026-06-04,102,gt90,,,false,true
90b5e08c-5816-4cfe-bff4-6ff880fe2270,2026-06-04,2026-06-04,102,gt90,,,false,true
a2d8e725-59b5-4177-ac53-0d7c80a7c951,,2026-06-04,102,gt90,,,false,true
adf1b9f0-2be1-4d78-99f4-13ae5bb19692,,2026-06-04,102,gt90,,,false,true
b0e888ac-8a39-4df9-94c9-dd177a68f020,,2026-06-04,102,gt90,,,false,true
b167ddea-babf-44ea-9cd3-e01c1e38a106,,2026-06-04,102,gt90,,,false,true
b81519e3-a37a-47b8-ba50-94b52945c5b5,2026-06-04,2026-06-04,102,gt90,,,false,true
b96e627d-ba0b-4013-9b5a-18aa3ff2192c,,2026-06-04,102,gt90,,,false,true
d433f11c-8764-4eae-b99f-67700c6fd066,,2026-06-04,102,gt90,,,false,true
d46a4e2b-c090-4eae-b9f1-50fe64bb5f1f,,2026-06-04,102,gt90,,,false,true
dc5eb6f2-5ab8-43dc-8257-d99503ad9455,,2026-06-04,102,gt90,,,false,true
e443e893-1e33-4588-ab2f-b9e58765fd64,2026-06-04,2026-06-04,102,gt90,,,false,true
f2d03cef-9346-421f-8055-85da60e3215e,2026-06-04,2026-06-04,102,gt90,,,false,true
f95611fd-af6d-4cee-b736-99e733c89f2e,2026-06-04,2026-06-04,102,gt90,,,false,true
fdd25413-72ff-40ed-b3e5-56a621c57866,,2026-06-04,102,gt90,,,false,true
0ecff7b9-bb7e-458f-9379-fe2ddac42798,,2026-06-05,101,gt90,,,false,true
1fb375ea-dd70-4769-a23d-00f5c221ab7c,,2026-06-05,101,gt90,,,false,true
27bb48d1-a8c1-4fa6-84ac-6465f19a462a,2026-06-05,2026-06-05,101,gt90,,,false,true
2e326f48-112c-4859-8e03-783d78a24629,,2026-06-05,101,gt90,,,false,true
346abe47-e624-4969-8d1b-dedb972e9760,,2026-06-05,101,gt90,,,false,true
384e9d3e-b05f-447b-9fce-dfcbce02dce5,,2026-06-05,101,gt90,,,false,true
3d2fa0e1-73f2-4bb8-9d2b-b9a8c1424a4c,,2026-06-05,101,gt90,,,false,true
541be398-dce0-44bf-9416-a879ba268871,,2026-06-05,101,gt90,,,false,true
5d02284a-da10-4d98-be93-072fa3139934,,2026-06-05,101,gt90,,,false,true
65042e21-0d4b-48e1-afed-02a3b8bd3041,,2026-06-05,101,gt90,,,false,true
a063f46c-a058-4d02-8140-b59ea4765988,,2026-06-05,101,gt90,,,false,true
a21c404f-7276-42ac-a0e3-fa61bcdd1969,,2026-06-05,101,gt90,,,false,true
a2ecbca2-0950-4075-9ed0-d99378276e22,2026-06-05,2026-06-05,101,gt90,,,false,true
a3881a38-b680-47ce-a5e9-89b9ffcf340a,,2026-06-05,101,gt90,,,false,true
ae5ac4d2-8447-4920-a07e-c087f2fe362f,,2026-06-05,101,gt90,,,false,true
c20151d7-a6c0-4681-b04f-119a4e6f035c,,2026-06-05,101,gt90,,,false,true
e76eb6ed-bb70-406b-8c6b-026671f2fcdc,,2026-06-05,101,gt90,,,false,true
f2bc2e8d-6537-416f-b68d-864f7742e8c6,,2026-06-05,101,gt90,,,false,true
fd3e34e9-5462-4ed2-bf82-cfb420347b6f,,2026-06-05,101,gt90,,,false,true
00995f95-8f78-4581-a3af-053fd91e4100,,2026-06-06,100,gt90,,,false,true
0b9ceb41-81b6-4788-af3c-45cead9eebda,,2026-06-06,100,gt90,,,false,true
0d32f417-927a-4566-9297-8107232e7f81,,2026-06-06,100,gt90,,,false,true
0fbf9017-f0c1-4284-b0b9-be1b2f03f75e,,2026-06-06,100,gt90,2026-09-29,tiktok,false,true
22af837f-e8ce-4ff8-b5bd-7ff40ff3ccb8,,2026-06-06,100,gt90,,,false,true
23213788-d5b8-491f-9879-a32b3ffd4537,,2026-06-06,100,gt90,,,false,true
2bb645ff-c253-47af-b0c0-77de5958d2ef,,2026-06-06,100,gt90,,,false,true
2f9c3153-9709-4847-8040-fc05d140b831,,2026-06-06,100,gt90,,,false,true
3002f1a8-762d-4199-86e6-f96d092d7cfc,,2026-06-06,100,gt90,,,false,true
35b12d55-9b0c-4a8b-879c-fa8706a1a934,,2026-06-06,100,gt90,,,false,true
385fc63f-149a-4fa8-9fc5-f80f3c72b9ed,,2026-06-06,100,gt90,,,false,true
3a00bebd-1bbd-4c27-84f5-d6e63beb4a59,,2026-06-06,100,gt90,,,false,true
43347682-0640-4987-84af-6922dba3f65f,,2026-06-06,100,gt90,,,false,true
4dec6551-be1a-4ba4-a85a-29d4fb083d03,,2026-06-06,100,gt90,,,false,true
5a3f0af3-47bd-4aba-9ebf-145294fe808f,,2026-06-06,100,gt90,,,false,true
64be3c70-c1a6-4200-8af9-259960d302cc,,2026-06-06,100,gt90,,,false,true
65accad1-9c10-413e-bcdd-1fa8f4c4a202,,2026-06-06,100,gt90,,,false,true
65bed724-7187-4ed8-bb03-2a8a35d9b34d,,2026-06-06,100,gt90,,,false,true
7ba4a4d1-bd65-4518-9db5-3527029c2e52,,2026-06-06,100,gt90,,,false,true
7de5d275-8545-48b5-b71b-12560c0b4df1,,2026-06-06,100,gt90,,,false,true
840433a8-a472-4cbf-8134-64a21fd43f46,,2026-06-06,100,gt90,,,false,true
8472c4d1-22de-4edb-8942-c4e06ed7c0fb,,2026-06-06,100,gt90,,,false,true
9ad92a36-6227-4a07-9691-581745ecae2b,,2026-06-06,100,gt90,,,false,true
a12792c6-c893-4c61-927f-a0d3161f5b6c,,2026-06-06,100,gt90,,,false,true
af9d4089-a773-42f0-8917-959c5eda1fd0,2026-06-06,2026-06-06,100,gt90,,,false,true
bb41235a-3004-4213-8880-aed3ac848bc7,,2026-06-06,100,gt90,,,false,true
ccc51eeb-46f9-45f9-af4c-9f2a31b804a3,,2026-06-06,100,gt90,,,false,true
d0f35ae4-8987-4b95-b23f-51c92777602a,,2026-06-06,100,gt90,,,false,true
d8802d56-633b-4b43-a97b-146f582b36ca,,2026-06-06,100,gt90,,,false,true
dfb9fef5-6b35-49f1-a003-4639a656bf78,,2026-06-06,100,gt90,,,false,true
0365b4ad-4d82-4bc9-bad6-d611c62f7b8b,,2026-06-07,99,gt90,,,false,true
37021356-2059-4dac-9782-59ff6a0f7561,,2026-06-07,99,gt90,,,false,true
39b2ac46-ac36-4a8f-b601-fc206bac4c9f,,2026-06-07,99,gt90,,,false,true
507bf4ad-d993-4eaa-ba7d-46e59878ca77,,2026-06-07,99,gt90,,,false,true
57299ff3-4411-4ad4-96aa-06d86574e95b,,2026-06-07,99,gt90,,,false,true
841ce7b1-949e-4c57-84b3-dcf7de7b59c6,,2026-06-07,99,gt90,,,false,true
b2acc869-a9e3-4b5a-ab65-968380637ddb,2026-06-07,2026-06-07,99,gt90,,,false,true
c5a6c656-f7de-4582-858a-522b387081ca,2026-06-07,2026-06-07,99,gt90,,,false,true
eac09a95-ad78-46c0-861c-974fa98d1071,,2026-06-07,99,gt90,,,false,true
f0913dda-2bc4-4741-9bfa-0e38409fb71a,,2026-06-07,99,gt90,,,false,true
08fc600a-bfae-4214-861c-4ced33218dbd,2026-06-08,2026-06-08,98,gt90,,,false,true
0d38caa5-8c18-4403-9996-46f723faf06f,,2026-06-08,98,gt90,,,false,true
1f313057-1084-45bd-9eeb-d07514f99d59,2026-06-08,2026-06-08,98,gt90,,,false,true
1f973b15-3981-42ed-b897-10d6febccd18,,2026-06-08,98,gt90,,,false,true
225b6c02-7d48-4c56-81d5-7a6532d5b7fa,2026-06-08,2026-06-08,98,gt90,,,false,true
27bd463f-fd50-4bd5-86f6-1c326d5155f3,,2026-06-08,98,gt90,,,false,true
31692469-74e9-4aa8-b559-3c7e32b1919a,,2026-06-08,98,gt90,,,false,true
36083898-1cee-4f4a-9110-a8c1badd963d,2026-06-08,2026-06-08,98,gt90,,,false,true
3ab0ff51-b741-4329-8ca6-a22e47356451,,2026-06-08,98,gt90,,,false,true
3f087bd6-f617-44f6-aa6d-caab1e27113f,,2026-06-08,98,gt90,,,false,true
4bc2a378-d731-4420-adb5-95edcb9ddbcc,,2026-06-08,98,gt90,,,false,true
5ec7f530-45e4-45ef-a7ba-d760165f352b,2026-06-08,2026-06-08,98,gt90,,,false,true
6340b706-98c2-4a7c-9064-3157a7b91419,,2026-06-08,98,gt90,,,false,true
64e8a7a6-0115-45ff-a263-eb030346792d,,2026-06-08,98,gt90,,,false,true
70cbbc17-7dbd-4271-95fb-bb857a2759e9,,2026-06-08,98,gt90,,,false,true
86eb7108-78c7-4f6a-9dac-dc73f10188ea,,2026-06-08,98,gt90,,,false,true
872a714e-3764-48a2-ba0e-aae76e3a8cb8,,2026-06-08,98,gt90,,,false,true
908e4fa2-fd2b-4cdb-b046-8ba718cd2ac6,,2026-06-08,98,gt90,,,false,true
92a10db7-4db6-4388-9a5a-113f12029ad8,,2026-06-08,98,gt90,,,false,true
9e00861e-0863-4994-ab60-18a5432527d3,2026-06-08,2026-06-08,98,gt90,,,false,true
9e5d48b1-2d69-4640-ba3f-4c1a260dc116,,2026-06-08,98,gt90,,,false,true
a1d43042-e926-4ebd-a716-f687cd3d7376,,2026-06-08,98,gt90,,,false,true
b602f340-fbb1-4da0-b86e-bc1058d18f12,2026-06-08,2026-06-08,98,gt90,,,false,true
c211b78e-f84f-48e1-a746-de75cc202eb2,2026-06-08,2026-06-08,98,gt90,,,false,true
e3c74675-a81a-4a7e-9940-c2dff631055f,2026-06-08,2026-06-08,98,gt90,,,false,true
eddaa043-f2eb-48af-b6d1-adbc997fc293,,2026-06-08,98,gt90,,,false,true
059304e9-f839-4f69-98de-c200f145fb54,2026-06-09,2026-06-09,97,gt90,,,false,true
18863657-9a0f-4368-bc48-0e0dd43a805c,,2026-06-09,97,gt90,,,false,true
279d1016-bae4-461e-9887-62dfbaa976cc,,2026-06-09,97,gt90,,,false,true
33cabf7b-7900-4a27-9c12-fdfb483d2b9e,,2026-06-09,97,gt90,,,false,true
37ad63b1-3322-44f5-8788-bb6641ba3fd6,2026-06-09,2026-06-09,97,gt90,,,false,true
3cd09f8b-3636-42f0-9adc-252dbb4a2c8c,,2026-06-09,97,gt90,,,false,true
59d374ac-3eda-4ed9-b180-ac7b70f2448a,2026-06-09,2026-06-09,97,gt90,,,false,true
5a2ca672-1895-48c0-a906-7b796567a44d,,2026-06-09,97,gt90,,,false,true
5c1efd73-6ac7-4ec9-9297-305c2ee31ed2,,2026-06-09,97,gt90,,,false,true
5f9406bd-130b-49f5-88da-99a3b8f2709d,2026-06-09,2026-06-09,97,gt90,,,false,true
7ad14c9f-77bf-4457-a37b-e9988175f6a7,2026-06-09,2026-06-09,97,gt90,,,false,true
8abdb651-e5c2-4b1a-bb13-f867dde6f176,,2026-06-09,97,gt90,,,false,true
8f4fef58-dd07-4460-b7c7-0eb300631441,2026-06-09,2026-06-09,97,gt90,,,false,true
9033aeb8-6241-4920-ad3a-abb9a6a6e468,,2026-06-09,97,gt90,,,false,true
94246e2c-16f3-461b-abbb-a28737b5c824,2026-06-09,2026-06-09,97,gt90,,,false,true
96db190d-d685-4f11-9acc-5b2394bed2b5,2026-06-09,2026-06-09,97,gt90,,,false,true
c5a9b1b5-c4e2-4eb6-81ba-d90323ca917c,2026-06-09,2026-06-09,97,gt90,,,false,true
ed3b84c9-5e4a-427e-a72c-502736323111,2026-06-09,2026-06-09,97,gt90,,,false,true
edd89d0a-741e-4f00-8779-6f8f4d43dbef,,2026-06-09,97,gt90,,,false,true
ef3b4676-a5e8-490c-9740-51b9e02635ec,2026-06-09,2026-06-09,97,gt90,,,false,true
f9d854e4-8a2e-4c63-91f8-e95d01477b61,,2026-06-09,97,gt90,,,false,true
0dd67c95-87f9-4c3d-9e72-02413bc67e6c,,2026-06-10,96,gt90,,,false,true
46d91ad8-412a-4d61-bbac-58febafdd883,,2026-06-10,96,gt90,,,false,true
565846c8-d4ee-4bdd-9c88-81ce472f5eef,2026-06-10,2026-06-10,96,gt90,,,false,true
5977a57a-6495-4424-a069-d5482068d8a1,,2026-06-10,96,gt90,,,false,true
6e3f2612-60e2-429c-9939-190a14de6c7c,,2026-06-10,96,gt90,,,false,true
816bae3e-63a9-47df-8e48-b0b7ddb28e78,2026-06-10,2026-06-10,96,gt90,,,false,true
8fafe951-4d0f-495c-9685-61b3ca373238,2026-06-10,2026-06-10,96,gt90,,,false,true
a1171e52-773a-4928-82bb-d512a5ff590f,2026-06-10,2026-06-10,96,gt90,,,false,true
bee90213-3347-41b9-8b2b-e142a04b63db,,2026-06-10,96,gt90,,,false,true
d09ded15-cb34-48d0-8ba9-c8dbb4ba6d7e,,2026-06-10,96,gt90,,,false,true
d5817fc0-a7f1-46b5-8d5e-905bde7d39e8,2026-06-10,2026-06-10,96,gt90,,,false,true
d8961e00-9eb1-41c1-b6a9-e08492e004fe,,2026-06-10,96,gt90,,,false,true
ed94f0c3-079f-4110-bd98-5211c6f8a47f,2026-06-10,2026-06-10,96,gt90,,,false,true
cf983ee3-1b22-4965-9052-3a16cbdda903,2026-06-11,2026-06-11,95,gt90,,,false,true
11b63a34-9581-4f70-b34b-25b17c993851,,2026-06-12,94,gt90,,,false,true
1581df74-3023-4130-b2f1-9c4685a15843,,2026-06-12,94,gt90,,,false,true
1ac538f2-8d3a-4efe-8ddb-617c1c8580d4,2026-06-12,2026-06-12,94,gt90,,,false,true
1d228395-d96c-40d5-995c-f9d7e55a5612,2026-06-12,2026-06-12,94,gt90,,,false,true
20d02f3e-113a-47bc-9523-6aa96d127271,2026-06-12,2026-06-12,94,gt90,,,false,true
259bcc7d-0383-438a-95a4-746e43b39c41,2026-06-12,2026-06-12,94,gt90,,,false,true
2e31c0b9-a7ad-49ad-9597-5024e6706e82,2026-06-12,2026-06-12,94,gt90,,,false,true
3add69e5-5ba5-499e-8814-320d514fb45a,2026-06-12,2026-06-12,94,gt90,,,false,true
3de00251-6e18-4c03-90c8-d6048c3ddb83,,2026-06-12,94,gt90,,,false,true
52c19f5a-5c48-470e-8ce2-4cab1ce88177,2026-06-12,2026-06-12,94,gt90,,,false,true
5f3af2ba-6ab3-418b-bd33-fa88dab5eef0,2026-06-12,2026-06-12,94,gt90,,,false,true
72f7965c-8e9f-40e1-9815-a3b7b9e71565,2026-06-12,2026-06-12,94,gt90,,,false,true
93666e1f-ad9a-4efd-b5bb-9f976d5ab6d5,,2026-06-12,94,gt90,,,false,true
9aef4127-6cf9-4ea6-ac21-730101636098,,2026-06-12,94,gt90,,,false,true
9c01b2fb-031e-4415-9cf1-29332e85c473,2026-06-12,2026-06-12,94,gt90,,,false,true
a3d428a3-1ae4-427d-b1de-33b651b7a030,,2026-06-12,94,gt90,,,false,true
a6b6e87e-a8ae-4b25-aff6-8b8416618f2d,2026-06-12,2026-06-12,94,gt90,,,false,true
ae8339b1-bf7e-450a-972e-e0e73f2c665c,2026-06-12,2026-06-12,94,gt90,,,false,true
b8bcb9b3-7b42-43c3-a0a9-90a9819960ff,2026-06-12,2026-06-12,94,gt90,,,false,true
c9a15453-cdb3-46ca-a64d-fe8d3083090d,2026-06-12,2026-06-12,94,gt90,,,false,true
cb27761b-c0f4-4c29-a5da-41dfba951716,2026-06-12,2026-06-12,94,gt90,,,false,true
e5b57715-b973-47a2-b20e-5c72d3924dd4,,2026-06-12,94,gt90,,,false,true
e68d22dc-05f5-465e-8d94-bd7e584a652b,,2026-06-12,94,gt90,,,false,true
e7963964-88cd-4d52-b283-023c0785732d,,2026-06-12,94,gt90,,,false,true
ec581a10-1007-4b14-9a65-022499bae88a,,2026-06-12,94,gt90,,,false,true
ee2cf9eb-2f56-4be6-9e22-311ff6f64624,,2026-06-12,94,gt90,,,false,true
f2143e37-e981-4b24-b0f7-830c99546f62,2026-06-12,2026-06-12,94,gt90,,,false,true
f4da18fc-2cce-4637-a542-38d10ef284ba,2026-06-12,2026-06-12,94,gt90,,,false,true
04570194-c050-4995-9e0c-896b18b1bcc6,,2026-06-13,93,gt90,,,false,true
07550970-a570-408d-9c82-145852904f05,2026-06-13,2026-06-13,93,gt90,,,false,true
0cc55684-9747-4214-9d22-4c501ff239d0,2026-06-13,2026-06-13,93,gt90,,,false,true
14052e73-3ca6-45b2-bfd5-1a7f8cbb96a5,2026-06-13,2026-06-13,93,gt90,,,false,true
158b9995-515e-4cf3-8e6d-6f11fcc7f708,,2026-06-13,93,gt90,,,false,true
1693154a-4ff3-48b2-9a0c-fcb058c73551,2026-06-13,2026-06-13,93,gt90,,,false,true
17ee338b-8cfb-4b5f-b060-7001e61e2207,,2026-06-13,93,gt90,,,false,true
1d4a9ecd-a5ec-4da5-8955-ee1fb71ec8d5,,2026-06-13,93,gt90,,,false,true
2a18ab4f-e87a-44e2-926b-2efbe22b1109,2026-06-13,2026-06-13,93,gt90,,,false,true
3a2cf504-9a18-4c5f-ac90-52da05034efc,,2026-06-13,93,gt90,,,false,true
3d43560e-ad0c-4cfb-b8c1-2cbc90173bcf,2026-06-13,2026-06-13,93,gt90,,,false,true
3f64b8fa-2803-415d-81b1-b1d5c05a519b,,2026-06-13,93,gt90,,,false,true
4cdb2217-acc7-4cc9-990a-29ec300bfa5f,2026-06-13,2026-06-13,93,gt90,,,false,true
4eb90297-119f-47b6-a9e1-3d7f595a0b22,2026-06-13,2026-06-13,93,gt90,,,false,true
586cb52b-5446-4987-9629-2b216d866217,,2026-06-13,93,gt90,,,false,true
5c293642-dcc7-49ed-b6ce-1c3735c1649b,2026-06-13,2026-06-13,93,gt90,,,false,true
5ce3da6a-957f-445b-b198-c9bd3ce4d6e6,,2026-06-13,93,gt90,,,false,true
6abe22e1-671f-4d65-b0a8-96c3ca92eb05,,2026-06-13,93,gt90,,,false,true
6be8e265-c6dd-4ed8-b7c2-a816b473d170,,2026-06-13,93,gt90,2026-09-28,tiktok,true,true
6e03b5d1-3770-4df9-8e9d-21ce7a5f486b,2026-06-13,2026-06-13,93,gt90,,,false,true
7b858be1-f0e3-4e5a-b151-1985d6f75863,,2026-06-13,93,gt90,,,false,true
7cf0b59b-59e7-43a3-a99f-cff4731b23b5,,2026-06-13,93,gt90,,,false,true
7e575c2b-a67e-46e7-a407-6976c8156d87,2026-06-13,2026-06-13,93,gt90,,,false,true
8ffb84e3-d869-4ee0-8ebd-70f9b97057ae,2026-06-13,2026-06-13,93,gt90,,,false,true
c6f6eed2-a57b-40fe-8623-b2d1c2720f58,2026-06-13,2026-06-13,93,gt90,,,false,true
ccd2150d-966f-4502-a485-d3fe2a22b9e8,2026-06-13,2026-06-13,93,gt90,,,false,true
d760187f-2a2a-4b7f-843c-bcdbc121b241,,2026-06-13,93,gt90,,,false,true
d7978a65-1849-496b-8a6f-4e9ddc4a221b,2026-06-13,2026-06-13,93,gt90,,,false,true
e2e47932-045f-433d-af4f-e4ef6a21fda9,2026-06-13,2026-06-13,93,gt90,,,false,true
eb228150-bddc-41b1-afff-60e92cb78794,,2026-06-13,93,gt90,,,false,true
1369875c-0f6a-4d51-adb5-dd8d46ae00ce,,2026-06-14,92,gt90,,,false,true
37f58076-2e41-46ed-9c5b-9a2e3ab6424a,2026-06-14,2026-06-14,92,gt90,,,false,true
556d648d-fe4f-4315-8b1e-ad0f1b9d999c,2026-06-14,2026-06-14,92,gt90,,,false,true
580ec6fd-d61e-4671-abc7-eac7f38580f8,,2026-06-14,92,gt90,,,false,true
8b330e10-59ce-4e31-a07b-dce5c3d94a2c,,2026-06-14,92,gt90,,,false,true
91ebb8ef-2618-4b35-b0e6-115084f3229c,2026-06-14,2026-06-14,92,gt90,,,false,true
99279e9b-cb9b-40e5-8c38-ab5f580528c7,2026-06-14,2026-06-14,92,gt90,,,false,true
99f0c32c-fcf4-450a-bcf5-8761cfcfe6f3,,2026-06-14,92,gt90,,,false,true
a541f980-a7a2-46c5-bee5-782c9a727285,,2026-06-14,92,gt90,,,false,true
cceed6cb-39cd-487c-a633-056e5bc6a817,,2026-06-14,92,gt90,,,false,true
e25e18e9-c203-491d-85b7-41f9c881d4a5,2026-06-14,2026-06-14,92,gt90,,,false,true
f517870b-c037-411a-b17f-201b11835584,2026-06-14,2026-06-14,92,gt90,,,false,true
1bb86598-a6f6-4ce7-a0eb-292f4ee60764,2026-06-15,2026-06-15,91,gt90,,,false,true
31d5068f-9084-42e1-ad88-ae887d8b7163,,2026-06-15,91,gt90,,,false,true
4a98c628-386d-464d-98ac-2cca1e68801d,,2026-06-15,91,gt90,,,false,true
5cb2f22f-a51f-42df-8b9c-a92af35d5304,,2026-06-15,91,gt90,,,false,true
62e09e93-1441-4132-92ae-1f18deeaadb0,2026-06-15,2026-06-15,91,gt90,,,false,true
91d07b7e-f5d6-4113-ac94-343e2687df06,2026-06-15,2026-06-15,91,gt90,,,false,true
ad007393-5bdd-4b55-9d90-d53b31ee3f23,,2026-06-15,91,gt90,,,false,true
c33f0a69-7b59-4dd4-80fc-3920a3ad3d3e,2026-06-15,2026-06-15,91,gt90,,,false,true
c554b66e-cb64-41c5-91d4-f1b436a390cc,,2026-06-15,91,gt90,,,false,true
ecc099d8-b817-47ad-8804-7ea89cfc90fb,2026-06-15,2026-06-15,91,gt90,,,false,true
f8fc11e8-c04a-4034-bb93-3c49351a9f83,2026-06-15,2026-06-15,91,gt90,,,false,true
fb19ff0e-6862-4feb-8105-97ddeff94b13,,2026-06-15,91,gt90,,,false,true
1f6057a7-bbb8-403b-910b-e0c3b4118a78,2026-06-16,2026-06-16,90,gt90,,,false,false
469dfb2d-5ca4-42d7-a8a4-65060aeddc9a,2026-06-16,2026-06-16,90,gt90,,,false,false
52803b1a-ae3c-4747-bc9e-e9a8a2512c0f,2026-06-16,2026-06-16,90,gt90,,,false,false
94ea8d75-96d9-4ab4-9eb0-a0bca34cacd7,,2026-06-16,90,gt90,,,false,false
96f3ddd1-4fe3-4e94-884e-54578c2cb375,,2026-06-16,90,gt90,,,false,false
f8f68b9d-ea82-4529-bfba-7b919a6cd07c,,2026-06-16,90,gt90,,,false,false
15d5a585-25a7-4aa9-b80f-c6a6492c15f4,,2026-06-18,88,le90,,,false,false
1d0dc3b2-5075-425d-8bae-13018018106d,,2026-06-18,88,le90,,,false,false
31ef8912-aae1-47b7-873e-8ca332333c83,,2026-06-18,88,le90,,,false,false
4dfac7db-ffc4-4109-8797-de89c2a5fbe6,,2026-06-18,88,le90,,,false,false
52564d60-a1a7-4427-b119-a73142bdc495,2026-06-18,2026-06-18,88,le90,,,false,false
583776d6-929b-44c8-817f-e291b4ead9e5,,2026-06-18,88,le90,,,false,false
6f28452c-223f-4cd3-a078-4cb753b84294,2026-06-18,2026-06-18,88,le90,,,false,false
7d62582c-7c14-427d-a8e2-91e42c2bb3a0,2026-06-18,2026-06-18,88,le90,,,false,false
94c3f7a3-39f8-45f2-a1ae-ca4ae5959d83,,2026-06-18,88,le90,2026-09-15,tiktok,true,false
acf1ac16-b547-4035-87b4-acc8004e72f9,2026-06-18,2026-06-18,88,le90,,,false,false
b276ad78-4775-47c4-a6c5-a46ad49c356c,2026-06-18,2026-06-18,88,le90,,,false,false
e5338d89-f6ac-4382-9cb9-583782b288a9,,2026-06-18,88,le90,,,false,false
f10ede06-2cc7-4a24-aabe-91107a488609,2026-06-18,2026-06-18,88,le90,,,false,false
5cfb4bb5-9daf-4b14-8c05-1b5112a0034e,2026-06-19,2026-06-19,87,le90,,,false,false
69012b17-3f4e-44b5-99e0-27ac896bea85,2026-06-19,2026-06-19,87,le90,,,false,false
3f6e93ad-2898-474b-ab70-f8cd1f915558,,2026-06-20,86,le90,2026-10-02,tiktok,false,false
7b5f1fa3-5603-4f3f-8cdb-bd59c7823861,2026-06-20,2026-06-20,86,le90,,,false,false
a7882495-2091-4bab-ba4e-51e773eacc79,,2026-06-20,86,le90,,,false,false
abcffb3e-9a16-4706-afbb-ca336f3d0f72,,2026-06-20,86,le90,,,false,false
c9523d3b-bdf2-4a3c-b3ac-d4c5bc82b03d,,2026-06-20,86,le90,,,false,false
21c4bd59-56cb-4964-975e-7dc89c38fc30,,2026-06-21,85,le90,,,false,false
81ef9088-187e-4546-8aa6-141423677130,2026-06-21,2026-06-21,85,le90,,,false,false
04c5803b-5fe7-4d3b-b8dc-77cfa966135f,,2026-06-22,84,le90,,,false,false
169eed53-efcf-4368-a886-9449c04e7e60,,2026-06-22,84,le90,,,false,false
2851bde3-8593-4874-9283-a10a40fe105d,2026-06-22,2026-06-22,84,le90,,,false,false
309af0ed-7843-4f7a-a79d-9b1ce721b049,,2026-06-22,84,le90,,,false,false
35a27a2c-fd6e-466b-852b-b7380b1d773f,,2026-06-22,84,le90,,,false,false
415d94ee-9141-461a-85f7-2ef79e9ff3fa,,2026-06-22,84,le90,,,false,false
6e6ec6b5-d847-47af-b97d-932ad5fef856,2026-06-22,2026-06-22,84,le90,,,false,false
6efe700a-d049-48ff-9db5-bc08d32ec37c,,2026-06-22,84,le90,2026-09-16,tiktok,true,false
867d8214-1581-403a-9cc9-aa79ff3dff00,,2026-06-22,84,le90,,,false,false
8a858023-3e97-49f9-997f-d60d016af3c5,2026-06-22,2026-06-22,84,le90,,,false,false
8c5b93bd-c993-4171-8713-1102f887ba56,,2026-06-22,84,le90,,,false,false
980511c6-e710-4014-8445-7468128ceaaf,,2026-06-22,84,le90,,,false,false
b5d771f3-beca-4ae7-b2ac-e142c3c0bef4,,2026-06-22,84,le90,,,false,false
b92e623f-2fe0-4b29-8f27-cf79cfed1b28,,2026-06-22,84,le90,,,false,false
c88a6859-c013-4d94-b93c-b904e3e1021d,2026-06-22,2026-06-22,84,le90,,,false,false
dc77f666-a8e8-4261-a7a9-4d00d8e3f765,,2026-06-22,84,le90,,,false,false
2fedfe64-7d82-47aa-bf63-7838250ed3db,2026-06-23,2026-06-23,83,le90,,,false,false
35245fcc-3a44-49bf-b944-d5ad2a5215cc,,2026-06-23,83,le90,,,false,false
4e31210e-34a6-4af1-92f9-87d5489d2726,2026-06-23,2026-06-23,83,le90,,,false,false
528f46d5-1aa4-47c8-80d7-e1f1e82de846,2026-06-23,2026-06-23,83,le90,,,false,false
71f5f66a-410e-47c1-9fda-51ff48cf7984,2026-06-23,2026-06-23,83,le90,,,false,false
7d9240c6-2616-42e3-a9ce-9c13ad27c60a,,2026-06-23,83,le90,,,false,false
c58fc49a-1f88-40b6-8fa2-7de797402a30,,2026-06-23,83,le90,,,false,false
ce574c53-c8d4-4a8d-a522-9370687e3bbc,,2026-06-23,83,le90,,,false,false
2897425f-3fbf-4541-a315-8e97fcc832ea,2026-06-24,2026-06-24,82,le90,2026-10-01,line_oa,false,false
4e0a9322-e3d7-4547-828a-01a7fbfb409a,2026-06-24,2026-06-24,82,le90,,,false,false
53ee9193-19b3-4ab5-9783-493b4330e22c,2026-06-24,2026-06-24,82,le90,,,false,false
5bb56bd1-648a-4607-989f-aed691d478b3,,2026-06-24,82,le90,,,false,false
60c060ca-39a4-4479-869c-a95dca63f27f,2026-06-24,2026-06-24,82,le90,,,false,false
6b5f4603-4f0b-4d4b-b039-ac40e6a96a6e,2026-06-24,2026-06-24,82,le90,,,false,false
6b8ecc15-0005-49cf-87f0-4dee68c8f730,2026-06-24,2026-06-24,82,le90,,,false,false
7dd11e11-7038-476c-b33d-e81468f3dfea,,2026-06-24,82,le90,,,false,false
9bcecc36-e114-414c-bd04-2c5c0bd6cdfd,,2026-06-24,82,le90,,,false,false
9e0ce892-6d69-4fc4-adf0-f665801c0628,,2026-06-24,82,le90,,,false,false
4795d9dc-6432-4c57-ba60-c6ce92e76800,2026-06-25,2026-06-25,81,le90,,,false,false
9545c5ed-e464-431f-bd3a-55c004d92723,,2026-06-25,81,le90,,,false,false
d1c2076c-b778-4480-99c1-06993b7a54cf,,2026-06-25,81,le90,,,false,false
e73755fe-4ee2-4c2a-8d77-fe3ef64fbfe8,2026-06-25,2026-06-25,81,le90,,,false,false
627d2de8-a5bc-495a-b3be-11b2e6d14b3e,,2026-06-26,80,le90,,,false,false
76c8598b-e388-4b17-91c6-5f6f5d423383,2026-06-26,2026-06-26,80,le90,,,false,false
7fdb2786-9629-4847-8f25-6de34e195b76,2026-06-26,2026-06-26,80,le90,,,false,false
cdaa33ec-c551-4bdb-a715-336283392b90,2026-06-26,2026-06-26,80,le90,,,false,false
e7041778-1ecb-444a-81ad-68e1f4a54e98,,2026-06-26,80,le90,,,false,false
065dcd29-e6a8-449e-8652-a2ddf467e38f,,2026-06-27,79,le90,,,false,false
1de40e6a-41d9-40fc-9129-fd3326e9fb7b,,2026-06-27,79,le90,,,false,false
2610faba-7d7c-4ee6-9469-b8fe6ecd320e,,2026-06-27,79,le90,,,false,false
6704c891-2a7a-48b9-87e3-dc2396d23f4b,,2026-06-27,79,le90,,,false,false
9db07f67-6e75-41a0-ba8c-e8234790bd44,2026-06-27,2026-06-27,79,le90,,,false,false
a6400e06-93ae-421a-953c-28300da28f64,,2026-06-27,79,le90,,,false,false
b3ad978e-04f2-4fde-97c1-9d72e9f5ec84,,2026-06-27,79,le90,,,false,false
f12eee87-b87c-4770-b45f-49a1bbcfd6d7,,2026-06-27,79,le90,,,false,false
6a710072-a934-4455-ba4a-6b02fbe1686b,,2026-06-28,78,le90,,,false,false
f880b917-c2dd-49f6-ac30-c131258c8d51,,2026-06-28,78,le90,,,false,false
3abb2f61-196e-4730-9105-99011fda5669,,2026-06-29,77,le90,,,false,false
3b30fbc5-16f5-44d0-a722-8c0c1a8f1ba0,,2026-06-29,77,le90,,,false,false
4e3aef30-6f79-4269-b8fb-eaef311e0854,,2026-06-29,77,le90,,,false,false
514e95dc-bf32-4324-b094-eb473eea3ec5,,2026-06-29,77,le90,,,false,false
53f097c1-497b-431c-96cb-292294e1a47b,2026-06-29,2026-06-29,77,le90,,,false,false
8c87e315-c1f2-4def-b3b0-bd924d0630f6,,2026-06-29,77,le90,,,false,false
b4f179cb-1a2f-4acf-a961-2e2e2c44d4ad,,2026-06-29,77,le90,,,false,false
b5f7ad0b-10fd-4888-8fcc-eab156c0567e,,2026-06-29,77,le90,,,false,false
b98422d2-5eec-4817-9408-af1c58cb8ad6,,2026-06-29,77,le90,,,false,false
bf2a3e79-098f-4c36-bb11-875ac27650dc,,2026-06-29,77,le90,,,false,false
c44d3088-1817-44e9-8f01-19fa568ef7bb,,2026-06-29,77,le90,,,false,false
cf57f86f-f337-4597-8601-a19d91e452ae,,2026-06-29,77,le90,,,false,false
e0e58764-f535-454c-8fb6-4dc038968200,,2026-06-29,77,le90,,,false,false
eb1e8999-aed8-4b4c-a9ed-60b7010a2f8b,,2026-06-29,77,le90,,,false,false
186b0863-20c5-43a6-b58b-9cd73b8d5ef9,,2026-06-30,76,le90,,,false,false
19ada4fb-e340-476d-bdc0-4b7a5b03eac7,,2026-06-30,76,le90,,,false,false
4685b076-d674-4a0f-85d2-5326eedb65f8,,2026-06-30,76,le90,,,false,false
59f5fc0f-c174-416e-8f49-eedf81d2b0fe,,2026-06-30,76,le90,,,false,false
720b2177-4a5c-484f-a790-d3909c176c82,,2026-06-30,76,le90,,,false,false
74b7315a-d425-4133-86e8-ff3bb401db35,,2026-06-30,76,le90,2026-09-29,tiktok,false,false
3921770c-892a-48d7-8ecd-42500bb8d3f8,2026-07-01,2026-07-01,75,le90,,,false,false
3e909e3c-366c-471b-84c7-bd86db6952f6,2026-07-01,2026-07-01,75,le90,,,false,false
61690761-4148-4ba6-902d-99091e4756b8,,2026-07-01,75,le90,,,false,false
7bae9bc1-e08d-4abd-8ca9-51087e986da9,,2026-07-01,75,le90,,,false,false
7c0a2319-6a6f-419e-9f8f-2a399627c5db,,2026-07-01,75,le90,,,false,false
af822baa-ff8d-4238-b38d-343d9f552838,2026-07-01,2026-07-01,75,le90,,,false,false
c19df1e9-9e37-4cc2-8b6d-c2ac15fc6e0b,2026-07-01,2026-07-01,75,le90,,,false,false
cdc26092-f9da-408a-9f58-5478e81abca5,2026-07-01,2026-07-01,75,le90,,,false,false
d0210e9e-3534-4bc9-af5f-6b25d333fffc,,2026-07-01,75,le90,,,false,false
f3f50a1a-f551-4ffb-ad3f-a07b011c9e87,2026-07-01,2026-07-01,75,le90,,,false,false
32947de6-4564-47cc-9389-fd529deb4319,,2026-07-02,74,le90,,,false,false
6dc1cd02-a882-4831-8a5d-3d99b774b2f5,,2026-07-02,74,le90,,,false,false
97b621f9-5b3f-4afb-a738-4ae4fb848c37,2026-07-02,2026-07-02,74,le90,,,false,false
c6605888-0c80-4f28-bd2d-901a4f97ae89,2026-07-02,2026-07-02,74,le90,,,false,false
ed3238aa-0a90-46b7-9866-075434e00879,,2026-07-02,74,le90,,,false,false
eeb30082-7244-4e53-90a8-ba8b5375ddc7,2026-07-02,2026-07-02,74,le90,,,false,false
f7e1e5bf-145e-4122-87d8-d81fbde682a5,,2026-07-02,74,le90,,,false,false
ff282e4f-45df-426c-8827-7927e8c092a6,,2026-07-02,74,le90,,,false,false
0c7a0b3e-0447-476f-b651-ff30ee43a8a9,2026-07-03,2026-07-03,73,le90,,,false,false
0db022ff-645c-441c-9a29-0137b3435a9a,2026-07-03,2026-07-03,73,le90,,,false,false
2ed1492d-9954-46e1-ac93-eb6ce2a90868,,2026-07-03,73,le90,,,false,false
34c97a07-e41e-47e0-94a2-e7be51e813a0,,2026-07-03,73,le90,,,false,false
4babcb0f-37e2-4797-b119-38469e885d3b,2026-07-03,2026-07-03,73,le90,,,false,false
616bcf26-6ad4-43a6-bb3e-43e85a836a3a,,2026-07-03,73,le90,,,false,false
7015c7c0-9418-49cb-91b5-89e156b7f2b1,,2026-07-03,73,le90,,,false,false
75694525-4355-4df2-b32a-38e0bf5830b4,2026-07-03,2026-07-03,73,le90,,,false,false
7f17038a-39a8-4d91-a16c-0b738f154227,,2026-07-03,73,le90,,,false,false
a138ca27-d7c5-43cd-848f-75fe5a903fef,,2026-07-03,73,le90,,,false,false
a36c523e-be7c-4da1-a312-2b578786a9c1,,2026-07-03,73,le90,,,false,false
c848c5f0-5dde-47e7-8a15-c278ab329584,2026-07-03,2026-07-03,73,le90,,,false,false
c8839d71-cc87-49bd-b561-d5fbb4352c3b,,2026-07-03,73,le90,,,false,false
d324a74e-6f3d-432e-adaf-f9b999c06a5c,,2026-07-03,73,le90,,,false,false
12f07578-af4e-4710-880f-7130d3ae2044,2026-07-04,2026-07-04,72,le90,,,false,false
18a64ee6-0092-41b5-839d-9bfcb55daf69,,2026-07-04,72,le90,,,false,false
198f315e-2ea6-4b54-9308-ca16ce802148,,2026-07-04,72,le90,,,false,false
2569400b-975b-42b8-841f-12a9719b9b2c,,2026-07-04,72,le90,,,false,false
51e53323-93a0-44d3-9216-b30e25cd4de0,,2026-07-04,72,le90,,,false,false
68080abb-0126-4942-9802-e315dbb37eea,,2026-07-04,72,le90,,,false,false
867cd378-2aed-4a6f-a397-13d1672c2ab3,2026-07-04,2026-07-04,72,le90,,,false,false
8f9dd029-f387-4285-97e5-634bd4b240dd,,2026-07-04,72,le90,,,false,false
a4d45cd7-c070-4a74-a8fd-103657194c26,,2026-07-04,72,le90,,,false,false
ab2e0286-b2fd-46e0-b1d8-e3ac46cf94ba,,2026-07-04,72,le90,,,false,false
c54dfca5-3427-4c2c-84a5-88f6db6a6855,,2026-07-04,72,le90,,,false,false
c6befaeb-4438-4a89-b340-f5267a3607b0,,2026-07-04,72,le90,,,false,false
f34853bb-eba9-4c59-8c56-f42be2279c0e,,2026-07-04,72,le90,,,false,false
0ef73b2a-bee6-4105-84ff-09ee44bcc4ff,2026-07-05,2026-07-05,71,le90,,,false,false
4fb410c6-2f9d-496c-9582-ee0b808bacdb,,2026-07-06,70,le90,,,false,false
53f1a90f-5ca4-4599-a122-24b7ae48f384,,2026-07-06,70,le90,2026-09-18,tiktok,true,false
a48b7ac4-6f7a-4346-8e26-9a6159ee7239,,2026-07-06,70,le90,,,false,false
b649346f-8462-4b71-96f3-d8999009e7f2,,2026-07-06,70,le90,,,false,false
ca6bf11c-a8c1-4df2-9bc4-1d7e4055ebdd,2026-07-06,2026-07-06,70,le90,,,false,false
1e9b47b0-3243-4819-aa09-9c0ebbda5a14,2026-07-07,2026-07-07,69,le90,,,false,false
e49bdbf6-be2d-4eb7-b5e5-e5b9fac212f8,,2026-07-07,69,le90,,,false,false
fdcba4a7-8dd8-4d2c-b498-9f3f968f06a0,2026-07-07,2026-07-07,69,le90,,,false,false
05de4271-7f7b-45bc-9cf5-68a3488091a3,,2026-07-08,68,le90,,,false,false
2f304b3a-285e-42a6-95af-5919972266ff,,2026-07-08,68,le90,,,false,false
499ea3f9-235f-4a5f-9aed-68e330e00d60,,2026-07-08,68,le90,,,false,false
6613578a-0046-42c2-bed9-1c57ea24146e,,2026-07-08,68,le90,,,false,false
7ae4ce7b-e199-4c56-b901-31245453bec1,,2026-07-08,68,le90,,,false,false
82a7ea66-d7bb-4a19-a787-ba056b35d79b,,2026-07-08,68,le90,,,false,false
aeefeec3-b6c2-416d-aa91-d8950dd8fd5c,,2026-07-08,68,le90,,,false,false
ca38b4d8-b327-4e63-b472-0fcd0524feb3,,2026-07-08,68,le90,,,false,false
d32a34cf-25b3-4551-84ea-1c4d9c33285d,,2026-07-08,68,le90,,,false,false
0efadc96-d4fa-4489-83d7-0fd186f81abf,,2026-07-09,67,le90,,,false,false
42ff8ecf-1cf6-44db-ac5c-740121a07635,,2026-07-09,67,le90,,,false,false
7b7d05cd-727f-48d4-bbdb-4944fb800ced,,2026-07-09,67,le90,,,false,false
c009a886-22b9-4dc6-af0a-cc5e60ea83f3,,2026-07-09,67,le90,,,false,false
c095d18b-a8b4-4867-8cb5-8c378630bc55,,2026-07-09,67,le90,,,false,false
d3dcbb30-eb77-4e72-8b47-efb3b1230086,,2026-07-09,67,le90,,,false,false
d513e205-e04c-414a-ad53-654a3c62f723,,2026-07-09,67,le90,,,false,false
e8ff0aad-8135-42ad-a9f3-ab28a2d46232,,2026-07-09,67,le90,,,false,false
e997c1b7-0a64-4318-b6e8-bfbc1a6fed7b,,2026-07-09,67,le90,,,false,false
f18dfc9a-fe45-4a0b-aaa4-f2314af09583,2026-07-09,2026-07-09,67,le90,,,false,false
00234205-9aed-4d43-82e0-20f7b5c5fc7f,,2026-07-10,66,le90,,,false,false
08aaee5f-4954-408c-b177-e43207f95199,,2026-07-10,66,le90,,,false,false
286220ad-5f48-40b8-9f19-98bc88062b18,,2026-07-10,66,le90,,,false,false
3276a2bd-7a0f-4368-9668-f1e0a2de888b,,2026-07-10,66,le90,,,false,false
9eabc06d-0f2e-4563-82b6-ce980fcf71df,,2026-07-10,66,le90,,,false,false
cc883fae-8eff-4a3d-add2-f6673a1bab44,,2026-07-10,66,le90,,,false,false
0a794167-8823-4086-b343-b8e7ca2a2e89,2026-07-11,2026-07-11,65,le90,,,false,false
25ac1adc-601f-4a3f-82b1-3264e8be5ec3,2026-07-11,2026-07-11,65,le90,,,false,false
684db206-8d62-4eb7-b17c-27f8ac5fb7c2,2026-07-11,2026-07-11,65,le90,,,false,false
6dabbaa8-4789-40ab-9986-a0eb9ab7c755,2026-07-11,2026-07-11,65,le90,,,false,false
bce21c76-67b7-487c-b371-9f7e2924dc69,2026-07-11,2026-07-11,65,le90,,,false,false
d043000d-2cb5-4b24-b143-33fd8c8ee3c0,2026-07-11,2026-07-11,65,le90,,,false,false
30f55bc5-a917-4fec-9494-4077f56436dd,2026-07-12,2026-07-12,64,le90,,,false,false
42fb0dbb-4bdd-4ce5-908a-41938e7e3bec,,2026-07-12,64,le90,,,false,false
67dcf206-14b5-4110-9b01-22862436b10d,,2026-07-12,64,le90,,,false,false
698d4e0b-a5af-454d-b6ca-0b28fd7a4e26,,2026-07-12,64,le90,,,false,false
6e736ba6-db89-418d-96d6-6f549f8f3251,,2026-07-12,64,le90,,,false,false
73a3d8a6-39be-4717-a1cd-d2460c4d7cdc,,2026-07-12,64,le90,,,false,false
a630cd9c-950e-45f5-a1a2-dc90c670356e,2026-07-12,2026-07-12,64,le90,,,false,false
df0debc6-5c1e-4420-9ab4-77dbd66461bb,,2026-07-12,64,le90,,,false,false
fc46380e-e6ad-41cc-9fe8-67bc76e9a967,,2026-07-12,64,le90,,,false,false
19d89521-e59e-4caf-9ea9-60c81ce71d4f,,2026-07-13,63,le90,,,false,false
40b31104-e62b-4306-9319-e8f0b3da0e72,,2026-07-13,63,le90,,,false,false
4b2657df-8225-4635-aa97-6af78039093e,,2026-07-13,63,le90,,,false,false
81a8a34d-eaa3-4672-a689-8efe4d72e35d,2026-07-13,2026-07-13,63,le90,,,false,false
89629bac-cec2-49f3-8d80-b23b20d76103,,2026-07-13,63,le90,,,false,false
8b39c021-41af-4da0-ad08-ebd314d31b51,2026-07-13,2026-07-13,63,le90,,,false,false
bce20b00-4f95-4fba-9a0e-53a30977fda4,,2026-07-13,63,le90,,,false,false
c8d5ea58-1a70-4526-8b0d-c293c8655f9f,,2026-07-13,63,le90,,,false,false
ca9ebdec-ab72-426e-8544-fb423b1139e7,,2026-07-13,63,le90,,,false,false
0b950f84-dfb0-4944-af73-62539801c19d,2026-07-14,2026-07-14,62,le90,,,false,false
104325b9-9d1a-4852-9c9b-e6231b9c41f5,,2026-07-14,62,le90,,,false,false
22d0cbc8-449f-411f-9402-d238c5359395,2026-07-14,2026-07-14,62,le90,,,false,false
8349a7c0-bdec-4ab3-936b-ed1affb82237,2026-07-14,2026-07-14,62,le90,,,false,false
83fe426b-8571-4f44-8267-58fa5cf644a9,2026-07-14,2026-07-14,62,le90,,,false,false
abdbbbb0-5236-4538-bf7a-6888bf766323,2026-07-14,2026-07-14,62,le90,,,false,false
f091f06a-529a-4b17-ac62-323d990a6c53,2026-07-14,2026-07-14,62,le90,,,false,false
324e8790-57b2-4610-ba58-6e0650ce663d,,2026-07-15,61,le90,,,false,false
5e4e25f2-9b0a-4559-8c61-bfc6fbfab959,,2026-07-15,61,le90,,,false,false
6a9a85f2-88c8-4e24-9877-a01244a6d334,2026-07-15,2026-07-15,61,le90,,,false,false
3b223b1c-7832-4dd3-b7fe-e47eb4e26cf6,,2026-07-16,60,le90,,,false,false
6adb7ab1-66bd-462d-b8dc-9ff0027dc8e1,,2026-07-16,60,le90,,,false,false
8af32699-6533-4c5e-9a0a-c9da9f56938f,2026-07-16,2026-07-16,60,le90,,,false,false
9ba6bc22-18c9-4061-b994-47ef71c58de4,,2026-07-16,60,le90,,,false,false
c879e637-072e-4183-a978-d5556bf9d9d0,2026-07-16,2026-07-16,60,le90,,,false,false
f08deaea-bd06-4006-83b3-aa71e9cdf1fb,2026-07-16,2026-07-16,60,le90,,,false,false
26322aee-c7dd-439e-8a61-2fc9fc94ba31,,2026-07-17,59,le90,,,false,false
79969750-741b-47e6-8f12-0d02e4eb337f,,2026-07-17,59,le90,,,false,false
a75e8e4d-b9be-4cd5-ba05-7fbccfd1054e,2026-07-17,2026-07-17,59,le90,,,false,false
194ff6f9-db79-422e-9717-fd9256612192,2026-07-18,2026-07-18,58,le90,,,false,false
59066a0f-1358-420b-a5b2-09c2dde7ecd6,,2026-07-18,58,le90,,,false,false
690737d6-bb97-4b2c-a4e8-6ed47c086b93,2026-07-18,2026-07-18,58,le90,,,false,false
c6f128f7-2392-409a-bb77-e7bf6a0400a4,2026-07-18,2026-07-18,58,le90,,,false,false
5327ddc8-0a2b-4cb5-a6c6-3d27046807cc,,2026-07-19,57,le90,,,false,false
d92f31f8-5f7d-44e4-9ef0-52f2a372340d,,2026-07-19,57,le90,,,false,false
22e2b905-23aa-461a-b04e-5d7f8bb7ec39,,2026-07-20,56,le90,,,false,false
4c6c7e6a-a4ac-40bd-b65e-c21fbbd138cc,,2026-07-20,56,le90,,,false,false
5905e0fe-379e-4d03-9009-f4dc97e1f716,2026-07-21,2026-07-21,55,le90,,,false,false
b33bb4b7-1fde-4caf-9d53-b4bc4a02cfc5,2026-07-21,2026-07-21,55,le90,,,false,false
c457234c-6bcd-4162-b825-462c427cc58a,,2026-07-21,55,le90,,,false,false
cfa40305-57f5-4315-b201-8de80d1f3212,,2026-07-21,55,le90,,,false,false
f64e68ed-3d18-450c-8f5b-75ce6db36faa,,2026-07-21,55,le90,,,false,false
c132d54e-e4d6-41b7-bfbc-409de021b4f8,2026-07-22,2026-07-22,54,le90,,,false,false
31e84a78-f7aa-4927-82b7-1d89126cbc10,,2026-07-23,53,le90,,,false,false
50939c15-3b3b-4847-b297-b04ce07326ba,,2026-07-23,53,le90,,,false,false
72be1eac-3e46-4324-9abf-9c39930516a1,,2026-07-23,53,le90,,,false,false
74f93195-ce4d-4f4f-9665-e793bf347abe,2026-07-23,2026-07-23,53,le90,,,false,false
e7fd3ee5-e56b-4e6e-b5e6-8c53214d12b7,,2026-07-23,53,le90,,,false,false
0933c284-54bc-4582-88f9-3bb84b93c2fe,,2026-07-24,52,le90,,,false,false
13da2c9a-f4fe-46f0-a954-33cce9b9698f,,2026-07-24,52,le90,,,false,false
b6a45d74-ce7a-432b-80ec-fcb53b3b50c6,,2026-07-24,52,le90,,,false,false
d8050770-e38d-4d50-ab79-0d0895d99138,2026-07-24,2026-07-24,52,le90,,,false,false
ec4eb5f5-0a42-4e40-ab9b-822ff9da2e9b,,2026-07-24,52,le90,,,false,false
fba060be-b8c5-433f-a082-a5dd25e6c8e1,,2026-07-24,52,le90,,,false,false
48a358ba-cbed-43c9-b9eb-fa045aa8d72a,,2026-07-25,51,le90,,,false,false
a9b1b5b2-b9e0-48a0-84a4-e1c1f260d96e,,2026-07-25,51,le90,,,false,false
b88ae9b0-2c00-4c6d-8255-0e809d9692cf,,2026-07-25,51,le90,,,false,false
c2eba968-0547-40de-9bfe-0c4c2e15284d,,2026-07-25,51,le90,,,false,false
dccabdbb-1c92-4250-9014-6c99a91d6c94,,2026-07-25,51,le90,,,false,false
dd40d15b-ada4-45ff-94ef-1c83e93d4f70,,2026-07-25,51,le90,,,false,false
de1401a0-84fc-48c3-ad99-d6b0ae2b2848,,2026-07-25,51,le90,,,false,false
f8b111c1-b91b-4506-8f47-fcb647064b99,,2026-07-25,51,le90,,,false,false
0b87ee97-cbce-4b58-8341-b30c51be6e64,,2026-07-26,50,le90,,,false,false
4284350f-f129-428e-967c-ff9fc605c54c,,2026-07-26,50,le90,,,false,false
4b3bb0d5-346f-46bc-80bb-97b0fa5646c4,,2026-07-27,49,le90,,,false,false
63ade71c-0e80-4ec3-b33f-4dcd2e985ef7,,2026-07-27,49,le90,,,false,false
8104ccff-9362-49cc-9e49-0a8abbd20a51,,2026-07-27,49,le90,,,false,false
878c77c2-f8d0-4413-bfd7-ee01a9548f4c,,2026-07-27,49,le90,,,false,false
927b3f9f-d71b-468f-a0d3-ac1410217fa9,,2026-07-27,49,le90,,,false,false
94d5447e-0030-4775-98f3-bed4687be97b,2026-07-27,2026-07-27,49,le90,,,false,false
96a4c303-c412-4d89-aa1d-29c35f5acc56,,2026-07-27,49,le90,,,false,false
a93a0fa5-5731-45bd-80e9-338e7259decc,,2026-07-27,49,le90,,,false,false
ab040ca2-87d9-4eea-a176-aafbf6680af5,,2026-07-27,49,le90,,,false,false
d5606dee-6d4e-4773-b45c-c2b3207a4c00,,2026-07-27,49,le90,,,false,false
00e38412-3072-4610-b590-e258e354a7ea,,2026-07-28,48,le90,,,false,false
0926698d-edd1-414a-a8b1-cdaa6fe746db,,2026-07-28,48,le90,,,false,false
3a863654-4592-4510-af1f-8c67c9308c02,,2026-07-28,48,le90,,,false,false
4d1db984-8b35-4e87-9371-e2606830f1f3,2026-07-28,2026-07-28,48,le90,,,false,false
b445da25-c139-456a-910f-1ddd8cd48c7a,,2026-07-28,48,le90,,,false,false
d3910e04-a011-447a-957f-68168cb2e830,,2026-07-28,48,le90,,,false,false
ea26664f-06af-4fd6-a0d7-9f6798db78bc,,2026-07-28,48,le90,,,false,false
0351f488-c5ae-47bd-9d1e-faa78286d465,,2026-07-29,47,le90,,,false,false
48d4773a-3e2a-4509-881f-ae4763ee4d59,,2026-07-29,47,le90,,,false,false
4fc5af72-959c-406d-9c67-aecc8cb28c15,,2026-07-29,47,le90,,,false,false
8ed8d122-16bf-4600-b695-38a899c76c21,,2026-07-29,47,le90,,,false,false
0163f2b2-2c47-41c0-a568-62e34a363f45,,2026-07-30,46,le90,,,false,false
3309ad13-936e-4d48-a222-15a9d20b768f,,2026-07-30,46,le90,,,false,false
71b6e17e-6e2e-4660-9589-3be433b74c9f,,2026-07-30,46,le90,,,false,false
bad20408-fa22-4ec6-baf1-9cd210c505cf,,2026-07-30,46,le90,,,false,false
bd3c5cef-4ddc-4d50-9a26-d67b52b6d701,,2026-07-30,46,le90,,,false,false
d643fe34-254d-41a4-a355-1e1b8770ac65,,2026-07-30,46,le90,,,false,false
dbb25024-50ea-412d-8b4b-d490200fdb1b,,2026-07-30,46,le90,,,false,false
d71d1667-4a1b-46a6-b1a3-335c6aaa707e,,2026-07-31,45,le90,,,false,false
fe48040a-8dd1-4433-a939-6bfd18f15845,,2026-07-31,45,le90,,,false,false
b06bdb78-3b1d-4956-89d7-d19aaa8c5aac,,2026-08-01,44,le90,,,false,false
3f42c169-6301-4c8f-932e-74a3bbde54ba,,2026-08-02,43,le90,,,false,false
4069f3c9-227d-4c29-9b27-4a30c0af884a,,2026-08-02,43,le90,,,false,false
8df2f4ad-39e0-4767-a133-2c0b0a2b87da,,2026-08-02,43,le90,,,false,false
91438888-7611-4af0-a730-2e41b555ffa7,,2026-08-02,43,le90,,,false,false
b12e8cb6-5690-4d32-8262-979ec9725506,,2026-08-02,43,le90,,,false,false
daa63089-a64a-4822-8704-375f28f9f39e,,2026-08-02,43,le90,,,false,false
e298c719-370a-4ec4-9b8f-9edfa1e8aaf5,2026-08-02,2026-08-02,43,le90,,,false,false
ead3a333-9879-4192-8f5f-4e74040cff15,2026-08-02,2026-08-02,43,le90,,,false,false
ff8fd0c7-ce5f-4b4f-a56a-394da586e0f8,,2026-08-02,43,le90,,,false,false
38431a5c-e0f3-489d-904d-b5730f219062,,2026-08-03,42,le90,,,false,false
4bbab2f0-2870-488c-a534-c12508fa517d,,2026-08-03,42,le90,,,false,false
856f0f5e-b35b-4f0d-8221-25768e3e2d85,,2026-08-03,42,le90,,,false,false
8fbdef4c-c0a1-4e5f-9535-8602a26c681f,,2026-08-03,42,le90,,,false,false
918a6ab7-b4af-4c34-9c75-f27869908cca,2026-08-03,2026-08-03,42,le90,,,false,false
e1685d7f-49aa-40fc-bb7a-25272e02ed35,2026-08-03,2026-08-03,42,le90,,,false,false
e95cb78a-46ae-4d0d-b171-838c2a1228c4,2026-08-03,2026-08-03,42,le90,,,false,false
1787d503-1e40-4178-958b-76c72378ea08,,2026-08-04,41,le90,,,false,false
1d9b06fa-8d6f-43df-bd26-a40b0f0a165c,,2026-08-04,41,le90,,,false,false
2ebc936e-5c22-473a-a163-cd8fa8331254,,2026-08-04,41,le90,,,false,false
366179b2-31be-4a29-8607-e27f8d344771,,2026-08-04,41,le90,,,false,false
46d0e627-905d-448d-863f-0052415066b6,,2026-08-04,41,le90,,,false,false
547258ac-00a6-4eb1-894b-58e22f265f49,2026-08-04,2026-08-04,41,le90,,,false,false
7b4ddadc-8942-4acf-997e-1b74e04d8e84,2026-08-04,2026-08-04,41,le90,,,false,false
7c478f65-b067-4fc2-a2bf-cde32a321761,,2026-08-04,41,le90,,,false,false
8c5666b6-a255-4ca1-8542-7c623e7952a9,,2026-08-04,41,le90,2026-10-02,tiktok,false,false
9227ea35-853d-4873-8622-19bb497c5d7f,,2026-08-04,41,le90,,,false,false
cc7290b8-218d-447a-8840-a448b922a63b,,2026-08-04,41,le90,,,false,false
d2f59fd0-37d7-443e-8b64-bd4e19e036f1,,2026-08-04,41,le90,,,false,false
eded401c-bb31-4565-b42e-f7196f064f2d,,2026-08-04,41,le90,,,false,false
f28e44e8-6d78-4cd3-b231-bc57115f6a6b,,2026-08-04,41,le90,,,false,false
f30479a2-60ab-469f-ae16-d6ddf2765316,,2026-08-04,41,le90,,,false,false
fb6565a9-e139-4b43-95bf-9e8bfb7a62b5,,2026-08-04,41,le90,,,false,false
fdf89607-8256-42a1-84b0-fd76a6764621,,2026-08-04,41,le90,,,false,false
02cbd592-16fd-4e83-9967-f073304ced3d,,2026-08-05,40,le90,,,false,false
18373c6d-81f2-43d2-a3ab-6d27d5e4fa7a,,2026-08-05,40,le90,,,false,false
42b70a1e-b55e-44e8-84fa-960554cd0a4f,,2026-08-05,40,le90,,,false,false
518945de-baab-4f19-adcc-01100bcde0fb,2026-08-05,2026-08-05,40,le90,,,false,false
5c7fe102-1842-40c8-a4f4-be1529386ecd,,2026-08-05,40,le90,,,false,false
6fd5522a-cf62-4082-a58b-766fedf910a0,,2026-08-05,40,le90,,,false,false
7352a20c-3618-4937-ba6b-cbbaed8b3abf,,2026-08-05,40,le90,,,false,false
7df2cc39-0fc4-4ea3-95c2-40789428d245,,2026-08-05,40,le90,,,false,false
8a0a1fa9-f0bc-4df7-bbed-08a412942239,,2026-08-05,40,le90,,,false,false
91ba491e-3414-477d-be14-e1967dd40676,2026-08-05,2026-08-05,40,le90,,,false,false
937b8d27-df0f-4ece-b032-e3202ad760a9,,2026-08-05,40,le90,,,false,false
99391a07-b1ff-4a8d-82dd-162699134a4d,,2026-08-05,40,le90,,,false,false
c1762971-1ace-401b-8d28-127585202cde,,2026-08-05,40,le90,,,false,false
dade8b23-5118-404f-a20e-4c7c522792e0,,2026-08-05,40,le90,,,false,false
e4801c65-d2c2-463d-9717-2c67d9c7f228,,2026-08-05,40,le90,,,false,false
02dd55aa-816c-4ab1-9078-fba8b74dc583,,2026-08-06,39,le90,,,false,false
0ae06bdd-54b5-49af-ba49-496240b32ef0,2026-08-06,2026-08-06,39,le90,,,false,false
1448a4c0-4ed5-45b4-9fc8-cb3c76ce06e4,,2026-08-06,39,le90,,,false,false
2044d5c0-3c69-41be-8d3e-ebc9398415b9,2026-08-06,2026-08-06,39,le90,,,false,false
2c5109fb-d802-4520-8848-151577b2437e,,2026-08-06,39,le90,,,false,false
49c7a362-c022-4dfb-8c52-1569a7e1e019,,2026-08-06,39,le90,,,false,false
a3414d89-ffb4-40c7-b677-ab745af2642b,,2026-08-06,39,le90,,,false,false
a62f761d-91f6-4e7a-8f2b-a53cbcc6047d,,2026-08-06,39,le90,,,false,false
bccaa29c-7e74-46b9-a509-dd20c2a277a3,,2026-08-06,39,le90,,,false,false
f9ac87b9-d290-4fe9-85fb-6fe930eca532,2026-08-06,2026-08-06,39,le90,,,false,false
01356055-fc3e-4fcc-a9d1-a8b3267290d3,,2026-08-07,38,le90,,,false,false
2f87307e-7df8-4d8d-86ca-43c2a7d79581,,2026-08-07,38,le90,,,false,false
3cb01704-728d-4548-bf35-bbc44e7167e2,,2026-08-07,38,le90,,,false,false
94f31ca5-4da6-48fe-871d-358ab8126d5d,2026-08-07,2026-08-07,38,le90,,,false,false
977f84be-d5a9-4676-b57c-99cde8ac2a89,,2026-08-07,38,le90,,,false,false
adbd4196-cfe3-4be7-a105-4beef411a64c,,2026-08-07,38,le90,,,false,false
9517e053-7cb2-4241-bf3e-9c5becaa31e2,,2026-08-08,37,le90,,,false,false
99d92ec8-66ed-42e0-8e38-712c1e5f80a6,,2026-08-08,37,le90,,,false,false
ab954117-62d4-4d47-8ed2-70acd4d786ba,,2026-08-08,37,le90,,,false,false
d5c8ad1c-e9fc-4a3c-9a08-9a17781b702d,,2026-08-08,37,le90,,,false,false
0a0aa92f-67e7-46fa-bc12-42bbec305f2f,,2026-08-09,36,le90,,,false,false
11785094-b024-471c-8308-a45952f89973,,2026-08-09,36,le90,,,false,false
15bbe7ab-7e10-4597-9701-33c27aa1f8b5,,2026-08-09,36,le90,,,false,false
2e264557-6fdf-4d22-a894-2a5a22201dff,,2026-08-09,36,le90,,,false,false
338ea1e4-af0d-4b6c-9e47-b63d5d901745,2026-08-09,2026-08-09,36,le90,,,false,false
6f3c9c99-50b0-4729-b5c9-cd64e73899bb,,2026-08-09,36,le90,,,false,false
8384cfc0-9fc0-4f65-bbb0-7cfbe8f52b3c,,2026-08-09,36,le90,,,false,false
993c0bbc-04c7-4919-a01f-51679a301110,2026-08-09,2026-08-09,36,le90,,,false,false
cc53c0db-63f5-4432-b2b5-1dee49277f01,,2026-08-09,36,le90,,,false,false
d67779c2-03d5-4688-98bf-0e2232b2b319,,2026-08-09,36,le90,,,false,false
deec62c0-b837-4903-a9c1-0b47e3c9555d,,2026-08-09,36,le90,,,false,false
0f3bcfad-1cb5-4db9-b325-db5ea5ef2eb5,2026-08-10,2026-08-10,35,le90,,,false,false
2eaae038-5191-4aeb-94fb-38b8209283c9,,2026-08-10,35,le90,,,false,false
5496e595-daf6-4f4f-af1e-c277fb1ececc,,2026-08-10,35,le90,,,false,false
61fe4605-24ba-41db-bdb4-7a4723866d69,,2026-08-10,35,le90,,,false,false
7510f6c1-5543-4b9a-bc82-40255ce9a327,,2026-08-10,35,le90,,,false,false
954d03d8-21e8-4a3b-a8e7-2fabbe1351dc,,2026-08-10,35,le90,,,false,false
96a95f89-11c2-435b-ba11-530916c2610b,,2026-08-10,35,le90,,,false,false
b34b917d-c95d-4e7e-9e42-4b8ffb86ad68,,2026-08-10,35,le90,,,false,false
bd7b78b7-0a50-42b5-bf3c-294705943dca,2026-08-10,2026-08-10,35,le90,,,false,false
c353b23f-9235-479a-bbca-1fcd244b920b,2026-08-10,2026-08-10,35,le90,,,false,false
d9beee2d-3a2c-4069-a7ce-54310708212b,,2026-08-10,35,le90,,,false,false
f3abcb95-c234-4eb5-86a8-7b63934d60fc,,2026-08-10,35,le90,,,false,false
f4cdc18f-c825-46dd-8d05-a5434260fd3b,2026-08-10,2026-08-10,35,le90,,,false,false
fa5da3ca-e99b-4f0e-b095-281f4b5da2f6,,2026-08-10,35,le90,,,false,false
0b44f65f-49ef-4ccf-87af-4c2682a3ed59,,2026-08-11,34,le90,,,false,false
924b82ad-cac0-4f7f-ba61-b572a77e81b7,2026-08-11,2026-08-11,34,le90,,,false,false
93cd69a2-6d84-42c4-a212-804bc6b249e9,2026-08-11,2026-08-11,34,le90,,,false,false
ce06d5ee-cc75-46e4-8528-e75b4a4111d6,,2026-08-11,34,le90,,,false,false
e765c961-7daa-4edd-8f8a-3aa63d66d8b8,,2026-08-11,34,le90,2026-09-26,tiktok,true,false
f612d614-3fe8-4189-9914-65c2532cc559,,2026-08-11,34,le90,,,false,false
23cfa693-bf73-4010-9fc1-820f69ee1064,,2026-08-12,33,le90,,,false,false
45cd4c31-da18-4182-8a33-89e40ee42783,2026-08-12,2026-08-12,33,le90,,,false,false
46ea13d2-ac3a-4df1-ad57-fcfb10613100,2026-08-12,2026-08-12,33,le90,,,false,false
571de666-1dd1-4373-836e-6a699c360c40,,2026-08-12,33,le90,,,false,false
6ff847d5-d791-431f-83cb-5eb26116e62e,,2026-08-12,33,le90,,,false,false
87f3396d-5a11-4990-9863-aedf4d37ba01,2026-08-12,2026-08-12,33,le90,,,false,false
89cee3b8-99d3-4d66-b122-01cc7ae0de2b,2026-08-12,2026-08-12,33,le90,,,false,false
9f6c92e5-fb29-4856-848d-3b9a6eef50e7,,2026-08-12,33,le90,,,false,false
b045702b-6415-420e-91c7-53b1fb13e805,,2026-08-12,33,le90,,,false,false
baad7d15-6d60-4fb1-9362-d7aa902bae5f,,2026-08-12,33,le90,,,false,false
c74e5116-610d-4711-aedc-f6004dc7a991,,2026-08-12,33,le90,,,false,false
d43c1469-e70f-4336-bc64-32a7ded8f928,,2026-08-12,33,le90,,,false,false
d9870c9d-f176-42a7-b7b3-fe622d9055ba,2026-08-12,2026-08-12,33,le90,,,false,false
e428b853-8520-4808-b333-d6e5ed1b5ae2,,2026-08-12,33,le90,,,false,false
e61a851a-5609-4f05-a11a-e3337025d234,,2026-08-12,33,le90,,,false,false
ee599e98-a830-45c3-85aa-cd1b33f52c2d,2026-08-12,2026-08-12,33,le90,2026-10-02,line_oa,false,false
f1c0fa63-ebbc-48b0-afb9-9e5b84d933dc,,2026-08-12,33,le90,,,false,false
11103482-76b1-4dc6-8338-dcf5387290bf,,2026-08-13,32,le90,,,false,false
1f9cbaf2-515a-4443-857e-b2bf754c0ec9,,2026-08-13,32,le90,,,false,false
3ee18538-8ad0-4287-9125-608e3d32fed5,,2026-08-13,32,le90,2026-09-27,tiktok,true,false
4a8cb027-8ef9-44c1-9df9-23fbbbdfd353,,2026-08-13,32,le90,,,false,false
6665bec6-a9d8-4e6e-9980-d04b889d3687,2026-08-13,2026-08-13,32,le90,,,false,false
79962104-d9af-430d-93e3-240a045af92b,,2026-08-13,32,le90,,,false,false
83ad7eba-04bf-4ac1-83d2-afd5e643103b,2026-08-13,2026-08-13,32,le90,,,false,false
8622261c-6b2c-45bc-b6a2-014cbeaa0ea5,,2026-08-13,32,le90,2026-09-28,tiktok,true,false
8b51317a-3517-4bda-be1c-626c61e4db1c,2026-08-13,2026-08-13,32,le90,,,false,false
9f1890fb-2e7c-413f-9c31-787153ac95e5,,2026-08-13,32,le90,,,false,false
b3dfd874-2441-4a24-b9e3-3edbbb00a434,,2026-08-13,32,le90,,,false,false
c0c05a6e-e201-4c61-a515-fc02892058e3,,2026-08-13,32,le90,,,false,false
f63b99a7-319e-47ab-9dc9-a7e33e7e62be,,2026-08-13,32,le90,,,false,false
3d5d29fa-7c13-431d-9b2b-191a2621dbf8,,2026-08-14,31,le90,,,false,false
55d05eed-1765-4e03-8111-4fa19bf4ccac,2026-08-14,2026-08-14,31,le90,,,false,false
8930a2b0-b8e2-4390-9d62-740e73ed3606,,2026-08-14,31,le90,,,false,false
97fb62bf-b5c8-4d29-8a13-9975f075cb9c,,2026-08-14,31,le90,,,false,false
acbe7979-a3b0-4ddc-980b-e472cefeaeaa,,2026-08-14,31,le90,,,false,false
d9142dcd-c512-4615-bbb3-34e19db252d2,,2026-08-14,31,le90,,,false,false
f7dbcabc-6850-4962-a18c-e8f4fee17a85,,2026-08-14,31,le90,,,false,false
05984157-4d9d-4185-b4a9-e4f111478131,,2026-08-15,30,le90,,,false,false
07a1d856-974c-42f0-9213-5b443da8397c,,2026-08-15,30,le90,,,false,false
092e8f87-0b29-432e-a352-7a61821de01f,2026-08-15,2026-08-15,30,le90,,,false,false
098dbff0-30d0-4c03-a425-346a57063980,,2026-08-15,30,le90,,,false,false
0ea79e52-af66-4bc8-b465-ecfa9d35b3bd,,2026-08-15,30,le90,,,false,false
206455e6-6d77-4a5a-9773-c9016bb38518,,2026-08-15,30,le90,,,false,false
20984aa8-4819-4e13-ace5-ad5bd7c91268,,2026-08-15,30,le90,2026-10-05,tiktok,false,false
28a5781b-ad92-4573-80b9-e13a80c9edaa,,2026-08-15,30,le90,,,false,false
2c788616-7670-49c4-ab15-78aaccf97bce,,2026-08-15,30,le90,2026-09-26,tiktok,true,false
34691b0b-81c9-423e-ba52-ddd806275695,,2026-08-15,30,le90,,,false,false
3afa97c2-5ebe-417d-bf57-9592dbba4788,,2026-08-15,30,le90,,,false,false
3c44c1d4-d288-46c3-a488-e7c48d195853,,2026-08-15,30,le90,,,false,false
4278ae89-1728-4121-b498-884dd19d3479,,2026-08-15,30,le90,,,false,false
4a7eb2ae-fd14-4bfb-a337-7fa546fe5409,,2026-08-15,30,le90,,,false,false
4ae4503f-a592-4963-906b-427d8768b879,,2026-08-15,30,le90,,,false,false
5336edae-021a-4ccc-a3d5-d4e83f053c71,,2026-08-15,30,le90,,,false,false
67a7e7db-22d7-4f44-8441-76be402f9b5c,,2026-08-15,30,le90,,,false,false
71a35a74-5eed-45a3-aba1-1ad540b9751f,,2026-08-15,30,le90,,,false,false
72a0d9c6-1cfd-4e09-8ac1-f0c28f4415d1,,2026-08-15,30,le90,,,false,false
752b9ec9-668e-47a9-ae3b-5c0088c8e57d,,2026-08-15,30,le90,,,false,false
81749482-7a21-4441-9e1a-3336605c5d0e,,2026-08-15,30,le90,,,false,false
8a3071f0-3de3-4c94-9121-21ef20aaccc2,,2026-08-15,30,le90,,,false,false
8ab4232d-9c87-498e-9e6f-ae5317c5bf27,,2026-08-15,30,le90,,,false,false
8f7394d9-2130-44a3-9c30-851e91675480,,2026-08-15,30,le90,,,false,false
904edabb-dec4-4e25-83bf-10c0dca85a2b,,2026-08-15,30,le90,,,false,false
910aa4cd-0f13-49a1-8c32-9cb6b83fbbc8,,2026-08-15,30,le90,,,false,false
913ce220-5281-4157-bf84-f00dc11b6fd7,2026-08-15,2026-08-15,30,le90,,,false,false
950fc851-0762-4ddf-a74d-a188bd967d86,,2026-08-15,30,le90,,,false,false
9c217d3e-542a-489f-9b3e-7292747abe72,,2026-08-15,30,le90,,,false,false
b084e54f-c8e5-4a06-a36e-253dd4ce804d,,2026-08-15,30,le90,,,false,false
cda30ffc-14ef-40cb-a3c7-e74e6ed10cc0,,2026-08-15,30,le90,,,false,false
d0e70531-bc80-4a12-8316-06f0838f9566,,2026-08-15,30,le90,,,false,false
d764a2c1-f194-45ba-ae62-927736d05490,,2026-08-15,30,le90,,,false,false
dda17dd7-095a-463d-af3c-e3643967eff0,,2026-08-15,30,le90,,,false,false
e412d19c-397c-4425-a6f9-e54ab7375a7c,,2026-08-15,30,le90,,,false,false
e50536c0-37e0-484a-8914-b9016317e5e4,,2026-08-15,30,le90,,,false,false
fb0d5d46-145b-4881-9e7e-6711ead252f8,,2026-08-15,30,le90,,,false,false
fef306ae-39de-49a0-9213-085778313fed,,2026-08-15,30,le90,,,false,false
02d67a7d-04cf-4399-b456-21c364aee2f6,,2026-08-16,29,new_lt30,,,false,false
1322c801-e560-46c6-8d6e-72a2ca1c7d74,,2026-08-16,29,new_lt30,,,false,false
150f2199-86bc-49ce-b6b5-e134981df172,,2026-08-16,29,new_lt30,,,false,false
193bbf9a-ac48-4d0f-99ab-38fdf981af0f,,2026-08-16,29,new_lt30,,,false,false
27024524-51bb-4701-9506-5d25e030e85e,,2026-08-16,29,new_lt30,,,false,false
28104b4f-0159-4b5b-8854-0d38266e9528,2026-08-16,2026-08-16,29,new_lt30,,,false,false
38ebd0b9-036e-4c48-a82b-127f489438a6,,2026-08-16,29,new_lt30,,,false,false
3bbe2ccb-b065-4bc8-9b9c-ad4815a5bff6,,2026-08-16,29,new_lt30,,,false,false
3e884e33-7c65-44eb-ad30-c2bb8d08d9b5,,2026-08-16,29,new_lt30,,,false,false
4be5e0fe-5e9e-40c7-9d8c-8ace817e3efc,,2026-08-16,29,new_lt30,,,false,false
5fc3e8f3-0c35-4e75-8d9b-4311adeb909b,,2026-08-16,29,new_lt30,,,false,false
60a6ce0f-e7b8-403e-be9d-85c04944a0b0,,2026-08-16,29,new_lt30,,,false,false
6201d314-1ae3-4fb1-b4b1-30733d98b8c4,,2026-08-16,29,new_lt30,2026-09-26,tiktok,true,false
6b10d48b-7004-4bc1-816e-030ee5c6877d,,2026-08-16,29,new_lt30,,,false,false
718c3324-baa9-463a-bc81-20d7ffd7ee91,,2026-08-16,29,new_lt30,,,false,false
75932263-75ec-4685-9a76-ab2c71c055f9,2026-08-16,2026-08-16,29,new_lt30,,,false,false
904da5b0-7c05-4ba7-a21b-7fb0b758ba75,,2026-08-16,29,new_lt30,,,false,false
9372366a-ee06-4aac-8428-fa6a767fd9a2,,2026-08-16,29,new_lt30,,,false,false
94eb82d7-0dab-4b15-9ec1-deaedaf38e71,,2026-08-16,29,new_lt30,,,false,false
a173dad0-a67f-4f23-bce9-4fa7309249d7,,2026-08-16,29,new_lt30,,,false,false
a6361556-24c1-456d-8de7-12a16190ba61,,2026-08-16,29,new_lt30,,,false,false
a8d1b6ad-c30e-4e35-90ea-4d9666956e3a,,2026-08-16,29,new_lt30,2026-09-16,tiktok,true,false
b18a06a8-24be-4bec-8183-6b1ff5df1692,,2026-08-16,29,new_lt30,,,false,false
b1fde98d-ea14-4669-9c01-dc104552ef87,,2026-08-16,29,new_lt30,,,false,false
b6c8f686-154f-40e7-91e9-90ea7eb35b36,,2026-08-16,29,new_lt30,,,false,false
ba870998-bb35-4a81-af19-7bc14164adbb,,2026-08-16,29,new_lt30,,,false,false
bc767311-6546-41d9-8e6b-46a1e5d15656,,2026-08-16,29,new_lt30,,,false,false
bfbd5428-cb8a-44ab-b530-8dddd985b153,,2026-08-16,29,new_lt30,,,false,false
c6c0015e-729c-4c08-805f-8d132c52d51a,,2026-08-16,29,new_lt30,,,false,false
d1fe7264-b600-4d99-bfaa-bb4d0bd189de,,2026-08-16,29,new_lt30,,,false,false
db03c10f-0b5c-4e8a-8bce-171bc095bf43,,2026-08-16,29,new_lt30,,,false,false
fcd3b5bf-6319-427d-95dd-f3df9b272050,,2026-08-16,29,new_lt30,,,false,false
0e788ba9-e233-453d-8e9a-0a130ed4baac,,2026-08-17,28,new_lt30,,,false,false
0f1ca8c8-133f-495f-b093-3d9b4003d1c3,,2026-08-17,28,new_lt30,,,false,false
166508dd-03b4-41f6-a398-32f5849cd45e,,2026-08-17,28,new_lt30,,,false,false
297c47d2-ad4c-4c52-84ee-0af213cb24c4,,2026-08-17,28,new_lt30,,,false,false
29922c23-16ac-4410-afca-6b5938a9174a,,2026-08-17,28,new_lt30,,,false,false
2cc22e79-dfe3-494b-996d-b80ef600707b,,2026-08-17,28,new_lt30,,,false,false
2d5ccfbb-a071-4322-92c8-14e6c8ddf5ce,,2026-08-17,28,new_lt30,,,false,false
3fc788d5-385f-4e2e-ade4-fa55424900a2,,2026-08-17,28,new_lt30,,,false,false
3fde5460-0aed-4342-9c1f-6d01cd79e883,,2026-08-17,28,new_lt30,,,false,false
43cb406b-9c30-4d0d-88cb-5e8d26cccb2a,,2026-08-17,28,new_lt30,,,false,false
449d2a82-e3c8-4edd-a36e-4153a19132f0,,2026-08-17,28,new_lt30,,,false,false
46ac5325-fbcb-4a51-89ae-d3016028710d,,2026-08-17,28,new_lt30,,,false,false
4d171614-21a0-4448-a11c-6c357a796338,,2026-08-17,28,new_lt30,,,false,false
4fee1369-f1b8-4499-9711-56df485f1bfb,,2026-08-17,28,new_lt30,,,false,false
5ab95a50-db0c-4f10-83af-a2c2a0d2b294,,2026-08-17,28,new_lt30,2026-09-24,tiktok,true,false
69646457-4337-4ff6-9597-f4e8a8ec61e2,,2026-08-17,28,new_lt30,,,false,false
700e7b36-68a6-44a6-a79d-930974087f3d,,2026-08-17,28,new_lt30,,,false,false
70601eba-2daa-4ae4-999d-db9d5aca885b,,2026-08-17,28,new_lt30,2026-09-30,tiktok,false,false
74dbddd8-72ee-4633-a8b8-118f99a03a34,,2026-08-17,28,new_lt30,,,false,false
7a69497f-a46e-4693-bb9c-aba27c9c2ee6,,2026-08-17,28,new_lt30,,,false,false
7b4d73d4-bfb8-434f-906f-87f40c9c40ce,,2026-08-17,28,new_lt30,,,false,false
7c0f713c-711f-40a8-822d-b24db0efe0a6,,2026-08-17,28,new_lt30,,,false,false
7c852a2b-ec04-4704-83f3-9aaac5cb8871,,2026-08-17,28,new_lt30,,,false,false
85791fdb-efbe-4b17-a309-a099cde64219,,2026-08-17,28,new_lt30,,,false,false
896614d9-7dc1-4585-a9b6-f5f54b0909f3,,2026-08-17,28,new_lt30,,,false,false
943ab77a-aced-46d5-be53-41a89e5604ea,,2026-08-17,28,new_lt30,,,false,false
a76df80f-8b4f-4ab4-b6af-48061c86562c,,2026-08-17,28,new_lt30,,,false,false
a7bc5425-2bc4-4419-8ba1-f897a74f0042,,2026-08-17,28,new_lt30,,,false,false
acbb90ec-e88a-449e-b694-f0729f722bc3,,2026-08-17,28,new_lt30,,,false,false
b9a25f71-eebe-4be2-886c-f481c412a57b,,2026-08-17,28,new_lt30,,,false,false
bb6be000-392b-4ef2-8df3-fce7b2e40aa9,,2026-08-17,28,new_lt30,,,false,false
c55a8b62-328e-4ca2-8d59-bdb9cfa3aaef,,2026-08-17,28,new_lt30,,,false,false
cb366b6f-8458-412f-8574-dc1d6d489e6c,,2026-08-17,28,new_lt30,2026-09-22,tiktok,true,false
cf8311d3-b05d-47a3-9f67-0bc7855c92cd,,2026-08-17,28,new_lt30,,,false,false
d0577125-2635-4d57-85ec-782e83024e37,,2026-08-17,28,new_lt30,,,false,false
d2aec14d-341c-498d-938f-0342d9096926,,2026-08-17,28,new_lt30,,,false,false
d6e73020-cd11-4617-b26e-932485629894,,2026-08-17,28,new_lt30,,,false,false
d872a340-1e05-4ddd-bae1-68a2e23f2b2e,,2026-08-17,28,new_lt30,,,false,false
dae802ea-1b62-4bf7-9d3c-11ced830fbac,,2026-08-17,28,new_lt30,,,false,false
dff6caf3-71b4-4ee0-999c-d0a0ea64a8ba,,2026-08-17,28,new_lt30,,,false,false
e6566fe8-15b3-4de5-a003-d9900111fd0e,,2026-08-17,28,new_lt30,,,false,false
e7cc66eb-1214-476e-a7ee-db0aa7d73d6e,,2026-08-17,28,new_lt30,,,false,false
e91760c2-1aa2-4ad1-9678-c0d0274b8cfa,,2026-08-17,28,new_lt30,,,false,false
eafe16c3-53f2-4b42-a096-ab924ef37436,,2026-08-17,28,new_lt30,,,false,false
fa815fb1-329e-483c-89bd-5cf4eab76cb0,,2026-08-17,28,new_lt30,,,false,false
0abd65cc-807e-4eb4-bc1e-6bb0b24f794c,,2026-08-18,27,new_lt30,,,false,false
2c4cdfb1-8aea-4bd9-984c-2d0cc43b1659,,2026-08-18,27,new_lt30,,,false,false
2f5e7fa1-11c0-46ca-9a60-92755da1cd24,,2026-08-18,27,new_lt30,,,false,false
36ec7261-af2d-420f-a1a3-01e4ce9f1e71,,2026-08-18,27,new_lt30,,,false,false
3acd087d-ae0b-48f7-9c34-52ecd2fad9ac,,2026-08-18,27,new_lt30,,,false,false
58731290-e582-4708-8554-83f711ffd5d8,,2026-08-18,27,new_lt30,,,false,false
5f661662-02aa-4f80-8760-d664edda89a9,,2026-08-18,27,new_lt30,,,false,false
661574db-f8fd-45ac-90b0-f96488229a62,,2026-08-18,27,new_lt30,,,false,false
66d42b49-2f52-4ca9-b470-254c9b6b767e,,2026-08-18,27,new_lt30,,,false,false
7b6d06b3-e940-4b85-ae25-46e561b35a88,,2026-08-18,27,new_lt30,,,false,false
8c6ed936-d796-4f79-9aa7-7033757eac6a,,2026-08-18,27,new_lt30,,,false,false
8dff0a26-1ea7-4c40-b86c-9960f6f0aed4,,2026-08-18,27,new_lt30,,,false,false
8ec1cf8a-ad3f-4e9f-9aa5-d7e88ba93b01,,2026-08-18,27,new_lt30,,,false,false
96b0b408-8208-4275-b0de-4d9306f5243f,,2026-08-18,27,new_lt30,,,false,false
a728c64b-a2a3-461b-a16e-b341e8dc5412,,2026-08-18,27,new_lt30,,,false,false
a958be06-4964-4ea5-a5db-df5e8115209b,,2026-08-18,27,new_lt30,2026-09-17,tiktok,true,false
abc330e1-0c5e-441b-93ab-ab33724c96fb,2026-08-18,2026-08-18,27,new_lt30,,,false,false
ad12afb1-70e4-4bd6-97b0-26f996b0938d,,2026-08-18,27,new_lt30,,,false,false
adc7457b-fdd0-41a3-a8b0-4e4bfde94f1f,,2026-08-18,27,new_lt30,,,false,false
ba06aca0-9ba3-43c5-86b0-5fbf1c957fc9,,2026-08-18,27,new_lt30,,,false,false
bebdabe1-12d9-46d2-9d8a-cd6020feaf84,2026-08-18,2026-08-18,27,new_lt30,,,false,false
e1e3b0c6-1590-405c-841b-9b28896642a4,,2026-08-18,27,new_lt30,,,false,false
f1e1af25-f670-4445-8623-20673c9c83e0,,2026-08-18,27,new_lt30,,,false,false
faa5d1b6-6c02-4633-9a0c-028e1dac7c38,,2026-08-18,27,new_lt30,,,false,false
07ffb6cf-2264-4b41-8558-33acb75c9cc3,,2026-08-19,26,new_lt30,,,false,false
0cf04bc5-4dbb-4b9a-ae14-f52982d8609c,,2026-08-19,26,new_lt30,,,false,false
378981a4-843c-45cd-8dd0-f8a4deded804,,2026-08-19,26,new_lt30,,,false,false
4e26fb38-5d4c-4774-8855-aa2600cf9702,,2026-08-19,26,new_lt30,,,false,false
69387375-ef34-45d0-b38e-c453a5effdc8,,2026-08-19,26,new_lt30,,,false,false
6da6e3c7-5823-452d-b673-2935a7cca6a1,,2026-08-19,26,new_lt30,,,false,false
7ee7b1f6-7784-4e80-ab6e-e6e7ff3d3d78,,2026-08-19,26,new_lt30,,,false,false
84c27837-ecb0-4373-85dd-a3179681a917,2026-08-19,2026-08-19,26,new_lt30,,,false,false
8e058393-3fe6-4a24-8f89-7b98410a6d15,,2026-08-19,26,new_lt30,,,false,false
8eca7c40-01db-4915-8727-36ce020d31d8,,2026-08-19,26,new_lt30,,,false,false
9430e84f-3052-4ec9-8a86-4f5748603e1a,,2026-08-19,26,new_lt30,,,false,false
9792c665-1c26-4ae0-82ed-20ef0417755e,,2026-08-19,26,new_lt30,,,false,false
a87581e3-6838-43b9-8bcf-948967935d03,,2026-08-19,26,new_lt30,,,false,false
a930bd07-5cb0-40d2-a3a9-3ae979afbb58,,2026-08-19,26,new_lt30,,,false,false
b913c157-e68d-43bd-97af-ea4a5d069c25,,2026-08-19,26,new_lt30,,,false,false
c0905bcb-fb5c-4035-ab72-cacde15a9a00,,2026-08-19,26,new_lt30,,,false,false
cafae822-1424-48eb-bcd4-ee0a446b9002,,2026-08-19,26,new_lt30,,,false,false
cbaaf1ed-bc96-4225-9d77-59dcd5a9c364,,2026-08-19,26,new_lt30,,,false,false
cc1bb2b5-4348-45f0-be59-647622807e15,,2026-08-19,26,new_lt30,,,false,false
cebdd595-80db-4c2c-9f5d-b30e47570d34,,2026-08-19,26,new_lt30,,,false,false
f2f737f0-1932-4d9b-a5a5-a1fcfd51ce27,,2026-08-19,26,new_lt30,,,false,false
f76839ab-d5b6-4546-927b-1dd488118bda,,2026-08-19,26,new_lt30,,,false,false
f9c595a8-26eb-4673-ae12-55cda58670e0,,2026-08-19,26,new_lt30,,,false,false
1edde567-8274-4080-9da5-4301d9727bfa,,2026-08-20,25,new_lt30,,,false,false
2ce24c87-0dce-4468-8b5d-f66c1d919443,,2026-08-20,25,new_lt30,,,false,false
3cab5900-97e2-4853-8164-3ef4b4e0389f,,2026-08-20,25,new_lt30,,,false,false
4f0bce02-cd02-461e-841d-6a6afb886b29,,2026-08-20,25,new_lt30,,,false,false
59556af4-f635-4cee-97fe-3418827bd18e,,2026-08-20,25,new_lt30,,,false,false
918f58c1-f30e-45ea-bda1-9b8bc9ef8a01,,2026-08-20,25,new_lt30,,,false,false
942d446a-e70a-42ff-adaa-83a3a010ecce,,2026-08-20,25,new_lt30,,,false,false
9deaed4c-76ae-4ee7-946a-ed6d6311d262,,2026-08-20,25,new_lt30,,,false,false
a50dbedf-2ac0-4bea-9883-5638ee18fdb6,,2026-08-20,25,new_lt30,,,false,false
a822b8ed-d180-44ab-bf35-1a5f7882c6b3,,2026-08-20,25,new_lt30,,,false,false
aaf39f0b-23e1-4ef2-a9d3-219a62dfe8f3,,2026-08-20,25,new_lt30,,,false,false
b0a81972-4165-4617-91cd-7b942b98f1a3,,2026-08-20,25,new_lt30,,,false,false
b1283f1b-4462-4f85-9bb5-36311847be18,,2026-08-20,25,new_lt30,,,false,false
bc12b47c-1a79-4f4c-8f4a-128d5448d0c3,,2026-08-20,25,new_lt30,,,false,false
c44601d9-88fc-4769-a017-291206a7c38d,,2026-08-20,25,new_lt30,,,false,false
c5298332-9c23-4045-af9d-73ecf71764fe,,2026-08-20,25,new_lt30,,,false,false
d27b79b1-2177-43fe-b183-ef29c2ead8c5,,2026-08-20,25,new_lt30,,,false,false
db27704b-fef6-4251-833a-a4a4bc59bac6,,2026-08-20,25,new_lt30,2026-09-24,tiktok,true,false
4d0949a5-629b-4466-ad44-ae528652852f,,2026-08-21,24,new_lt30,,,false,false
61663e3b-1332-410f-b77c-e464a9447d87,2026-08-21,2026-08-21,24,new_lt30,,,false,false
d7472c15-2cbb-4363-9806-1b2ebe250980,,2026-08-21,24,new_lt30,,,false,false
2c5cd00f-c305-4417-ab6f-f45ce4beac47,,2026-08-22,23,new_lt30,,,false,false
60d87559-5630-4645-9e0b-9bd22bbfad46,,2026-08-22,23,new_lt30,,,false,false
6323f21d-43d7-4f1d-817a-904404b926bc,,2026-08-22,23,new_lt30,2026-09-26,tiktok,true,false
6c02bdc7-bc83-4030-ae46-64709cec4018,,2026-08-22,23,new_lt30,,,false,false
9b3baf5c-c7a5-4f6d-9c1d-61160d662214,,2026-08-22,23,new_lt30,,,false,false
a5499777-becd-4b31-82a6-a03f5f4e2ec4,,2026-08-22,23,new_lt30,,,false,false
b69292bd-f260-46d5-9639-c175d7c64bc8,,2026-08-22,23,new_lt30,,,false,false
c3a791b9-9a56-4d3a-b98a-c3ca886f40e0,2026-08-22,2026-08-22,23,new_lt30,,,false,false
d85c54ae-d120-41c7-bf6a-34013070738c,,2026-08-22,23,new_lt30,,,false,false
0b9d99f0-c82e-4429-bde7-3e122b47c6bd,,2026-08-23,22,new_lt30,,,false,false
109fe12c-3b41-4b6c-a6ea-e15992023951,,2026-08-23,22,new_lt30,,,false,false
1adbbc49-af32-4959-94a5-820cdb75bb74,,2026-08-23,22,new_lt30,,,false,false
207251c0-4025-4554-8948-781d6d3830eb,,2026-08-23,22,new_lt30,,,false,false
49174268-d411-4534-ad22-481cd3bdb841,,2026-08-23,22,new_lt30,,,false,false
60aa76f1-c6a1-4f54-a6c9-5c922b373d24,,2026-08-23,22,new_lt30,,,false,false
72b50e0a-e762-45cc-b02f-32b0af115c7c,,2026-08-23,22,new_lt30,,,false,false
7e1a2464-f5f3-4a43-8a33-f7bb0daf664a,,2026-08-23,22,new_lt30,2026-09-29,tiktok,false,false
a456f809-bf8b-4fb3-8bd2-fdff3ceef076,,2026-08-23,22,new_lt30,,,false,false
d1cada20-4d80-4133-a302-27ceabcfdbfc,,2026-08-23,22,new_lt30,,,false,false
d96cfc75-bbc9-4a47-a58d-01333dcd919a,,2026-08-23,22,new_lt30,,,false,false
f2862c0d-f926-4f29-a0b6-cc164a0eac37,,2026-08-23,22,new_lt30,2026-09-19,tiktok,true,false
f91a080b-9eab-465d-9ae2-7782c9663d52,,2026-08-23,22,new_lt30,,,false,false
0708a7f5-fe74-4500-a9e8-3a1a6d2608d3,,2026-08-24,21,new_lt30,,,false,false
12730bff-541e-4e26-ab6b-75c74b22a648,,2026-08-24,21,new_lt30,,,false,false
30932f8b-3799-4113-9837-391a2fac8439,,2026-08-24,21,new_lt30,,,false,false
6dbc06cf-15bc-4257-9061-09cd096678f6,,2026-08-24,21,new_lt30,,,false,false
77117657-4abd-4631-b615-dbd887bb313e,,2026-08-24,21,new_lt30,,,false,false
79fdb25f-ee2b-4cc9-b3e4-36aacf1c5093,,2026-08-24,21,new_lt30,,,false,false
8f8b50c3-b8e9-4cfe-9b4c-8c83e134d8cb,,2026-08-24,21,new_lt30,,,false,false
97694c61-5d7e-431c-b108-f86f5ac687c7,,2026-08-24,21,new_lt30,,,false,false
cbcef1b1-dd6f-41da-a6d8-db5d19184e53,,2026-08-24,21,new_lt30,,,false,false
d8ee2e86-6bef-42fb-93ba-477a1c437d38,,2026-08-24,21,new_lt30,,,false,false
ed53f3a9-2bdf-4db7-8035-535122f250f5,,2026-08-24,21,new_lt30,,,false,false
efc17be6-22f3-410e-979b-dcf73a4edb4e,,2026-08-24,21,new_lt30,,,false,false
ff712181-9989-4617-be4d-fd8aa044e65e,,2026-08-24,21,new_lt30,,,false,false
031c1636-e854-4b76-bf5a-e4a98d770054,,2026-08-25,20,new_lt30,,,false,false
0d2d5d2d-46b1-47c3-854d-afd2a0047536,,2026-08-25,20,new_lt30,,,false,false
116989d6-bf3c-4dfa-b782-87fca7fa7d12,,2026-08-25,20,new_lt30,2026-10-02,tiktok,false,false
22f69f3a-5088-4ce8-8946-6f1c86a38799,,2026-08-25,20,new_lt30,,,false,false
367e27ee-3c26-422e-8416-af8340038566,,2026-08-25,20,new_lt30,,,false,false
3e95d889-b189-494a-9115-e0020ea0e7ab,,2026-08-25,20,new_lt30,,,false,false
40426f7e-7a19-4c9c-b020-84584eb9c726,,2026-08-25,20,new_lt30,,,false,false
4cd8279b-8912-4d9a-9f70-0ba3d7f02858,,2026-08-25,20,new_lt30,,,false,false
50628991-b48f-4ea8-90d6-1aa87ae1c63c,,2026-08-25,20,new_lt30,,,false,false
52ca1a75-7b0a-4708-aeb1-7ffeb5a35ece,,2026-08-25,20,new_lt30,2026-09-26,tiktok,true,false
530d4ef0-1039-4a99-81cd-efaaf9c07b82,,2026-08-25,20,new_lt30,,,false,false
69475fd8-7cf2-4e55-9cac-8de5337fa05f,,2026-08-25,20,new_lt30,,,false,false
696641f1-78dc-4c38-8e90-7ba01775fdab,,2026-08-25,20,new_lt30,,,false,false
6e180d8a-7f94-4529-8f87-a919da4fe043,,2026-08-25,20,new_lt30,,,false,false
7a2c6018-f605-4b71-a1e3-0828eadceb11,,2026-08-25,20,new_lt30,,,false,false
972c693a-82a1-4621-b69d-793ad86379a1,,2026-08-25,20,new_lt30,,,false,false
a8478a3b-6277-45b9-b287-882f0f267171,,2026-08-25,20,new_lt30,,,false,false
ad9062d9-838e-4c6c-996e-1e67fd057f1f,,2026-08-25,20,new_lt30,,,false,false
aefa1097-4dca-4c0f-8c49-4e518e9cec79,,2026-08-25,20,new_lt30,,,false,false
b3b65155-81ec-4e7d-a51f-50a5ebf850e2,,2026-08-25,20,new_lt30,2026-09-21,tiktok,true,false
ccdc7ddb-6eb3-4d97-9ead-f6da2c999f9d,,2026-08-25,20,new_lt30,,,false,false
cd9f7374-151f-4897-a645-5748ffa43127,,2026-08-25,20,new_lt30,2026-09-18,tiktok,true,false
d32a4572-3ca8-4f87-872e-5aa17b194681,,2026-08-25,20,new_lt30,,,false,false
dcbc9086-ecc7-4a3b-8a07-693401b24766,,2026-08-25,20,new_lt30,,,false,false
ec37aeb4-bc17-471d-8fd6-d802b41bb90a,,2026-08-25,20,new_lt30,,,false,false
f02ceafb-c22f-4011-8754-77adf79057f8,,2026-08-25,20,new_lt30,,,false,false
fba9069e-8dfc-495f-9319-66f9d32cbabb,,2026-08-25,20,new_lt30,,,false,false
0af77448-5fa5-48ab-853e-0ac8f8b2545b,,2026-08-26,19,new_lt30,,,false,false
0b95ee04-ca05-4b16-a7c8-b0bdfc905efc,,2026-08-26,19,new_lt30,,,false,false
10e88cb0-a260-4aea-bb88-290e798ade40,,2026-08-26,19,new_lt30,,,false,false
137e284b-4031-4475-aa4f-ab12fc4bd233,,2026-08-26,19,new_lt30,,,false,false
1e11987a-9607-4761-9290-ffb20adf48a5,,2026-08-26,19,new_lt30,,,false,false
2807d36a-33f7-4497-a108-df4373399412,,2026-08-26,19,new_lt30,,,false,false
2aeaa351-3ee3-46cf-b832-d065d7883459,,2026-08-26,19,new_lt30,,,false,false
2c6d5744-2abb-44d4-a958-ae5ec3c3776b,,2026-08-26,19,new_lt30,,,false,false
477d3a0a-c284-481c-9d41-a195a79d35ee,,2026-08-26,19,new_lt30,,,false,false
5abdb62a-6c4a-4b20-bdaf-503506513a1c,,2026-08-26,19,new_lt30,,,false,false
653f5fb0-581d-4dc6-b905-b98c74632a04,,2026-08-26,19,new_lt30,,,false,false
964a4e6f-957c-4589-8eed-85967cb7e76a,,2026-08-26,19,new_lt30,,,false,false
9c57d9ba-7e5b-451f-987a-1087352f526b,,2026-08-26,19,new_lt30,2026-09-23,tiktok,true,false
a5619f16-400d-499a-8f95-b5f920d4bf0f,,2026-08-26,19,new_lt30,2026-10-03,tiktok,false,false
ab3d11b1-0b6c-4fac-ba17-cd2af08a2cd4,,2026-08-26,19,new_lt30,,,false,false
bfa454ad-e2ac-4059-90ba-ef1e1587827c,,2026-08-26,19,new_lt30,,,false,false
cc0b6909-7892-4e29-8d64-66e233134c66,,2026-08-26,19,new_lt30,,,false,false
cebf4cb2-5361-45b7-9608-4a050b17cf51,,2026-08-26,19,new_lt30,,,false,false
df913a8a-34d0-49a6-b323-bf268e19829a,,2026-08-26,19,new_lt30,,,false,false
e2b2db6f-ec1d-4fe7-a43e-be86358c2f33,,2026-08-26,19,new_lt30,,,false,false
feb22434-60aa-4b63-b2ca-5bb4f55da264,,2026-08-26,19,new_lt30,,,false,false
0ad5ef4e-76ee-47ce-97b7-5394e17a05f3,,2026-08-27,18,new_lt30,,,false,false
0bcf5a36-81f6-4806-bdfc-22c893d2a7e6,,2026-08-27,18,new_lt30,,,false,false
3b57b574-0fbd-4d19-baa1-803726d8d692,,2026-08-27,18,new_lt30,,,false,false
5f38ac2d-6413-4e0e-b04d-6592900f11b9,,2026-08-27,18,new_lt30,,,false,false
7d7ac9f9-04db-4b74-8656-574a9d02e307,,2026-08-27,18,new_lt30,,,false,false
878efa3a-a0f3-4f37-87a2-ceaa5ebc8896,,2026-08-27,18,new_lt30,,,false,false
96302a84-3457-4f0a-bc52-fb8bd42e0cf3,,2026-08-27,18,new_lt30,,,false,false
d11f0b6a-9279-499f-8bbe-44ed81dd0a9c,,2026-08-27,18,new_lt30,,,false,false
d8123dc9-74ca-4f13-8224-c8a58971f97b,,2026-08-27,18,new_lt30,,,false,false
d8db007d-038d-4c55-88bc-b6664e4a5563,2026-08-27,2026-08-27,18,new_lt30,,,false,false
ec82b0fb-b188-4768-a427-51efebcb7da2,,2026-08-27,18,new_lt30,,,false,false
f9fbfe43-2a08-4734-b3a8-a17c96abaa90,,2026-08-27,18,new_lt30,,,false,false
2a37b327-47e3-4b1b-94e9-258f9343878c,,2026-08-28,17,new_lt30,2026-09-15,tiktok,true,false
2c94ff4f-bc07-415d-8ba1-54aae712ca9b,,2026-08-28,17,new_lt30,,,false,false
371ec952-f321-4d03-9621-de3284471a33,,2026-08-28,17,new_lt30,,,false,false
37d83ffc-a9b0-4272-bf51-1bda59781c5b,2026-08-28,2026-08-28,17,new_lt30,,,false,false
3869e235-0c69-474e-ab26-e710b6b2065c,,2026-08-28,17,new_lt30,,,false,false
3c0d7ede-1179-4eee-a9c2-1e8e7cacd602,,2026-08-28,17,new_lt30,,,false,false
563dabe9-037a-4cd4-ae4c-5ec0ff0fcaca,,2026-08-28,17,new_lt30,,,false,false
5728e6c9-c098-41a9-adbc-f39a3956d0f3,,2026-08-28,17,new_lt30,,,false,false
57d041ae-9a38-48ed-90c4-54df7dc4b621,,2026-08-28,17,new_lt30,,,false,false
8d6f9b9c-ff81-468a-8a44-5296d5f3bbab,,2026-08-28,17,new_lt30,,,false,false
91657c5f-6041-4040-8e7a-6fa7def5bbc3,,2026-08-28,17,new_lt30,2026-09-24,tiktok,true,false
9d729a19-7213-466e-a54f-9b65c5b86c6d,,2026-08-28,17,new_lt30,,,false,false
a0cd8eef-c394-40fb-ba4f-e51b56ae6153,,2026-08-28,17,new_lt30,,,false,false
bbbf2128-4fed-459d-a33d-64903ee3321d,,2026-08-28,17,new_lt30,,,false,false
bc288f2c-8d9b-4c54-b6fc-80cb64beb3f7,,2026-08-28,17,new_lt30,,,false,false
ca1e3223-1120-4cfa-a15e-c26cfe17540d,,2026-08-28,17,new_lt30,,,false,false
f51141c5-9db3-419b-8464-a6dd0476d364,,2026-08-28,17,new_lt30,,,false,false
1c80a01f-e770-4ecc-ba99-e2d282105dad,,2026-08-29,16,new_lt30,,,false,false
3067ecb9-f743-46a4-ac0d-4aef83b9503c,,2026-08-29,16,new_lt30,,,false,false
376d6088-2e7f-46e5-b774-0ffabe536842,,2026-08-29,16,new_lt30,,,false,false
407b30fa-ef8f-448d-8bf6-0b0cf586a2b6,,2026-08-29,16,new_lt30,,,false,false
b0064915-d607-466f-9d97-78c2b43c7965,,2026-08-29,16,new_lt30,,,false,false
becdcdf1-a11c-47cd-aadb-d98d1c9fc2ae,,2026-08-29,16,new_lt30,,,false,false
c5977dae-2906-4772-af43-78cac5f7e9fa,,2026-08-29,16,new_lt30,,,false,false
c5b5a33e-ab5a-46c3-8bcd-db577abad9ae,,2026-08-29,16,new_lt30,,,false,false
d9f67c0d-4ca5-4c3c-861e-fecb3b5a828a,,2026-08-29,16,new_lt30,,,false,false
e97b0bfa-c561-4ad2-85f9-b27f670cc20a,,2026-08-29,16,new_lt30,,,false,false
e9d7ab4c-75fb-4987-81bc-b0be937eef57,,2026-08-29,16,new_lt30,,,false,false
14e744f1-5201-445e-b6e2-bcfb125163ef,,2026-08-30,15,new_lt30,2026-09-27,tiktok,true,false
266c198e-0ace-47a3-b0fe-2906bdae19d2,,2026-08-30,15,new_lt30,2026-09-28,tiktok,true,false
55845f61-da4f-427c-9642-04882f26a84b,,2026-08-30,15,new_lt30,,,false,false
94d91641-9e38-4b76-9a34-9532c81b269a,2026-08-30,2026-08-30,15,new_lt30,,,false,false
9f4ed081-3077-4db3-a1f2-38d364faf619,,2026-08-30,15,new_lt30,,,false,false
a2cd8ba0-7d9d-4e9c-b5f8-1c8f98a54429,,2026-08-30,15,new_lt30,,,false,false
b0efb865-bf14-45a5-a8f6-ad07c94a81fd,,2026-08-30,15,new_lt30,,,false,false
b14ad769-ce9c-4d3e-9ac1-841d20b1affe,,2026-08-30,15,new_lt30,,,false,false
ea7c9117-e475-4926-b422-006d063d4a62,,2026-08-30,15,new_lt30,2026-09-15,tiktok,true,false
057fe6ff-38a6-4058-922b-eaa08b0219a5,,2026-08-31,14,new_lt30,,,false,false
0d37dec9-1455-4aac-9769-66dfe24b5b7f,,2026-08-31,14,new_lt30,,,false,false
1558f42b-97a8-4b3b-839c-e5e805c44e31,,2026-08-31,14,new_lt30,,,false,false
263fdcb3-d1d8-4888-9d33-e2f476d810fc,,2026-08-31,14,new_lt30,,,false,false
3093b9e2-7f90-445e-aba2-61d94dfd14dd,,2026-08-31,14,new_lt30,,,false,false
4418d1bb-6ee5-417f-8899-244aec0f372e,,2026-08-31,14,new_lt30,,,false,false
4fbe68c4-c19f-4c04-99d6-ff12ab611789,,2026-08-31,14,new_lt30,,,false,false
534d4a1d-4d0d-45e7-9d4d-714fad056e2c,2026-08-31,2026-08-31,14,new_lt30,,,false,false
5909e367-379d-4a31-9ee8-38912104dbbd,,2026-08-31,14,new_lt30,,,false,false
61f9dfa2-f05e-49f0-aced-192ca540e6af,,2026-08-31,14,new_lt30,,,false,false
87e37490-3e39-4bc2-a2c6-cf15bd16d312,,2026-08-31,14,new_lt30,,,false,false
f6009935-29f1-452c-94b0-253e71ce4bc0,,2026-08-31,14,new_lt30,,,false,false
f777195a-872e-4f6a-b297-47f39d662cf7,,2026-08-31,14,new_lt30,2026-09-19,tiktok,true,false
03b607e2-438b-4898-8f00-74fd903fa783,2026-09-01,2026-09-01,13,new_lt30,,,false,false
0ac40074-634b-4477-be31-62c980de4ed5,2026-09-01,2026-09-01,13,new_lt30,,,false,false
1611137c-5058-45f9-87b0-9ac220faa2c4,,2026-09-01,13,new_lt30,,,false,false
3d834f33-9992-4163-83ed-e6a2da96fe0e,,2026-09-01,13,new_lt30,,,false,false
3fb80d4d-6540-4b1b-9320-861e869c48e5,,2026-09-01,13,new_lt30,,,false,false
5c8bcfc5-5286-4509-a28f-3343c6904a98,,2026-09-01,13,new_lt30,,,false,false
802ef52e-ccbc-437e-988c-a33ed57fe2f1,,2026-09-01,13,new_lt30,,,false,false
9916605f-e675-4d3f-b344-610a86fa61f8,,2026-09-01,13,new_lt30,,,false,false
a7ed5845-4cc3-4e48-bce1-95f798d375b4,,2026-09-01,13,new_lt30,2026-09-18,tiktok,true,false
b94e3388-992a-4661-8ace-124fe1989bbc,,2026-09-01,13,new_lt30,2026-09-26,tiktok,true,false
bbd0fa31-bc9f-4a55-b42c-5bd3afc3201a,2026-09-01,2026-09-01,13,new_lt30,,,false,false
c37f14ef-6692-406c-9211-912fbadb5dc0,,2026-09-01,13,new_lt30,,,false,false
c6a6665f-bbdd-4f0b-902d-5eeda7d4b811,2026-09-01,2026-09-01,13,new_lt30,,,false,false
c9dc49df-19ff-47b9-a7a9-2b35d777800d,,2026-09-01,13,new_lt30,,,false,false
ccfca185-92e3-4f0c-b633-165d2941e3e5,,2026-09-01,13,new_lt30,,,false,false
ce513b63-b4ad-4949-9f22-fe5a60c65d7a,,2026-09-01,13,new_lt30,,,false,false
e0367b86-c1cd-4399-937d-f89be7072e53,,2026-09-01,13,new_lt30,,,false,false
ebe35c12-a7e4-4dea-bacc-f0e69d0fe230,,2026-09-01,13,new_lt30,,,false,false
f64b6aff-3026-4f43-bd2d-e688b84b9851,,2026-09-01,13,new_lt30,,,false,false
001fa0d3-aabb-4578-913b-cd865b249ab7,,2026-09-02,12,new_lt30,,,false,false
0cdbb23e-3567-40bb-af29-cb59d08acecd,,2026-09-02,12,new_lt30,,,false,false
391880ae-4912-4953-8bf7-1dd8e1481db1,,2026-09-02,12,new_lt30,,,false,false
458547a6-2a62-4420-ab85-a53b2d37d066,,2026-09-02,12,new_lt30,,,false,false
46869f7b-6bf6-4157-a500-bff72d328245,,2026-09-02,12,new_lt30,2026-09-16,tiktok,true,false
4b136d53-e14b-4fb4-93c2-e77d03978fb4,,2026-09-02,12,new_lt30,,,false,false
523038fd-b594-4f69-b4f5-f254febff048,,2026-09-02,12,new_lt30,,,false,false
56dfcd43-bae6-42ae-a8ae-7e8473a8c235,,2026-09-02,12,new_lt30,,,false,false
5af41643-0000-472a-9352-de200429d8d5,,2026-09-02,12,new_lt30,,,false,false
6ad65fc3-0b8e-4b34-a778-624d80b5200b,,2026-09-02,12,new_lt30,2026-09-18,tiktok,true,false
75bdb9be-d318-440e-9c15-7ca0e980fb0d,,2026-09-02,12,new_lt30,,,false,false
7c349189-79b8-411e-b8ad-87997188867a,,2026-09-02,12,new_lt30,,,false,false
81642b67-0c34-4d1b-be36-4ced7f7ede10,,2026-09-02,12,new_lt30,,,false,false
8b7050d1-f3eb-4ff8-9943-415fd1661ba0,,2026-09-02,12,new_lt30,,,false,false
9c0ca5fb-98b7-40a7-b647-5f47b398f417,,2026-09-02,12,new_lt30,,,false,false
9c6e44dd-9326-48b9-a142-19aaf6d9f882,,2026-09-02,12,new_lt30,,,false,false
9fd02af3-9398-4094-ae4f-3732d05763db,,2026-09-02,12,new_lt30,,,false,false
a1926fd9-fdc6-47cc-a73a-1e5ca0f7e574,,2026-09-02,12,new_lt30,,,false,false
a81a96ef-10c5-410d-96ec-d759ac6452e8,,2026-09-02,12,new_lt30,,,false,false
bd11bfa7-4bec-4edf-b1c9-3db56fbae539,,2026-09-02,12,new_lt30,,,false,false
be0a3ee4-c668-445b-9774-85581b24c015,,2026-09-02,12,new_lt30,,,false,false
c75bd4ae-2f46-47a7-8ad2-91f326c9e69a,,2026-09-02,12,new_lt30,2026-09-27,tiktok,true,false
cee38ac5-4ae8-4bda-bdc9-ab0064b60bee,,2026-09-02,12,new_lt30,,,false,false
d80d85a9-4e8f-49ec-944f-4052959583c1,,2026-09-02,12,new_lt30,,,false,false
f9263031-3dca-4b00-abda-6d91ffceb827,,2026-09-02,12,new_lt30,,,false,false
048bfaae-9ce4-41f8-9201-d256f012b90e,,2026-09-03,11,new_lt30,,,false,false
26a696dc-dc8e-439f-9032-14fab00538cd,,2026-09-03,11,new_lt30,,,false,false
296fc1f8-a37e-4e08-a917-bc9ecb72dd9d,,2026-09-03,11,new_lt30,2026-09-22,tiktok,true,false
34eed323-11b3-4d56-a84a-e0caadb2599b,,2026-09-03,11,new_lt30,,,false,false
3ca083c4-0ede-4d66-abf2-f8a408e03eb5,,2026-09-03,11,new_lt30,,,false,false
3e00ef27-29f2-4ce7-9266-a4ece82ba30d,,2026-09-03,11,new_lt30,,,false,false
3e0313d9-3e79-42ee-bd44-b9438a78bfb7,,2026-09-03,11,new_lt30,,,false,false
3f55e0d7-216a-46a4-b30c-55dac9194c6e,,2026-09-03,11,new_lt30,,,false,false
8c4c9ddc-e365-458a-91d3-d6978f71cecf,,2026-09-03,11,new_lt30,,,false,false
90452a55-0534-4752-bddb-1c12ed7775e8,,2026-09-03,11,new_lt30,,,false,false
add53c1d-1816-4585-9320-38361aef30b0,,2026-09-03,11,new_lt30,,,false,false
b997af8a-cb24-4533-b0e4-89ce9915ce78,,2026-09-03,11,new_lt30,,,false,false
bfbd3eee-1c16-4eac-8e13-42dbf82354bf,,2026-09-03,11,new_lt30,,,false,false
d1cefddc-0af2-40e6-bbc6-08ca849f40af,,2026-09-03,11,new_lt30,,,false,false
d3d2802b-3f81-4849-8f2c-6a22b5ec5d08,,2026-09-03,11,new_lt30,2026-09-16,tiktok,true,false
d4784d7f-a06c-488f-aa3e-a65675dc2d95,,2026-09-03,11,new_lt30,,,false,false
e18b730d-478c-4675-ac5e-6edcc27ba82e,,2026-09-03,11,new_lt30,,,false,false
e370bd67-50fb-46d7-9222-89db8b9e20ba,,2026-09-03,11,new_lt30,,,false,false
e6315caf-e8f6-444c-aeac-b51307ff4c09,,2026-09-03,11,new_lt30,,,false,false
e6af3775-439e-4a35-86ea-29c329887322,,2026-09-03,11,new_lt30,,,false,false
ed69b044-21ac-41d2-ac6a-65b9173eec32,,2026-09-03,11,new_lt30,,,false,false
0f93cb18-99e6-49e1-bfb2-af4a8431a4fc,,2026-09-04,10,new_lt30,,,false,false
192e0721-32be-4097-96ca-4b793bf53d91,,2026-09-04,10,new_lt30,,,false,false
1b008657-020e-46ba-837b-4506a2136e66,,2026-09-04,10,new_lt30,,,false,false
3275beb8-d45d-4c9b-bf91-5558cad4148f,,2026-09-04,10,new_lt30,2026-10-02,tiktok,false,false
33397a72-cdbd-48c5-965b-0d14b6c12b61,,2026-09-04,10,new_lt30,,,false,false
3bce2ff6-ea4b-453c-ad11-7adb7b1f222e,,2026-09-04,10,new_lt30,,,false,false
4363e686-022e-49b1-ac2a-93b7ee98673a,,2026-09-04,10,new_lt30,,,false,false
5b534cff-6680-4dcc-9b37-0d6a6901d868,2026-09-04,2026-09-04,10,new_lt30,,,false,false
82cea91d-4d81-4a91-9562-ae0961623b14,,2026-09-04,10,new_lt30,,,false,false
92d7eff2-cf51-4b9d-baae-2b2b56ef4142,,2026-09-04,10,new_lt30,,,false,false
95f0ce92-9c39-4d92-85a6-889fdc099070,2026-09-04,2026-09-04,10,new_lt30,,,false,false
9f57f45b-0f1b-4e96-b81f-39f5a222cba9,,2026-09-04,10,new_lt30,,,false,false
a8b51452-7834-4496-a456-7ff14613f846,,2026-09-04,10,new_lt30,,,false,false
b7d7d6ca-706f-4c2e-a188-becdea6893b3,,2026-09-04,10,new_lt30,,,false,false
bb4ff5c4-727d-489e-80cb-2093edeb1acf,,2026-09-04,10,new_lt30,,,false,false
bc1a19d7-8b0d-4434-9103-d8ee1a9524c6,,2026-09-04,10,new_lt30,,,false,false
be1d6b91-615f-4a29-a7e7-a5bdad16fec6,,2026-09-04,10,new_lt30,,,false,false
e23ab6cc-7537-485a-88af-4cad6dfb68b8,,2026-09-04,10,new_lt30,,,false,false
fb3b7443-75c9-468c-86f8-32b72234599d,,2026-09-04,10,new_lt30,,,false,false
03a1b942-d73a-4441-b2d7-8d1c6cac0e2f,,2026-09-05,9,new_lt30,,,false,false
dc6f4a1d-7ca7-42b8-8d7c-1a7bbfe8b052,,2026-09-05,9,new_lt30,2026-09-28,tiktok,true,false
fa365159-54cb-417d-9517-f3ea87f4e637,,2026-09-05,9,new_lt30,,,false,false
06d64b3c-72a0-404d-b352-c7795de0c7f1,2026-09-06,2026-09-06,8,new_lt30,,,false,false
15a27b29-af69-4818-bf1a-00f5cdb4cb0f,,2026-09-06,8,new_lt30,,,false,false
6b401716-8b59-46e5-952a-54c747f25f8e,,2026-09-06,8,new_lt30,2026-09-21,tiktok,true,false
972e2f65-c34b-4c58-8416-909eff22f8fd,2026-09-06,2026-09-06,8,new_lt30,,,false,false
aaf576b2-7958-4bc6-ba2b-f21cb8b2a998,,2026-09-06,8,new_lt30,,,false,false
d781e785-1f17-4edb-915c-99b58d3b9056,,2026-09-06,8,new_lt30,,,false,false
dae367bc-e918-47ae-ae29-c811bf57bdd9,,2026-09-06,8,new_lt30,,,false,false
fa5f6ab3-8bd9-4637-8565-2ec4b66c60fe,,2026-09-06,8,new_lt30,2026-09-26,tiktok,true,false
1962bb1a-518a-4e6e-b60d-38bdab87fc80,,2026-09-07,7,new_lt30,,,false,false
2dde3877-bf4a-4c09-8491-1fd97c1631b0,,2026-09-07,7,new_lt30,,,false,false
43564265-adc9-4087-b2ac-0990a7d63b0c,,2026-09-07,7,new_lt30,,,false,false
49f233f0-34ad-48a7-aa22-00da8c62e2ab,,2026-09-07,7,new_lt30,,,false,false
5627f905-8d59-41e9-97ee-9c3c6956a663,,2026-09-07,7,new_lt30,,,false,false
59f0cb88-999e-4e8b-8093-eabe1b0fbba2,,2026-09-07,7,new_lt30,,,false,false
6dc67de5-3329-4cd3-9be9-11b559793770,,2026-09-07,7,new_lt30,,,false,false
787badc8-addb-491f-b020-8c0ec82b47d9,,2026-09-07,7,new_lt30,2026-09-16,tiktok,true,false
83055dcd-ee71-4623-adb5-b2ff8ae9cd49,,2026-09-07,7,new_lt30,,,false,false
89d60681-cd7e-4df2-9515-d44fde1d6533,,2026-09-07,7,new_lt30,,,false,false
9736dc01-6af6-41bd-b5a2-2e6614423400,,2026-09-07,7,new_lt30,,,false,false
9cb41426-ee6d-45ee-a5bb-0b84ac187e21,,2026-09-07,7,new_lt30,,,false,false
a5c42777-5826-44bf-90a7-23a7350dc72a,,2026-09-07,7,new_lt30,,,false,false
db0bc79b-7319-4b1d-8c44-2f1c80f028a2,,2026-09-07,7,new_lt30,,,false,false
f852b66e-8e1f-4e0e-91e5-ad1a8ff47b67,,2026-09-07,7,new_lt30,,,false,false
038360a1-96fb-4ab2-862a-88cb67a94233,,2026-09-08,6,new_lt30,,,false,false
1a5d56cd-6491-44d5-b8f1-e480c6d62452,,2026-09-08,6,new_lt30,,,false,false
25e9cea6-1fc3-4e37-b1e3-5ca8888dce4d,,2026-09-08,6,new_lt30,,,false,false
29ca3968-2e0b-429d-86ab-cdba720ad2f7,,2026-09-08,6,new_lt30,2026-09-17,tiktok,true,false
401c5d6d-de94-4476-b313-6963d772db4e,,2026-09-08,6,new_lt30,,,false,false
41a0c527-1962-4504-8ec1-15e43f511b88,,2026-09-08,6,new_lt30,,,false,false
54adbe22-3843-4d97-8da3-3fa0fddf1b80,,2026-09-08,6,new_lt30,,,false,false
5c581619-5464-441c-94e4-b0123382fbd2,,2026-09-08,6,new_lt30,,,false,false
6aae061b-3148-4ca1-bc45-5947804ba4c0,,2026-09-08,6,new_lt30,,,false,false
79b36936-d386-4bca-8203-ae07c9dc2325,,2026-09-08,6,new_lt30,,,false,false
7f5960d3-57cb-4aa9-9438-5bd24c7dcbc2,,2026-09-08,6,new_lt30,2026-09-15,tiktok,true,false
aa741118-646f-4b0f-8e77-dcca105d6bc1,,2026-09-08,6,new_lt30,,,false,false
ab44f826-4049-49ce-98de-b6a2c2c53941,,2026-09-08,6,new_lt30,2026-09-21,tiktok,true,false
b098a024-ca99-40b7-aefc-8b49456ec582,,2026-09-08,6,new_lt30,,,false,false
c333ee63-2856-48dd-863d-467c5bd038eb,,2026-09-08,6,new_lt30,,,false,false
0dcdbce5-09a7-478a-bc60-50ad85b80eca,,2026-09-09,5,new_lt30,,,false,false
10b71bb4-f551-4dbb-a9f9-a704e07daf8f,,2026-09-09,5,new_lt30,,,false,false
206d4312-a1fb-4df6-8e9a-19d19917c0e8,,2026-09-09,5,new_lt30,2026-09-29,tiktok,false,false
2298b2cb-2832-44f2-b850-f19774c2b7bd,,2026-09-09,5,new_lt30,,,false,false
4b00f501-7f3f-47ba-b5d1-f66a8d9715b6,,2026-09-09,5,new_lt30,,,false,false
819cb16c-bc3f-412c-8a64-931b64ec5b09,,2026-09-09,5,new_lt30,,,false,false
91ebaeab-1b11-4379-8af5-8b8ceb89c1c5,,2026-09-09,5,new_lt30,,,false,false
9a6c233e-3033-4d92-8dba-78c415a6184c,,2026-09-09,5,new_lt30,,,false,false
b0c8ff34-5a89-473c-9a78-ad54645b8a1d,,2026-09-09,5,new_lt30,,,false,false
b7d57e96-bea3-4aaf-a32f-6d616f553219,,2026-09-09,5,new_lt30,,,false,false
cec04686-168d-4afa-8723-92f0d5680179,,2026-09-09,5,new_lt30,,,false,false
d7fc189a-8495-4067-a4bb-c87450f1b425,,2026-09-09,5,new_lt30,,,false,false
de99443e-e624-4039-97cd-9c02efc88d8f,,2026-09-09,5,new_lt30,,,false,false
aabf198b-da43-463d-a628-42901b8dda55,,2026-09-10,4,new_lt30,,,false,false
ca039051-65d5-4d76-b1cc-862b90ddf01e,,2026-09-10,4,new_lt30,2026-09-15,tiktok,true,false
30a57bfb-f60b-4bf0-b25e-566378c6ff09,2026-09-11,2026-09-11,3,new_lt30,,,false,false
3af3bdc3-2e70-4e9b-9915-1fc29a1c9f8c,,2026-09-11,3,new_lt30,,,false,false
80e0cb8b-8c6a-4c23-8255-6d175b3f87ae,,2026-09-11,3,new_lt30,,,false,false
94b24184-83f8-48a9-8e77-886b1510d89a,2026-09-11,2026-09-11,3,new_lt30,,,false,false
99c29d39-406a-4e54-b0a1-c9ae1da901da,,2026-09-11,3,new_lt30,,,false,false
a1488043-538e-4eba-9251-d59928f60770,,2026-09-11,3,new_lt30,,,false,false
b211f3c9-8092-4d99-98bb-4c998d997851,,2026-09-11,3,new_lt30,,,false,false
f1f929d8-bab9-491e-a399-e54f4ef9c2a1,,2026-09-11,3,new_lt30,,,false,false
f5ed46c1-2c94-4d8a-b5b8-c54096898bfa,,2026-09-11,3,new_lt30,2026-09-18,tiktok,true,false
16905634-5ab1-41cd-bfc3-804c6cf38cf4,,2026-09-12,2,new_lt30,,,false,false
21eba20c-a6c6-4427-b2cc-60acefb15d17,,2026-09-12,2,new_lt30,,,false,false
3c9d2c21-a601-4606-b560-04b73a48fccc,,2026-09-12,2,new_lt30,,,false,false
644ac4ad-5fce-45a5-b2c1-ea1dcd607090,,2026-09-12,2,new_lt30,2026-09-22,tiktok,true,false
860c42fc-8628-450c-9847-18c5d4e8b1d4,,2026-09-12,2,new_lt30,,,false,false
8ae5eea2-d547-4b2e-8c89-5149fc96f9c2,,2026-09-12,2,new_lt30,,,false,false
8de056fd-6512-44e4-bde7-457dd750ed1b,2026-09-12,2026-09-12,2,new_lt30,2026-09-29,line_oa,false,false
a3ea79d1-9388-4b64-abb4-bcea5ec7e63e,,2026-09-12,2,new_lt30,,,false,false
c93ff131-ef71-4bac-8cd3-e37ae7ea5c0e,2026-09-12,2026-09-12,2,new_lt30,2026-09-23,line_oa,true,false
d0bcde20-e990-4e68-98ca-90e4faffc0a3,2026-09-12,2026-09-12,2,new_lt30,,,false,false
01d58afc-0026-44bd-abc1-00c6e652ff94,,2026-09-13,1,new_lt30,,,false,false
07f30fe4-c31d-40a8-99ce-dfbc3a48a621,,2026-09-13,1,new_lt30,,,false,false
1db02bfa-d770-47b4-be13-26ae1bf12ffa,,2026-09-13,1,new_lt30,,,false,false
20692963-0d2f-4c6b-a5a9-2efea66e1696,,2026-09-13,1,new_lt30,,,false,false
34073454-c9aa-4362-95ff-647fa7c455d9,,2026-09-13,1,new_lt30,2026-09-17,tiktok,true,false
4a3f0e05-404d-4333-9646-2d8f8a907b44,,2026-09-13,1,new_lt30,2026-09-16,tiktok,true,false
7ad1434d-7f07-475d-93bb-632152947c0d,,2026-09-13,1,new_lt30,2026-09-17,tiktok,true,false
8780afcd-95fe-44df-8938-e5a6145de5ff,,2026-09-13,1,new_lt30,,,false,false
9283bcaa-d774-45e1-b4cf-6b4817a6758e,,2026-09-13,1,new_lt30,,,false,false
b7260342-9d22-42d4-b1ca-7cda60901284,2026-09-13,2026-09-13,1,new_lt30,,,false,false
b83b377e-0087-4a7c-83b1-bbd4f641d847,,2026-09-13,1,new_lt30,,,false,false
001ae90d-f9ee-4b22-a429-6c4461329527,,2026-09-14,0,new_lt30,2026-09-28,tiktok,true,false
023323c8-d1a5-4bf4-a6b4-bd4fdcd5e47f,,2026-09-14,0,new_lt30,,,false,false
027777a7-ad62-44b4-93e5-d626ec90dcd3,,2026-09-14,0,new_lt30,2026-09-18,tiktok,true,false
0931fda4-a83d-4b73-88de-06c251fc08d4,,2026-09-14,0,new_lt30,2026-09-17,tiktok,true,false
27d8ae68-cda0-4cca-9b04-9bb4ffa6538d,,2026-09-14,0,new_lt30,,,false,false
2a43d34a-c05a-4006-aa70-aca7849f34b4,,2026-09-14,0,new_lt30,,,false,false
2f101f34-3594-4e0d-9288-2519a3fbe8f4,,2026-09-14,0,new_lt30,,,false,false
2f833a55-30de-4079-b597-f4a15712be14,,2026-09-14,0,new_lt30,,,false,false
4d3db0bd-fbcc-4f61-bf5b-29dc4b59f2a0,,2026-09-14,0,new_lt30,,,false,false
7355b417-97b9-4184-bb86-9b15c13e1b0c,,2026-09-14,0,new_lt30,,,false,false
7de800db-9f3e-4fd7-a82b-4a8adf408df0,2026-09-14,2026-09-14,0,new_lt30,,,false,false
7fefcb86-2d93-4f93-9ada-3390fd609dae,,2026-09-14,0,new_lt30,,,false,false
881970dd-1d02-4a6a-b9e8-006080aa2970,,2026-09-14,0,new_lt30,,,false,false
93731d98-c987-49ea-81a6-836c168ec90c,,2026-09-14,0,new_lt30,2026-09-17,tiktok,true,false
c31b9300-eb62-4b78-83c2-ea3a89558275,,2026-09-14,0,new_lt30,2026-09-28,tiktok,true,false
ed01446d-f459-4493-8946-860e31f6d046,,2026-09-14,0,new_lt30,,,false,false
f4105567-8f53-4733-a32f-4fdd2d2aa2fa,,2026-09-14,0,new_lt30,2026-09-15,tiktok,true,false
f42ef39f-f8d1-4b92-af96-5dee9eed6825,,2026-09-14,0,new_lt30,,,false,false
