customer_id,line_proxy_first_order,last_order_before_freeze,order_count,returned_at,returned_channel,returned_within_14d,in_d_and_f
31f41eee-0076-45ea-9a35-3b1ab46a0366,2026-01-06,2026-01-06,1,,,false,true
7a24eb81-f9dd-4e2c-bb52-41d65745a00a,2026-01-06,2026-01-06,1,,,false,true
7a718e80-25f2-4c6e-891a-cea62e1519d5,2026-01-06,2026-01-06,1,,,false,true
9577a0fc-f462-48d9-915a-cabb51f8edeb,2026-01-06,2026-01-06,1,,,false,true
fc77947e-35aa-44ab-bfe8-5663f72fc555,2026-01-06,2026-01-06,1,,,false,true
08c95557-ab58-4537-890c-9a1aee0eb5af,2026-01-07,2026-01-07,1,,,false,true
0af3cc8e-5363-48cc-a5cd-2547fb51d5cd,2026-01-07,2026-01-07,1,,,false,true
3afeaa4f-5665-46f2-bfca-43370d5c60d0,2026-01-07,2026-01-07,1,,,false,true
4d1d769c-7150-4a77-8911-793e84e79f8b,2026-01-07,2026-01-07,1,,,false,true
50f341d6-7e20-4341-8836-75eac3fe5c29,2026-01-07,2026-01-07,1,,,false,true
683378c4-23e1-4efc-bc84-12d7344615d9,2026-01-07,2026-01-07,1,,,false,true
a59e0946-cd4d-4e86-9fda-c2abb677fa2b,2026-01-07,2026-01-07,1,,,false,true
b295e11a-3d00-46c0-a4f1-d48b35779802,2026-01-07,2026-01-07,1,,,false,true
ebd8495b-aa45-45c0-8e5c-57ff64954a32,2026-01-07,2026-01-07,1,,,false,true
f69915b1-7f0b-40e4-aec9-bad3c8d4cfee,2026-01-07,2026-01-07,1,,,false,true
1a75d8f6-abbb-42c2-be6b-9e737e380db6,2026-01-08,2026-01-08,1,,,false,true
381e9eeb-5f10-411d-8f73-7a6307440c86,2026-01-08,2026-01-08,1,,,false,true
5a4b1480-0d08-48d7-806b-a8249f4ab5b3,2026-01-08,2026-01-08,1,,,false,true
94500290-4eab-4456-b121-ea5df6e1ef29,2026-01-08,2026-01-08,1,,,false,true
eb50ee4f-816c-4bde-b83f-2a1d286af925,2026-01-08,2026-01-08,1,,,false,true
05066f1d-8e16-4a40-9a32-ab0c7c1152fe,2026-01-09,2026-01-09,1,,,false,true
839a8395-a284-48ed-9f04-041429f53aa0,2026-01-09,2026-01-09,1,,,false,true
99678f4c-4cbf-41a4-820a-27bcb4645619,2026-01-09,2026-01-09,1,,,false,true
aa6b1de7-fa25-40a0-b0aa-c11a4fe63eaa,2026-01-09,2026-01-09,1,,,false,true
ae59a6fb-19fa-4de7-ad02-ef96789dda7c,2026-01-09,2026-01-09,1,,,false,true
e2a540d2-15df-4c52-ba76-2ce362158e48,2026-01-09,2026-01-09,1,,,false,true
d7ccd786-af91-4e94-908a-235786f6e149,2026-01-10,2026-01-10,1,,,false,true
e3ccedbe-cd10-4c96-914e-3a206d807dd7,2026-01-11,2026-01-11,1,,,false,true
0fbbb022-7c98-4456-b3d4-57194a361c41,2026-01-08,2026-01-12,2,,,false,false
10bdc417-b483-4c68-ab22-a8897bae327a,2026-01-12,2026-01-12,1,,,false,true
32a83331-7390-4689-a2a7-21872b4042c4,2026-01-12,2026-01-12,1,,,false,true
4c7ac551-78ae-47d9-95ef-7d7b3ed5da61,2026-01-12,2026-01-12,1,,,false,true
561dc50f-f219-4a45-aa64-e099c31d30a9,2026-01-12,2026-01-12,1,,,false,true
779387c8-c87d-4cd3-a34e-d66593d41fbd,2026-01-12,2026-01-12,1,,,false,true
7a29331e-9ed6-44aa-b562-4477bc18c6eb,2026-01-07,2026-01-12,2,,,false,false
aab24f14-43d1-409d-85c7-3b72fd21eb61,2026-01-12,2026-01-12,1,,,false,true
adb85879-ac8d-48be-8bb1-9ae45cc34a01,2026-01-12,2026-01-12,1,,,false,true
ae9bb80d-9051-4ec0-a53f-a4d4c6cb746b,2026-01-12,2026-01-12,1,,,false,true
c3a64b64-c7dd-49e3-9cf0-86907c6323d7,2026-01-12,2026-01-12,1,,,false,true
15f08664-b97a-4139-83d4-8a4a8bb63051,2026-01-13,2026-01-13,1,,,false,true
345aae8c-285f-4f72-93e6-9bf2ce480a45,2026-01-13,2026-01-13,1,,,false,true
4685b07b-7149-4796-99df-9b35616192ba,2026-01-13,2026-01-13,1,,,false,true
478658d4-83a3-4dd4-beab-c3ef7e722465,2026-01-13,2026-01-13,1,,,false,true
59e1d967-0cac-47e7-ad93-916451149880,2026-01-13,2026-01-13,1,,,false,true
67f026ad-6b2a-46ab-9035-757e863a97f8,2026-01-13,2026-01-13,1,,,false,true
a681944a-28ca-4ae5-b2ce-e9fd450dae40,2026-01-13,2026-01-13,1,,,false,true
ab84d0f4-dabf-4de2-b46a-1311d22f606c,2026-01-13,2026-01-13,1,,,false,true
ababedce-1db3-485d-9d81-d8b152311187,2026-01-13,2026-01-13,1,,,false,true
b4de73f4-bbeb-42da-9dc9-7479ab16ecf8,2026-01-13,2026-01-13,1,,,false,true
c170d3fd-dce3-4f8c-8ad4-1f5023ac7829,2026-01-12,2026-01-13,2,,,false,false
c84b822b-bcc8-419d-afc1-ee9f3c814c81,2026-01-13,2026-01-13,1,,,false,true
d6fdd96a-19ab-4647-b1f1-5ddfd361270d,2026-01-13,2026-01-13,1,,,false,true
dadc3f64-f7ad-48f4-9f2d-506f0d6fd113,2026-01-13,2026-01-13,1,,,false,true
f8d9d813-8d49-4c18-b8e9-166779f4c905,2026-01-13,2026-01-13,1,,,false,true
fd6d9fce-b7dd-4dc8-8f02-2cbee5f5dce7,2026-01-13,2026-01-13,1,,,false,true
3ae3934f-0d56-46a3-9f77-8642d94afb87,2026-01-08,2026-01-14,2,,,false,false
3caa9f7b-3041-4d56-9a09-da3a2d3e2238,2026-01-14,2026-01-14,1,,,false,true
7e70c632-b69d-4742-8e81-9f33eae173b8,2026-01-14,2026-01-14,1,,,false,true
a6eca7ea-c0fe-4feb-81f8-7615119b2a36,2026-01-14,2026-01-14,1,,,false,true
d17a9f1a-7715-4b76-bb83-66ef17ad91eb,2026-01-14,2026-01-14,1,,,false,true
e5a0510f-cef1-4375-8018-8c007cd9033c,2026-01-14,2026-01-14,1,,,false,true
0524f739-36d0-432e-8752-6fd29e49b6a5,2026-01-15,2026-01-15,1,,,false,true
46f67e9c-4f75-4fa5-b344-802cb190fe9c,2026-01-15,2026-01-15,1,,,false,true
4b653f9b-937e-4ecd-9ebc-3b8a55e39154,2026-01-15,2026-01-15,1,,,false,true
91212289-79a5-4e99-8437-d728b06f1cbf,2026-01-15,2026-01-15,1,,,false,true
d68fe84c-86ca-4890-a551-ba9a75909e8e,2026-01-15,2026-01-15,1,,,false,true
93f0e228-6239-49f9-8207-778ecd2db7bc,2026-01-16,2026-01-16,1,,,false,true
ffed2054-618e-4e6b-8ab5-564ea2155c6e,2026-01-16,2026-01-16,1,,,false,true
12373ee0-96b4-49ba-b523-6e0a6d118211,2026-01-17,2026-01-17,1,,,false,true
2edf5d32-c006-4948-bd3e-d5b879eff721,2026-01-07,2026-01-17,2,,,false,false
4976b22b-0a76-4af7-ba0f-72adb588f565,,2026-01-17,1,,,false,true
64dbbbf6-3319-4e96-8d9f-d847d27dcda4,2026-01-17,2026-01-17,1,,,false,true
6a962189-6243-4bea-96ff-20aa4e072482,2026-01-17,2026-01-17,1,,,false,true
76d25c4f-c0f0-4acd-8151-3db5e080dad9,2026-01-17,2026-01-17,1,,,false,true
7dd461c3-5190-4b8c-82a7-19794a101560,2026-01-17,2026-01-17,1,,,false,true
a2b4be4f-1354-4660-a2d4-96fa9bf6ad05,2026-01-17,2026-01-17,1,,,false,true
a61f2bc1-8b2f-4b52-b5fa-5569ddab9336,2026-01-14,2026-01-17,2,,,false,false
ae9102db-16db-4a41-8d1c-bab9aadb173b,2026-01-17,2026-01-17,1,,,false,true
d38f3589-1432-4682-925c-e1ec8a88514c,2026-01-17,2026-01-17,1,,,false,true
eaf50c60-ad23-40d6-828a-46850ea0b047,2026-01-17,2026-01-17,1,,,false,true
6429ccbc-2fd5-473b-95b3-d0cacb5a6080,2026-01-18,2026-01-18,1,,,false,true
1ff09042-e850-4b0f-a432-e895d453618a,2026-01-19,2026-01-19,1,,,false,true
3b7ba9f4-370e-469b-a66e-f60ed1dae1c6,2026-01-19,2026-01-19,1,,,false,true
56675ca9-c1e8-4a47-ac31-cedffa27a129,2026-01-19,2026-01-19,1,,,false,true
706d8646-3ad6-4b99-aa23-abbc0ac50773,2026-01-12,2026-01-19,2,,,false,false
7eb373db-1ad5-44d2-8204-add7568d1a0d,2026-01-19,2026-01-19,1,,,false,true
a8c96d63-2460-4ced-be53-2702895cc577,2026-01-19,2026-01-19,1,,,false,true
d94fa661-e80c-471f-879c-9fd3c74edf2a,2026-01-19,2026-01-19,1,,,false,true
df59d4d7-ed7e-499a-99e1-affec4bd69c6,2026-01-19,2026-01-19,1,,,false,true
1a51becd-37cb-4496-b824-57e321566172,2026-01-20,2026-01-20,1,,,false,true
239f2d18-5185-4642-929e-ef5cfa143b51,2026-01-14,2026-01-20,2,,,false,false
3808b03d-fcb7-4cf7-b34a-0d644f051888,2026-01-20,2026-01-20,1,,,false,true
403eb097-4d4b-4338-af99-608dcdaa906f,2026-01-20,2026-01-20,1,,,false,true
86604fc0-720c-4371-bf8a-6c91fc6c25e8,2026-01-20,2026-01-20,1,,,false,true
91a341e8-9066-492c-b325-013610e8b584,2026-01-20,2026-01-20,1,,,false,true
9d5046a6-0787-4024-9696-eb731a368103,2026-01-20,2026-01-20,1,,,false,true
c1fd436e-51e7-4437-8a50-cb17edce2390,2026-01-20,2026-01-20,1,,,false,true
d2f6fbfd-5187-4a47-b8f3-ca0c8361df1a,2026-01-20,2026-01-20,1,,,false,true
e9a3bc31-668a-40f9-bb57-69dbab8995f1,2026-01-20,2026-01-20,1,,,false,true
e9c15842-6c1b-4181-b544-a065e7198d0e,2026-01-20,2026-01-20,1,,,false,true
f50be706-af45-4722-88af-bd0475b60255,2026-01-20,2026-01-20,1,,,false,true
face6022-3125-4585-86c3-594a20a91a42,2026-01-20,2026-01-20,1,,,false,true
fed5138a-09c1-4e9d-b241-d7080f05a7b5,2026-01-20,2026-01-20,1,,,false,true
47782de8-a6e0-468b-9e59-7eb2e652e3a5,2026-01-21,2026-01-21,1,,,false,true
6bf2fb06-2564-4eee-b455-08de45812543,2026-01-21,2026-01-21,1,,,false,true
a79e541b-2e81-4dfe-b283-ce90a87df5dd,2026-01-13,2026-01-21,2,,,false,false
b56aedf5-0146-428b-8564-43c438727efb,2026-01-21,2026-01-21,1,,,false,true
c5c3b46a-602a-4357-8748-fee0c0754a0e,2026-01-21,2026-01-21,1,,,false,true
e2d9296a-184b-49dc-86f0-ee616c520905,2026-01-21,2026-01-21,1,,,false,true
249fe816-eac5-4a5e-bd78-b412429ad326,2026-01-12,2026-01-22,2,,,false,false
98fe1ef5-e216-4258-bd68-2dca5b22ef1e,2026-01-22,2026-01-22,1,,,false,true
cd1661e3-0d82-4a6d-9f48-4b7f386fbde2,2026-01-22,2026-01-22,1,,,false,true
fc18edd7-5e35-4ea6-99cd-2cc540b8b562,2026-01-16,2026-01-22,2,,,false,false
05c8b0f1-6d13-4a66-a5c9-6762cae03da5,2026-01-07,2026-01-23,3,,,false,false
42269688-bb03-4f65-a36d-95c6a23d449b,2026-01-20,2026-01-23,2,,,false,false
4cc281f9-26a2-4fd5-ad73-be2adea42047,2026-01-23,2026-01-23,1,,,false,true
507dea21-defe-4ca5-89b1-4bc692f97378,2026-01-23,2026-01-23,1,,,false,true
6c553971-3bd6-41e1-9f6d-7709d26b5dca,2026-01-23,2026-01-23,1,,,false,true
826dee49-0aa2-48ff-882c-6ce28d64a8ce,2026-01-23,2026-01-23,1,,,false,true
899036ed-de55-46e8-9412-284f8423126a,2026-01-23,2026-01-23,1,,,false,true
931f8106-b65a-4a4d-8e01-5ba1111f085f,2026-01-23,2026-01-23,1,,,false,true
94d63eb0-c90b-4746-b551-4d1e910b1429,2026-01-23,2026-01-23,1,,,false,true
9c084661-2659-4ca1-88a4-c4b64ea6ec2d,2026-01-09,2026-01-23,2,,,false,false
a8dff52d-4eae-4505-90bb-eebdb618a442,2026-01-23,2026-01-23,1,,,false,true
aec1f692-f32c-4a65-b9ff-e7a24840c99b,2026-01-23,2026-01-23,1,,,false,true
b4f8f1b9-941c-4a27-9b2d-1e34821f999d,2026-01-23,2026-01-23,1,,,false,true
be53d4c1-555d-4a0d-8d91-2319bc1871df,2026-01-23,2026-01-23,1,,,false,true
2d57efda-3196-456c-ae80-d704d6a5ac0f,2026-01-24,2026-01-24,1,,,false,true
2e583916-1040-4bba-8cd4-e326cc87bd43,2026-01-24,2026-01-24,1,,,false,true
3cca833e-0f8d-40bd-b596-50cf32ed87ee,2026-01-24,2026-01-24,1,,,false,true
41cc63f2-f1d3-4070-ad7d-69b17f887020,2026-01-24,2026-01-24,1,,,false,true
504e2407-4eb0-4a95-945e-0aff98e71d0b,2026-01-24,2026-01-24,1,,,false,true
561c41b4-29a9-42f1-8026-a1b5af96cba4,2026-01-24,2026-01-24,1,,,false,true
7ed1a905-9573-4530-b2f0-0319db774f1b,2026-01-24,2026-01-24,1,,,false,true
8487286a-c0ef-446c-85ee-4fe0871ada85,2026-01-24,2026-01-24,1,,,false,true
86622a6b-f2cc-445e-84e9-88cadb9d3957,2026-01-24,2026-01-24,1,,,false,true
92840fce-03bd-4800-8bb3-e66b89a38ac2,2026-01-24,2026-01-24,1,,,false,true
a03f3f85-8d1c-489d-965b-3f16b4001693,2026-01-24,2026-01-24,1,,,false,true
accfd3d3-2129-4005-ba38-12eda121a2ea,2026-01-24,2026-01-24,1,,,false,true
e3b7ebe7-8237-4870-8a1a-f9249cf53458,2026-01-24,2026-01-24,1,,,false,true
f06ec0dc-ef3d-45de-8296-1d3bc4154141,2026-01-24,2026-01-24,1,,,false,true
f6113a54-ae1f-44ac-9397-b16476a21668,2026-01-24,2026-01-24,1,,,false,true
fac98b7d-f6c5-48c2-8d3a-b39edd4370c0,2026-01-24,2026-01-24,1,,,false,true
01aba80e-391e-498e-8e3f-41e609fb7338,2026-01-13,2026-01-25,2,,,false,false
0365de6c-824e-41a0-8eaa-2cc083b17515,2026-01-25,2026-01-25,1,,,false,true
0e18a8ea-4333-411e-b77f-89128d0fc219,2026-01-25,2026-01-25,1,,,false,true
15c33b11-b39b-4794-87f7-1bfe70497b0d,2026-01-25,2026-01-25,1,,,false,true
1831864a-23ea-4c91-b96d-4090b98ebd67,2026-01-25,2026-01-25,1,,,false,true
19ebf035-dd53-420c-b426-090819422ba2,2026-01-25,2026-01-25,1,,,false,true
2aff2b34-8c9a-4f34-ba89-4225dab0a902,2026-01-25,2026-01-25,1,,,false,true
3653da0c-2f3d-4ef7-9b0e-4610a87e658a,2026-01-25,2026-01-25,1,,,false,true
37a70781-fe05-4647-a944-043185fa7a0a,2026-01-25,2026-01-25,1,,,false,true
3dddf3c9-f1aa-418a-8bac-fbd581aac09d,2026-01-25,2026-01-25,1,,,false,true
4462b3ba-0b8d-4f65-898c-7c16457487d5,2026-01-25,2026-01-25,1,,,false,true
49312822-f60d-44ca-ab60-0f26894b838f,2026-01-10,2026-01-25,2,,,false,false
4a94c05a-c189-4563-a2e1-054a240a46d2,2026-01-25,2026-01-25,1,,,false,true
4d0264ad-319c-4eea-a6d0-6809ee75c8c2,2026-01-22,2026-01-25,2,,,false,false
55c57fe4-57e6-47a2-a13b-de726d922ee9,2026-01-25,2026-01-25,1,,,false,true
562fb24d-3ece-4700-aeb0-c645e6e9ed51,2026-01-25,2026-01-25,1,,,false,true
5928e5b3-3e1a-46eb-99ff-27beead28ef2,2026-01-25,2026-01-25,1,,,false,true
5e43a9db-64d9-4a4f-95c0-393ff60aa472,2026-01-25,2026-01-25,1,,,false,true
69804bab-4cff-4872-8f4d-0c5954eed445,2026-01-25,2026-01-25,1,,,false,true
6da493df-93c2-4382-9b8d-02a46929fd64,2026-01-25,2026-01-25,1,,,false,true
7040d6a6-8087-427c-995a-b55b77482f39,2026-01-12,2026-01-25,6,,,false,false
8bea4696-157b-423e-828c-e5e18846738e,,2026-01-25,1,,,false,true
902f21fa-f2b3-4b8d-84df-f68086324e97,2026-01-25,2026-01-25,1,,,false,true
9b5ac5e4-30ee-4a0b-a856-75e787a60999,2026-01-25,2026-01-25,1,,,false,true
b1b72606-1868-41c6-9dca-203c4650f96c,2026-01-25,2026-01-25,1,,,false,true
c1208450-7171-4010-81e2-f4cf0425607c,2026-01-25,2026-01-25,1,,,false,true
cbf592ae-a7e8-4a06-b13b-584d6bdc48ab,2026-01-10,2026-01-25,2,,,false,false
cdcab8b1-d9e9-4ac6-b786-7b4797a6bf20,2026-01-25,2026-01-25,1,,,false,true
e3ef675a-ca89-4631-9d77-c48456021888,2026-01-25,2026-01-25,1,,,false,true
ece571fd-1bc9-4b5e-9a36-7e50791e59db,2026-01-15,2026-01-25,3,,,false,false
f1e7beb7-b4bf-4aed-887f-c00e6de1e041,2026-01-25,2026-01-25,1,,,false,true
008f9aae-d2f7-4e15-a226-6558526b5862,2026-01-26,2026-01-26,1,,,false,true
0608209c-2352-4df0-9db6-0cec64af0bdd,2026-01-26,2026-01-26,1,,,false,true
062f68b4-0459-467d-8f5e-9e92d601bf33,2026-01-26,2026-01-26,1,,,false,true
100b5a9c-833a-43c7-aaba-b2963fd952aa,2026-01-26,2026-01-26,1,,,false,true
11c24f5a-3681-4392-ae2d-c5926c8b5b98,2026-01-26,2026-01-26,1,,,false,true
21f801bd-4b8a-44bb-b152-3dd51a8f4a26,2026-01-20,2026-01-26,2,,,false,false
24a94f1e-1a48-4f9c-a964-dcaa462248f1,2026-01-17,2026-01-26,2,,,false,false
2a0d6ca6-d432-4d14-af8d-c117f18c395b,2026-01-26,2026-01-26,1,,,false,true
2e07ba52-c72c-4bc8-b24a-dd1c4f413400,2026-01-12,2026-01-26,2,,,false,false
4d39c113-4846-497e-b1c1-1dfe72ee2039,2026-01-13,2026-01-26,3,,,false,false
51402985-69a2-409a-81a5-3112daaaddd7,2026-01-26,2026-01-26,1,,,false,true
51468e90-6249-44b1-9643-e29ba0bbc2d8,2026-01-26,2026-01-26,1,,,false,true
574c4a30-efe8-4308-bac2-2d3287f99601,2026-01-26,2026-01-26,1,,,false,true
634c26c2-be07-4b93-89bd-4592ff72d43c,2026-01-26,2026-01-26,1,,,false,true
63f3ef9b-94ab-426e-9bfa-469b30356afb,2026-01-20,2026-01-26,2,,,false,false
7500b504-c94a-4b49-a592-773f244d76f4,2026-01-26,2026-01-26,1,,,false,true
7829d3ec-3d40-4889-8984-4babab45da24,2026-01-26,2026-01-26,1,,,false,true
7c7ffa3b-daea-4332-a4e5-045086b46dd4,2026-01-25,2026-01-26,2,,,false,false
86ef593e-c530-4621-abe6-f69bd4eee478,2026-01-26,2026-01-26,1,,,false,true
90ddb331-a778-4218-a1ea-232e42409556,2026-01-26,2026-01-26,1,,,false,true
921ed9c8-91df-47a4-9b18-51ffb989d454,2026-01-16,2026-01-26,3,,,false,false
93545345-0660-4f46-b369-a6ddd4784fe1,2026-01-26,2026-01-26,1,,,false,true
9496421e-2d3a-4d8c-9948-2e5986cd574f,2026-01-26,2026-01-26,1,,,false,true
9e062149-631c-4c25-b125-1c6dec4e6496,2026-01-26,2026-01-26,1,,,false,true
a7debf3e-914f-49eb-b019-bc4cf280f5a4,2026-01-26,2026-01-26,1,,,false,true
a8740047-ecd5-4278-b93d-561758fcb487,2026-01-26,2026-01-26,1,,,false,true
b25eb40b-8457-4136-97fd-bc46e5fccc3c,2026-01-26,2026-01-26,1,,,false,true
bac8c0e1-853e-4c26-bb72-6f3f9af3ae5d,2026-01-26,2026-01-26,1,,,false,true
bc5f9d25-a9ac-48f6-8237-493012feb803,2026-01-26,2026-01-26,1,,,false,true
bcbe991e-2543-473a-98de-5207b3e118c1,2026-01-26,2026-01-26,1,,,false,true
c1dae6bb-48e9-43c5-a067-3c1c8605d463,2026-01-26,2026-01-26,1,,,false,true
c75e8579-413b-4283-9ccf-e40d96fc1f66,2026-01-20,2026-01-26,2,,,false,false
d0a19bae-10ad-473b-a040-4d5ef5aed83c,2026-01-26,2026-01-26,1,,,false,true
d21e3c24-8b98-4035-9844-804230e3cb69,2026-01-26,2026-01-26,1,,,false,true
d33a08bd-e8a9-4ba9-82d4-7cb1aef0c6fa,2026-01-26,2026-01-26,1,,,false,true
d63dd186-3dcb-4b47-b89a-f9a745360a33,2026-01-26,2026-01-26,1,,,false,true
dcdde39d-da6d-4cfb-acf4-a7611e69869c,2026-01-26,2026-01-26,1,,,false,true
de19e523-e4c4-4f82-a374-3b8a042b7167,2026-01-26,2026-01-26,1,,,false,true
f47e49b4-b073-4617-8d4b-8d280f12af9d,2026-01-26,2026-01-26,1,,,false,true
fbe5d844-91fb-4a11-8e58-48df351edc2f,2026-01-14,2026-01-26,2,,,false,false
fdf2c7df-edf0-453b-a078-f4b4d9a0b94f,2026-01-26,2026-01-26,1,,,false,true
08a22c1e-1647-48e1-a165-cf54b58c2448,2026-01-27,2026-01-27,1,,,false,true
13cd34ee-8d3b-415a-b76b-662b78e0f966,2026-01-27,2026-01-27,1,,,false,true
24ddec2b-b6df-407c-89df-effa7ccb746b,2026-01-24,2026-01-27,3,,,false,false
29756161-2661-4e1e-a6ef-194148de60f1,2026-01-27,2026-01-27,1,,,false,true
2cf2d586-53c9-4213-b0bc-7140980cd9a2,2026-01-27,2026-01-27,1,,,false,true
39acc7fb-489a-4b80-8d2b-d4f44d33ece0,2026-01-27,2026-01-27,1,,,false,true
3b4faa97-f29d-4907-b27e-69278b9cdfde,2026-01-27,2026-01-27,1,,,false,true
3bab7765-dde6-40a5-9873-c62c7ce55ed2,2026-01-27,2026-01-27,1,,,false,true
42bbcbb3-2dc9-431a-95f8-ba7f459b974c,2026-01-27,2026-01-27,1,,,false,true
447addc0-a4fc-400e-921a-ec612fe99870,2026-01-27,2026-01-27,1,,,false,true
47a339a2-5353-41dd-98bb-33f34098070e,2026-01-27,2026-01-27,1,,,false,true
51a8c0cd-0658-4c43-845b-2ce047add128,2026-01-27,2026-01-27,1,,,false,true
52f180ed-4157-4545-9e20-5ec7c0bbf42b,2026-01-27,2026-01-27,1,,,false,true
54e0e0c4-83af-4bc0-b935-f03b12302706,2026-01-27,2026-01-27,1,,,false,true
555ea7e2-3b75-41fc-8610-2950fcf21ed2,2026-01-22,2026-01-27,2,,,false,false
559ab7b8-dcaa-446a-8de2-c50d48a50393,2026-01-20,2026-01-27,2,,,false,false
56bf9d85-cba6-46c4-938d-8d09f2087564,2026-01-27,2026-01-27,1,,,false,true
5faf1847-49b9-421c-b03f-148b152ad1ca,2026-01-27,2026-01-27,1,,,false,true
6060ab1c-feb4-41ed-8084-7850176f669a,2026-01-27,2026-01-27,1,,,false,true
6bb20e9c-16cc-44dd-bb38-b4d072356ff7,2026-01-27,2026-01-27,1,,,false,true
70d9b5d1-4fe6-41b2-a378-c750d583a655,2026-01-27,2026-01-27,1,,,false,true
74ea4c28-a2e2-4ba8-a207-6c52380a4ede,2026-01-27,2026-01-27,1,,,false,true
7518a33b-b954-4994-a8e0-d5e345d14baa,2026-01-26,2026-01-27,2,,,false,false
82047f11-f6df-4d93-b2ce-e1a4ffe24806,2026-01-27,2026-01-27,1,,,false,true
82c0ca28-1997-42f0-9c0c-3cfa1881ccd3,2026-01-27,2026-01-27,1,,,false,true
8d5e79e1-9c35-4137-acfc-f2b48a7865ae,2026-01-27,2026-01-27,1,,,false,true
908dab26-95a8-4c1c-865c-37bfcf10716f,2026-01-27,2026-01-27,1,,,false,true
970f4233-7f5c-46f8-88cc-ec012a5546fb,2026-01-27,2026-01-27,1,2026-09-24,line_oa,true,true
973e222e-a8ad-46b4-866d-cb6fa1f444a4,2026-01-27,2026-01-27,1,,,false,true
981c02a7-7620-45da-b26a-3d89700ad709,2026-01-27,2026-01-27,1,,,false,true
a0537086-fb75-4bda-832a-2cdbcc0736fa,2026-01-27,2026-01-27,1,,,false,true
a0a7331a-dcae-4795-93a6-4cfbe7101d69,2026-01-27,2026-01-27,1,,,false,true
abda18ba-2d1b-45c6-b8f8-92a26dc3e7de,2026-01-27,2026-01-27,1,,,false,true
bb8782a5-9fb1-43f0-aa7a-43c78788ac5d,2026-01-24,2026-01-27,3,,,false,false
bbb8ecd4-9783-4962-8e54-8a14853264a6,2026-01-17,2026-01-27,3,,,false,false
cf57cbee-7b15-4e4d-af9e-514dd2addb92,2026-01-06,2026-01-27,2,,,false,false
d24a11ef-b9ff-4ff6-8b62-d58df08a1edd,2026-01-27,2026-01-27,1,,,false,true
d3bf3db6-7109-488a-94df-6460f8ac3fd0,2026-01-27,2026-01-27,1,,,false,true
d5de6651-8f1d-47fa-9142-b6801a575312,2026-01-27,2026-01-27,1,,,false,true
e7d5e239-7bc9-4e95-a3c6-b608b8c13a15,2026-01-27,2026-01-27,1,,,false,true
eba0f7e8-102b-466a-bb86-3070c9342d56,2026-01-27,2026-01-27,1,,,false,true
ef5654c4-666a-4216-988a-e828ab5a1651,2026-01-27,2026-01-27,1,,,false,true
fb53b49c-b957-4287-9af3-4bc41647270a,2026-01-27,2026-01-27,1,,,false,true
fc6f5e95-3836-4d86-9bd5-f25fc44c7a24,2026-01-27,2026-01-27,1,,,false,true
fd3a1e6f-4c57-4ae7-8e94-93d89c4fa63d,2026-01-27,2026-01-27,1,,,false,true
fdae8c6c-73ef-4369-824c-e1e6a79d4f7a,2026-01-27,2026-01-27,1,,,false,true
00a715fe-b288-487e-b945-0b5e0cd6f85f,2026-01-28,2026-01-28,1,,,false,true
0840312b-bc47-41ec-bf50-81d084a5ae6e,2026-01-20,2026-01-28,4,,,false,false
0e7dd728-47c3-4b8b-8189-16fd2467e095,2026-01-28,2026-01-28,1,,,false,true
0ed5de63-a89b-489b-a1e5-61ac4187a279,2026-01-15,2026-01-28,3,,,false,false
1406f991-51c5-4665-b4c4-9f8b7adcc623,2026-01-28,2026-01-28,1,,,false,true
15fb30fb-ffa0-4a34-82c9-83fbad94af67,2026-01-28,2026-01-28,1,,,false,true
1863ef8a-05ec-4382-beb2-a72848740efd,2026-01-24,2026-01-28,2,,,false,false
1b81b60e-f608-421d-8089-7a8e785e65bf,2026-01-28,2026-01-28,1,,,false,true
1f01e889-9e97-4a5e-b47d-1f502ec7f23e,2026-01-22,2026-01-28,3,,,false,false
28376e5a-2dbb-4401-98a9-d321789b3cbf,2026-01-28,2026-01-28,1,,,false,true
2e0e1e1e-8308-46e2-978d-80fe4fc93bc5,2026-01-28,2026-01-28,1,,,false,true
31503c79-36e8-41d3-8264-d9dc1613a796,2026-01-28,2026-01-28,1,,,false,true
393134e8-6b80-4570-8db3-3f587aace98a,2026-01-24,2026-01-28,2,,,false,false
4047097e-6d35-4ac8-9157-ceeb5bd30d57,2026-01-28,2026-01-28,1,,,false,true
408cfc32-15ed-4be3-9896-8c13743491ba,2026-01-28,2026-01-28,1,,,false,true
420afa38-8de3-400d-a813-07f46a13ceee,2026-01-21,2026-01-28,2,,,false,false
4e76765d-27da-498e-808b-2634ba1d374f,2026-01-28,2026-01-28,1,,,false,true
5369fa5a-e8c4-42c4-bc95-263097428f27,2026-01-07,2026-01-28,2,,,false,false
58a436da-a55a-444e-8a26-1d80b3bbf8ec,2026-01-28,2026-01-28,1,,,false,true
5c671278-ab2d-41ea-b74a-7eeb9dfe8ded,2026-01-28,2026-01-28,1,,,false,true
5cb34cd7-92ed-4c73-9a31-5853969d90dc,2026-01-28,2026-01-28,1,,,false,true
5e764d2c-b543-4784-8b2a-26bd3bcab5c5,2026-01-11,2026-01-28,3,,,false,false
5f49e7c2-8e94-4934-80c1-2c73af0d4591,2026-01-21,2026-01-28,2,,,false,false
6febf296-b33f-4592-8060-e083df4031a5,2026-01-28,2026-01-28,1,,,false,true
7630343a-ff6f-4eed-ac81-0163b6965cc0,2026-01-28,2026-01-28,1,,,false,true
7ffcb4eb-de49-4087-b7b6-67bb68b594ce,2026-01-28,2026-01-28,1,,,false,true
819d3d81-0ece-4adc-990b-0d1a1de76a6a,2026-01-28,2026-01-28,1,,,false,true
86980ab1-67d4-4a22-b009-4e93d7dc6d41,2026-01-25,2026-01-28,2,,,false,false
99ad0bff-f379-4bb0-9633-d0849ae908bc,2026-01-24,2026-01-28,2,,,false,false
9bef3ba7-9a66-4118-85c6-cd1ca76f96f4,2026-01-20,2026-01-28,2,,,false,false
9c3779b7-97cf-44ae-9e60-fd0005d76b5e,2026-01-28,2026-01-28,1,,,false,true
9d00ff62-d741-44bf-aa15-520d6dc711b4,2026-01-28,2026-01-28,1,,,false,true
a14503c9-14ef-4630-be8b-fb045d25c2de,2026-01-28,2026-01-28,1,,,false,true
ab091ebb-6827-4291-9f01-20dc17ac5137,2026-01-28,2026-01-28,1,,,false,true
addb886f-6dfa-4edf-8b9c-caedd51d21fd,2026-01-28,2026-01-28,1,,,false,true
aedb1071-48d0-4ed3-a4a5-d8322fb472f6,2026-01-28,2026-01-28,1,,,false,true
b007a1dc-550f-44d4-974c-110ebffdb7b2,2026-01-22,2026-01-28,3,,,false,false
b3a862be-959d-4345-9d5e-90da5e9633dc,2026-01-28,2026-01-28,1,,,false,true
be7c80a2-b7f1-4931-b716-6d82d60f0dfb,2026-01-22,2026-01-28,2,,,false,false
c627765f-fab6-46ca-90d5-a87c7f024c53,2026-01-13,2026-01-28,2,,,false,false
d108c10d-13f6-465c-9fbc-72434c6126d1,2026-01-28,2026-01-28,1,,,false,true
d5c1e579-a3a7-4a9a-b290-3626e424d25e,2026-01-28,2026-01-28,1,,,false,true
d63f172a-6cbd-4f10-9ac0-e846c6fc7bb3,2026-01-28,2026-01-28,1,,,false,true
d93f2723-4ef6-4e5c-a93b-9d90b394d8fb,2026-01-21,2026-01-28,2,2026-09-19,line_oa,true,false
dd2323b0-8afa-4da1-9456-4ee3e45d9be6,2026-01-28,2026-01-28,1,,,false,true
e38dd480-658e-4dca-90f4-3ba3e8515285,2026-01-24,2026-01-28,3,,,false,false
e5ef4d89-6524-4eb5-857d-53540e74ab7c,2026-01-28,2026-01-28,1,,,false,true
ea94a727-a7cd-4695-ace5-3930e5cfb2c3,2026-01-27,2026-01-28,2,,,false,false
f19a7f5b-d309-48a3-a9c5-b20850f309df,2026-01-28,2026-01-28,1,,,false,true
f64a8552-01e0-4312-81be-23843328510d,2026-01-21,2026-01-28,2,,,false,false
f77c9fcb-c667-489a-9a50-b1cb9af27904,2026-01-12,2026-01-28,4,,,false,false
ff1d6601-9d86-47fc-85bc-f01bdff507cc,2026-01-28,2026-01-28,1,,,false,true
01d091fa-ff12-4a48-a6fd-c1814daf0f84,2026-01-29,2026-01-29,1,,,false,true
0a30fc12-e589-4a61-a0e0-689a5af35eda,2026-01-29,2026-01-29,1,,,false,true
119016f5-deec-4e4b-8c6d-6dcfdd8ba523,2026-01-29,2026-01-29,1,,,false,true
12fb42c3-651d-4e63-b912-2f02ed5fe3bf,2026-01-13,2026-01-29,4,,,false,false
14130d91-6200-49af-bf93-b917ef281e5e,2026-01-29,2026-01-29,1,,,false,true
186b8379-26a4-4351-bd57-f485dc34e98a,2026-01-29,2026-01-29,1,,,false,true
1ddf01f0-39a7-4fa8-a68a-5172ee67667b,2026-01-29,2026-01-29,1,,,false,true
2b0b3061-0c7e-4437-bb2f-dca82bea87c5,2026-01-29,2026-01-29,1,,,false,true
30af07b8-01b2-4e17-9a15-dd5bfe978b10,2026-01-28,2026-01-29,2,,,false,false
32cc8245-5863-4e5a-a8ec-13eb8cdf9cae,2026-01-29,2026-01-29,1,,,false,true
3355b5a5-6735-4cd2-b7fc-2add9965099a,2026-01-25,2026-01-29,3,,,false,false
371e324c-e77d-4509-aabd-e990f76d9e02,2026-01-29,2026-01-29,1,,,false,true
3efbe4cb-11d9-441f-80da-484b0495e742,2026-01-29,2026-01-29,1,,,false,true
463b89a3-a1b8-4f78-ac15-3c4332dde584,2026-01-29,2026-01-29,1,,,false,true
4be9c31f-98b7-48bd-8827-ddecb1312385,2026-01-23,2026-01-29,2,,,false,false
4c1dcf44-5777-42f0-86f0-7b1822432662,2026-01-29,2026-01-29,1,,,false,true
502a29d2-5f17-4f29-9c3d-76a3576b7bc6,2026-01-29,2026-01-29,1,,,false,true
512b6b81-9930-4d82-8e41-3b2e702c293e,2026-01-23,2026-01-29,2,,,false,false
5dc0b68e-e8c2-4cc8-affe-9faf77248232,2026-01-14,2026-01-29,3,,,false,false
6c258a80-9e1b-438b-91b4-8be8a82ded97,2026-01-29,2026-01-29,1,,,false,true
6d6de529-fc10-493f-9ea3-06f6d7b9bbaf,2026-01-26,2026-01-29,3,,,false,false
7446d219-42dc-4bb8-b12f-2c21e79890ac,2026-01-12,2026-01-29,5,,,false,false
7ace910d-5844-431e-9834-87668bf0ea3f,2026-01-29,2026-01-29,1,,,false,true
7d15a658-1625-4052-8847-5bd56ea11d6d,2026-01-14,2026-01-29,2,,,false,false
8086426e-5771-4ee7-b685-696d255c37cb,2026-01-29,2026-01-29,1,,,false,true
8653e65a-21b4-459f-80e5-1a61a1a3e7aa,2026-01-26,2026-01-29,2,,,false,false
89a5832e-9783-4e82-ad02-cac6dd58afb4,2026-01-29,2026-01-29,1,,,false,true
9056b612-1c5d-4d46-8287-b90d16030be3,2026-01-20,2026-01-29,2,,,false,false
952217d4-ec1c-412b-97ff-3a618efdef12,2026-01-29,2026-01-29,1,,,false,true
a53b6e44-aa79-46c2-b488-b7bea8cb38b8,2026-01-29,2026-01-29,1,,,false,true
a7e6bbd6-3c26-406b-9042-a1be23ee27ea,2026-01-29,2026-01-29,1,,,false,true
a884db06-d461-4463-bfe4-c5383b3ed870,2026-01-29,2026-01-29,1,,,false,true
ab2a038e-ca7b-4778-9b26-e29e2c362667,2026-01-06,2026-01-29,7,,,false,false
ac7e724a-febe-493c-a11d-b5972fe6fbbb,2026-01-29,2026-01-29,1,,,false,true
aea63955-4806-429b-a462-cd9ca442f1f6,2026-01-24,2026-01-29,3,,,false,false
afbe5c4d-0e75-4b49-b912-678cd84d1b5d,2026-01-29,2026-01-29,1,,,false,true
b2a60a31-6730-4998-ac3e-b0b42b5874b9,2026-01-29,2026-01-29,1,,,false,true
bb239015-9456-4660-8e75-5464b4806c69,2026-01-29,2026-01-29,1,,,false,true
bbd9c488-1547-45cf-aead-4acfd89c0de7,2026-01-29,2026-01-29,1,,,false,true
c6a88acc-649a-4721-a07a-12a16b7a3b16,2026-01-27,2026-01-29,2,,,false,false
cc174dcb-3de9-401c-a99a-da91b276fa8c,2026-01-29,2026-01-29,1,,,false,true
cd5c0792-f29f-4987-80ec-de5b8af8c171,2026-01-29,2026-01-29,1,,,false,true
d06c632c-9abd-4379-979e-5ced2006fa5e,2026-01-26,2026-01-29,2,,,false,false
d2539a62-5eaa-4bae-950f-df517221a046,2026-01-29,2026-01-29,1,,,false,true
d52e96fb-4d08-4115-a065-bdf10a2cf663,2026-01-29,2026-01-29,1,,,false,true
da6643d3-36dd-4104-bfe8-4bb3b78e818e,2026-01-29,2026-01-29,1,,,false,true
dcf5e309-3b84-4046-a18e-90f5918046ac,2026-01-29,2026-01-29,1,,,false,true
de39b130-cd21-4a16-a4b4-04560ee60482,2026-01-29,2026-01-29,1,,,false,true
df018869-b138-4c3c-892a-4d10b4a90bae,2026-01-29,2026-01-29,1,,,false,true
e1c00df8-3ec4-4eb2-bf3d-18cce83311b1,2026-01-22,2026-01-29,2,,,false,false
e368ecb3-dc84-4342-8e9e-bbae36397091,2026-01-29,2026-01-29,1,,,false,true
e3e4acf1-257a-468c-b5c6-bb5fde0c2547,2026-01-29,2026-01-29,1,,,false,true
e432b504-37de-4ae3-ad0a-853269cc0d59,2026-01-20,2026-01-29,2,,,false,false
e8fe2026-385d-4c49-945d-cc718b0d8513,2026-01-29,2026-01-29,1,,,false,true
ef5483aa-5d03-4a82-826f-104bbc72ede9,2026-01-29,2026-01-29,1,,,false,true
f46127c5-dd2d-487f-98f0-ad9f16321ea6,2026-01-29,2026-01-29,1,,,false,true
00b72f0e-e288-4982-bc45-8c3ecb86ea3b,2026-01-30,2026-01-30,1,,,false,true
2d21aab8-6541-462a-a872-9b75adbc1cdf,2026-01-30,2026-01-30,1,,,false,true
43c772a6-7fd3-4379-b297-5345c6ea3f1c,2026-01-30,2026-01-30,1,,,false,true
44567f4b-90bc-45a8-8daf-1c12d1bfdac0,2026-01-21,2026-01-30,3,,,false,false
44b4ae4c-8a45-4789-bfee-2f8d0acc8b36,2026-01-30,2026-01-30,1,,,false,true
6e018498-3ac3-4fbd-8e9c-8e71338b0125,2026-01-30,2026-01-30,1,,,false,true
8b448f0c-23ab-4bdf-9d62-b505d33b7fcc,2026-01-30,2026-01-30,1,,,false,true
b663dfaa-948a-4920-9da9-357508bf0dec,2026-01-30,2026-01-30,1,,,false,true
b95ca456-4bb7-4916-a88c-9f1c7b06373a,2026-01-30,2026-01-30,1,,,false,true
c3bc3397-dce1-444f-be25-44bd1452bd85,2026-01-30,2026-01-30,1,,,false,true
c994cef7-b040-4684-a3a3-6b413f670fb3,2026-01-30,2026-01-30,1,,,false,true
c9dc394d-aa36-472c-a455-a22994e9e919,2026-01-30,2026-01-30,1,,,false,true
cb904eaf-5047-4646-8275-ac0da0ad66ca,2026-01-13,2026-01-30,2,,,false,false
cd092297-1eba-44e0-bbfe-8d54a28f26bf,2026-01-17,2026-01-30,2,,,false,false
cfd51bc7-ea50-4e66-bc08-357fef4d9e45,2026-01-30,2026-01-30,1,,,false,true
d8f3c0c0-1155-4170-ace9-0346a1bd07b2,2026-01-30,2026-01-30,1,,,false,true
dca29bbb-1561-4564-a506-407a312bcdfc,2026-01-30,2026-01-30,1,,,false,true
e77dd374-2397-4e8f-8157-1cc09730fb89,2026-01-30,2026-01-30,1,,,false,true
f3b31716-eac0-4a02-83d0-eecf0fdf3238,2026-01-20,2026-01-30,2,,,false,false
fe0d2714-7372-4961-b9ef-429f636a28c7,2026-01-30,2026-01-30,1,,,false,true
0d36854c-0ad2-438b-b889-8e342934c62a,2026-01-31,2026-01-31,1,,,false,true
24b6c567-97e8-4209-a1fc-bf79a954f8f8,2026-01-31,2026-01-31,1,,,false,true
34010309-7af7-4842-ad9a-937985741c7f,2026-01-31,2026-01-31,1,,,false,true
37b372a5-6e3a-4964-9d67-83aac710578f,2026-01-31,2026-01-31,1,,,false,true
3feb3454-bd71-4d77-9438-3ed35593ae89,2026-01-31,2026-01-31,1,,,false,true
98ceeeed-708d-4628-bfac-3de7156d5db0,2026-01-28,2026-01-31,2,,,false,false
9de52516-a15f-443b-a5c7-80bfea96385f,2026-01-14,2026-01-31,2,,,false,false
aaf42ee1-8d70-4849-95bd-0b793ad9ccc9,2026-01-29,2026-01-31,3,,,false,false
ab6e274a-4325-4930-b770-4037e14fcb56,2026-01-31,2026-01-31,1,,,false,true
c9b8ab15-1811-4f0b-8239-b8475ea1abe6,2026-01-31,2026-01-31,1,,,false,true
ca24b30f-34e8-4101-b81a-748e51b0141d,2026-01-29,2026-01-31,2,,,false,false
cfe1993c-5cd4-4dd8-8af9-22dbd551ead1,2026-01-11,2026-01-31,2,,,false,false
d71b0683-001f-492b-a8d2-8871847c77f9,2026-01-31,2026-01-31,1,,,false,true
f84c3529-175a-4822-bd54-b0b750642e05,2026-01-31,2026-01-31,1,2026-09-22,line_oa,true,true
4e1c050b-dde1-4bff-b89d-8495e2ec1e05,2026-02-01,2026-02-01,1,,,false,true
c9303a51-bea5-4edd-93b1-c0647b3f4dd1,2026-02-01,2026-02-01,1,,,false,true
075513e3-35fe-4a1d-b16f-550931cfde32,2026-02-02,2026-02-02,1,,,false,true
1ca5e4f9-4b8b-4de8-bce4-b0267fed4375,2026-02-02,2026-02-02,1,,,false,true
4557326f-d708-48b2-b532-b169f2dffc88,2026-02-02,2026-02-02,1,,,false,true
59bb1e2f-717a-49a5-a22c-2021444b7cb3,2026-01-13,2026-02-02,2,,,false,false
67c4bf55-c786-4035-9559-ddead969edd0,2026-02-02,2026-02-02,1,,,false,true
6ad4c7d4-d167-4c76-bd49-250edef37bd6,2026-02-02,2026-02-02,1,,,false,true
726dde42-5818-41d0-8287-ad653cdfd186,2026-01-28,2026-02-02,3,,,false,false
82866eb8-4a8d-48d9-9478-cebedd516995,2026-01-19,2026-02-02,5,,,false,false
a0dc83a2-55fd-43a9-aaa4-bd5fe3a31cac,2026-02-01,2026-02-02,2,,,false,false
af40b15d-2420-4031-94fc-a2243597ddaa,2026-02-02,2026-02-02,1,,,false,true
d20a5d56-61d5-4aa5-873c-3f4232b160c7,2026-02-02,2026-02-02,1,,,false,true
ddf02d49-883a-47d7-b5b4-deb030a9d10b,2026-01-28,2026-02-02,2,,,false,false
2e8536e4-59b9-4b4e-bec7-ce8553bc53fb,2026-02-03,2026-02-03,1,,,false,true
2f02f927-532c-496b-b3a2-ce1dd63be510,2026-01-07,2026-02-03,2,,,false,false
5b774f90-279a-481e-81b6-bcd0c03b551c,2026-02-03,2026-02-03,1,,,false,true
63e205d0-e332-4aab-a2a0-0d92633b976c,2026-01-29,2026-02-03,2,,,false,false
665cae56-e4fd-44b3-a409-b62def0c272c,2026-02-03,2026-02-03,1,,,false,true
6b3f725e-39b4-4bf6-9bbd-ee167f593492,2026-01-06,2026-02-03,4,,,false,false
891fa0d2-2016-4d38-b9e0-8be24ff8232a,2026-01-25,2026-02-03,2,,,false,false
8a2aa4ba-8e47-4cb6-8546-552259e92bf7,2026-02-03,2026-02-03,1,,,false,true
8abb47d4-ed6a-4182-a5d3-39b98695906d,2026-02-03,2026-02-03,1,,,false,true
bb0e1cfd-1d7e-464e-8298-337c3385bb1c,2026-02-03,2026-02-03,1,,,false,true
c3133051-3720-46db-ab90-1ce38eff8349,2026-01-28,2026-02-03,2,,,false,false
e03c71da-7df3-412d-b539-511f6fbafff8,2026-01-15,2026-02-03,4,,,false,false
ea22087d-9444-4505-9edc-2cf69a8d98b8,2026-01-27,2026-02-03,3,,,false,false
ebf6af23-d741-4557-9dc1-211c89537c51,2026-01-29,2026-02-03,2,,,false,false
056968e4-7aaa-47c8-a362-6425b6989a22,2026-02-04,2026-02-04,1,,,false,true
328acc2b-7b32-4cdc-ab50-b7e8012e5113,2026-01-07,2026-02-04,2,,,false,false
439d230d-d3d6-43ef-9e96-bc8799579a86,2026-01-15,2026-02-04,3,,,false,false
4887e70b-24e0-409c-9cd2-ff5e3eb93357,2026-01-26,2026-02-04,2,,,false,false
49710125-81fd-491c-876d-ea6b042aed36,2026-02-04,2026-02-04,1,,,false,true
4cf32696-52d4-4088-81d5-67207b7f4691,2026-01-21,2026-02-04,3,,,false,false
bd968bc5-96e8-4c22-a8b8-d7147ea4d128,2026-02-04,2026-02-04,1,,,false,true
c8904c6a-bbbd-475b-8c8c-74e7c250b932,2026-01-31,2026-02-04,2,,,false,false
cc221a5d-d42d-4878-8908-4415ac63dfb6,2026-01-29,2026-02-04,2,,,false,false
e77504a7-5600-4539-abc7-8c17714d5d00,2026-02-04,2026-02-04,1,,,false,true
ec3bbcfb-eb5d-441c-bf1c-204c0b1650cb,2026-01-23,2026-02-04,2,,,false,false
0152e242-6179-4828-b19c-3082184f6680,2026-01-21,2026-02-05,2,,,false,false
17fd2ee1-631c-4ade-8c2e-814b6234ac5b,2026-02-05,2026-02-05,1,,,false,true
43907d09-911e-4e99-a704-a5cabcb386fe,2026-02-05,2026-02-05,1,,,false,true
4ed905ed-03ae-44f5-9936-f1eea42aa0fa,2026-02-05,2026-02-05,1,,,false,true
50a84bf1-f5d0-44e6-b6dd-b1fd9b9d7361,2026-01-24,2026-02-05,2,,,false,false
64963026-c6f7-4022-9262-e4e5b63f9500,2026-01-27,2026-02-05,2,,,false,false
6f913d08-a37f-45ee-a0dd-e1fedabedb5a,2026-01-07,2026-02-05,3,,,false,false
8079d65d-cee2-4496-ba00-b27897e217fa,2026-02-05,2026-02-05,1,,,false,true
88bfd07b-2249-4f7e-a2aa-e323bd94b2c1,2026-01-08,2026-02-05,2,,,false,false
aae5471d-d62c-47d9-956f-c2e72975cb46,2026-02-05,2026-02-05,1,,,false,true
b806aa1c-5c07-4a70-8553-28afbbacebb8,2026-02-05,2026-02-05,1,,,false,true
bb72f655-9039-4169-8de4-61b8a6efd55f,2026-02-05,2026-02-05,1,,,false,true
be453f51-ae06-46a5-ad9d-e0b7adb0a388,2026-01-25,2026-02-05,3,,,false,false
eb73e91f-6022-4b8a-9b70-cfa88eba75da,2026-01-12,2026-02-05,2,,,false,false
ecc755ba-9516-4ee7-862d-3da9c1e980a0,2026-02-05,2026-02-05,1,,,false,true
1e0c5a88-f68e-4925-a67c-8dabecc5c1ec,2026-01-26,2026-02-06,2,,,false,false
51e0149f-4a9a-4b5d-9e74-e36077e4fc4f,2026-01-29,2026-02-06,2,,,false,false
523fea40-3224-4e54-b703-e00a0a6282d6,2026-01-29,2026-02-06,2,,,false,false
57f1f327-6134-4ed2-b761-fe5327951f85,,2026-02-06,3,,,false,false
5c0c868e-7f24-4a5d-bece-a7df49e20405,2026-02-06,2026-02-06,1,,,false,true
5ed85ab5-dcda-4bd7-835a-e04bd93203f5,2026-01-24,2026-02-06,3,,,false,false
893d0ed3-871e-407d-b159-52570bf59f96,2026-02-05,2026-02-06,2,,,false,false
8b209918-fb04-4a77-92ef-2f33f8253525,2026-02-06,2026-02-06,1,,,false,true
8f985f09-75b8-428e-bdc6-f4e4bca9b443,2026-02-06,2026-02-06,1,,,false,true
14c17036-3c97-4b99-b2b5-f426ef1e7831,2026-02-07,2026-02-07,1,,,false,true
1ad3066c-b78f-4378-93cc-ebe5f2168e58,2026-02-07,2026-02-07,1,,,false,true
ba8b86fa-6fb6-41af-bb4f-e74b6dd4c513,2026-02-07,2026-02-07,1,,,false,true
02109d50-b57e-4f39-bcdd-98773d6714d2,2026-02-09,2026-02-09,1,,,false,true
604fb9f7-25d2-4b18-9519-0e22bc9d711e,2026-02-10,2026-02-10,1,,,false,true
fcfab690-6295-4537-8067-c5fcdbfa23ff,2026-02-10,2026-02-10,1,,,false,true
6e03b085-52d1-4f1a-bef3-f40c6d64c883,2026-02-12,2026-02-12,1,,,false,true
8a7766ba-09ee-4677-bc8b-dc6871bada48,2026-02-12,2026-02-12,1,,,false,true
0b1f30a8-a471-49a0-a99b-ca44fc24e981,2026-02-13,2026-02-13,1,,,false,true
0c58f53e-ba6d-4c8e-9260-adcc578e103d,2026-02-13,2026-02-13,1,,,false,true
107ce7a9-cb8a-494c-b0c9-78fea08dd494,2026-02-07,2026-02-13,2,,,false,false
1b862b0a-b8d5-4d2d-90c0-eb4d4b0e9a83,2026-01-30,2026-02-13,2,,,false,false
3971bf5c-2125-488b-837b-83667e6d3693,2026-01-28,2026-02-13,3,,,false,false
46759838-0188-4ce5-ba79-c896f2ccbf41,2026-02-06,2026-02-13,2,,,false,false
8c6ad0da-4010-4ec6-8ced-d00ecb3540ac,2026-02-13,2026-02-13,1,,,false,true
97bd1076-08f6-4003-bf8d-c5f72f1ce3b2,2026-02-13,2026-02-13,1,,,false,true
bcd622e5-fa46-4413-90b0-5b0ec464e801,2026-02-13,2026-02-13,1,,,false,true
d7aa3c68-6de5-471c-93d4-9e6a9b118cd6,2026-02-13,2026-02-13,1,,,false,true
032b5d73-8f03-4f67-b81f-e85f772a78b3,2026-01-22,2026-02-14,4,,,false,false
2cc05f7f-6cc3-4b9f-964e-441a96d2e269,2026-02-06,2026-02-14,2,,,false,false
39273ac1-9d81-4c1b-9a8a-ef76e3fa03af,2026-01-06,2026-02-14,4,,,false,false
6a077d78-bdc7-4dc2-aa85-ad41079ee6d0,2026-02-14,2026-02-14,1,,,false,true
7dd17f6a-dd7e-4692-89ae-056c7eacd233,2026-02-14,2026-02-14,1,,,false,true
96577fd2-8e52-4959-b27d-d15baacfd59c,2026-02-14,2026-02-14,1,,,false,true
a517997f-853a-4c34-93f4-d20a6dcaaa8e,2026-01-08,2026-02-14,6,,,false,false
fc874a8c-f0d4-4d6e-8abf-e836efc7ff7b,2026-02-14,2026-02-14,1,,,false,true
32cdccf8-c27a-4c51-8966-544a3f631e05,2026-01-07,2026-02-15,2,,,false,false
dd8a24b2-c319-4b58-961f-9f5e44001cb7,2026-01-23,2026-02-15,2,,,false,false
f49cf0fd-0060-41cc-8b60-a70d9e8b59a9,2026-02-02,2026-02-15,2,,,false,false
02ba97c5-ac16-4ec3-8a65-5c4200516384,2026-01-24,2026-02-16,6,,,false,false
14e58a45-83eb-444b-9ebc-edcb1de27f1e,2026-02-16,2026-02-16,1,,,false,true
214650a0-b82f-490d-bb34-658d67b6d90f,2026-01-30,2026-02-16,4,,,false,false
3113d4e5-8c4d-44e0-b799-a6b08e7c6f7e,2026-02-16,2026-02-16,1,,,false,true
42bbb06d-c751-4b2f-bb2d-90ed6e426b8b,2026-01-14,2026-02-16,2,,,false,false
9c0faf97-9540-4a27-817c-0626fa934229,2026-01-06,2026-02-16,3,,,false,false
9eae8232-a7b0-4c77-bc8e-db15daaa21ec,2026-02-16,2026-02-16,1,,,false,true
b8af0aba-d121-4201-b6bd-82552f118728,2026-02-16,2026-02-16,1,,,false,true
100b75fe-9de2-4077-a323-914d38b5e0ba,2026-02-13,2026-02-17,3,,,false,false
338c053e-0075-4cd7-96ee-888afacc1d8f,2026-01-28,2026-02-17,3,,,false,false
c8d22644-6975-4ba7-bd38-c5b671bd58a8,2026-02-17,2026-02-17,1,,,false,true
ccf2a5e5-da69-452b-9970-a86100d2c76a,2026-01-31,2026-02-17,4,,,false,false
09c104c6-bfca-4816-90a5-43e687299d92,2026-01-27,2026-02-18,2,,,false,false
926632d7-86b5-4f36-9009-300570240a7c,2026-02-18,2026-02-18,1,,,false,true
b1ec331b-47c8-4058-bd09-9e0393533632,2026-01-19,2026-02-18,3,,,false,false
d4e6fd51-1602-4022-a138-0a38879237cd,2026-02-18,2026-02-18,1,,,false,true
eb220611-4c87-4e09-9646-9e7f837d2293,2026-02-18,2026-02-18,1,,,false,true
f042c7f8-8a8d-48e6-a5a2-f973e1eeb307,2026-02-12,2026-02-19,2,,,false,false
9bb2aa5c-658e-4390-9a6c-27556cb0efc1,2026-02-20,2026-02-20,1,,,false,true
b9d28567-17c0-4d81-b6e6-16a5fb79a4b4,2026-02-20,2026-02-20,1,,,false,true
e1ee3a04-d543-4f99-a036-e4dff82c0fc0,2026-02-04,2026-02-20,2,,,false,false
1f19f1f0-1b9a-45ab-9351-88fa3fa4c20b,2026-02-04,2026-02-21,2,,,false,false
612105f2-ad37-4f5b-9e6b-5bbf9dc4886a,2026-01-12,2026-02-21,4,,,false,false
8e95dc41-9dc6-48df-967c-52c266ebfc7f,2026-01-19,2026-02-23,4,,,false,false
0e3b36fa-06e3-414c-86da-02f63924a923,2026-02-24,2026-02-24,2,,,false,false
1313c359-b56c-4895-a01b-aad5bbb50937,2026-02-03,2026-02-24,4,,,false,false
136447bf-9a35-49a0-963e-3dde9dc99bc8,2026-02-24,2026-02-24,1,,,false,true
43f18241-55bc-465e-bc85-045ab609aff9,2026-01-30,2026-02-24,3,,,false,false
47571ca0-09a6-4235-92a4-88af1af7ffe6,2026-02-24,2026-02-24,1,,,false,true
578ea1ff-3f77-46fa-b0f2-ab93a0201cb4,2026-01-29,2026-02-24,2,,,false,false
57b918c8-6ced-45a1-b7f1-00d73850eb7a,2026-02-13,2026-02-24,2,,,false,false
5da4b0b7-87ed-4604-95fb-c4bacb60841f,2026-02-02,2026-02-24,3,,,false,false
b43d845c-4ae1-4bca-b5c6-b2754c760c22,2026-02-07,2026-02-24,2,,,false,false
c7818346-46c2-42f2-ad45-631c9cb67e5f,2026-01-29,2026-02-24,2,,,false,false
d1b0db0d-ded1-4a00-a047-5b9414f0da04,2026-02-24,2026-02-24,1,,,false,true
d54c2aa3-ef2b-4f5c-a050-d8771a56802d,2026-01-17,2026-02-24,2,,,false,false
f692c033-a2e6-4af3-91b9-5da8294e3073,2026-02-24,2026-02-24,1,,,false,true
39fe261a-3cd5-422f-8351-738905806bb6,2026-02-25,2026-02-25,1,,,false,true
59fd9e10-f140-47b1-aaa6-2bc6039521bb,2026-02-25,2026-02-25,1,,,false,true
94569531-90a3-4411-bd8a-95417cc37a84,2026-02-25,2026-02-25,1,,,false,true
a040de7f-cca3-4eda-b9ef-0a2170c3fd7c,2026-01-27,2026-02-25,2,,,false,false
081947e7-31ce-42ed-a505-6fded9fa9605,2026-01-29,2026-02-26,2,,,false,false
2437b8ea-74cb-4044-9f96-3c5c3b6bf63b,2026-02-28,2026-02-28,1,,,false,true
37c66fb1-54fd-42e6-8911-5f559c5e03fb,2026-01-25,2026-02-28,3,,,false,false
42d9c379-20ff-4f4d-a6c2-482b58c521c3,2026-02-28,2026-02-28,1,,,false,true
52f1dfe7-ff11-4683-90be-972b33a6caf0,2026-02-03,2026-02-28,3,,,false,false
897cdc68-48d2-46a8-93db-143c11822d4c,2026-02-28,2026-02-28,1,,,false,true
a0734d65-0a00-426e-886d-8cb56d24103c,2026-01-22,2026-02-28,7,,,false,false
ba6dd283-ec63-4b9f-83ef-842f8d2f348d,2026-01-25,2026-02-28,2,,,false,false
cc1c0650-c172-4cb3-b7b5-03eb6c9a5fe2,2026-02-03,2026-02-28,2,,,false,false
da6dc311-9355-4f7e-9f2c-857efdde584c,2026-02-28,2026-02-28,1,,,false,true
e8bcbb3f-2798-4d98-ba47-8459bbef12fd,2026-02-04,2026-02-28,2,,,false,false
5d694819-b7f8-4850-910f-539afc61d1f8,2026-03-01,2026-03-01,1,,,false,true
9d207033-fe44-4603-9b3f-8d627bd6d73a,2026-02-03,2026-03-02,2,,,false,false
557c8119-e541-4709-bb93-c9056d7a5da4,2026-03-03,2026-03-03,1,,,false,true
014ffd8f-e61c-4e05-82a9-e097ad721250,2026-01-12,2026-03-04,3,,,false,false
88194c5e-c1d9-41e9-b61a-a3c9c7469e5f,2026-03-04,2026-03-04,1,,,false,true
96ace281-c8af-4151-ac17-7e77f2b80335,2026-03-04,2026-03-04,1,,,false,true
b8b40341-82ee-4ed2-b8a5-f8beffc91343,2026-03-04,2026-03-04,1,,,false,true
e839a003-cfc9-4ab6-9600-0f9a60ff2a50,2026-02-13,2026-03-04,2,,,false,false
985dc321-4809-4618-ac88-dc5528870620,2026-03-05,2026-03-05,1,,,false,true
ce02fab5-2c03-436a-b0d7-29e3a0187a07,2026-03-05,2026-03-05,1,,,false,true
4493618d-81e2-4602-9ae4-91a12abf9a49,2026-01-09,2026-03-06,3,,,false,false
82f074eb-0fa4-4d05-8fd8-99aacf89b010,2026-03-06,2026-03-06,1,,,false,true
d8695857-3d34-45bc-8064-489ae7530a67,2026-03-06,2026-03-06,1,,,false,true
2c071e54-dcf3-452b-a6ee-dc9c6e3c7429,2026-03-07,2026-03-07,1,,,false,true
39e67838-e933-48c2-96ee-71cb445300b0,2026-03-07,2026-03-07,1,,,false,true
8fcaa77e-c10a-48d5-97e0-161d6108944c,2026-03-07,2026-03-07,1,,,false,true
cd1994b0-7cb3-4092-aecf-d9f0adeaa192,2026-03-07,2026-03-07,1,,,false,true
ce6eee31-2e0c-4c8f-abf0-9f095fb06b2d,2026-01-17,2026-03-07,9,,,false,false
fde8a87d-cf8b-43ef-8065-4a47ef4d2d6a,2026-02-02,2026-03-08,3,,,false,false
beef7d0b-e430-4182-8f3f-85d19104182d,2026-03-12,2026-03-12,1,,,false,true
b990ede5-61ed-4667-bb79-9a774bfddd6e,2026-03-13,2026-03-13,1,,,false,true
d0c9ee87-7386-45ae-8117-58676f24deb9,2026-03-13,2026-03-13,1,,,false,true
17da19bc-7908-45af-b874-5f9b5eb60f91,2026-03-14,2026-03-14,1,,,false,true
8efdccf1-03bd-4efc-a1de-85ca8a148b83,2026-01-26,2026-03-16,3,,,false,false
29ae1566-db71-400d-8cac-cdb6517b4164,2026-03-18,2026-03-18,1,,,false,true
255e6d99-378e-4cbd-8731-8851ddc520f5,2026-01-27,2026-03-19,3,,,false,false
62c97db1-41ca-4ed2-9dee-ad2ad37c34ba,2026-02-28,2026-03-20,2,,,false,false
3a3fa384-70dd-4038-9730-66f6dc681c79,2026-01-26,2026-03-21,2,,,false,false
375e8f85-13aa-49a3-bb58-0c7064911ad9,2026-03-20,2026-03-23,2,,,false,false
8a3e6915-fc1b-496a-bb61-ee3c6fbfa7ae,2026-01-29,2026-03-23,4,,,false,false
8e650908-74ff-4635-a4d2-969a11dd9e0d,2026-02-01,2026-03-23,2,,,false,false
a85612ea-bed8-4770-8f02-2e164f792424,2026-02-03,2026-03-23,4,,,false,false
af607590-3807-4a56-bfb6-b4c699f1d49d,2026-01-21,2026-03-23,4,,,false,false
c5768953-e825-4ece-910e-4252a1c9cddc,2026-02-28,2026-03-23,2,,,false,false
3bd7885c-05f2-4660-90d4-da16b7ca77c4,,2026-03-24,1,,,false,true
3e0b6712-ce9f-4442-82d8-0f6ca3973f34,2026-03-24,2026-03-24,1,,,false,true
425a0dc8-b3ab-4b3e-b724-ece74f332983,,2026-03-24,1,,,false,true
5a733aee-d499-4c4c-a7e3-67a14e3c3d2b,2026-03-24,2026-03-24,1,,,false,true
72c966ce-38fc-43ae-a705-8ca1dd881671,,2026-03-24,1,,,false,true
7b5cd67e-d5b4-4650-96f7-f0a01a48effa,,2026-03-24,1,,,false,true
a72f2d29-99f9-49d2-b73e-1e71b27aba2a,2026-01-31,2026-03-24,2,,,false,false
a84c93d1-20b4-4e2a-8b39-3361a9a025df,2026-01-30,2026-03-24,2,,,false,false
ac40fb2d-f7a1-4e55-8097-e02b9fe7c8bb,,2026-03-24,1,,,false,true
b79f9797-087a-4492-bc51-235f271bb9cf,,2026-03-24,1,,,false,true
ba42fb7b-594f-498b-ac57-36364c10bb68,2026-01-28,2026-03-24,7,,,false,false
d1d16a5d-3678-4ef0-b6bc-e196bd27b1ab,,2026-03-24,1,,,false,true
d61e1dfc-c06f-4430-b804-76c305e75cc7,,2026-03-24,1,,,false,true
fbbe2b0b-e264-4fb2-8d2c-e7972c4606c7,,2026-03-24,1,,,false,true
18be6443-4157-4a43-9660-10c2eb92700b,,2026-03-25,1,,,false,true
19f969e6-da22-4807-b8e3-738b656dd7ee,,2026-03-25,1,,,false,true
1ec7a64c-6b2b-41c9-a104-637e6d5365bf,,2026-03-25,1,,,false,true
22901cbb-5142-4201-9e1d-b88760088dfb,,2026-03-25,1,,,false,true
26b48090-d4c5-41e6-bbd1-fddb02c34e17,,2026-03-25,1,,,false,true
2c435565-a725-4b83-ab85-98cef348c636,,2026-03-25,1,,,false,true
33f5726e-0723-45ea-b098-4f940b4779ae,,2026-03-25,1,,,false,true
3488de95-0637-4e32-9c90-2ef9b9a1e0d5,,2026-03-25,1,,,false,true
3784d7e8-e21d-4bcb-9049-3e22313a2fdc,,2026-03-25,1,,,false,true
3791538b-72a0-4cbe-9861-4020f4b9cd2c,,2026-03-25,1,,,false,true
43f6567a-1f2b-4fce-afcf-5559d7455357,,2026-03-25,1,,,false,true
4d1b176f-c0de-4a67-bad9-87d54624175b,,2026-03-25,1,,,false,true
51410704-c3fd-419f-8125-d9e2be387110,,2026-03-25,1,,,false,true
57d5f170-aa24-4f57-ba9e-888ab4510694,,2026-03-25,1,,,false,true
58e1cac7-794f-4a69-a2a3-f8a16a919fff,,2026-03-25,1,,,false,true
5d1c0e1d-16d0-4fbc-ad5e-d79903b02dd0,,2026-03-25,1,,,false,true
5d982efa-a069-4010-92a6-112418116f6c,,2026-03-25,1,,,false,true
64395b8a-ca25-48e2-abb9-79af319eef75,,2026-03-25,1,,,false,true
69c2075a-90e0-4bc8-bd0c-76d4c52fe156,,2026-03-25,1,,,false,true
79d206be-b6fa-4e21-9c5a-6672d609ebf8,,2026-03-25,1,,,false,true
8beba362-0969-482d-8ebb-e9eccc64521f,,2026-03-25,1,,,false,true
8fc4cc90-1f4a-4a72-886f-97ad749a925a,,2026-03-25,1,,,false,true
93d766f4-a3a7-4b70-b52b-b557b6cb42a2,,2026-03-25,1,,,false,true
a3821cac-f9cd-4e00-97e5-9c3c994c497e,,2026-03-25,1,,,false,true
a6a6b255-8627-46ef-bba5-9bc2b7186136,,2026-03-25,1,,,false,true
aad5356a-0f8a-4aba-9cfa-ad44e480dedd,,2026-03-25,1,,,false,true
b95d9ac6-f6f1-4afc-8e5a-4eb88467ad46,,2026-03-25,1,,,false,true
bba23826-7ec3-4ca8-8b50-5c6ff055a80f,,2026-03-25,1,,,false,true
bdfa3d01-3171-4c24-9c12-09602eaad515,,2026-03-25,1,,,false,true
c2065c52-9f47-4a3f-8fcb-2e74b86573d4,,2026-03-25,1,,,false,true
c95ffd92-621c-4795-8fe8-d8fc40f83698,2026-03-08,2026-03-25,2,,,false,false
d7de405d-d435-4d01-9fee-3054f892fd13,,2026-03-25,1,,,false,true
d9e339cb-eeff-4622-b8a8-8de650d473b6,,2026-03-25,1,,,false,true
f127966a-c4c9-4a5e-b818-6fdfa59ae29a,,2026-03-25,1,,,false,true
f2a5ba0a-7579-4df5-a004-9cba9ff78304,,2026-03-25,1,,,false,true
f7f2bb66-532a-4b33-884e-e352e1908b8e,,2026-03-25,1,,,false,true
f99bafae-8525-475d-92a7-6779f828fa94,,2026-03-25,1,,,false,true
fbd9f5fa-b8fe-4f73-be68-a0e9413f4726,,2026-03-25,1,,,false,true
fd474e9e-db0e-45ed-aebe-2e8cd080bec7,,2026-03-25,1,,,false,true
0bc93886-3bb5-45fc-bc0c-273e2688e3d2,,2026-03-26,2,,,false,false
20e77149-82b5-46f6-904f-f0f2147a8fc8,,2026-03-26,1,,,false,true
222efd6e-0df5-42e5-90c2-00218c94829b,,2026-03-26,1,,,false,true
2f51ed60-f472-466e-bdf4-7753fac26833,,2026-03-26,1,,,false,true
3141f894-a89e-4aaa-bcc7-cd60c2826343,,2026-03-26,1,,,false,true
69c4d3a3-04d5-4f5f-888a-46bb6acc7e35,,2026-03-26,1,,,false,true
82ff8134-f735-4de1-913b-53a5d28e048a,,2026-03-26,2,,,false,false
a96eb4b0-57e3-4842-8657-e6a716919c7c,,2026-03-26,1,,,false,true
c8ad6596-7a98-4361-8895-ac0432dfa6b6,,2026-03-26,1,,,false,true
cdfc6a4d-44a1-4c83-8ed3-00b25c8c3ea0,,2026-03-26,1,,,false,true
fd032bc7-de89-4e37-87ff-859c82b74012,,2026-03-26,1,,,false,true
fda51e74-bb21-4644-bbed-13dd5aaec15e,,2026-03-26,1,,,false,true
01e6da50-b78a-49a6-ae8e-c95da4dfa255,,2026-03-27,1,,,false,true
0e3a39fd-666e-41c3-8d2d-72385cdca058,,2026-03-27,1,,,false,true
63d9757a-3791-47ab-931c-9fa6840e9211,,2026-03-27,1,,,false,true
69172668-9c92-4120-9328-1161041a725c,2026-03-27,2026-03-27,1,,,false,true
6e7bac94-5c3c-463b-9594-f6246b9e6ef5,,2026-03-27,1,,,false,true
99233c19-3633-46e5-bccb-9d9621aff2c5,2026-03-27,2026-03-27,1,,,false,true
a41f6ccc-acfa-48be-a185-838483d15fdf,,2026-03-27,1,,,false,true
bbeaa7d3-1931-4e4f-a626-8e87e035fa33,2026-01-26,2026-03-27,2,,,false,false
e2b4cd52-0d9a-43ea-86b5-41153ded3e24,2026-03-27,2026-03-27,1,,,false,true
3fb462ab-9984-4041-9e48-d3b09e95bdbc,,2026-03-28,1,,,false,true
49c689d2-0c28-4ba8-b32d-fb3ed54ca20d,,2026-03-28,1,,,false,true
ae393d5b-75dd-4550-b05a-1288078d70c4,2026-03-28,2026-03-28,1,,,false,true
f88ecf63-5826-4ad9-8b5b-b0dda4723039,,2026-03-28,1,,,false,true
1fcc9f98-6991-4529-a2cf-ec9bf5cf33d6,,2026-03-29,1,,,false,true
2251eb4e-3ac8-4682-bcc7-688d0b8e39dd,,2026-03-29,1,,,false,true
54ae2d3f-e676-4c9f-9804-5dc874811850,,2026-03-29,1,,,false,true
60b786dd-065b-4426-ab62-264bdca7be0f,,2026-03-29,1,,,false,true
69bae0d5-3fd3-4538-980c-9376fc3f0261,,2026-03-29,1,,,false,true
93c2a28c-39f0-49ad-8ddb-36bc4fb14f84,,2026-03-29,1,,,false,true
96642ae5-eb45-47f8-89b3-f725c9b6de97,,2026-03-29,1,,,false,true
c78abd39-3eb8-4a63-9c5d-b39ca1388f47,,2026-03-29,1,,,false,true
d7d9dd66-ff51-48d3-b68e-e4f2c2080cb0,,2026-03-29,1,,,false,true
f1f2f61a-ade0-41e7-af53-7e8c873869d6,,2026-03-29,1,,,false,true
f3b545f9-14de-4aa3-80ff-4ecf41e5fec4,,2026-03-29,1,,,false,true
fb4518b3-5cad-4286-b83d-b781a9ef5949,,2026-03-29,1,,,false,true
0bc8f9b3-79d1-4edf-b035-8f062f555550,,2026-03-30,1,,,false,true
1ea9d31e-db8b-4a33-9a89-e0a70889c9c2,,2026-03-30,2,,,false,false
1ee53fad-ec55-488a-b84e-0e47fda987c3,,2026-03-30,3,,,false,false
2af20ce1-e8d2-4761-97d5-dfa08fd54b67,,2026-03-30,1,,,false,true
69d73b2e-4354-4322-9059-849e6acc56de,,2026-03-30,1,,,false,true
6dab69ae-0199-4c0b-9966-d2c6566684ff,,2026-03-30,2,,,false,false
761941f3-de6b-4d24-95fb-6ae390b35faf,2026-02-05,2026-03-30,2,,,false,false
7fa32d27-5b7b-465b-ac2a-3215b392b0bd,,2026-03-30,1,,,false,true
ca033486-ad43-494e-813d-640a06436b1f,,2026-03-30,3,,,false,false
cec3b3f8-de5d-4bcb-8da5-7a2d261318f6,,2026-03-30,1,,,false,true
26281e87-37fc-4814-aca1-bbb7aeb662bf,,2026-03-31,2,,,false,false
30f82989-ab7e-4289-9db4-dcbba6dc9d0c,,2026-03-31,1,,,false,true
5b65bd96-ca95-4d87-96dc-25e7f75badd3,,2026-03-31,1,,,false,true
822d2a83-007f-40a5-8e74-45e0602f97f6,,2026-03-31,1,,,false,true
868b92c5-b64a-44af-b0aa-1a7e02708025,2026-02-24,2026-03-31,2,,,false,false
a365c307-de82-4184-92d8-2549ced26971,,2026-03-31,1,,,false,true
b155c8ff-5f8b-4677-b9bc-c3713b1bbdbd,2026-03-31,2026-03-31,1,,,false,true
307c17af-a6c4-4cd1-b6b8-9f58addc2a89,,2026-04-01,1,,,false,true
40bb3aca-54f8-46dd-8e63-71b686ffac52,,2026-04-01,1,2026-09-17,tiktok,true,true
470d567f-4975-4993-b5cd-9e7edda1dd1e,,2026-04-01,1,,,false,true
67ee9f18-dd93-4c71-9d64-3366a62e6987,,2026-04-01,1,,,false,true
c8fb1904-e253-4614-b371-7670aea53bb0,,2026-04-01,1,,,false,true
d630366c-0636-41a4-ae76-b36403ee2456,,2026-04-01,1,,,false,true
2aad4a7c-9ab1-4cc3-aea8-24e625b9c06c,,2026-04-02,1,,,false,true
2d5043a8-d17e-4a57-ab26-53bc62e08418,,2026-04-02,1,,,false,true
4a07d7b1-2295-45d0-85ba-90a32f1c1098,,2026-04-02,1,,,false,true
60869d81-6778-4a06-ab01-1f61c99be0b9,,2026-04-02,1,,,false,true
71c18e8f-8ac0-47d2-a021-d2c18639e64c,,2026-04-02,1,,,false,true
7e7f591f-6575-47e8-84a1-a94dc6f87fef,,2026-04-02,1,,,false,true
8bd37fc7-7b4b-47f9-978e-b5a5d327123e,,2026-04-02,1,,,false,true
b2beae8b-4958-4d06-8451-6b6a629da039,,2026-04-02,1,,,false,true
c357e399-b671-4be7-bdad-5d69fdee0d84,,2026-04-02,1,,,false,true
d04caeab-39c1-4615-a61e-510885553fde,,2026-04-02,1,,,false,true
d167a410-db5e-4f25-bc2b-56003ae2b9bb,,2026-04-02,1,,,false,true
fa4bf870-a409-452c-a51b-3794a0673ffe,,2026-04-02,1,,,false,true
13902f98-664e-421d-bba3-2ed0288e1433,,2026-04-03,1,,,false,true
0774adb3-8898-4234-b495-a0ac0a8e2534,,2026-04-04,1,,,false,true
84ad6bc8-77b3-46f8-88d6-6faec5260aa5,,2026-04-04,2,,,false,false
975f09e1-b545-47ca-9609-b9db5e65e726,,2026-04-04,1,,,false,true
b8018ee8-6875-42d4-b711-464e973ae2a5,,2026-04-04,3,,,false,false
c18c622b-a8a8-4962-8cf6-e02c43e25e4c,,2026-04-04,1,,,false,true
fc56242f-ad22-45e4-b31d-af80cc41a45c,,2026-04-04,1,,,false,true
cdbdf89e-b98a-4591-85d2-156729e61f87,,2026-04-05,1,,,false,true
0c492481-9b66-486e-b20b-598b9f4e707b,2026-02-12,2026-04-06,2,,,false,false
121fb048-c795-48db-b94c-8683c96f1a48,,2026-04-06,1,,,false,true
22744642-1a86-4166-b3c7-66b0fb4f5757,2026-01-08,2026-04-06,3,,,false,false
3449bfec-48cc-4358-8e4c-131dc60b84cc,,2026-04-06,1,,,false,true
40c2e1d7-ef39-44d8-bc47-5809a24a8804,,2026-04-06,1,,,false,true
73c1237b-562a-4e17-82d6-6912ab8b8932,,2026-04-06,1,,,false,true
c8d09c9b-1b1c-4924-a204-06b1c6e6f63c,2026-01-09,2026-04-07,2,,,false,false
d5a8e537-d4d7-43de-9b5a-04c6f7b0335a,,2026-04-07,1,,,false,true
0c10bb98-a57c-4ad2-b148-77982570a7e3,,2026-04-08,1,,,false,true
17458479-4a70-4423-8ee9-22a0b72880ea,,2026-04-08,3,,,false,false
524b46c6-395b-4989-9b79-3e513a152cb3,,2026-04-08,3,,,false,false
915d6e1e-9bb1-46e5-93f8-6ada2bc94369,,2026-04-08,1,,,false,true
b00616d0-beaf-4afa-8dfd-891f27a6d64d,,2026-04-08,1,,,false,true
c870fb29-c658-4e69-87e3-7d1fe9426342,,2026-04-08,1,,,false,true
2114f046-49e1-46a6-b15f-5abc62ee946b,,2026-04-09,2,,,false,false
8436de81-22d8-433c-ae24-c01e7ea74f57,,2026-04-09,1,,,false,true
8e02fc88-50ae-430b-be1e-913a059e666e,,2026-04-09,2,,,false,false
a206c60c-4bf2-46b7-a94a-0bfcefd22ea5,,2026-04-09,7,,,false,false
b4b68efd-cbde-4693-8377-d787ea1d4641,,2026-04-09,1,,,false,true
fe35e006-df3d-4f52-8e3a-11c7070090e7,,2026-04-09,2,,,false,false
fee25a52-cb81-4e48-9c8e-4d26af0a9c44,,2026-04-09,2,,,false,false
174bbb20-ce7d-4df5-ae38-c1bb597113c3,,2026-04-10,1,,,false,true
249cf810-3479-4265-a21b-f7a0899c0fa6,,2026-04-10,1,,,false,true
81bca250-0f98-471d-9cda-e472ff0e2d15,,2026-04-10,2,,,false,false
a4b9a374-45ef-471c-907b-f73f2c2a435f,,2026-04-10,1,,,false,true
da83b699-18da-45f1-8b5c-2e0517b74f7b,,2026-04-10,1,,,false,true
e315df9c-70cd-41b3-b718-7209dc909bd0,2026-02-02,2026-04-10,5,,,false,false
e7811ef7-9e59-416c-a82a-aa77a5a9abe5,,2026-04-10,1,,,false,true
34a55c52-5d94-4a0f-81b2-7072a183e224,,2026-04-11,1,,,false,true
17723487-b422-429c-a2d5-b6159ee3af6b,,2026-04-12,1,,,false,true
7a4172ef-213d-4424-bd23-a9517ae8a492,,2026-04-13,2,,,false,false
1010a66c-2c3b-4db8-88c9-d8cc2842a6ec,,2026-04-14,1,,,false,true
61c85f74-7b03-4ae9-98be-1c6934e8b856,,2026-04-14,4,,,false,false
79b5521b-2562-4d5d-af69-901f133f3047,,2026-04-14,1,,,false,true
86337012-6794-459d-83b7-b8b31b3c0fc0,,2026-04-14,2,,,false,false
928deb3d-3f41-434c-981d-6cb47f4f7839,2026-01-24,2026-04-14,3,,,false,false
9d403e64-ad7f-49da-b012-6688d644165a,,2026-04-14,1,,,false,true
b98450e9-3618-46a2-b510-031a7b3d7a0e,,2026-04-14,1,,,false,true
cd09dd5a-dd16-4800-b62c-fa40e07e963b,,2026-04-14,1,,,false,true
2604b7e5-eb9c-4e07-b65c-a02dee51afa1,,2026-04-15,1,,,false,true
530943b5-36d1-42c5-b29a-ad50d6d4827c,,2026-04-15,2,,,false,false
54bcaa1f-8415-493b-a189-0f0d960e8e52,,2026-04-15,1,,,false,true
5ed5ef85-519f-4edf-ad97-d5ab3cc4fe40,,2026-04-15,1,,,false,true
6e8af0a8-b634-405f-8552-0dfb88fbb47b,,2026-04-15,1,,,false,true
79677884-c1bc-4252-9190-916ac17afed7,,2026-04-15,1,,,false,true
7a013557-c781-4230-a654-434e9bd539e6,,2026-04-15,2,,,false,false
7e450a1c-4a5b-4435-94ac-99e3d6caa006,,2026-04-15,1,,,false,true
7fa7c2c0-a76e-41d5-ac48-ff64a2bf20a7,,2026-04-15,1,,,false,true
8a99f203-c3cb-4df6-a73d-92bdf12e675c,,2026-04-15,1,,,false,true
92a82b98-89b2-468f-b45b-e4cf29808ef0,2026-04-15,2026-04-15,1,,,false,true
98253d52-e7de-4ff6-8759-87bdd6432feb,,2026-04-15,1,,,false,true
9a283a15-c3d5-4ecf-91be-0173a3a04abf,,2026-04-15,2,,,false,false
effc7b50-68f9-4fad-b63c-76617500f473,,2026-04-15,2,,,false,false
f91ed6c3-4be3-4295-aeb3-8a24feb511e6,,2026-04-15,2,,,false,false
fb0f9ff1-047b-4be0-8255-8686cb4e5154,,2026-04-15,1,,,false,true
1db02f42-3ff1-487f-ba15-88e913a08e3b,,2026-04-16,1,,,false,true
4ed4425c-0444-4455-9f07-5ef5765ce021,,2026-04-16,1,,,false,true
59cbf864-8f12-4a7a-a3a8-f459b91e4d82,,2026-04-16,1,,,false,true
5b34906d-6b2b-4575-8c13-3724c18730a2,,2026-04-16,1,,,false,true
6df3bda8-71b1-48ad-b959-dd46962ca23f,,2026-04-16,1,,,false,true
8f9ae150-981a-40a9-9538-a11d552a1248,,2026-04-16,1,,,false,true
04ba694f-9f33-40d2-b768-b725018f73aa,2026-04-17,2026-04-17,1,,,false,true
0f1f9bfe-3d98-43b5-b571-3eb15b715216,,2026-04-17,1,,,false,true
2779e512-6616-4420-9c58-9f4ff2e3b35c,,2026-04-17,1,,,false,true
5593faf2-e392-4ad0-891e-3869c1835077,,2026-04-17,1,,,false,true
66967728-0230-462b-971c-394d294717a0,,2026-04-17,2,,,false,false
6c828242-ff4e-424f-a4c0-bc40e687ee20,,2026-04-17,1,,,false,true
77a3e065-f53f-4bdf-8de8-543d4b22b981,,2026-04-17,4,,,false,false
826e2e32-c70b-4c7a-9a03-70f05341154c,,2026-04-17,1,,,false,true
9fb08c35-af04-4a2d-a894-6939ac7cde8b,,2026-04-17,1,,,false,true
be540179-3439-4181-9d05-192aa0a00e3e,,2026-04-17,1,,,false,true
f1b74327-5fe7-449e-b62d-bac8851cf04b,,2026-04-17,1,,,false,true
0194f374-c1c1-4a0b-8f56-886b930f9a42,,2026-04-18,1,,,false,true
05c8ea9c-eceb-4d32-a0e8-58dd8acf8494,,2026-04-18,1,2026-10-01,tiktok,false,true
226ef969-80de-4bd7-ad14-a57ad82bc0dc,,2026-04-18,1,,,false,true
6b1d72f5-c527-4788-b50d-e6642e563d91,,2026-04-18,1,,,false,true
740859bb-0b73-4a28-b16a-02130f724217,,2026-04-18,1,,,false,true
ec9ae4c7-20e6-449b-b740-32a507218936,,2026-04-18,1,,,false,true
fea9413d-637b-45a0-8a3f-1fdf3699ce79,,2026-04-18,2,,,false,false
58b95b2d-2829-4bc7-8a08-0fe61cb8bf64,,2026-04-20,1,,,false,true
656b17fc-f7c9-41a7-84f8-8aa8f995f771,,2026-04-20,1,,,false,true
7db56bd5-12ea-4dcc-8d7a-6ab8b3e47b2a,,2026-04-20,1,,,false,true
b5b49918-9d22-4919-b4aa-ae4d96c6e33f,,2026-04-20,1,,,false,true
b8ea21b4-602f-403a-aac6-b9a02ad78da4,2026-04-20,2026-04-20,1,,,false,true
03bea04f-c56e-42bd-8243-d053764abc07,,2026-04-21,1,,,false,true
15fea5c2-e0d2-49d4-8fd8-24eb82ab09fc,,2026-04-21,1,,,false,true
2ae57fef-aa7f-489a-8644-ea0fbb00a207,,2026-04-21,1,,,false,true
3508d684-575b-44cc-b881-8e9c6b093baa,,2026-04-21,1,,,false,true
3fc6e2e4-3271-4ea1-b3a2-569d746fe41f,,2026-04-21,1,,,false,true
535699eb-ef1b-4545-94db-21277d5c34be,,2026-04-21,1,,,false,true
7f152e21-ca4e-4bce-ba2f-48b7a023b829,,2026-04-21,1,,,false,true
94fa885f-5733-4079-8ff1-71a612e2a9b4,,2026-04-21,1,,,false,true
b52f59ae-84b8-4634-b793-ec5e6f324b60,,2026-04-21,1,,,false,true
bdb5cbda-f769-4e85-b961-515a5e50b6ae,,2026-04-21,2,,,false,false
c9b722eb-06b6-4bae-a1d4-b938479675a7,,2026-04-21,1,,,false,true
d3a07719-1db0-4f83-a202-54fc1668446b,,2026-04-21,1,,,false,true
e8e03956-b269-4fe4-92d2-d79aa9751cbd,,2026-04-21,1,,,false,true
f029c2e0-8b3b-4912-8824-9485d2f40d3c,,2026-04-21,1,,,false,true
f67d9754-0d23-49f2-b733-0e38186f8d58,,2026-04-21,1,,,false,true
ff0a807c-1b92-4e17-b36d-ca006471fc8b,2026-04-21,2026-04-21,1,,,false,true
37681d5f-d40c-4783-b39c-7158f8c954ca,2026-04-22,2026-04-22,1,,,false,true
6196cabf-3904-4ae2-aa86-8536c4210295,,2026-04-22,1,,,false,true
68f1e68d-3e71-4cf5-85b8-66392dddf5ca,,2026-04-22,2,,,false,false
a873439e-d183-4937-83d7-87e85b01cfbb,,2026-04-22,1,,,false,true
bdb93a80-d6d3-425d-80c6-d3a70aad7314,,2026-04-22,1,,,false,true
f47e52b5-6ce3-44a2-8632-48c69e0cff2e,,2026-04-22,1,,,false,true
ff81903d-c0c8-4454-971d-79163822d80e,,2026-04-22,1,,,false,true
05f4d1de-3535-4257-83a3-8ae00992f789,,2026-04-23,2,,,false,false
0c9a6a51-3294-4f50-9e08-a5b6a08aa790,,2026-04-23,1,,,false,true
0e295a37-1bcd-40be-9dfd-30cc45a44291,,2026-04-23,1,,,false,true
292a9c60-f43a-4560-b508-a2e64646e07f,,2026-04-23,1,,,false,true
33ab2657-8de3-4df4-a43e-373d90488c40,,2026-04-23,1,,,false,true
4f3db36a-fe27-469f-b109-124df9a300e3,2026-02-05,2026-04-23,4,,,false,false
7acf8cee-08fb-4a78-b30c-8c243762c61b,,2026-04-23,1,,,false,true
a62cb3af-bf06-4b9d-8c7d-672811ce976d,,2026-04-23,1,,,false,true
d263108b-4ec5-48c6-80fd-c073d63e5088,,2026-04-23,1,,,false,true
2176325b-c45c-4b2d-aaeb-dbe3e2d013db,2026-01-30,2026-04-24,3,,,false,false
4136d0b4-bc10-4a5b-a2d9-ce91f4e337c7,2026-02-02,2026-04-24,3,,,false,false
7b2c209f-002a-4a46-b952-d0ae6e0d9220,,2026-04-24,3,,,false,false
a17b87b7-0805-4346-b9ce-b3e2a544d4a6,2026-04-24,2026-04-24,1,,,false,true
cf462e81-aa89-4c0c-9bab-06fcb31eacb3,,2026-04-24,3,,,false,false
ed8eb865-d8c1-4a60-9e63-f82e3c491ac3,,2026-04-24,2,,,false,false
0b03b5ab-3dd2-4bf0-8ef0-0382c60f60dc,,2026-04-25,1,,,false,true
0f573b29-5228-4ea1-8461-734be6f7e10e,,2026-04-25,1,,,false,true
12f433d4-8822-45e5-b4dd-d0c491e07238,,2026-04-25,1,,,false,true
8237c10c-1943-4c88-9de2-91c69226ae79,,2026-04-25,1,,,false,true
3da10b58-89eb-4394-98dd-2b725f213a81,,2026-04-26,1,,,false,true
547de610-8429-4465-9e5d-ce5df9c97b8d,,2026-04-26,1,,,false,true
76748685-e48d-454b-8bcd-5ec11e72d280,,2026-04-26,1,,,false,true
a72cf823-1093-4d4d-b06d-c393739c7be4,,2026-04-26,1,,,false,true
ec2c2a70-100f-4fbe-9249-52f03eb10680,,2026-04-26,1,,,false,true
2468d98b-a4f9-4191-9604-6ac75e9e5902,,2026-04-27,1,,,false,true
2bc775e7-b66c-4f7e-ac9c-77ada510ec9e,,2026-04-27,1,,,false,true
5c04da57-5a03-43e0-a698-f9a9b918dabb,,2026-04-27,1,,,false,true
5d3f0d84-0a36-483a-a248-da69a1764a14,,2026-04-27,1,,,false,true
7ad3f05d-2eed-4ecc-9fd9-aa1d1c2e718c,,2026-04-27,1,,,false,true
02375d5c-038e-49c9-93d1-89391bcaeff6,,2026-04-28,1,,,false,true
0a413d02-639a-425d-a0b6-a91e57d57c8b,,2026-04-28,1,,,false,true
13d382c4-04c0-4727-af53-25f7ee6d5ce7,,2026-04-28,1,,,false,true
223c4c54-8d11-46e0-b5ff-3e536c804813,,2026-04-28,1,,,false,true
281b075f-a45d-46d3-b3a3-1580be9f9078,,2026-04-28,1,,,false,true
29dd9dcb-7637-4b23-8f01-f3d27dce3009,,2026-04-28,1,,,false,true
39576414-c513-4bec-9ff7-fb0572c81d02,,2026-04-28,1,,,false,true
3dd0d89c-51c4-454d-be7c-a24f620b9c11,,2026-04-28,2,,,false,false
404e22ae-897f-4e3d-a1f6-6b114618814f,,2026-04-28,1,,,false,true
4861fbcc-5a7b-49de-a3f0-e7411ff8ebed,,2026-04-28,1,,,false,true
502ef625-9b3c-4cd4-9c7a-a2bb95bfdcba,,2026-04-28,1,,,false,true
5db97580-6489-4570-a08d-2b8814fdd687,,2026-04-28,1,,,false,true
600ddc3e-20fc-4396-ba91-20419d1e7506,,2026-04-28,1,,,false,true
648552e0-13d4-43c1-adc2-ddec3f3a9b56,,2026-04-28,1,,,false,true
7b66989c-5de3-42a0-b0d0-154114f35b91,,2026-04-28,1,,,false,true
7bec11cd-ab4c-472c-858b-9d32e89a8278,,2026-04-28,1,,,false,true
8470ab19-6a1c-4a8c-bc38-8f138e822f3d,,2026-04-28,1,,,false,true
8655dcc0-b68e-4036-b924-85572fc11c66,,2026-04-28,1,,,false,true
a3c82dfa-7494-40e4-97ed-0c8ce1b5075a,,2026-04-28,1,,,false,true
a6367c92-4602-4caf-ae67-6b2c0ae874f0,,2026-04-28,2,,,false,false
a6b6d532-840c-42fa-ae64-f270372573d5,,2026-04-28,2,,,false,false
a7a9355b-ec4f-49b2-9034-fed904e9a245,,2026-04-28,1,,,false,true
c6deb958-d01b-494e-8f99-88748a31cf3d,,2026-04-28,1,,,false,true
d6d8f05d-4884-4cef-b088-873bf7a608fb,,2026-04-28,1,,,false,true
d7bb4088-ef17-42c8-ba00-b419420da3f9,,2026-04-28,1,,,false,true
dc44bfcd-9431-4dc3-a738-f532c42b7c2c,,2026-04-28,1,,,false,true
de3230f6-8b9c-4446-bf8b-00a46c1b8bb7,,2026-04-28,1,,,false,true
dff0cab9-5cc2-4113-a14b-48e8e0aea4ae,,2026-04-28,2,,,false,false
e05e28b2-99be-4178-97a7-1e849c163ed8,,2026-04-28,1,,,false,true
f87853fb-d853-45ad-bb5b-523ec390f3f6,,2026-04-28,1,,,false,true
9291ab5c-2b54-4fc5-aeff-3d42d1f38b65,,2026-04-29,3,,,false,false
bbccd357-36ef-4676-b79b-2cf8e41d0626,2026-04-29,2026-04-29,1,,,false,true
70abd723-286b-47c4-8928-e5f680d3dbb7,,2026-04-30,1,,,false,true
9342e0e7-9e6d-4ea7-95d3-11fd38910eaa,2026-01-23,2026-04-30,3,,,false,false
ac86d3c8-d0d1-4a77-8c06-91ba0a08ede5,,2026-04-30,1,,,false,true
fe3f8d74-e4f3-4e51-83e2-80c6f364184e,,2026-04-30,1,,,false,true
3287a513-6171-4c20-a051-dcf8ecda4be2,2026-05-01,2026-05-01,1,,,false,true
8f26f885-cdab-4fe9-8939-1f6fa70041fa,2026-05-01,2026-05-01,1,,,false,true
2cbf9b99-5671-4589-9307-4a931b4eca31,,2026-05-02,1,,,false,true
5899e313-5004-4d15-83fa-c912b98e12f5,,2026-05-02,1,,,false,true
5fabf82a-7c16-4483-bf30-f4bb97ac2e4b,,2026-05-02,1,,,false,true
6694ab3a-e5cc-402c-bb5e-6605aa9b9a05,,2026-05-02,1,,,false,true
87c2d78a-966c-47a4-8630-25e871d8d257,,2026-05-02,1,,,false,true
9fa0589d-9218-4899-a38c-d772b57ee099,,2026-05-02,1,,,false,true
ded25750-3291-4c64-9267-4881f7e2b8a7,,2026-05-02,1,,,false,true
ef1e8126-4007-4dad-8954-c388ae6ff80e,,2026-05-02,1,,,false,true
11031523-a4fe-4f2f-882d-07e46633cd92,,2026-05-03,3,,,false,false
17db4278-10c4-43e4-9e55-e4be04f2a37d,,2026-05-03,1,,,false,true
25a0af1f-730b-49ab-8a2f-754eef2a20fc,,2026-05-03,2,,,false,false
293e8da8-8009-4a03-b3c3-d57136b19b56,,2026-05-03,1,,,false,true
74cc1e9a-75f9-4234-9fe9-5be1de3366ea,,2026-05-03,1,,,false,true
b66e3884-2efa-4505-bf9e-128d272a4c74,,2026-05-03,1,,,false,true
c3d29c9b-3df0-467d-9dd4-c91fb3554c5c,,2026-05-03,1,,,false,true
f1f921cc-4ac2-49f5-bbb3-2b6febcc7ae1,,2026-05-03,3,,,false,false
fe883c0f-8a4d-413e-9cd9-00b8fbdbd94e,,2026-05-03,2,,,false,false
098fd509-4d82-48dc-8ffb-58d3b2db0f17,,2026-05-04,2,,,false,false
badb9496-ea62-4883-ad68-a2e913a7d66d,,2026-05-04,1,,,false,true
ee9f7c8d-eab4-470a-9c7a-b2d435e099cb,,2026-05-04,1,,,false,true
fabaf9c9-baf2-433a-8b4c-d3d3df66327d,,2026-05-04,1,,,false,true
fb960dbe-bc9f-499c-a74d-ba4b4a6c078f,,2026-05-04,1,,,false,true
0daf73b8-88fb-4c98-87d2-459cf543b479,2026-01-29,2026-05-05,8,,,false,false
238eacc0-8693-4c73-b1e1-02e28302a71d,2026-01-12,2026-05-05,7,,,false,false
41900ba8-3515-437c-81d8-566186cc4c6c,,2026-05-05,1,,,false,true
52a3d274-cf87-46a0-a6ef-286ded1b2c25,,2026-05-05,1,,,false,true
56460498-9eb5-4bc5-b500-0c88a7c16471,,2026-05-05,1,,,false,true
5d8a828d-5732-47fd-92a2-817aac947dfc,2026-01-13,2026-05-05,3,,,false,false
6950045a-11ea-4a92-8bff-c4bd4f699498,,2026-05-05,1,,,false,true
6cbf4c78-e9aa-4ade-a97f-e66266b2467e,2026-03-04,2026-05-05,2,,,false,false
6ebc237b-54b0-414c-8d8b-3ea68a85ac9b,,2026-05-05,1,,,false,true
7120ece8-99c0-46d8-9478-660ac5b41d9d,,2026-05-05,1,,,false,true
8dfa4e18-5dc4-496f-a3ce-015573f022cd,,2026-05-05,1,,,false,true
8f302d6a-fd5e-4f2d-9284-065a17b1daa0,,2026-05-05,2,,,false,false
9602b94e-390b-435e-aee3-c73d67483605,2026-01-26,2026-05-05,4,,,false,false
9ac34455-03fb-4497-a37b-f83780d98dc8,,2026-05-05,1,,,false,true
9eed203e-052d-48b3-bda8-3d7eb9d70b77,,2026-05-05,1,,,false,true
ac8e910c-cce5-471d-b730-1f230503ca9a,,2026-05-05,1,,,false,true
b70d58ed-bcdc-419f-bc6f-698076ea5aea,,2026-05-05,1,,,false,true
b8378a40-5692-4566-affb-847e85d94113,,2026-05-05,1,,,false,true
cf8dd592-19a8-4998-95c1-284834c90db9,,2026-05-05,3,,,false,false
fa06127c-8d14-41cf-bc56-92da7d2bc624,,2026-05-05,1,,,false,true
06c34d87-aa48-4518-af83-4226a1ccf7ef,2026-04-17,2026-05-06,4,,,false,false
3ae8033a-0651-463e-8e5e-4ea5b91265c8,,2026-05-06,1,,,false,true
8c8c9ce1-7ea6-4cd3-99f9-83ec46651d77,2026-02-14,2026-05-06,3,,,false,false
a2ab4e84-91be-4ca1-bd56-131f5e1515cb,2026-01-30,2026-05-06,4,,,false,false
b698bd14-3d60-4daf-a4ca-6eef5180c369,,2026-05-06,1,,,false,true
e2aad5d0-e36a-4a1b-bb19-6a1f53d3f172,,2026-05-06,1,,,false,true
390720e8-ea2d-4fc6-82c8-4f32e7156822,2026-01-15,2026-05-07,3,,,false,false
87dbede5-88b3-4cfe-9072-5229570d5dd7,,2026-05-07,1,,,false,true
721c03ee-4a11-4fbe-a66f-ecf0b175a0d4,,2026-05-08,2,,,false,false
85b86cdc-5fa1-49d9-9069-785d3026b41e,,2026-05-08,1,,,false,true
ac6b093c-56d5-4bd3-9c27-63293f13f436,,2026-05-08,1,,,false,true
ae0eba1d-6f33-453a-8770-68c32b96ff5a,,2026-05-08,1,,,false,true
d8202f1f-3eb8-4eea-a566-f1df90bd86d9,,2026-05-09,3,,,false,false
0107961a-922c-42f5-b0f2-381022472a63,,2026-05-10,1,,,false,true
2ba16edb-c723-47a7-84ba-a5ae8a903b22,,2026-05-10,1,,,false,true
35a365a7-2392-49c3-8f6a-10190aaafa86,,2026-05-10,1,,,false,true
44c57641-f6e7-47d4-bb7f-b5a6f4594f41,,2026-05-10,1,,,false,true
64ff03c6-1fd2-4358-a5e7-bbe1873e96f1,,2026-05-10,1,,,false,true
e417cb6a-a8c5-4245-b4e6-2eadb4e29bff,,2026-05-10,1,,,false,true
1abb156f-8bb1-4835-b210-ab18ceed1c62,,2026-05-11,2,,,false,false
31d63b13-dd06-4bea-8ce9-33fc1e984651,,2026-05-11,2,,,false,false
342eaf28-6caf-4693-a91d-0f23c30b78ca,,2026-05-11,1,,,false,true
49d1ba35-c613-4560-8a7e-ad68e2de1ef5,2026-01-16,2026-05-11,6,,,false,false
589a425a-d8f1-46ab-8944-20b96da403e5,,2026-05-11,1,,,false,true
a63ba112-d114-48b6-89ae-edb052146a76,,2026-05-11,1,,,false,true
0a81a7ef-18fd-44b6-94d3-557a46c224cf,,2026-05-12,1,,,false,true
3c78940f-b18b-4e0b-8427-9f11655e0c14,,2026-05-12,1,,,false,true
5083f479-a8f4-4abb-90a6-21a8c3163b8c,,2026-05-12,1,,,false,true
aa994931-42de-441c-8385-0c5395c63906,,2026-05-12,1,,,false,true
ae9c3bb3-e14b-4423-8f24-b8fe7cbc4dd9,,2026-05-12,1,,,false,true
07dec8d3-9179-444d-9045-9bc801e06805,,2026-05-13,1,,,false,true
12da4bad-9377-48b4-b566-0dc76bb49f46,,2026-05-13,1,,,false,true
182c90c5-11d7-4f10-a920-0b9999e2f2d5,,2026-05-13,1,,,false,true
186427f6-7cfa-46f0-a8ab-f9399f7be979,,2026-05-13,1,,,false,true
3d5fd8bc-1c08-4455-8186-363d4c4c4858,,2026-05-13,2,,,false,false
4c2fa661-95ae-4693-8fe9-5219fef8dfbe,,2026-05-13,2,,,false,false
73f6d09e-531c-433e-ad9f-710e24740a34,,2026-05-13,1,,,false,true
826b0bb4-0984-4aab-ab3c-3d8b3c07f7b3,,2026-05-13,1,2026-09-16,tiktok,true,true
87706232-f4e4-49d4-a513-7b51c096274d,,2026-05-13,1,,,false,true
925e2b2d-9361-4cee-890b-de986453759e,,2026-05-13,1,,,false,true
f8f7375e-ffbb-460f-b787-cc3d589e0eb6,,2026-05-13,1,,,false,true
1aacb679-92a8-41da-9525-05ba9e8fcd54,,2026-05-14,3,,,false,false
3ae9d4b5-7352-4823-bcf0-3da4b099419c,,2026-05-14,1,,,false,true
48015173-f1cf-4077-a1d4-93616d1f1317,,2026-05-14,1,,,false,true
4d7f09ac-ad83-4070-abc6-95b0009b55e2,,2026-05-14,2,,,false,false
4edf559d-e11a-4fb9-86e8-d46bb086b489,,2026-05-14,3,,,false,false
57d17f58-759a-4626-928a-b9c5b58c7914,,2026-05-14,1,,,false,true
630dff27-6cff-4b4f-887d-29d97b464d0a,,2026-05-14,1,,,false,true
64b16d0e-e366-437e-a742-79532c89206e,,2026-05-14,1,,,false,true
6c0914f1-858c-4f4d-853a-7c560a6e0464,,2026-05-14,1,,,false,true
7658824d-cf9e-4290-9785-4024d8de6891,,2026-05-14,1,,,false,true
85786d0b-4f5d-4388-8ab0-31add33b5cd7,,2026-05-14,1,,,false,true
9a060c21-99fa-4c16-9bb2-df1b05dbb67a,2026-05-14,2026-05-14,1,,,false,true
a6395cd1-4c61-4531-b8db-482587aec773,,2026-05-14,1,,,false,true
bc2754fc-093f-49a1-935c-f4a0ed8a802b,,2026-05-14,2,,,false,false
edd6457f-0ff7-418d-ae5b-1e909c541518,,2026-05-14,1,,,false,true
0361b225-cc21-47df-af76-a69d187aaff8,,2026-05-15,1,,,false,true
19114cd1-3794-4d16-9dde-5d48dea26b1f,,2026-05-15,1,,,false,true
45aea343-d54e-444f-8437-bec92d8affb8,,2026-05-15,1,,,false,true
4ebfc952-b13f-4712-8138-7ae44aa27ffb,,2026-05-15,1,,,false,true
599ae230-b0f2-4c80-b7f4-a71e3fbadb61,,2026-05-15,1,,,false,true
8513bb51-e159-4024-8054-428739beab79,2026-05-15,2026-05-15,1,,,false,true
a9f026f0-15ee-463d-a42d-260228416070,,2026-05-15,1,,,false,true
aee3a8ff-758d-4240-8535-c8d27ee937ba,,2026-05-15,1,,,false,true
df12f514-0b5c-41c4-b5a0-50917f731a33,,2026-05-15,2,,,false,false
e744991e-70f1-445a-83de-7fc97c149d3d,,2026-05-15,1,,,false,true
14abcbde-d4c4-49bc-9200-3d13c09f3f7a,,2026-05-16,2,,,false,false
17c45e41-d161-4bee-aa40-641c53179f9c,,2026-05-16,1,,,false,true
1df84f4a-1b55-4048-bc44-6a6c5e670509,,2026-05-16,3,,,false,false
2580e7b7-5cea-42d7-9d65-2969f151c8a7,,2026-05-16,1,,,false,true
2642a6fd-c75f-4da2-b0ac-90bfa7c66d42,,2026-05-16,1,,,false,true
2a8390a8-b090-4e5c-bdcc-5816aec21f41,,2026-05-16,1,,,false,true
36ce06f6-ac5b-4b1e-a988-f55155080f63,,2026-05-16,2,,,false,false
3a0eea7e-0637-4f08-b8dd-1d2a42ff98cb,,2026-05-16,1,,,false,true
3a238a9c-7418-4f37-bce1-033178c7a409,,2026-05-16,1,,,false,true
3eb37055-622f-4efc-93ad-a78dd1600537,,2026-05-16,2,,,false,false
508db1ae-36ac-42f8-947a-490cb2d9c006,,2026-05-16,2,,,false,false
5f9b90ae-b7a8-46c1-b7b6-8a49dd4a4fdc,2026-05-16,2026-05-16,1,2026-09-22,line_oa,true,true
69c7d3b0-85d1-471f-9f9c-d25d33ac60a8,,2026-05-16,1,,,false,true
70679686-0b4c-43a3-af1d-f785583ae1f8,,2026-05-16,1,,,false,true
73bc520a-20d9-4e5f-b9b7-55f7092b3479,,2026-05-16,1,,,false,true
7ffaff4b-3691-4109-bb15-051fd6cfbc1d,,2026-05-16,1,,,false,true
86ada0d5-13b6-4355-9933-8a80975b259e,,2026-05-16,1,,,false,true
9e55ae6e-14e2-406c-be2e-89984e4fcf39,,2026-05-16,3,,,false,false
9ed43ea4-255d-41e4-b841-1280a16a9411,,2026-05-16,1,,,false,true
a5b456ba-b084-44cf-939b-89760a02d3d9,,2026-05-16,2,,,false,false
a8e45233-50a4-42fd-a95b-55099f52cf5d,,2026-05-16,2,,,false,false
c352b708-0b12-4524-a95a-66d71e0c6b6a,,2026-05-16,3,,,false,false
cdc5f3d9-b628-485e-adb4-46e8b5dd39b2,,2026-05-16,1,,,false,true
d50a5f13-deb5-4495-8b39-69a8f4b4eb80,,2026-05-16,1,,,false,true
d7c19049-aaee-422a-9127-0ae265ed55ff,,2026-05-16,1,,,false,true
e5ec5aec-394f-4a8b-af92-63423bbc69f0,,2026-05-16,1,,,false,true
eaf7398a-4114-4309-94a0-2d2e13a14435,2026-05-16,2026-05-16,1,,,false,true
ed69985e-516d-4beb-977e-a8c4e9e62803,2026-01-13,2026-05-16,6,,,false,false
ee86b1dc-ff72-4028-a952-adb58992eef1,,2026-05-16,1,,,false,true
f73fd877-7af9-436d-853f-7e5df1c0bfcd,,2026-05-16,2,,,false,false
fb6f799f-ed88-4bce-b4f4-b7a4b58c3d31,,2026-05-16,2,,,false,false
1c392448-ae3d-44ab-8ade-c112c8ec3f09,2026-05-17,2026-05-17,1,,,false,true
79a35ccc-1972-4b23-bc81-d5d50cb87be1,,2026-05-17,1,,,false,true
b5b4c1a8-d367-49ea-a413-8a0a1d17f94b,,2026-05-17,3,2026-09-30,tiktok,false,false
0629a50d-e452-4100-9b8b-04e322062951,,2026-05-18,1,,,false,true
128cba13-453c-46fc-864b-152cea2d9e9c,,2026-05-18,1,,,false,true
266ad058-6ff4-44b0-bf72-bd044ff06fe8,,2026-05-18,1,,,false,true
37294da3-8de5-4ab0-b9bd-350d40c09631,,2026-05-18,2,,,false,false
43f60b04-6119-449a-9f6e-c41b06eff390,,2026-05-18,1,,,false,true
551bf21e-f259-4ba3-80a9-e94940a9d169,2026-05-18,2026-05-18,1,,,false,true
564e89f0-279a-4299-8ebf-c7e6d208870f,2026-03-23,2026-05-18,2,,,false,false
63823d85-4aec-40f9-ba55-7c7247f4b972,2026-03-03,2026-05-18,3,,,false,false
6fda78a0-bb92-49b1-a3f5-600254f5b527,2026-02-02,2026-05-18,3,,,false,false
80e1c2ec-0411-4501-bce6-c8e28d07d788,,2026-05-18,2,,,false,false
8cc3c9f0-f529-4b9f-bc26-209f917ec510,,2026-05-18,2,,,false,false
a5b03601-35ee-4cc7-a4c1-a0198a22de69,2026-02-02,2026-05-18,5,,,false,false
ac59f23a-4d75-41ab-a6f5-a623f4396522,2026-05-18,2026-05-18,1,,,false,true
bc08efbc-86de-4eda-95b2-6395a5ab052d,,2026-05-18,1,,,false,true
c084dff7-8a58-4091-bf0f-d5fbc2f2a86e,,2026-05-18,2,,,false,false
d043d091-78e8-4bc5-87fd-172373b008e2,,2026-05-18,1,,,false,true
dcea4745-3f3b-4e89-9aec-45a77c552943,2026-02-12,2026-05-18,3,,,false,false
e0ddae25-af50-4169-b096-4881ab597274,,2026-05-18,2,,,false,false
e137140d-20a3-4752-b368-9dcb44e9ac08,,2026-05-18,1,,,false,true
e3a02c56-d19d-4f70-b7e3-47e5ccbf29df,,2026-05-18,1,,,false,true
e521dc8c-8053-4759-adaa-1a19026052c8,,2026-05-18,2,,,false,false
efdc0b9c-c6a2-4388-88d7-e1cb192ce6e4,,2026-05-18,3,,,false,false
04b7ae41-cab2-4c3e-af4b-ea5c5a631bca,,2026-05-19,1,,,false,true
13e56475-804c-4f43-a6a5-99986d82cccf,,2026-05-19,7,,,false,false
2681c32d-c511-4afc-834e-c7f03fa0cd19,,2026-05-19,2,,,false,false
4c5f63b9-e280-43b2-b880-4857c8d402b4,,2026-05-19,1,,,false,true
79e6e1ab-fa0d-4775-b515-af48391789a4,,2026-05-19,1,,,false,true
7db7af7a-443d-4937-a150-827bd044a9a9,,2026-05-19,3,,,false,false
81315488-4363-4bca-84fe-e0687d2660b1,,2026-05-19,1,,,false,true
84da0c01-9545-4bed-be1a-68a37a913094,,2026-05-19,1,,,false,true
bbf85b32-5eca-401b-a966-9ead254b66c3,,2026-05-19,1,,,false,true
c65aa03e-00a8-4b40-9411-664ee55c7657,,2026-05-19,5,,,false,false
00ceac9d-4eb0-42c0-bd52-2830aaae0f44,,2026-05-20,1,,,false,true
03c158e1-64a0-4290-9037-76a990bca09d,,2026-05-20,1,,,false,true
52e52f4a-31d8-458a-90f8-0a7b115ad2e0,,2026-05-20,1,,,false,true
6a0fb7fc-170e-4853-b4df-ede499467c67,,2026-05-20,1,,,false,true
6cc2e68e-9f09-479a-8d88-c6abbc4cb3dc,,2026-05-20,2,,,false,false
9b89a0aa-ab3a-4a8e-8dd4-361a2e812503,,2026-05-20,2,,,false,false
9fa06b35-7874-40d1-a75f-47482665d513,,2026-05-20,1,,,false,true
bd3a344b-c68e-4dba-b642-3095464aaaba,,2026-05-20,1,,,false,true
c205ad40-9c50-41ee-95f3-b104d7abb229,,2026-05-20,2,,,false,false
d48200b9-7b87-47f8-a011-079b12459b26,,2026-05-20,1,,,false,true
f7c3a754-1cb6-4178-9025-05d97259433d,,2026-05-20,5,,,false,false
0b814f4b-4619-4044-83fd-3d63f2ff4e0a,,2026-05-21,2,,,false,false
1f96f09a-e4a9-4244-95cd-370406e57570,,2026-05-21,1,,,false,true
8d451dea-4cda-424e-9763-7b74ea7c77d5,,2026-05-21,3,2026-10-01,tiktok,false,false
95c61863-78c4-4bc3-9479-81361ca92491,,2026-05-21,1,,,false,true
974ed930-5d2b-47be-b1a3-e53a0e7c4150,,2026-05-21,1,,,false,true
a5aa9d4b-44db-4320-8e2f-cd0f3e01efd4,,2026-05-21,2,,,false,false
bc559c95-0d57-466a-ab98-513f30c0e854,,2026-05-21,2,,,false,false
bd01d69c-e9e5-4e5c-a17c-bba37601c597,,2026-05-21,1,2026-09-23,tiktok,true,true
bd388c44-8122-4d06-bc0c-fc2a66471e45,,2026-05-21,1,,,false,true
bff99410-5bf4-4afa-9a0f-6e034acfdda6,,2026-05-21,1,,,false,true
ed0ab960-6b2e-4e07-8344-1e6c945626b9,,2026-05-21,1,,,false,true
1bda6835-54b7-4b1f-b166-88544401f41c,,2026-05-22,1,,,false,true
92343f6b-3015-48ed-b900-5d695549dfdb,,2026-05-22,1,,,false,true
93a45804-62fb-4980-a700-b0c7699e7f7c,,2026-05-22,1,,,false,true
cc166204-14de-436a-98cd-6f04359672b5,2026-02-03,2026-05-22,6,,,false,false
390f348d-8dab-45c1-999e-91220a275c8e,2026-05-23,2026-05-23,1,,,false,true
4db7e841-bd10-4ec0-b8f1-5e1b7a4cafab,,2026-05-23,1,,,false,true
4fdde897-7299-4fa5-9028-423c0c3bd42a,,2026-05-23,1,,,false,true
5228bf99-a84e-49a8-a89b-5d851376af2c,,2026-05-23,1,,,false,true
5869085a-9e8f-42f1-af25-6963919605c6,,2026-05-23,1,,,false,true
5cdff2c9-8740-47aa-9fb1-cf6e5dfef25a,2026-05-23,2026-05-23,1,,,false,true
5d163650-4a29-4fc9-8020-7584d5343ec7,2026-05-23,2026-05-23,1,,,false,true
70b16a96-8aee-4970-b786-c88a4658d9ba,,2026-05-23,1,,,false,true
74e9250a-8ae9-431f-8d05-537a22da4208,,2026-05-23,1,,,false,true
7979401f-53af-404f-b4e1-4b8fe7942861,,2026-05-23,1,,,false,true
7ae993de-ad89-4182-aec9-a21c24bf1ab5,,2026-05-23,2,,,false,false
85ae0128-69cd-4515-a1fe-fa1ece3ed746,,2026-05-23,3,,,false,false
902f917d-48f6-4371-8059-deadb1311d09,2026-05-20,2026-05-23,2,,,false,false
976a0377-32a4-4d51-896d-2258783c0ecc,,2026-05-23,1,,,false,true
b07c00c4-1fb4-46ca-a80c-49125e4906ff,,2026-05-23,1,,,false,true
c14830f3-6582-4a98-91e4-79f1c31f85fd,,2026-05-23,1,,,false,true
c6b3e309-46b7-4b21-b675-6c1ed0d8c66a,,2026-05-23,1,2026-09-15,tiktok,true,true
ca03e3c0-f788-49a7-bcda-85dd930e150a,,2026-05-23,1,,,false,true
cb32b089-c9bf-48a6-abec-158453a98bec,,2026-05-23,1,,,false,true
cda009e0-68c7-4ec2-915b-5970efbb7f1a,2026-05-23,2026-05-23,1,,,false,true
d11f75b2-79cc-4411-912f-325917b454a0,,2026-05-23,4,,,false,false
ef9e4590-a76d-42ef-8df4-516f4c70978f,,2026-05-23,1,,,false,true
fb15120f-b7f7-48f8-99e9-691b8c46d108,,2026-05-23,1,,,false,true
08fb95dd-24c5-4741-9d20-3b39301b276a,,2026-05-24,2,,,false,false
363fd895-6581-47f7-982b-bf76f34aac55,2026-05-24,2026-05-24,1,,,false,true
4244f5ec-aabe-40ef-b931-fe62226a4df5,,2026-05-24,1,,,false,true
50cecd27-16bd-422d-a4f2-6a1e56709c50,,2026-05-24,2,,,false,false
535aefa7-2c1c-4add-a6dc-40e96b77c673,,2026-05-24,1,,,false,true
7b4ca6ce-acdf-4bbe-b389-adf7f8a53bb0,,2026-05-24,1,,,false,true
7b751583-851a-4784-9e14-0da9f6cdcd0c,,2026-05-24,3,,,false,false
7d856c0a-4ad9-4a39-ac5a-27794773899c,2026-05-24,2026-05-24,1,,,false,true
82fb5988-9eed-47a8-bf79-7a1899543d9c,,2026-05-24,1,,,false,true
91e73d43-98b7-4af9-967d-85d77995bebc,2026-05-24,2026-05-24,1,,,false,true
99587e5a-bf9b-40ca-b679-08157fdb8a68,,2026-05-24,1,,,false,true
a1f70c59-a549-433a-ab98-eb3f69d210c6,,2026-05-24,1,,,false,true
b80f3458-0e4a-427f-a222-0e26dfc26e5d,2026-05-24,2026-05-24,1,,,false,true
c3945294-c5cb-47fa-a246-e67ce2040b42,,2026-05-24,1,,,false,true
c881396f-d8f2-44d1-adbe-b471c33bd64f,2026-02-26,2026-05-24,3,,,false,false
c9cdfd4a-41c6-423a-9e8c-f212c53aef3a,2026-05-24,2026-05-24,1,,,false,true
ca17273b-d016-46f9-9b23-560adb5b936c,,2026-05-24,1,,,false,true
cecafd68-10e3-46cd-a507-052348c87dc8,,2026-05-24,1,,,false,true
d137c569-9c71-4b36-93ae-c59cca48c3e3,,2026-05-24,2,,,false,false
ea2f073b-c979-48fa-8473-cff3e36b40d9,,2026-05-24,1,,,false,true
ec840c84-75ac-41f0-bc94-56a6cddd3c2c,,2026-05-24,1,,,false,true
07b5e446-6bd7-45c3-b170-e139c3655093,,2026-05-25,2,,,false,false
1403b995-49b0-4545-a7e4-6f92b092f7a7,,2026-05-25,2,,,false,false
203d2df8-8c5f-4c77-821d-29ccece3641c,,2026-05-25,1,,,false,true
23eb42b7-4434-4294-b787-6564d12fdf9f,2026-01-26,2026-05-25,4,,,false,false
2d0a4e53-c946-46c9-8f25-a854332f9b4d,,2026-05-25,1,,,false,true
3c7b697e-e0eb-4698-9931-3512b9bb75b3,2026-05-25,2026-05-25,1,,,false,true
45684610-4738-4865-9d12-c8a9323f4cb1,,2026-05-25,2,,,false,false
9282184b-8561-49b5-b68d-fcea654f2f14,,2026-05-25,1,,,false,true
a5aad40b-dbad-4371-8800-75cd0693334d,,2026-05-25,1,,,false,true
ad4377f6-3c1d-40d7-9d4c-22532449d0fd,,2026-05-25,1,,,false,true
eb7aa693-8cb4-41b5-81d7-af5a7188de83,,2026-05-25,2,,,false,false
ed55219e-67d3-4f58-bfc2-919f32806b72,,2026-05-25,1,,,false,true
fa882392-bf9c-4f0f-a243-cf2f607cbca3,2026-05-25,2026-05-25,1,,,false,true
00d14b60-dff1-47e8-89c2-360aa88bc7d3,,2026-05-26,1,,,false,true
05af0d02-e6bd-481b-824d-e88036eb028b,2026-05-26,2026-05-26,1,,,false,true
0cd39596-9e57-4871-856d-370344b19911,,2026-05-26,1,,,false,true
54b12407-34a0-4675-85a5-f06ba24919d4,,2026-05-26,1,,,false,true
7a248970-c5f2-43b2-b90f-9559f7309d3c,,2026-05-26,3,,,false,false
844bf62f-13ab-497a-9f81-d399195926b5,2026-05-26,2026-05-26,1,,,false,true
86b09a30-3515-4bba-b7a2-97b6381ef9de,,2026-05-26,3,,,false,false
8ea87740-f52f-4b72-9d4a-05709bd52b3f,,2026-05-26,1,,,false,true
94d39075-3b11-4caf-9aed-7f6f088ee330,,2026-05-26,1,,,false,true
9b879e13-b999-416f-b62c-70bc2ebbeb73,,2026-05-26,1,,,false,true
b16c8671-9ace-4b2c-96eb-39afc38f03cb,,2026-05-26,3,,,false,false
bfff8423-02fa-48a6-bd62-fee8f6cc44f7,2026-05-24,2026-05-26,3,,,false,false
c158a471-5f65-4ff2-a16f-d99e0df1a521,,2026-05-26,1,,,false,true
c29f1301-fab5-4f47-8370-e525f86703d5,,2026-05-26,6,,,false,false
c9560bee-353f-4e6b-8584-8b2bbd46dc15,,2026-05-26,1,,,false,true
c9dfd172-64ac-44c0-974a-3ae1b0458c62,,2026-05-26,1,,,false,true
ceea2064-4dd4-409e-a740-b93ad36386a8,,2026-05-26,5,,,false,false
cf8d3781-7be3-49a7-a0d7-d959e5ab0a89,,2026-05-26,1,,,false,true
d1adc49e-4c1d-44b0-bdf9-0bc1b17c090d,,2026-05-26,2,,,false,false
d39d1ac2-9ccd-40e1-ad1d-acc3d65ff94e,2026-05-26,2026-05-26,1,,,false,true
f42d454a-b863-4852-82fa-2fee4dcd8dba,2026-05-26,2026-05-26,1,,,false,true
f44170da-578b-4a1d-bd11-b0e52b6c3a0f,2026-05-24,2026-05-26,3,,,false,false
ff9bacf8-b94e-4405-a4e3-f55877d698e2,2026-05-26,2026-05-26,1,,,false,true
028a5cba-f704-4bee-80ae-2b725279ef16,,2026-05-27,1,,,false,true
2a538d94-0bad-4e0c-a7bb-16489bbb616b,2026-05-27,2026-05-27,1,,,false,true
360a3b14-3108-4b0b-9351-52de643388b2,2026-05-27,2026-05-27,1,,,false,true
3cedcf51-dc29-4d8e-ab1e-452b2e857e66,2026-05-27,2026-05-27,1,,,false,true
4241a612-677b-47ae-b541-8c8c62fc145a,,2026-05-27,1,,,false,true
4b575a13-1859-42fd-9ce6-917df3345df1,2026-05-27,2026-05-27,1,,,false,true
56412209-bc73-4a7e-a5b3-e2db2e551f02,,2026-05-27,2,,,false,false
63e4d38d-2e50-4854-87e4-d83c8fee196a,,2026-05-27,1,,,false,true
7f2a223b-b0af-49d1-a66d-0bd6d532af97,2026-05-27,2026-05-27,1,,,false,true
a95dd47c-d56a-497f-ac89-eaaa63a7be2f,,2026-05-27,1,,,false,true
aa2e6326-1eea-4ff4-aeb7-76ff887bbbc0,,2026-05-27,1,,,false,true
b0795a38-da97-44f1-abcf-72da7ce38ff8,2026-05-27,2026-05-27,1,,,false,true
bbae34bb-7159-47b3-ad62-228bdd5ef9cc,2026-05-27,2026-05-27,1,,,false,true
c4219cdc-0543-48c9-a2a1-e220e31fe8b9,2026-05-24,2026-05-27,2,,,false,false
e3f06531-4bd4-4ef9-ad63-ad7aaf02f716,,2026-05-27,4,,,false,false
eae0a6c7-4ca4-419b-b3c9-526cda7cee23,2026-05-27,2026-05-27,1,,,false,true
fed7a99b-eaed-4974-9faa-cad7aab8098c,2026-05-27,2026-05-27,1,,,false,true
ffa4372e-7938-427e-b626-d44ef8407344,,2026-05-27,1,,,false,true
00287f38-98fa-4e5d-8681-5370955596f2,,2026-05-28,1,,,false,true
18f229e0-7c28-449c-93b4-bf267c7090f8,2026-05-28,2026-05-28,1,,,false,true
409c0ab2-d6c1-4344-b77d-d3b258e5091a,,2026-05-28,1,,,false,true
8f9b2558-acc1-4a23-8211-12f492eefcdc,2026-05-28,2026-05-28,1,,,false,true
a862b6f2-d6ed-4cba-8197-d563edaf6762,2026-02-24,2026-05-28,2,,,false,false
b828f699-7b22-4962-95f0-6c043245d99b,2026-05-28,2026-05-28,1,,,false,true
d23701eb-9003-4361-bade-66865a5dd16f,2026-05-28,2026-05-28,1,,,false,true
e999affd-91c3-4600-9c96-42de03f0445d,,2026-05-28,1,,,false,true
f1bdba77-a6b0-4c86-b88e-1635e9e0e714,2026-03-04,2026-05-28,7,,,false,false
f642a78a-7e9c-47d6-a816-da8bafb189ce,2026-01-29,2026-05-28,4,,,false,false
06cbf326-beee-41c3-92cd-9b107eb31099,,2026-05-29,1,,,false,true
0d195d1c-5457-40d3-8b41-e11dfef7d3ad,2026-05-29,2026-05-29,1,,,false,true
0d5fe606-18d6-41bb-b019-a336c157d51a,,2026-05-29,2,,,false,false
1a1bcb9c-1a39-4036-ba8a-10591889780b,2026-05-27,2026-05-29,2,,,false,false
1f0fa191-74fa-42de-9ffa-585e7c51d51c,,2026-05-29,1,,,false,true
37ac9e0e-5028-40d4-a1be-5f380862cef0,,2026-05-29,2,,,false,false
3d21cdf2-f9c6-4eed-a625-696a881a56cf,,2026-05-29,1,,,false,true
462e9a3e-4d3d-4f67-ae42-ac06fa0d2f92,2026-05-29,2026-05-29,1,,,false,true
54c0b8af-1e58-42b5-a0f8-743a8d636b08,,2026-05-29,1,,,false,true
804b0c8b-1dbe-4078-8df4-532108370e6a,,2026-05-29,1,,,false,true
85dce128-513f-4c56-ae9d-7718007dfd0a,2026-05-29,2026-05-29,1,,,false,true
8e4fab17-8f9f-4f77-a03b-f04cb4f613a6,2026-05-29,2026-05-29,1,,,false,true
9c46a475-9655-419a-b7d2-42e51b2e5170,,2026-05-29,3,,,false,false
a36e59a4-6bdb-4dd8-9b71-c51b4c7f0d8e,,2026-05-29,3,,,false,false
a3c5d57a-e792-4358-8cbe-f7f54e917c8c,2026-05-29,2026-05-29,1,,,false,true
a42a4531-c5a3-4bef-827f-98bc82a46bd9,,2026-05-29,1,,,false,true
ab0eec6a-549b-4799-8878-bfc00cd28d09,,2026-05-29,1,,,false,true
b4316da3-33c6-4a36-bd84-c891fc154de3,,2026-05-29,1,,,false,true
bc73de45-390f-4ab1-a6af-1396d5758c47,,2026-05-29,3,2026-09-28,tiktok,false,false
c6ca71c3-43a8-43fb-8b15-8ef0aa727f69,2026-05-29,2026-05-29,1,,,false,true
cb7c5258-8348-4b56-a8d2-5e37dcde3edb,,2026-05-29,1,,,false,true
d3004ced-7e44-433d-b623-dc829becb3a2,,2026-05-29,10,,,false,false
d7ffcc9d-1bab-475b-924d-9fe152d92a11,,2026-05-29,1,,,false,true
dc1f046c-727b-4c83-8a46-48bf2088a2b5,,2026-05-29,1,,,false,true
dec0d315-a5ec-493f-905d-3c4a9e9770f9,,2026-05-29,1,,,false,true
e500cfa9-d3c6-4491-accf-acd88bb322d8,,2026-05-29,2,,,false,false
e6d8c59d-593e-44d8-95b4-d8065b45e5f2,,2026-05-29,2,,,false,false
f7a2ba64-cae1-496f-a215-1aab81e78518,,2026-05-29,1,,,false,true
0dd1ab32-d7e8-462d-991a-9c0c22addd53,,2026-05-30,3,,,false,false
1420c6d9-9bb7-4266-a639-7d09f0da11a5,2026-05-30,2026-05-30,1,,,false,true
156a7a10-0c8c-483c-ba4a-4d90133e0109,2026-05-30,2026-05-30,1,,,false,true
1bd8c66e-4601-401b-bb6a-efda7863546c,,2026-05-30,4,,,false,false
1e412811-0c9a-4953-8ffe-72cfc7c90aed,,2026-05-30,1,,,false,true
1fb63d0b-6e41-4128-b652-f5db9418b3f5,,2026-05-30,1,,,false,true
352409e9-775d-4267-8693-82c89c109f9f,,2026-05-30,2,2026-10-02,tiktok,false,false
37d7954b-d47f-49aa-aa6c-7af357de7800,,2026-05-30,2,,,false,false
3dcdaaf2-2aa7-4d3f-a3a5-c7e29a5ea583,,2026-05-30,1,,,false,true
3e2cc641-39ca-46e1-88de-c79ae02f1627,,2026-05-30,1,,,false,true
5328926c-6baa-424f-b227-8266161990aa,,2026-05-30,1,,,false,true
6e3ab768-ae51-415c-a291-5cc091060f30,,2026-05-30,1,,,false,true
867dc594-be6c-4f27-8980-d832df5d34c2,,2026-05-30,1,,,false,true
900d6362-b64a-4a16-b822-a5a58149812c,,2026-05-30,1,,,false,true
b5d99175-1042-44ae-8c21-0f9221df0394,,2026-05-30,1,,,false,true
b6a55a23-3bba-47cc-b002-1be19fda74fe,,2026-05-30,2,,,false,false
b775fb9c-f45d-49d4-9321-c1c383095d79,2026-05-25,2026-05-30,5,,,false,false
dd96959e-a096-4024-bb97-e8fe6be9c2a8,,2026-05-30,1,,,false,true
e304079f-fed0-40ed-9528-dea6fab37c20,,2026-05-30,1,,,false,true
e905db85-70d8-42be-a660-3233fe1994b0,2026-05-30,2026-05-30,1,,,false,true
fe107df0-697f-4c61-a0dd-03e9646ae6af,2026-05-27,2026-05-30,3,,,false,false
fe3d63d4-631a-41ce-95f9-4e47a9efea9b,2026-05-30,2026-05-30,1,,,false,true
04e3ec8a-2dfa-4787-9c1c-8640ebdd2973,,2026-05-31,1,,,false,true
0d736c76-261e-4de3-8d33-61fa971b140c,2026-05-31,2026-05-31,1,,,false,true
1151caa3-ba51-4865-99c3-d9f1453ac983,,2026-05-31,2,,,false,false
18b276af-b10b-40eb-8050-9d6881341fc2,,2026-05-31,1,,,false,true
471982da-ff34-4198-9051-3024809fb9c9,,2026-05-31,1,,,false,true
68705234-9201-4191-b2a0-0bfe4d886f0d,2026-05-23,2026-05-31,2,,,false,false
7a9b6f50-ccb8-42e2-b2a2-5ecd3f8c1396,,2026-05-31,2,,,false,false
80f90114-55e0-4527-9606-2f4670024324,,2026-05-31,1,,,false,true
8f875100-8407-4ae4-a792-593ac0f15dd8,2026-05-31,2026-05-31,1,,,false,true
95f4b3e5-4254-410e-a409-fbfbfa4718a2,,2026-05-31,1,,,false,true
ae6e5570-4237-4406-bee6-dacff454d301,2026-05-31,2026-05-31,1,,,false,true
af2c3542-23c4-4a1c-b355-fdc21136060b,,2026-05-31,2,,,false,false
b252af91-b13b-4433-82fd-62e82aedc3c0,2026-05-31,2026-05-31,1,,,false,true
d5f81bb6-48a9-49f5-9f4f-9d529e365348,2026-05-31,2026-05-31,1,,,false,true
ded6955d-854f-47a5-aadb-22724473133d,,2026-05-31,1,,,false,true
e15ec98a-a776-4a5e-aff9-cd24dd36b8e7,,2026-05-31,2,,,false,false
eb8b5c95-df19-4c0a-be31-57caaa351902,,2026-05-31,2,,,false,false
15f4e0da-0139-4eeb-bc0e-77b8f654ad3a,,2026-06-01,2,,,false,false
2444de05-b1b0-4a6d-8762-d98ea7ff8bf0,2026-06-01,2026-06-01,1,,,false,true
29da0c65-d1b3-42a6-a96a-f50039d162c0,,2026-06-01,2,,,false,false
2c6e8452-e84c-45e1-9524-d08896b95858,,2026-06-01,1,,,false,true
3d7c7466-176c-4fef-87c3-bfccdd5dd568,,2026-06-01,1,,,false,true
47fbdb5f-27e3-4cc2-8224-3bd464abeb66,,2026-06-01,1,,,false,true
6777bbd6-8bc4-40df-ad52-cff104f933f6,2026-06-01,2026-06-01,1,,,false,true
760658f9-1ec0-4075-ab35-06219f751ffd,,2026-06-01,1,,,false,true
802db0b1-a21c-4add-b578-f9ad6bfd0f5d,,2026-06-01,2,,,false,false
82809b94-9f07-4630-b536-4391a8d54eed,2026-06-01,2026-06-01,1,,,false,true
92f74f0a-ef08-48ac-9fff-0ec1df47b265,,2026-06-01,1,,,false,true
9480bb57-e190-4652-8f63-8a2d42327900,,2026-06-01,2,,,false,false
bb155934-f04f-4d43-beec-746e887e0222,2026-06-01,2026-06-01,1,,,false,true
bd25d42f-2f76-4b18-a8c4-f557406aefe8,2026-06-01,2026-06-01,1,,,false,true
c1df26ac-9275-43f0-a431-8322ff8ef356,2026-05-29,2026-06-01,2,,,false,false
cbba457e-8b88-419e-be00-8954ab59cc31,,2026-06-01,1,,,false,true
d746ee6e-4724-4e1d-9d93-4266149ce86c,2026-06-01,2026-06-01,1,,,false,true
d993c7f0-ddac-403f-8912-5126337b5c78,2026-06-01,2026-06-01,1,,,false,true
ebe86089-d33b-46bc-b2aa-7363fd12e3af,,2026-06-01,1,,,false,true
07b8998f-d913-41b0-b90c-c3b834a6addb,2026-06-02,2026-06-02,1,,,false,true
0dafe26d-04cb-4134-9d46-07578093661c,,2026-06-02,1,,,false,true
2ae58072-43de-4d12-afb9-f5fc7514c840,,2026-06-02,1,,,false,true
2f8193c3-acd7-4876-a652-523df598a237,,2026-06-02,1,,,false,true
4236f465-d63d-4da1-92ce-1642e57b8307,,2026-06-02,1,,,false,true
44904d99-2448-46e8-a634-f4c7186c7d01,2026-06-02,2026-06-02,1,,,false,true
45fbb61b-aeb6-4268-85fd-00b403938863,2026-05-23,2026-06-02,2,,,false,false
5d194db7-fe8a-4d47-ae21-3938489bbc33,2026-06-02,2026-06-02,1,,,false,true
5e11b8a8-35f5-458e-bc96-cd8081410f43,2026-05-29,2026-06-02,2,,,false,false
65ef3d6f-d64e-4f3b-b09d-3c063477e4cf,,2026-06-02,2,,,false,false
686d1691-2608-4724-87e1-d13ba1a411d5,,2026-06-02,1,,,false,true
6886f7d1-f3d2-4095-9547-5bd831695597,,2026-06-02,2,,,false,false
68fc138e-acda-4655-893e-f209d17c1281,2026-06-02,2026-06-02,1,,,false,true
6ae9dc08-548a-4cbd-a40b-0549e7c98011,,2026-06-02,3,,,false,false
6e037c46-bc3b-4c46-b3ab-585ac395b62c,,2026-06-02,2,,,false,false
77b74a95-6c1b-4881-a7ba-14fec9506466,,2026-06-02,1,,,false,true
906761c6-bdd2-40ab-9f9e-4437aa1a4c0a,2026-06-02,2026-06-02,1,,,false,true
9afd0385-8ba2-40b3-a2ad-ea38231520f9,,2026-06-02,1,,,false,true
a060bbac-889a-48b2-8076-266bd945c481,,2026-06-02,2,,,false,false
a7a729f4-589d-4f54-b3aa-9192160f7340,,2026-06-02,1,2026-09-16,tiktok,true,true
a7b3c105-f142-4cb0-baec-dd6881f8a296,,2026-06-02,3,,,false,false
a9e91472-ac67-413f-996e-144a285d8932,,2026-06-02,1,,,false,true
b42f0ce7-c067-470d-8ae4-88426ce20498,2026-05-26,2026-06-02,2,,,false,false
b57525cc-a8d4-4ac5-a240-f99fc442a6f2,,2026-06-02,1,,,false,true
c0d18174-80a7-404c-bd35-96e1c464aef8,2026-06-02,2026-06-02,1,,,false,true
cf0434cf-2d16-4c89-8b7a-06e1a24d7b94,2026-06-02,2026-06-02,1,,,false,true
e1c96ed4-44a6-40ff-8fd8-937e41eab49b,,2026-06-02,2,,,false,false
efb4918b-bcd4-4793-a10a-1dc2ffce427e,,2026-06-02,3,2026-09-26,tiktok,true,false
f3938c88-32da-4f1f-96a7-4a01fb7d7104,,2026-06-02,1,,,false,true
f6b5f3ba-2197-4930-bcd6-e5e39dbd6d4c,,2026-06-02,1,,,false,true
fc2e1733-e2c7-40e6-a4c3-d968aecd4c84,2026-06-02,2026-06-02,1,,,false,true
fefffe43-1ea9-4269-a611-31f3419f82a1,,2026-06-02,1,,,false,true
0d94235b-7c91-45d8-a0fd-fed316153583,,2026-06-03,2,,,false,false
18d34c85-b36f-485a-8c9e-112c5fe6644f,,2026-06-03,3,,,false,false
1ec1bcd5-5dda-43e6-a695-389b8c66094d,,2026-06-03,1,,,false,true
26b01656-9128-45ba-bc3a-4f18001299b0,,2026-06-03,2,,,false,false
3a7b9440-5040-4c40-9258-cc8830018347,,2026-06-03,5,,,false,false
3b28fd2a-462e-4ef5-bcd8-cf1f5050795c,,2026-06-03,2,,,false,false
41860823-21fd-4171-9cff-a6b037a6cfe9,,2026-06-03,3,,,false,false
4735a95c-7447-4e05-b785-d684cbed06db,,2026-06-03,6,,,false,false
4d7a89d0-6e4b-48cb-938b-75ee2d2a2a57,,2026-06-03,2,,,false,false
612b9fd7-af8e-4f8e-bb15-94eacd484108,,2026-06-03,1,,,false,true
6ca3c3c2-c997-424b-94ae-e47d9700974a,2026-05-27,2026-06-03,3,,,false,false
705c35fc-0f77-40d9-89e2-e250c6e42615,,2026-06-03,2,,,false,false
735d6956-a142-4f0c-aef7-ee2f1ae76416,,2026-06-03,1,,,false,true
75f56451-2d70-44f3-bc14-70f3d720b622,,2026-06-03,1,,,false,true
7c2f1342-65c8-47f6-bc97-b609718c71f0,,2026-06-03,1,,,false,true
83d478d7-8ecc-4611-8e84-a5af7132f4d2,,2026-06-03,1,,,false,true
87b04d96-9c76-4d8c-a1c0-67a11e23e12b,,2026-06-03,1,,,false,true
87f056d3-1fc9-4a1c-acc0-4dca5cc33c44,,2026-06-03,2,2026-09-18,tiktok,true,false
8b2fca16-7122-4f7e-9022-5122914a6a3b,,2026-06-03,1,,,false,true
8b65b90d-932a-4d98-9e84-aa5cc825e308,,2026-06-03,1,,,false,true
91cb90f4-03de-44dd-97ac-797c84378e8f,,2026-06-03,1,2026-10-05,tiktok,false,true
9427bdb0-4ad0-4245-8770-47b44432aee4,,2026-06-03,1,,,false,true
9740e3fe-6fba-4e94-ad80-665c074b35e0,,2026-06-03,1,,,false,true
9ee3f1f5-6974-43d8-bbf7-dceac77ef0e1,,2026-06-03,1,,,false,true
a029b46d-0d12-495f-8dc4-99fb227db01b,2026-06-03,2026-06-03,1,,,false,true
a4611f75-90e6-4dcb-98c8-0b1abfa2a57a,2026-06-03,2026-06-03,1,,,false,true
a54a19ae-15f5-4175-b896-e78d743d8752,2026-06-03,2026-06-03,1,,,false,true
a821bcab-03b1-485e-b22e-f7bd36e34ed8,,2026-06-03,1,,,false,true
ca47ccf7-4abf-43c7-90e7-9b5476d28f88,,2026-06-03,1,,,false,true
cfacf4a0-1c7a-43ef-b657-1c2a8199f6fe,,2026-06-03,4,,,false,false
d18085b2-258a-49d8-b283-ac9aa8f03910,,2026-06-03,1,,,false,true
d9d03cb7-067e-4571-9543-7bf6d07df107,,2026-06-03,2,,,false,false
dd55daea-126e-41bb-bf37-cce96a223390,,2026-06-03,1,,,false,true
df55dcf7-9a52-4372-9344-5727c76551f3,,2026-06-03,1,,,false,true
eb55f46c-3986-4703-bce5-4dbaccbbeb10,,2026-06-03,6,,,false,false
03c1bd59-a009-4571-b8e7-c8eb6647ab11,2026-06-04,2026-06-04,1,,,false,true
03ead712-07f1-433f-838d-55a887bef689,,2026-06-04,3,,,false,false
071c9b0a-5613-49cf-a72c-e1445ce83159,,2026-06-04,1,,,false,true
0e742902-6fba-4395-b6e1-d505201d6ec2,,2026-06-04,1,,,false,true
12012ba2-f29f-4c0f-947a-9f7588c0cab3,2026-06-04,2026-06-04,1,,,false,true
13a25c4a-ee9b-4853-b546-95408d51e3dc,,2026-06-04,1,,,false,true
18fbc8d3-add0-4e6d-a10b-04448507de70,2026-06-04,2026-06-04,1,,,false,true
1c87da73-af68-46cd-a313-7dcb129568c0,,2026-06-04,2,,,false,false
1f762255-0af3-4525-870a-5ba2cf2ea000,,2026-06-04,3,,,false,false
2b700f33-de0a-4953-a4fc-f01a64a462ee,,2026-06-04,1,,,false,true
2cbab38a-24d0-44c6-adf1-1f01295e2031,,2026-06-04,4,,,false,false
30ac8f22-6986-425c-ab3d-5c5f8e1ebb87,,2026-06-04,1,,,false,true
324df3db-04c2-4594-99f8-c56ff9c569d2,,2026-06-04,1,,,false,true
39905b90-57da-49e8-aec2-63af716fe556,,2026-06-04,1,2026-09-29,tiktok,false,true
3c02e873-284b-4559-b767-3e087690d26a,2026-06-04,2026-06-04,1,,,false,true
3c139a41-9474-4070-a770-0b9bd7a5aed7,,2026-06-04,1,,,false,true
42ed4f2a-65ea-40ba-9261-5f8f5a9befa3,2026-06-04,2026-06-04,1,,,false,true
535c8711-2a78-4fef-8e55-f27f0927af87,,2026-06-04,1,,,false,true
57e1cecd-f681-449e-a90e-9f48ecdc5861,,2026-06-04,1,,,false,true
5fc06a6a-ede7-48aa-a14f-b35f60799a46,,2026-06-04,2,,,false,false
619f4d56-ae25-4b87-b7f2-5af69dcd2022,2026-06-04,2026-06-04,1,,,false,true
6b55d4f8-d24b-42d8-b1aa-ab4b4d506840,,2026-06-04,1,,,false,true
6edb94cc-85cd-4b8b-b2bf-398531f38c53,,2026-06-04,1,,,false,true
728c0bcf-4c59-43cd-972c-c258c7109df1,,2026-06-04,1,,,false,true
848787f3-7008-4e20-b322-30b44ee29061,,2026-06-04,1,,,false,true
84b8ea0d-24b4-43bc-8c78-b7dc7da443a0,,2026-06-04,2,,,false,false
90b5e08c-5816-4cfe-bff4-6ff880fe2270,2026-06-04,2026-06-04,1,,,false,true
9f0bfb7a-5ec4-42d5-8fc5-095650056173,,2026-06-04,2,,,false,false
9f1ab37f-155a-475d-865c-300f1e9f4daf,,2026-06-04,2,,,false,false
a2d8e725-59b5-4177-ac53-0d7c80a7c951,,2026-06-04,1,,,false,true
adf1b9f0-2be1-4d78-99f4-13ae5bb19692,,2026-06-04,1,,,false,true
b0e888ac-8a39-4df9-94c9-dd177a68f020,,2026-06-04,1,,,false,true
b167ddea-babf-44ea-9cd3-e01c1e38a106,,2026-06-04,1,,,false,true
b81519e3-a37a-47b8-ba50-94b52945c5b5,2026-06-04,2026-06-04,1,,,false,true
b96e627d-ba0b-4013-9b5a-18aa3ff2192c,,2026-06-04,1,,,false,true
d433f11c-8764-4eae-b99f-67700c6fd066,,2026-06-04,1,,,false,true
d46a4e2b-c090-4eae-b9f1-50fe64bb5f1f,,2026-06-04,1,,,false,true
da1d2f64-5497-4c80-a344-8ef53fc25ece,,2026-06-04,2,,,false,false
dc5eb6f2-5ab8-43dc-8257-d99503ad9455,,2026-06-04,1,,,false,true
e443e893-1e33-4588-ab2f-b9e58765fd64,2026-06-04,2026-06-04,1,,,false,true
f2d03cef-9346-421f-8055-85da60e3215e,2026-06-04,2026-06-04,1,,,false,true
f95611fd-af6d-4cee-b736-99e733c89f2e,2026-06-04,2026-06-04,1,,,false,true
fdd25413-72ff-40ed-b3e5-56a621c57866,,2026-06-04,1,,,false,true
070a9029-73c4-42a6-910c-bacbc0374e78,,2026-06-05,3,,,false,false
0ecff7b9-bb7e-458f-9379-fe2ddac42798,,2026-06-05,1,,,false,true
148d7a74-56a1-40cd-bc98-6ee704c6d62c,,2026-06-05,2,,,false,false
1fb375ea-dd70-4769-a23d-00f5c221ab7c,,2026-06-05,1,,,false,true
27bb48d1-a8c1-4fa6-84ac-6465f19a462a,2026-06-05,2026-06-05,1,,,false,true
2e326f48-112c-4859-8e03-783d78a24629,,2026-06-05,1,,,false,true
346abe47-e624-4969-8d1b-dedb972e9760,,2026-06-05,1,,,false,true
384e9d3e-b05f-447b-9fce-dfcbce02dce5,,2026-06-05,1,,,false,true
3d2fa0e1-73f2-4bb8-9d2b-b9a8c1424a4c,,2026-06-05,1,,,false,true
541be398-dce0-44bf-9416-a879ba268871,,2026-06-05,1,,,false,true
5d02284a-da10-4d98-be93-072fa3139934,,2026-06-05,1,,,false,true
65042e21-0d4b-48e1-afed-02a3b8bd3041,,2026-06-05,1,,,false,true
a063f46c-a058-4d02-8140-b59ea4765988,,2026-06-05,1,,,false,true
a166d1ff-e635-489a-ab28-cbd92ac2395a,2026-03-30,2026-06-05,3,,,false,false
a21c404f-7276-42ac-a0e3-fa61bcdd1969,,2026-06-05,1,,,false,true
a2ecbca2-0950-4075-9ed0-d99378276e22,2026-06-05,2026-06-05,1,,,false,true
a3881a38-b680-47ce-a5e9-89b9ffcf340a,,2026-06-05,1,,,false,true
ae5ac4d2-8447-4920-a07e-c087f2fe362f,,2026-06-05,1,,,false,true
c20151d7-a6c0-4681-b04f-119a4e6f035c,,2026-06-05,1,,,false,true
d0dfea76-66e1-4d46-b143-4b25423ca103,,2026-06-05,2,2026-09-21,tiktok,true,false
e76eb6ed-bb70-406b-8c6b-026671f2fcdc,,2026-06-05,1,,,false,true
f2bc2e8d-6537-416f-b68d-864f7742e8c6,,2026-06-05,1,,,false,true
fd3e34e9-5462-4ed2-bf82-cfb420347b6f,,2026-06-05,1,,,false,true
00995f95-8f78-4581-a3af-053fd91e4100,,2026-06-06,1,,,false,true
0b9ceb41-81b6-4788-af3c-45cead9eebda,,2026-06-06,1,,,false,true
0d32f417-927a-4566-9297-8107232e7f81,,2026-06-06,1,,,false,true
0d77c256-68bd-49f6-94d9-10fb49c5b2ea,,2026-06-06,2,,,false,false
0fbf9017-f0c1-4284-b0b9-be1b2f03f75e,,2026-06-06,1,2026-09-29,tiktok,false,true
1892cff0-4051-4b48-aeaf-0a5be010526f,,2026-06-06,2,,,false,false
22af837f-e8ce-4ff8-b5bd-7ff40ff3ccb8,,2026-06-06,1,,,false,true
23213788-d5b8-491f-9879-a32b3ffd4537,,2026-06-06,1,,,false,true
2bb645ff-c253-47af-b0c0-77de5958d2ef,,2026-06-06,1,,,false,true
2f9c3153-9709-4847-8040-fc05d140b831,,2026-06-06,1,,,false,true
3002f1a8-762d-4199-86e6-f96d092d7cfc,,2026-06-06,1,,,false,true
35b12d55-9b0c-4a8b-879c-fa8706a1a934,,2026-06-06,1,,,false,true
385fc63f-149a-4fa8-9fc5-f80f3c72b9ed,,2026-06-06,1,,,false,true
3a00bebd-1bbd-4c27-84f5-d6e63beb4a59,,2026-06-06,1,,,false,true
43347682-0640-4987-84af-6922dba3f65f,,2026-06-06,1,,,false,true
472f352d-3d9c-4efb-861c-29dfcc9dd144,,2026-06-06,2,,,false,false
4baadecf-63b6-45ea-80ed-1f3bf430fa0b,,2026-06-06,4,,,false,false
4dec6551-be1a-4ba4-a85a-29d4fb083d03,,2026-06-06,1,,,false,true
54915af0-dc7e-4020-bce0-89da0d9aa8a0,,2026-06-06,3,,,false,false
5a3f0af3-47bd-4aba-9ebf-145294fe808f,,2026-06-06,1,,,false,true
64be3c70-c1a6-4200-8af9-259960d302cc,,2026-06-06,1,,,false,true
65accad1-9c10-413e-bcdd-1fa8f4c4a202,,2026-06-06,1,,,false,true
65bed724-7187-4ed8-bb03-2a8a35d9b34d,,2026-06-06,1,,,false,true
7ba4a4d1-bd65-4518-9db5-3527029c2e52,,2026-06-06,1,,,false,true
7de5d275-8545-48b5-b71b-12560c0b4df1,,2026-06-06,1,,,false,true
814b23a9-0b5b-41ac-bdbe-3f946e9dbec9,,2026-06-06,6,,,false,false
840433a8-a472-4cbf-8134-64a21fd43f46,,2026-06-06,1,,,false,true
8472c4d1-22de-4edb-8942-c4e06ed7c0fb,,2026-06-06,1,,,false,true
8b3cbc95-06f4-45d0-ac07-ab780539f4b1,,2026-06-06,2,,,false,false
9ad92a36-6227-4a07-9691-581745ecae2b,,2026-06-06,1,,,false,true
a12792c6-c893-4c61-927f-a0d3161f5b6c,,2026-06-06,1,,,false,true
a7a98a10-4408-493b-bc81-3052c7aebdaa,,2026-06-06,2,,,false,false
af9d4089-a773-42f0-8917-959c5eda1fd0,2026-06-06,2026-06-06,1,,,false,true
b187021b-1f4b-4ce6-9ff0-e8e43dac9c6b,,2026-06-06,2,,,false,false
bb41235a-3004-4213-8880-aed3ac848bc7,,2026-06-06,1,,,false,true
bc74110f-ed6d-48a9-b6a6-668ac999341f,,2026-06-06,3,,,false,false
cc908b1a-9065-489b-a8c1-b710a83687d9,,2026-06-06,2,,,false,false
ccc51eeb-46f9-45f9-af4c-9f2a31b804a3,,2026-06-06,1,,,false,true
d0f35ae4-8987-4b95-b23f-51c92777602a,,2026-06-06,1,,,false,true
d3ada8f5-9f54-409f-8f1a-ab221add2795,,2026-06-06,2,,,false,false
d3da7b64-cdf6-43b1-aeb6-bc949ce05d43,,2026-06-06,3,,,false,false
d8802d56-633b-4b43-a97b-146f582b36ca,,2026-06-06,1,,,false,true
dfb9fef5-6b35-49f1-a003-4639a656bf78,,2026-06-06,1,,,false,true
e07262e0-afed-49e1-ba76-b90a000b5055,,2026-06-06,2,,,false,false
e3aabd65-3011-4e74-bd97-6ad21517a51c,,2026-06-06,2,,,false,false
e7c096ab-f38c-4e4a-8874-bbbdcb73913e,,2026-06-06,2,,,false,false
f601b281-f69c-4d29-8a52-2463bcb4927f,,2026-06-06,3,,,false,false
0365b4ad-4d82-4bc9-bad6-d611c62f7b8b,,2026-06-07,1,,,false,true
37021356-2059-4dac-9782-59ff6a0f7561,,2026-06-07,1,,,false,true
39b2ac46-ac36-4a8f-b601-fc206bac4c9f,,2026-06-07,1,,,false,true
473fb858-92af-4cdc-a490-8cec9b0de338,2026-05-31,2026-06-07,3,,,false,false
507bf4ad-d993-4eaa-ba7d-46e59878ca77,,2026-06-07,1,,,false,true
57299ff3-4411-4ad4-96aa-06d86574e95b,,2026-06-07,1,,,false,true
841ce7b1-949e-4c57-84b3-dcf7de7b59c6,,2026-06-07,1,,,false,true
a2b05af5-c58f-46db-800f-0146b0db42b0,,2026-06-07,3,,,false,false
a8c3701d-c2c8-47c7-8b38-b005638f2ec1,,2026-06-07,2,,,false,false
b2acc869-a9e3-4b5a-ab65-968380637ddb,2026-06-07,2026-06-07,1,,,false,true
c5a6c656-f7de-4582-858a-522b387081ca,2026-06-07,2026-06-07,1,,,false,true
e98c8670-6fb7-4503-a2ec-5f1c591a98b4,,2026-06-07,2,,,false,false
eac09a95-ad78-46c0-861c-974fa98d1071,,2026-06-07,1,,,false,true
f0913dda-2bc4-4741-9bfa-0e38409fb71a,,2026-06-07,1,,,false,true
f5240ac1-8b1a-47d4-9dde-c45d6a22bde1,2026-04-21,2026-06-07,2,,,false,false
08fc600a-bfae-4214-861c-4ced33218dbd,2026-06-08,2026-06-08,1,,,false,true
0d38caa5-8c18-4403-9996-46f723faf06f,,2026-06-08,1,,,false,true
0f189d94-a0e6-4ccb-bc5b-83791a9eb8ec,,2026-06-08,2,,,false,false
19a8dc96-1519-4ff1-8733-b398cef05e52,2026-06-03,2026-06-08,2,,,false,false
1f313057-1084-45bd-9eeb-d07514f99d59,2026-06-08,2026-06-08,1,,,false,true
1f973b15-3981-42ed-b897-10d6febccd18,,2026-06-08,1,,,false,true
225b6c02-7d48-4c56-81d5-7a6532d5b7fa,2026-06-08,2026-06-08,1,,,false,true
27bd463f-fd50-4bd5-86f6-1c326d5155f3,,2026-06-08,1,,,false,true
31692469-74e9-4aa8-b559-3c7e32b1919a,,2026-06-08,1,,,false,true
36083898-1cee-4f4a-9110-a8c1badd963d,2026-06-08,2026-06-08,1,,,false,true
3ab0ff51-b741-4329-8ca6-a22e47356451,,2026-06-08,1,,,false,true
3f087bd6-f617-44f6-aa6d-caab1e27113f,,2026-06-08,1,,,false,true
4bc2a378-d731-4420-adb5-95edcb9ddbcc,,2026-06-08,1,,,false,true
5ec7f530-45e4-45ef-a7ba-d760165f352b,2026-06-08,2026-06-08,1,,,false,true
6340b706-98c2-4a7c-9064-3157a7b91419,,2026-06-08,1,,,false,true
64e8a7a6-0115-45ff-a263-eb030346792d,,2026-06-08,1,,,false,true
6666ed94-526a-47bc-89e6-6073ee50083e,,2026-06-08,3,,,false,false
70cbbc17-7dbd-4271-95fb-bb857a2759e9,,2026-06-08,1,,,false,true
86eb7108-78c7-4f6a-9dac-dc73f10188ea,,2026-06-08,1,,,false,true
872a714e-3764-48a2-ba0e-aae76e3a8cb8,,2026-06-08,1,,,false,true
8d731495-5ea3-4c87-8a42-845349dc4492,,2026-06-08,2,,,false,false
908e4fa2-fd2b-4cdb-b046-8ba718cd2ac6,,2026-06-08,1,,,false,true
92a10db7-4db6-4388-9a5a-113f12029ad8,,2026-06-08,1,,,false,true
968aeb44-464c-4165-b9a3-dc9d911f7ce4,2026-05-29,2026-06-08,2,,,false,false
998ef9a4-a5c0-474f-9085-7423d1531cb7,,2026-06-08,3,,,false,false
9b6dba6a-e9f6-4550-8952-950136f20758,,2026-06-08,2,,,false,false
9e00861e-0863-4994-ab60-18a5432527d3,2026-06-08,2026-06-08,1,,,false,true
9e5d48b1-2d69-4640-ba3f-4c1a260dc116,,2026-06-08,1,,,false,true
a1d43042-e926-4ebd-a716-f687cd3d7376,,2026-06-08,1,,,false,true
a4d8af05-1cca-4e1b-994d-b348d22c42d0,,2026-06-08,2,,,false,false
b46a3c42-c86b-441c-b08d-eea751ae5bba,,2026-06-08,2,,,false,false
b602f340-fbb1-4da0-b86e-bc1058d18f12,2026-06-08,2026-06-08,1,,,false,true
bc948137-98a9-40aa-b202-18f73072d5fd,,2026-06-08,5,,,false,false
bfe5f4aa-43b3-41cb-8072-0cd4f400e545,,2026-06-08,4,,,false,false
c211b78e-f84f-48e1-a746-de75cc202eb2,2026-06-08,2026-06-08,1,,,false,true
cacb5081-b107-4c7e-ace5-177e87697db2,2026-05-25,2026-06-08,2,,,false,false
d29db2ab-ee35-433c-bb49-872dc40649ae,2026-06-06,2026-06-08,2,,,false,false
e1af719e-0541-4479-9756-01304f739ad6,2026-05-31,2026-06-08,2,,,false,false
e3c74675-a81a-4a7e-9940-c2dff631055f,2026-06-08,2026-06-08,1,,,false,true
eddaa043-f2eb-48af-b6d1-adbc997fc293,,2026-06-08,1,,,false,true
fd2b90b0-0c06-442f-9a00-4cab0dc25bd5,,2026-06-08,2,,,false,false
059304e9-f839-4f69-98de-c200f145fb54,2026-06-09,2026-06-09,1,,,false,true
14c88dfe-9c33-4592-82a0-b289c86fe7a1,2026-01-24,2026-06-09,5,,,false,false
18863657-9a0f-4368-bc48-0e0dd43a805c,,2026-06-09,1,,,false,true
1b3ebce2-c172-4fdf-9951-7092bfa688d3,2026-06-08,2026-06-09,2,,,false,false
279d1016-bae4-461e-9887-62dfbaa976cc,,2026-06-09,1,,,false,true
3023f702-a2b1-4dcc-8ced-1e0db838cf51,,2026-06-09,2,,,false,false
33cabf7b-7900-4a27-9c12-fdfb483d2b9e,,2026-06-09,1,,,false,true
3483fcc5-80a1-452d-a059-3956849f7725,,2026-06-09,2,,,false,false
37ad63b1-3322-44f5-8788-bb6641ba3fd6,2026-06-09,2026-06-09,1,,,false,true
3cd09f8b-3636-42f0-9adc-252dbb4a2c8c,,2026-06-09,1,,,false,true
52e355db-0e01-47ca-bf7f-1ef31a0d4151,,2026-06-09,4,,,false,false
59d374ac-3eda-4ed9-b180-ac7b70f2448a,2026-06-09,2026-06-09,1,,,false,true
5a2ca672-1895-48c0-a906-7b796567a44d,,2026-06-09,1,,,false,true
5c1efd73-6ac7-4ec9-9297-305c2ee31ed2,,2026-06-09,1,,,false,true
5f9406bd-130b-49f5-88da-99a3b8f2709d,2026-06-09,2026-06-09,1,,,false,true
7ad14c9f-77bf-4457-a37b-e9988175f6a7,2026-06-09,2026-06-09,1,,,false,true
8abdb651-e5c2-4b1a-bb13-f867dde6f176,,2026-06-09,1,,,false,true
8f4fef58-dd07-4460-b7c7-0eb300631441,2026-06-09,2026-06-09,1,,,false,true
9033aeb8-6241-4920-ad3a-abb9a6a6e468,,2026-06-09,1,,,false,true
94246e2c-16f3-461b-abbb-a28737b5c824,2026-06-09,2026-06-09,1,,,false,true
96db190d-d685-4f11-9acc-5b2394bed2b5,2026-06-09,2026-06-09,1,,,false,true
b4c60e1d-97b1-4a8d-955d-85d82cb88c4f,2026-01-19,2026-06-09,3,,,false,false
c5a9b1b5-c4e2-4eb6-81ba-d90323ca917c,2026-06-09,2026-06-09,1,,,false,true
d44b8c99-551d-4a5b-ad0a-6e2a043a21f3,2026-06-02,2026-06-09,2,,,false,false
d6645bcb-755f-49f5-92c1-0634a9e60fc9,,2026-06-09,5,,,false,false
ed3b84c9-5e4a-427e-a72c-502736323111,2026-06-09,2026-06-09,1,,,false,true
edd89d0a-741e-4f00-8779-6f8f4d43dbef,,2026-06-09,1,,,false,true
ef3b4676-a5e8-490c-9740-51b9e02635ec,2026-06-09,2026-06-09,1,,,false,true
f9d854e4-8a2e-4c63-91f8-e95d01477b61,,2026-06-09,1,,,false,true
0dd67c95-87f9-4c3d-9e72-02413bc67e6c,,2026-06-10,1,,,false,true
1a6d1baa-c503-43d7-8ea7-223032ef1c70,2026-05-29,2026-06-10,3,,,false,false
21bc3038-ebe3-465a-b775-2f736a0b4bfc,2026-06-05,2026-06-10,2,,,false,false
33257e4f-70ff-410f-9e78-91cd783a4a54,,2026-06-10,2,,,false,false
46d91ad8-412a-4d61-bbac-58febafdd883,,2026-06-10,1,,,false,true
565846c8-d4ee-4bdd-9c88-81ce472f5eef,2026-06-10,2026-06-10,1,,,false,true
5977a57a-6495-4424-a069-d5482068d8a1,,2026-06-10,1,,,false,true
6e3f2612-60e2-429c-9939-190a14de6c7c,,2026-06-10,1,,,false,true
816bae3e-63a9-47df-8e48-b0b7ddb28e78,2026-06-10,2026-06-10,1,,,false,true
81dad608-8e43-48d7-9d67-924a22dec71d,2026-06-06,2026-06-10,2,,,false,false
8fafe951-4d0f-495c-9685-61b3ca373238,2026-06-10,2026-06-10,1,,,false,true
a1171e52-773a-4928-82bb-d512a5ff590f,2026-06-10,2026-06-10,1,,,false,true
a62d8edc-496d-4132-a3d2-a4731479d158,,2026-06-10,2,,,false,false
bee90213-3347-41b9-8b2b-e142a04b63db,,2026-06-10,1,,,false,true
c33e7d67-a8cf-49d0-9745-cedf5fc84d39,,2026-06-10,5,,,false,false
d09ded15-cb34-48d0-8ba9-c8dbb4ba6d7e,,2026-06-10,1,,,false,true
d5817fc0-a7f1-46b5-8d5e-905bde7d39e8,2026-06-10,2026-06-10,1,,,false,true
d8961e00-9eb1-41c1-b6a9-e08492e004fe,,2026-06-10,1,,,false,true
eab4905a-d17f-49d7-8dbc-2f484a791d9f,2026-06-06,2026-06-10,2,,,false,false
ed94f0c3-079f-4110-bd98-5211c6f8a47f,2026-06-10,2026-06-10,1,,,false,true
cf983ee3-1b22-4965-9052-3a16cbdda903,2026-06-11,2026-06-11,1,,,false,true
11b63a34-9581-4f70-b34b-25b17c993851,,2026-06-12,1,,,false,true
1581df74-3023-4130-b2f1-9c4685a15843,,2026-06-12,1,,,false,true
188cf7cd-be76-4807-8a9f-ceb6a1164544,,2026-06-12,2,,,false,false
1ac538f2-8d3a-4efe-8ddb-617c1c8580d4,2026-06-12,2026-06-12,1,,,false,true
1d228395-d96c-40d5-995c-f9d7e55a5612,2026-06-12,2026-06-12,1,,,false,true
20d02f3e-113a-47bc-9523-6aa96d127271,2026-06-12,2026-06-12,1,,,false,true
259bcc7d-0383-438a-95a4-746e43b39c41,2026-06-12,2026-06-12,1,,,false,true
25e356c9-e472-4790-b269-a9cbf78434d5,,2026-06-12,2,,,false,false
29ad77cb-0948-4161-a818-7b9b7956d151,,2026-06-12,2,2026-09-14,tiktok,true,false
2c75e402-0596-494f-800e-0fdd41b510ed,,2026-06-12,3,,,false,false
2e31c0b9-a7ad-49ad-9597-5024e6706e82,2026-06-12,2026-06-12,1,,,false,true
3add69e5-5ba5-499e-8814-320d514fb45a,2026-06-12,2026-06-12,1,,,false,true
3de00251-6e18-4c03-90c8-d6048c3ddb83,,2026-06-12,1,,,false,true
4f3ed817-68b0-4dbe-8f7d-99358366be87,2026-06-04,2026-06-12,2,,,false,false
52c19f5a-5c48-470e-8ce2-4cab1ce88177,2026-06-12,2026-06-12,1,,,false,true
545b9a6b-8b7c-4332-83be-27001ba3dbea,2026-05-23,2026-06-12,6,,,false,false
5f3af2ba-6ab3-418b-bd33-fa88dab5eef0,2026-06-12,2026-06-12,1,,,false,true
6d79638e-3b81-4dbe-8bc2-71cdd50e6e06,2026-05-30,2026-06-12,2,,,false,false
72f7965c-8e9f-40e1-9815-a3b7b9e71565,2026-06-12,2026-06-12,1,,,false,true
7a36e230-d01b-4a09-a21a-1a0449446c4c,,2026-06-12,3,,,false,false
7ac064b9-4f97-472f-8f4f-ec39a23e78fd,,2026-06-12,2,,,false,false
8695ff56-f999-42fb-8d38-e5fe178fcc3a,,2026-06-12,2,,,false,false
895a2cfb-83e6-45c9-bc51-ebe431209495,,2026-06-12,3,,,false,false
93666e1f-ad9a-4efd-b5bb-9f976d5ab6d5,,2026-06-12,1,,,false,true
9aef4127-6cf9-4ea6-ac21-730101636098,,2026-06-12,1,,,false,true
9c01b2fb-031e-4415-9cf1-29332e85c473,2026-06-12,2026-06-12,1,,,false,true
a3d428a3-1ae4-427d-b1de-33b651b7a030,,2026-06-12,1,,,false,true
a6b6e87e-a8ae-4b25-aff6-8b8416618f2d,2026-06-12,2026-06-12,1,,,false,true
a81dfad7-98eb-462a-a088-c03271d3c8e8,,2026-06-12,4,,,false,false
ae8339b1-bf7e-450a-972e-e0e73f2c665c,2026-06-12,2026-06-12,1,,,false,true
b4f87c4d-252b-4698-969d-9931d8486e0b,,2026-06-12,2,,,false,false
b8bcb9b3-7b42-43c3-a0a9-90a9819960ff,2026-06-12,2026-06-12,1,,,false,true
c9a15453-cdb3-46ca-a64d-fe8d3083090d,2026-06-12,2026-06-12,1,,,false,true
cb27761b-c0f4-4c29-a5da-41dfba951716,2026-06-12,2026-06-12,1,,,false,true
e573358e-e80e-4e7e-8b42-af547c37bfc1,,2026-06-12,2,,,false,false
e5b57715-b973-47a2-b20e-5c72d3924dd4,,2026-06-12,1,,,false,true
e68d22dc-05f5-465e-8d94-bd7e584a652b,,2026-06-12,1,,,false,true
e7963964-88cd-4d52-b283-023c0785732d,,2026-06-12,1,,,false,true
ec581a10-1007-4b14-9a65-022499bae88a,,2026-06-12,1,,,false,true
ee2cf9eb-2f56-4be6-9e22-311ff6f64624,,2026-06-12,1,,,false,true
f2143e37-e981-4b24-b0f7-830c99546f62,2026-06-12,2026-06-12,1,,,false,true
f4da18fc-2cce-4637-a542-38d10ef284ba,2026-06-12,2026-06-12,1,,,false,true
04570194-c050-4995-9e0c-896b18b1bcc6,,2026-06-13,1,,,false,true
04899da4-d31d-42e4-a89d-de7818b1ab48,,2026-06-13,2,,,false,false
06c338c1-2d2b-4ffd-9a1b-c493076ddb32,,2026-06-13,2,,,false,false
07550970-a570-408d-9c82-145852904f05,2026-06-13,2026-06-13,1,,,false,true
0cc55684-9747-4214-9d22-4c501ff239d0,2026-06-13,2026-06-13,1,,,false,true
0f8c4d1c-5181-43c5-af25-c219aaba23b1,2026-05-23,2026-06-13,3,,,false,false
14052e73-3ca6-45b2-bfd5-1a7f8cbb96a5,2026-06-13,2026-06-13,1,,,false,true
158b9995-515e-4cf3-8e6d-6f11fcc7f708,,2026-06-13,1,,,false,true
1693154a-4ff3-48b2-9a0c-fcb058c73551,2026-06-13,2026-06-13,1,,,false,true
17ee338b-8cfb-4b5f-b060-7001e61e2207,,2026-06-13,1,,,false,true
1d4a9ecd-a5ec-4da5-8955-ee1fb71ec8d5,,2026-06-13,1,,,false,true
2144e0f5-d8cc-4b3e-baf3-28d3ed45cbb4,2026-06-12,2026-06-13,2,,,false,false
2a0d7922-3e2d-4864-8e42-9d61b9d6f8a3,2026-05-29,2026-06-13,2,,,false,false
2a18ab4f-e87a-44e2-926b-2efbe22b1109,2026-06-13,2026-06-13,1,,,false,true
2b15074d-0a7e-4d5d-813d-d7b0be131b76,2026-05-24,2026-06-13,2,,,false,false
3129ef82-b2f9-4979-a661-001918bd0c7c,,2026-06-13,2,,,false,false
335ff012-38dc-4a69-9287-75c42f87b56a,,2026-06-13,5,,,false,false
3a2cf504-9a18-4c5f-ac90-52da05034efc,,2026-06-13,1,,,false,true
3d43560e-ad0c-4cfb-b8c1-2cbc90173bcf,2026-06-13,2026-06-13,1,,,false,true
3f64b8fa-2803-415d-81b1-b1d5c05a519b,,2026-06-13,1,,,false,true
4859b576-12fa-4fd6-8f84-452edbe8c4d9,2026-06-09,2026-06-13,3,,,false,false
4cdb2217-acc7-4cc9-990a-29ec300bfa5f,2026-06-13,2026-06-13,1,,,false,true
4eb90297-119f-47b6-a9e1-3d7f595a0b22,2026-06-13,2026-06-13,1,,,false,true
4f0ef67a-e845-4a42-a0ff-4f6a85ffb793,2026-06-12,2026-06-13,2,,,false,false
586cb52b-5446-4987-9629-2b216d866217,,2026-06-13,1,,,false,true
5c293642-dcc7-49ed-b6ce-1c3735c1649b,2026-06-13,2026-06-13,1,,,false,true
5ce3da6a-957f-445b-b198-c9bd3ce4d6e6,,2026-06-13,1,,,false,true
6abe22e1-671f-4d65-b0a8-96c3ca92eb05,,2026-06-13,1,,,false,true
6be8e265-c6dd-4ed8-b7c2-a816b473d170,,2026-06-13,1,2026-09-28,tiktok,false,true
6e03b5d1-3770-4df9-8e9d-21ce7a5f486b,2026-06-13,2026-06-13,1,,,false,true
7b858be1-f0e3-4e5a-b151-1985d6f75863,,2026-06-13,1,,,false,true
7cf0b59b-59e7-43a3-a99f-cff4731b23b5,,2026-06-13,1,,,false,true
7e575c2b-a67e-46e7-a407-6976c8156d87,2026-06-13,2026-06-13,1,,,false,true
8ffb84e3-d869-4ee0-8ebd-70f9b97057ae,2026-06-13,2026-06-13,1,,,false,true
a50da351-1d26-4d81-a7a5-9dc9f74ba6a1,2026-05-27,2026-06-13,3,,,false,false
c6f6eed2-a57b-40fe-8623-b2d1c2720f58,2026-06-13,2026-06-13,1,,,false,true
ccd2150d-966f-4502-a485-d3fe2a22b9e8,2026-06-13,2026-06-13,1,,,false,true
d760187f-2a2a-4b7f-843c-bcdbc121b241,,2026-06-13,1,,,false,true
d7978a65-1849-496b-8a6f-4e9ddc4a221b,2026-06-13,2026-06-13,1,,,false,true
e2e47932-045f-433d-af4f-e4ef6a21fda9,2026-06-13,2026-06-13,1,,,false,true
e3043b63-44e6-4d8f-b30a-9455c2548ce6,,2026-06-13,2,,,false,false
eb228150-bddc-41b1-afff-60e92cb78794,,2026-06-13,1,,,false,true
eba2583e-ea49-4a71-9285-6439a8f5dbd9,2026-06-09,2026-06-13,2,,,false,false
f6cacdb6-2fa2-4546-bade-dcffadd93306,2026-06-12,2026-06-13,2,,,false,false
fb6cf037-82c3-43b1-8bea-6be1af1f6c29,,2026-06-13,2,,,false,false
1369875c-0f6a-4d51-adb5-dd8d46ae00ce,,2026-06-14,1,,,false,true
30e5dfad-c8af-48c6-b213-6dcff3c4ee9d,,2026-06-14,2,,,false,false
37f58076-2e41-46ed-9c5b-9a2e3ab6424a,2026-06-14,2026-06-14,1,,,false,true
4ce45fbe-4a44-4f3c-b9fb-08a0de318d88,,2026-06-14,3,,,false,false
518c0a10-41a3-465a-b3d8-1664036d0719,,2026-06-14,2,,,false,false
556d648d-fe4f-4315-8b1e-ad0f1b9d999c,2026-06-14,2026-06-14,1,,,false,true
580ec6fd-d61e-4671-abc7-eac7f38580f8,,2026-06-14,1,,,false,true
6389f72e-2ce2-4415-a96f-7b826bd627d9,2026-05-24,2026-06-14,2,,,false,false
8285bed2-5662-445d-a514-0736f912164b,,2026-06-14,3,,,false,false
8b330e10-59ce-4e31-a07b-dce5c3d94a2c,,2026-06-14,1,,,false,true
91ebb8ef-2618-4b35-b0e6-115084f3229c,2026-06-14,2026-06-14,1,,,false,true
99279e9b-cb9b-40e5-8c38-ab5f580528c7,2026-06-14,2026-06-14,1,,,false,true
99f0c32c-fcf4-450a-bcf5-8761cfcfe6f3,,2026-06-14,1,,,false,true
9aa7ff53-664d-4882-a516-b8fff30b8aa1,,2026-06-14,2,,,false,false
a541f980-a7a2-46c5-bee5-782c9a727285,,2026-06-14,1,,,false,true
b1265ef7-617b-4c79-b8d2-429520927a5a,2026-06-09,2026-06-14,2,,,false,false
cceed6cb-39cd-487c-a633-056e5bc6a817,,2026-06-14,1,,,false,true
cdb2adb3-d75f-4396-a947-5daf55af172d,,2026-06-14,3,,,false,false
e25e18e9-c203-491d-85b7-41f9c881d4a5,2026-06-14,2026-06-14,1,,,false,true
f517870b-c037-411a-b17f-201b11835584,2026-06-14,2026-06-14,1,,,false,true
1bb86598-a6f6-4ce7-a0eb-292f4ee60764,2026-06-15,2026-06-15,1,,,false,true
2659babb-a5fd-4a0d-818b-679500375501,,2026-06-15,2,2026-10-01,tiktok,false,false
31d5068f-9084-42e1-ad88-ae887d8b7163,,2026-06-15,1,,,false,true
4a98c628-386d-464d-98ac-2cca1e68801d,,2026-06-15,1,,,false,true
4b12ef69-05f4-41b2-9994-9e2e93077e85,2026-05-20,2026-06-15,2,,,false,false
5cb2f22f-a51f-42df-8b9c-a92af35d5304,,2026-06-15,1,,,false,true
62e09e93-1441-4132-92ae-1f18deeaadb0,2026-06-15,2026-06-15,1,,,false,true
8a82e560-4141-440d-a0d1-f5e182f8890e,,2026-06-15,2,,,false,false
91d07b7e-f5d6-4113-ac94-343e2687df06,2026-06-15,2026-06-15,1,,,false,true
a7bb9232-73ec-4086-ab02-30e2ccee59f6,2026-01-09,2026-06-15,6,,,false,false
ad007393-5bdd-4b55-9d90-d53b31ee3f23,,2026-06-15,1,,,false,true
c02b9df3-2a51-4d3d-9ef6-e445a021509b,2026-01-26,2026-06-15,4,2026-09-19,line_oa,true,false
c33f0a69-7b59-4dd4-80fc-3920a3ad3d3e,2026-06-15,2026-06-15,1,,,false,true
c554b66e-cb64-41c5-91d4-f1b436a390cc,,2026-06-15,1,,,false,true
cbe35a30-fb94-4d58-acf6-73b5bc4d9a35,,2026-06-15,3,,,false,false
e2de6f06-a603-4998-8578-c1041712afe6,,2026-06-15,3,,,false,false
ecc099d8-b817-47ad-8804-7ea89cfc90fb,2026-06-15,2026-06-15,1,,,false,true
f8fc11e8-c04a-4034-bb93-3c49351a9f83,2026-06-15,2026-06-15,1,,,false,true
fb19ff0e-6862-4feb-8105-97ddeff94b13,,2026-06-15,1,,,false,true
