# 3J Jewelry - Wave Embrace Ring WE-R001 (blockout preview)
# units: mm  ·  Silver 925  ·  ring size 54  ·  hidden white sapphire 1.3mm x2
o WaveEmbrace_Band
v 9.5162 0.0000 -1.0006
v 9.6725 -0.0015 -0.9854
v 9.8240 -0.0029 -0.9403
v 9.9662 -0.0043 -0.8666
v 10.0947 -0.0055 -0.7665
v 10.2056 -0.0065 -0.6432
v 10.2956 -0.0074 -0.5003
v 10.3619 -0.0080 -0.3422
v 10.4025 -0.0084 -0.1738
v 10.4161 -0.0085 -0.0000
v 10.4025 -0.0084 0.1738
v 10.3619 -0.0080 0.3422
v 10.2956 -0.0074 0.5003
v 10.2056 -0.0065 0.6432
v 10.0947 -0.0055 0.7665
v 9.9662 -0.0043 0.8666
v 9.8240 -0.0029 0.9403
v 9.6725 -0.0015 0.9854
v 9.5162 -0.0000 1.0006
v 9.3599 0.0015 0.9854
v 9.2084 0.0029 0.9403
v 9.0662 0.0043 0.8666
v 8.9377 0.0055 0.7665
v 8.8268 0.0065 0.6432
v 8.7368 0.0074 0.5003
v 8.6705 0.0080 0.3422
v 8.6299 0.0084 0.1738
v 8.6162 0.0085 0.0000
v 8.6299 0.0084 -0.1738
v 8.6705 0.0080 -0.3422
v 8.7368 0.0074 -0.5003
v 8.8268 0.0065 -0.6432
v 8.9377 0.0055 -0.7665
v 9.0662 0.0043 -0.8666
v 9.2084 0.0029 -0.9403
v 9.3599 0.0015 -0.9854
v 9.5159 0.2136 -1.0007
v 9.6722 0.2154 -0.9855
v 9.8237 0.2172 -0.9404
v 9.9659 0.2189 -0.8666
v 10.0944 0.2204 -0.7666
v 10.2053 0.2217 -0.6432
v 10.2953 0.2228 -0.5004
v 10.3616 0.2236 -0.3423
v 10.4022 0.2241 -0.1738
v 10.4159 0.2242 -0.0000
v 10.4022 0.2241 0.1738
v 10.3616 0.2236 0.3423
v 10.2953 0.2228 0.5004
v 10.2053 0.2217 0.6432
v 10.0944 0.2204 0.7666
v 9.9659 0.2189 0.8666
v 9.8237 0.2172 0.9404
v 9.6722 0.2154 0.9855
v 9.5159 0.2136 1.0007
v 9.3597 0.2117 0.9855
v 9.2081 0.2099 0.9404
v 9.0660 0.2082 0.8666
v 8.9375 0.2067 0.7666
v 8.8265 0.2054 0.6432
v 8.7366 0.2043 0.5004
v 8.6703 0.2036 0.3423
v 8.6297 0.2031 0.1738
v 8.6160 0.2029 0.0000
v 8.6297 0.2031 -0.1738
v 8.6703 0.2036 -0.3423
v 8.7366 0.2043 -0.5004
v 8.8265 0.2054 -0.6432
v 8.9375 0.2067 -0.7666
v 9.0660 0.2082 -0.8666
v 9.2081 0.2099 -0.9404
v 9.3597 0.2117 -0.9855
v 9.5111 0.4271 -1.0008
v 9.6673 0.4323 -0.9856
v 9.8188 0.4373 -0.9404
v 9.9609 0.4420 -0.8667
v 10.0893 0.4463 -0.7667
v 10.2002 0.4499 -0.6433
v 10.2901 0.4529 -0.5004
v 10.3564 0.4551 -0.3423
v 10.3970 0.4565 -0.1738
v 10.4106 0.4569 -0.0000
v 10.3970 0.4565 0.1738
v 10.3564 0.4551 0.3423
v 10.2901 0.4529 0.5004
v 10.2002 0.4499 0.6433
v 10.0893 0.4463 0.7667
v 9.9609 0.4420 0.8667
v 9.8188 0.4373 0.9404
v 9.6673 0.4323 0.9856
v 9.5111 0.4271 1.0008
v 9.3549 0.4220 0.9856
v 9.2035 0.4170 0.9404
v 9.0614 0.4123 0.8667
v 8.9329 0.4080 0.7667
v 8.8221 0.4043 0.6433
v 8.7321 0.4014 0.5004
v 8.6659 0.3992 0.3423
v 8.6253 0.3978 0.1738
v 8.6116 0.3974 0.0000
v 8.6253 0.3978 -0.1738
v 8.6659 0.3992 -0.3423
v 8.7321 0.4014 -0.5004
v 8.8221 0.4043 -0.6433
v 8.9329 0.4080 -0.7667
v 9.0614 0.4123 -0.8667
v 9.2035 0.4170 -0.9404
v 9.3549 0.4220 -0.9856
v 9.5018 0.6406 -1.0009
v 9.6579 0.6491 -0.9857
v 9.8092 0.6573 -0.9405
v 9.9511 0.6650 -0.8668
v 10.0795 0.6720 -0.7667
v 10.1902 0.6780 -0.6434
v 10.2801 0.6829 -0.5004
v 10.3463 0.6864 -0.3423
v 10.3868 0.6886 -0.1738
v 10.4005 0.6894 -0.0000
v 10.3868 0.6886 0.1738
v 10.3463 0.6864 0.3423
v 10.2801 0.6829 0.5004
v 10.1902 0.6780 0.6434
v 10.0795 0.6720 0.7667
v 9.9511 0.6650 0.8668
v 9.8092 0.6573 0.9405
v 9.6579 0.6491 0.9857
v 9.5018 0.6406 1.0009
v 9.3457 0.6322 0.9857
v 9.1944 0.6240 0.9405
v 9.0525 0.6163 0.8668
v 8.9241 0.6093 0.7667
v 8.8134 0.6033 0.6434
v 8.7235 0.5984 0.5004
v 8.6573 0.5948 0.3423
v 8.6168 0.5926 0.1738
v 8.6031 0.5919 0.0000
v 8.6168 0.5926 -0.1738
v 8.6573 0.5948 -0.3423
v 8.7235 0.5984 -0.5004
v 8.8134 0.6033 -0.6434
v 8.9241 0.6093 -0.7667
v 9.0525 0.6163 -0.8668
v 9.1944 0.6240 -0.9405
v 9.3457 0.6322 -0.9857
v 9.4880 0.8539 -1.0010
v 9.6438 0.8657 -0.9858
v 9.7949 0.8771 -0.9406
v 9.9367 0.8877 -0.8669
v 10.0649 0.8974 -0.7668
v 10.1755 0.9057 -0.6434
v 10.2652 0.9125 -0.5005
v 10.3313 0.9175 -0.3424
v 10.3718 0.9205 -0.1738
v 10.3854 0.9216 -0.0000
v 10.3718 0.9205 0.1738
v 10.3313 0.9175 0.3424
v 10.2652 0.9125 0.5005
v 10.1755 0.9057 0.6434
v 10.0649 0.8974 0.7668
v 9.9367 0.8877 0.8669
v 9.7949 0.8771 0.9406
v 9.6438 0.8657 0.9858
v 9.4880 0.8539 1.0010
v 9.3321 0.8422 0.9858
v 9.1810 0.8308 0.9406
v 9.0392 0.8201 0.8669
v 8.9111 0.8105 0.7668
v 8.8005 0.8021 0.6434
v 8.7108 0.7954 0.5005
v 8.6446 0.7904 0.3424
v 8.6042 0.7873 0.1738
v 8.5905 0.7863 0.0000
v 8.6042 0.7873 -0.1738
v 8.6446 0.7904 -0.3424
v 8.7108 0.7954 -0.5005
v 8.8005 0.8021 -0.6434
v 8.9111 0.8105 -0.7668
v 9.0392 0.8201 -0.8669
v 9.1810 0.8308 -0.9406
v 9.3321 0.8422 -0.9858
v 9.4697 1.0670 -1.0011
v 9.6252 1.0820 -0.9859
v 9.7761 1.0965 -0.9408
v 9.9176 1.1101 -0.8670
v 10.0455 1.1225 -0.7669
v 10.1559 1.1331 -0.6435
v 10.2455 1.1418 -0.5006
v 10.3115 1.1481 -0.3424
v 10.3519 1.1520 -0.1738
v 10.3655 1.1533 -0.0000
v 10.3519 1.1520 0.1738
v 10.3115 1.1481 0.3424
v 10.2455 1.1418 0.5006
v 10.1559 1.1331 0.6435
v 10.0455 1.1225 0.7669
v 9.9176 1.1101 0.8670
v 9.7761 1.0965 0.9408
v 9.6252 1.0820 0.9859
v 9.4697 1.0670 1.0011
v 9.3141 1.0520 0.9859
v 9.1633 1.0374 0.9408
v 9.0218 1.0238 0.8670
v 8.8938 1.0115 0.7669
v 8.7834 1.0008 0.6435
v 8.6939 0.9922 0.5006
v 8.6279 0.9858 0.3424
v 8.5874 0.9819 0.1738
v 8.5738 0.9806 0.0000
v 8.5874 0.9819 -0.1738
v 8.6279 0.9858 -0.3424
v 8.6939 0.9922 -0.5006
v 8.7834 1.0008 -0.6435
v 8.8938 1.0115 -0.7669
v 9.0218 1.0238 -0.8670
v 9.1633 1.0374 -0.9408
v 9.3141 1.0520 -0.9859
v 9.4469 1.2797 -1.0013
v 9.6022 1.2979 -0.9861
v 9.7527 1.3156 -0.9409
v 9.8939 1.3321 -0.8671
v 10.0215 1.3471 -0.7670
v 10.1317 1.3600 -0.6436
v 10.2211 1.3705 -0.5006
v 10.2869 1.3783 -0.3425
v 10.3272 1.3830 -0.1739
v 10.3408 1.3846 -0.0000
v 10.3272 1.3830 0.1739
v 10.2869 1.3783 0.3425
v 10.2211 1.3705 0.5006
v 10.1317 1.3600 0.6436
v 10.0215 1.3471 0.7670
v 9.8939 1.3321 0.8671
v 9.7527 1.3156 0.9409
v 9.6022 1.2979 0.9861
v 9.4469 1.2797 1.0013
v 9.2917 1.2615 0.9861
v 9.1412 1.2438 0.9409
v 9.0000 1.2272 0.8671
v 8.8724 1.2122 0.7670
v 8.7622 1.1993 0.6436
v 8.6728 1.1888 0.5006
v 8.6070 1.1811 0.3425
v 8.5667 1.1764 0.1739
v 8.5531 1.1748 0.0000
v 8.5667 1.1764 -0.1739
v 8.6070 1.1811 -0.3425
v 8.6728 1.1888 -0.5006
v 8.7622 1.1993 -0.6436
v 8.8724 1.2122 -0.7670
v 9.0000 1.2272 -0.8671
v 9.1412 1.2438 -0.9409
v 9.2917 1.2615 -0.9861
v 9.4198 1.4920 -1.0014
v 9.5746 1.5134 -0.9862
v 9.7247 1.5341 -0.9410
v 9.8656 1.5536 -0.8673
v 9.9929 1.5712 -0.7671
v 10.1027 1.5864 -0.6437
v 10.1919 1.5988 -0.5007
v 10.2576 1.6078 -0.3425
v 10.2978 1.6134 -0.1739
v 10.3113 1.6153 -0.0000
v 10.2978 1.6134 0.1739
v 10.2576 1.6078 0.3425
v 10.1919 1.5988 0.5007
v 10.1027 1.5864 0.6437
v 9.9929 1.5712 0.7671
v 9.8656 1.5536 0.8673
v 9.7247 1.5341 0.9410
v 9.5746 1.5134 0.9862
v 9.4198 1.4920 1.0014
v 9.2650 1.4705 0.9862
v 9.1149 1.4498 0.9410
v 8.9741 1.4303 0.8673
v 8.8468 1.4127 0.7671
v 8.7369 1.3975 0.6437
v 8.6477 1.3852 0.5007
v 8.5821 1.3761 0.3425
v 8.5418 1.3705 0.1739
v 8.5283 1.3686 0.0000
v 8.5418 1.3705 -0.1739
v 8.5821 1.3761 -0.3425
v 8.6477 1.3852 -0.5007
v 8.7369 1.3975 -0.6437
v 8.8468 1.4127 -0.7671
v 8.9741 1.4303 -0.8673
v 9.1149 1.4498 -0.9410
v 9.2650 1.4705 -0.9862
v 9.3883 1.7037 -1.0016
v 9.5426 1.7283 -0.9864
v 9.6923 1.7521 -0.9412
v 9.8327 1.7745 -0.8674
v 9.9596 1.7947 -0.7673
v 10.0692 1.8122 -0.6438
v 10.1580 1.8263 -0.5008
v 10.2235 1.8367 -0.3426
v 10.2636 1.8431 -0.1739
v 10.2771 1.8453 -0.0000
v 10.2636 1.8431 0.1739
v 10.2235 1.8367 0.3426
v 10.1580 1.8263 0.5008
v 10.0692 1.8122 0.6438
v 9.9596 1.7947 0.7673
v 9.8327 1.7745 0.8674
v 9.6923 1.7521 0.9412
v 9.5426 1.7283 0.9864
v 9.3883 1.7037 1.0016
v 9.2340 1.6791 0.9864
v 9.0843 1.6553 0.9412
v 8.9439 1.6330 0.8674
v 8.8170 1.6127 0.7673
v 8.7074 1.5953 0.6438
v 8.6186 1.5811 0.5008
v 8.5531 1.5707 0.3426
v 8.5130 1.5643 0.1739
v 8.4995 1.5622 0.0000
v 8.5130 1.5643 -0.1739
v 8.5531 1.5707 -0.3426
v 8.6186 1.5811 -0.5008
v 8.7074 1.5953 -0.6438
v 8.8170 1.6127 -0.7673
v 8.9439 1.6330 -0.8674
v 9.0843 1.6553 -0.9412
v 9.2340 1.6791 -0.9864
v 9.3525 1.9149 -1.0018
v 9.5063 1.9426 -0.9866
v 9.6554 1.9695 -0.9414
v 9.7953 1.9947 -0.8676
v 9.9218 2.0175 -0.7674
v 10.0310 2.0372 -0.6439
v 10.1195 2.0531 -0.5009
v 10.1848 2.0649 -0.3426
v 10.2247 2.0721 -0.1740
v 10.2382 2.0745 -0.0000
v 10.2247 2.0721 0.1740
v 10.1848 2.0649 0.3426
v 10.1195 2.0531 0.5009
v 10.0310 2.0372 0.6439
v 9.9218 2.0175 0.7674
v 9.7953 1.9947 0.8676
v 9.6554 1.9695 0.9414
v 9.5063 1.9426 0.9866
v 9.3525 1.9149 1.0018
v 9.1986 1.8872 0.9866
v 9.0495 1.8603 0.9414
v 8.9096 1.8351 0.8676
v 8.7831 1.8123 0.7674
v 8.6739 1.7927 0.6439
v 8.5854 1.7767 0.5009
v 8.5201 1.7650 0.3426
v 8.4802 1.7578 0.1740
v 8.4667 1.7553 0.0000
v 8.4802 1.7578 -0.1740
v 8.5201 1.7650 -0.3426
v 8.5854 1.7767 -0.5009
v 8.6739 1.7927 -0.6439
v 8.7831 1.8123 -0.7674
v 8.9096 1.8351 -0.8676
v 9.0495 1.8603 -0.9414
v 9.1986 1.8872 -0.9866
v 9.3123 2.1255 -1.0020
v 9.4655 2.1563 -0.9868
v 9.6141 2.1862 -0.9416
v 9.7535 2.2142 -0.8678
v 9.8795 2.2395 -0.7676
v 9.9882 2.2614 -0.6441
v 10.0764 2.2791 -0.5010
v 10.1414 2.2922 -0.3427
v 10.1812 2.3002 -0.1740
v 10.1947 2.3029 -0.0000
v 10.1812 2.3002 0.1740
v 10.1414 2.2922 0.3427
v 10.0764 2.2791 0.5010
v 9.9882 2.2614 0.6441
v 9.8795 2.2395 0.7676
v 9.7535 2.2142 0.8678
v 9.6141 2.1862 0.9416
v 9.4655 2.1563 0.9868
v 9.3123 2.1255 1.0020
v 9.1591 2.0947 0.9868
v 9.0105 2.0648 0.9416
v 8.8711 2.0368 0.8678
v 8.7452 2.0114 0.7676
v 8.6364 1.9896 0.6441
v 8.5482 1.9718 0.5010
v 8.4832 1.9587 0.3427
v 8.4434 1.9507 0.1740
v 8.4300 1.9480 0.0000
v 8.4434 1.9507 -0.1740
v 8.4832 1.9587 -0.3427
v 8.5482 1.9718 -0.5010
v 8.6364 1.9896 -0.6441
v 8.7452 2.0114 -0.7676
v 8.8711 2.0368 -0.8678
v 9.0105 2.0648 -0.9416
v 9.1591 2.0947 -0.9868
v 9.2679 2.3353 -1.0022
v 9.4205 2.3692 -0.9870
v 9.5684 2.4020 -0.9418
v 9.7072 2.4328 -0.8679
v 9.8327 2.4607 -0.7677
v 9.9410 2.4847 -0.6442
v 10.0288 2.5042 -0.5011
v 10.0935 2.5186 -0.3428
v 10.1332 2.5274 -0.1740
v 10.1465 2.5304 -0.0000
v 10.1332 2.5274 0.1740
v 10.0935 2.5186 0.3428
v 10.0288 2.5042 0.5011
v 9.9410 2.4847 0.6442
v 9.8327 2.4607 0.7677
v 9.7072 2.4328 0.8679
v 9.5684 2.4020 0.9418
v 9.4205 2.3692 0.9870
v 9.2679 2.3353 1.0022
v 9.1154 2.3014 0.9870
v 8.9674 2.2686 0.9418
v 8.8286 2.2378 0.8679
v 8.7032 2.2099 0.7677
v 8.5949 2.1859 0.6442
v 8.5070 2.1664 0.5011
v 8.4423 2.1520 0.3428
v 8.4027 2.1432 0.1740
v 8.3893 2.1403 0.0000
v 8.4027 2.1432 -0.1740
v 8.4423 2.1520 -0.3428
v 8.5070 2.1664 -0.5011
v 8.5949 2.1859 -0.6442
v 8.7032 2.2099 -0.7677
v 8.8286 2.2378 -0.8679
v 8.9674 2.2686 -0.9418
v 9.1154 2.3014 -0.9870
v 9.2193 2.5444 -1.0025
v 9.3712 2.5813 -0.9872
v 9.5184 2.6170 -0.9420
v 9.6566 2.6506 -0.8682
v 9.7815 2.6809 -0.7679
v 9.8893 2.7071 -0.6444
v 9.9767 2.7284 -0.5012
v 10.0411 2.7440 -0.3429
v 10.0806 2.7536 -0.1741
v 10.0939 2.7568 -0.0000
v 10.0806 2.7536 0.1741
v 10.0411 2.7440 0.3429
v 9.9767 2.7284 0.5012
v 9.8893 2.7071 0.6444
v 9.7815 2.6809 0.7679
v 9.6566 2.6506 0.8682
v 9.5184 2.6170 0.9420
v 9.3712 2.5813 0.9872
v 9.2193 2.5444 1.0025
v 9.0675 2.5075 0.9872
v 8.9202 2.4717 0.9420
v 8.7820 2.4381 0.8682
v 8.6572 2.4078 0.7679
v 8.5494 2.3816 0.6444
v 8.4619 2.3604 0.5012
v 8.3975 2.3447 0.3429
v 8.3581 2.3351 0.1741
v 8.3448 2.3319 0.0000
v 8.3581 2.3351 -0.1741
v 8.3975 2.3447 -0.3429
v 8.4619 2.3604 -0.5012
v 8.5494 2.3816 -0.6444
v 8.6572 2.4078 -0.7679
v 8.7820 2.4381 -0.8682
v 8.9202 2.4717 -0.9420
v 9.0675 2.5075 -0.9872
v 9.1666 2.7526 -1.0027
v 9.3177 2.7925 -0.9875
v 9.4642 2.8311 -0.9423
v 9.6017 2.8674 -0.8684
v 9.7259 2.9002 -0.7681
v 9.8332 2.9285 -0.6445
v 9.9202 2.9515 -0.5014
v 9.9843 2.9684 -0.3430
v 10.0235 2.9788 -0.1741
v 10.0368 2.9822 -0.0000
v 10.0235 2.9788 0.1741
v 9.9843 2.9684 0.3430
v 9.9202 2.9515 0.5014
v 9.8332 2.9285 0.6445
v 9.7259 2.9002 0.7681
v 9.6017 2.8674 0.8684
v 9.4642 2.8311 0.9423
v 9.3177 2.7925 0.9875
v 9.1666 2.7526 1.0027
v 9.0155 2.7127 0.9875
v 8.8689 2.6740 0.9423
v 8.7315 2.6378 0.8684
v 8.6072 2.6050 0.7681
v 8.4999 2.5767 0.6445
v 8.4129 2.5537 0.5014
v 8.3488 2.5368 0.3430
v 8.3096 2.5264 0.1741
v 8.2964 2.5229 0.0000
v 8.3096 2.5264 -0.1741
v 8.3488 2.5368 -0.3430
v 8.4129 2.5537 -0.5014
v 8.4999 2.5767 -0.6445
v 8.6072 2.6050 -0.7681
v 8.7315 2.6378 -0.8684
v 8.8689 2.6740 -0.9423
v 9.0155 2.7127 -0.9875
v 9.1097 2.9599 -1.0030
v 9.2600 3.0027 -0.9878
v 9.4057 3.0443 -0.9425
v 9.5424 3.0832 -0.8686
v 9.6660 3.1184 -0.7684
v 9.7727 3.1488 -0.6447
v 9.8593 3.1735 -0.5015
v 9.9230 3.1917 -0.3431
v 9.9621 3.2028 -0.1742
v 9.9752 3.2065 -0.0000
v 9.9621 3.2028 0.1742
v 9.9230 3.1917 0.3431
v 9.8593 3.1735 0.5015
v 9.7727 3.1488 0.6447
v 9.6660 3.1184 0.7684
v 9.5424 3.0832 0.8686
v 9.4057 3.0443 0.9425
v 9.2600 3.0027 0.9878
v 9.1097 2.9599 1.0030
v 8.9594 2.9171 0.9878
v 8.8136 2.8756 0.9425
v 8.6769 2.8366 0.8686
v 8.5533 2.8014 0.7684
v 8.4466 2.7710 0.6447
v 8.3601 2.7463 0.5015
v 8.2963 2.7282 0.3431
v 8.2573 2.7170 0.1742
v 8.2441 2.7133 0.0000
v 8.2573 2.7170 -0.1742
v 8.2963 2.7282 -0.3431
v 8.3601 2.7463 -0.5015
v 8.4466 2.7710 -0.6447
v 8.5533 2.8014 -0.7684
v 8.6769 2.8366 -0.8686
v 8.8136 2.8756 -0.9425
v 8.9594 2.9171 -0.9878
v 9.0487 3.1663 -1.0033
v 9.1981 3.2120 -0.9881
v 9.3430 3.2563 -0.9428
v 9.4790 3.2979 -0.8689
v 9.6019 3.3355 -0.7686
v 9.7080 3.3680 -0.6449
v 9.7940 3.3943 -0.5017
v 9.8574 3.4137 -0.3432
v 9.8962 3.4256 -0.1742
v 9.9093 3.4296 -0.0000
v 9.8962 3.4256 0.1742
v 9.8574 3.4137 0.3432
v 9.7940 3.3943 0.5017
v 9.7080 3.3680 0.6449
v 9.6019 3.3355 0.7686
v 9.4790 3.2979 0.8689
v 9.3430 3.2563 0.9428
v 9.1981 3.2120 0.9881
v 9.0487 3.1663 1.0033
v 8.8993 3.1205 0.9881
v 8.7544 3.0762 0.9428
v 8.6184 3.0346 0.8689
v 8.4955 2.9970 0.7686
v 8.3894 2.9645 0.6449
v 8.3034 2.9382 0.5017
v 8.2400 2.9188 0.3432
v 8.2012 2.9069 0.1742
v 8.1881 2.9029 0.0000
v 8.2012 2.9069 -0.1742
v 8.2400 2.9188 -0.3432
v 8.3034 2.9382 -0.5017
v 8.3894 2.9645 -0.6449
v 8.4955 2.9970 -0.7686
v 8.6184 3.0346 -0.8689
v 8.7544 3.0762 -0.9428
v 8.8993 3.1205 -0.9881
v 8.9837 3.3716 -1.0037
v 9.1322 3.4202 -0.9884
v 9.2763 3.4673 -0.9431
v 9.4114 3.5115 -0.8692
v 9.5335 3.5515 -0.7689
v 9.6390 3.5860 -0.6451
v 9.7245 3.6140 -0.5018
v 9.7875 3.6346 -0.3433
v 9.8261 3.6472 -0.1743
v 9.8391 3.6515 -0.0000
v 9.8261 3.6472 0.1743
v 9.7875 3.6346 0.3433
v 9.7245 3.6140 0.5018
v 9.6390 3.5860 0.6451
v 9.5335 3.5515 0.7689
v 9.4114 3.5115 0.8692
v 9.2763 3.4673 0.9431
v 9.1322 3.4202 0.9884
v 8.9837 3.3716 1.0037
v 8.8352 3.3230 0.9884
v 8.6911 3.2759 0.9431
v 8.5560 3.2317 0.8692
v 8.4339 3.1918 0.7689
v 8.3284 3.1573 0.6451
v 8.2429 3.1293 0.5018
v 8.1799 3.1087 0.3433
v 8.1413 3.0961 0.1743
v 8.1283 3.0918 0.0000
v 8.1413 3.0961 -0.1743
v 8.1799 3.1087 -0.3433
v 8.2429 3.1293 -0.5018
v 8.3284 3.1573 -0.6451
v 8.4339 3.1918 -0.7689
v 8.5560 3.2317 -0.8692
v 8.6911 3.2759 -0.9431
v 8.8352 3.3230 -0.9884
v 8.9147 3.5759 -1.0040
v 9.0623 3.6274 -0.9888
v 9.2054 3.6772 -0.9435
v 9.3396 3.7240 -0.8695
v 9.4610 3.7663 -0.7691
v 9.5658 3.8027 -0.6454
v 9.6507 3.8323 -0.5020
v 9.7133 3.8542 -0.3434
v 9.7517 3.8675 -0.1744
v 9.7646 3.8720 -0.0000
v 9.7517 3.8675 0.1744
v 9.7133 3.8542 0.3434
v 9.6507 3.8323 0.5020
v 9.5658 3.8027 0.6454
v 9.4610 3.7663 0.7691
v 9.3396 3.7240 0.8695
v 9.2054 3.6772 0.9435
v 9.0623 3.6274 0.9888
v 8.9147 3.5759 1.0040
v 8.7671 3.5245 0.9888
v 8.6240 3.4747 0.9435
v 8.4897 3.4279 0.8695
v 8.3684 3.3856 0.7691
v 8.2636 3.3491 0.6454
v 8.1787 3.3195 0.5020
v 8.1160 3.2977 0.3434
v 8.0777 3.2844 0.1744
v 8.0648 3.2799 0.0000
v 8.0777 3.2844 -0.1744
v 8.1160 3.2977 -0.3434
v 8.1787 3.3195 -0.5020
v 8.2636 3.3491 -0.6454
v 8.3684 3.3856 -0.7691
v 8.4897 3.4279 -0.8695
v 8.6240 3.4747 -0.9435
v 8.7671 3.5245 -0.9888
v 8.8417 3.7791 -1.0044
v 8.9883 3.8333 -0.9892
v 9.1305 3.8859 -0.9439
v 9.2638 3.9352 -0.8699
v 9.3844 3.9797 -0.7694
v 9.4884 4.0182 -0.6456
v 9.5728 4.0494 -0.5022
v 9.6350 4.0724 -0.3435
v 9.6731 4.0865 -0.1744
v 9.6859 4.0912 -0.0000
v 9.6731 4.0865 0.1744
v 9.6350 4.0724 0.3435
v 9.5728 4.0494 0.5022
v 9.4884 4.0182 0.6456
v 9.3844 3.9797 0.7694
v 9.2638 3.9352 0.8699
v 9.1305 3.8859 0.9439
v 8.9883 3.8333 0.9892
v 8.8417 3.7791 1.0044
v 8.6952 3.7250 0.9892
v 8.5530 3.6724 0.9439
v 8.4197 3.6231 0.8699
v 8.2991 3.5785 0.7694
v 8.1951 3.5401 0.6456
v 8.1107 3.5089 0.5022
v 8.0485 3.4859 0.3435
v 8.0104 3.4718 0.1744
v 7.9976 3.4671 0.0000
v 8.0104 3.4718 -0.1744
v 8.0485 3.4859 -0.3435
v 8.1107 3.5089 -0.5022
v 8.1951 3.5401 -0.6456
v 8.2991 3.5785 -0.7694
v 8.4197 3.6231 -0.8699
v 8.5530 3.6724 -0.9439
v 8.6952 3.7250 -0.9892
v 8.7649 3.9812 -1.0049
v 8.9104 4.0381 -0.9896
v 9.0515 4.0933 -0.9443
v 9.1840 4.1451 -0.8702
v 9.3036 4.1919 -0.7698
v 9.4069 4.2323 -0.6459
v 9.4907 4.2651 -0.5024
v 9.5525 4.2893 -0.3437
v 9.5903 4.3041 -0.1745
v 9.6030 4.3090 -0.0000
v 9.5903 4.3041 0.1745
v 9.5525 4.2893 0.3437
v 9.4907 4.2651 0.5024
v 9.4069 4.2323 0.6459
v 9.3036 4.1919 0.7698
v 9.1840 4.1451 0.8702
v 9.0515 4.0933 0.9443
v 8.9104 4.0381 0.9896
v 8.7649 3.9812 1.0049
v 8.6193 3.9243 0.9896
v 8.4782 3.8691 0.9443
v 8.3458 3.8173 0.8702
v 8.2261 3.7705 0.7698
v 8.1228 3.7300 0.6459
v 8.0390 3.6973 0.5024
v 7.9773 3.6731 0.3437
v 7.9395 3.6583 0.1745
v 7.9267 3.6533 0.0000
v 7.9395 3.6583 -0.1745
v 7.9773 3.6731 -0.3437
v 8.0390 3.6973 -0.5024
v 8.1228 3.7300 -0.6459
v 8.2261 3.7705 -0.7698
v 8.3458 3.8173 -0.8702
v 8.4782 3.8691 -0.9443
v 8.6193 3.9243 -0.9896
v 8.6841 4.1821 -1.0053
v 8.8286 4.2417 -0.9901
v 8.9687 4.2995 -0.9447
v 9.1001 4.3538 -0.8706
v 9.2189 4.4028 -0.7701
v 9.3214 4.4451 -0.6462
v 9.4046 4.4794 -0.5027
v 9.4659 4.5047 -0.3438
v 9.5034 4.5202 -0.1746
v 9.5161 4.5255 -0.0000
v 9.5034 4.5202 0.1746
v 9.4659 4.5047 0.3438
v 9.4046 4.4794 0.5027
v 9.3214 4.4451 0.6462
v 9.2189 4.4028 0.7701
v 9.1001 4.3538 0.8706
v 8.9687 4.2995 0.9447
v 8.8286 4.2417 0.9901
v 8.6841 4.1821 1.0053
v 8.5397 4.1224 0.9901
v 8.3996 4.0646 0.9447
v 8.2682 4.0104 0.8706
v 8.1494 3.9613 0.7701
v 8.0469 3.9190 0.6462
v 7.9637 3.8847 0.5027
v 7.9024 3.8594 0.3438
v 7.8649 3.8439 0.1746
v 7.8522 3.8387 0.0000
v 7.8649 3.8439 -0.1746
v 7.9024 3.8594 -0.3438
v 7.9637 3.8847 -0.5027
v 8.0469 3.9190 -0.6462
v 8.1494 3.9613 -0.7701
v 8.2682 4.0104 -0.8706
v 8.3996 4.0646 -0.9447
v 8.5397 4.1224 -0.9901
v 8.5996 4.3817 -1.0058
v 8.7429 4.4440 -0.9905
v 8.8819 4.5044 -0.9452
v 9.0123 4.5610 -0.8711
v 9.1301 4.6123 -0.7705
v 9.2319 4.6565 -0.6465
v 9.3144 4.6923 -0.5029
v 9.3752 4.7188 -0.3440
v 9.4125 4.7349 -0.1747
v 9.4250 4.7404 -0.0000
v 9.4125 4.7349 0.1747
v 9.3752 4.7188 0.3440
v 9.3144 4.6923 0.5029
v 9.2319 4.6565 0.6465
v 9.1301 4.6123 0.7705
v 9.0123 4.5610 0.8711
v 8.8819 4.5044 0.9452
v 8.7429 4.4440 0.9905
v 8.5996 4.3817 1.0058
v 8.4562 4.3194 0.9905
v 8.3173 4.2590 0.9452
v 8.1869 4.2024 0.8711
v 8.0690 4.1511 0.7705
v 7.9673 4.1069 0.6465
v 7.8847 4.0711 0.5029
v 7.8239 4.0446 0.3440
v 7.7867 4.0285 0.1747
v 7.7741 4.0230 0.0000
v 7.7867 4.0285 -0.1747
v 7.8239 4.0446 -0.3440
v 7.8847 4.0711 -0.5029
v 7.9673 4.1069 -0.6465
v 8.0690 4.1511 -0.7705
v 8.1869 4.2024 -0.8711
v 8.3173 4.2590 -0.9452
v 8.4562 4.3194 -0.9905
v 8.5112 4.5801 -1.0064
v 8.6534 4.6450 -0.9911
v 8.7912 4.7079 -0.9457
v 8.9205 4.7670 -0.8715
v 9.0375 4.8203 -0.7709
v 9.1384 4.8664 -0.6469
v 9.2202 4.9038 -0.5032
v 9.2805 4.9313 -0.3442
v 9.3175 4.9482 -0.1748
v 9.3299 4.9538 -0.0000
v 9.3175 4.9482 0.1748
v 9.2805 4.9313 0.3442
v 9.2202 4.9038 0.5032
v 9.1384 4.8664 0.6469
v 9.0375 4.8203 0.7709
v 8.9205 4.7670 0.8715
v 8.7912 4.7079 0.9457
v 8.6534 4.6450 0.9911
v 8.5112 4.5801 1.0064
v 8.3690 4.5152 0.9911
v 8.2312 4.4522 0.9457
v 8.1018 4.3932 0.8715
v 7.9849 4.3398 0.7709
v 7.8840 4.2937 0.6469
v 7.8022 4.2564 0.5032
v 7.7419 4.2288 0.3442
v 7.7049 4.2120 0.1748
v 7.6925 4.2063 0.0000
v 7.7049 4.2120 -0.1748
v 7.7419 4.2288 -0.3442
v 7.8022 4.2564 -0.5032
v 7.8840 4.2937 -0.6469
v 7.9849 4.3398 -0.7709
v 8.1018 4.3932 -0.8715
v 8.2312 4.4522 -0.9457
v 8.3690 4.5152 -0.9911
v 8.4190 4.7771 -1.0069
v 8.5600 4.8446 -0.9916
v 8.6967 4.9101 -0.9462
v 8.8249 4.9715 -0.8720
v 8.9408 5.0269 -0.7713
v 9.0409 5.0749 -0.6472
v 9.1220 5.1137 -0.5035
v 9.1818 5.1423 -0.3444
v 9.2185 5.1599 -0.1748
v 9.2308 5.1658 -0.0000
v 9.2185 5.1599 0.1748
v 9.1818 5.1423 0.3444
v 9.1220 5.1137 0.5035
v 9.0409 5.0749 0.6472
v 8.9408 5.0269 0.7713
v 8.8249 4.9715 0.8720
v 8.6967 4.9101 0.9462
v 8.5600 4.8446 0.9916
v 8.4190 4.7771 1.0069
v 8.2781 4.7096 0.9916
v 8.1414 4.6442 0.9462
v 8.0132 4.5828 0.8720
v 7.8973 4.5273 0.7713
v 7.7972 4.4794 0.6472
v 7.7160 4.4405 0.5035
v 7.6562 4.4119 0.3444
v 7.6196 4.3944 0.1748
v 7.6073 4.3885 0.0000
v 7.6196 4.3944 -0.1748
v 7.6562 4.4119 -0.3444
v 7.7160 4.4405 -0.5035
v 7.7972 4.4794 -0.6472
v 7.8973 4.5273 -0.7713
v 8.0132 4.5828 -0.8720
v 8.1414 4.6442 -0.9462
v 8.2781 4.7096 -0.9916
v 8.3231 4.9728 -1.0075
v 8.4629 5.0429 -0.9922
v 8.5983 5.1108 -0.9468
v 8.7254 5.1745 -0.8725
v 8.8403 5.2321 -0.7718
v 8.9395 5.2818 -0.6476
v 9.0199 5.3221 -0.5038
v 9.0792 5.3518 -0.3446
v 9.1155 5.3700 -0.1750
v 9.1277 5.3762 -0.0000
v 9.1155 5.3700 0.1750
v 9.0792 5.3518 0.3446
v 9.0199 5.3221 0.5038
v 8.9395 5.2818 0.6476
v 8.8403 5.2321 0.7718
v 8.7254 5.1745 0.8725
v 8.5983 5.1108 0.9468
v 8.4629 5.0429 0.9922
v 8.3231 4.9728 1.0075
v 8.1834 4.9028 0.9922
v 8.0480 4.8349 0.9468
v 7.9209 4.7712 0.8725
v 7.8060 4.7136 0.7718
v 7.7068 4.6639 0.6476
v 7.6264 4.6236 0.5038
v 7.5671 4.5939 0.3446
v 7.5308 4.5757 0.1750
v 7.5186 4.5695 0.0000
v 7.5308 4.5757 -0.1750
v 7.5671 4.5939 -0.3446
v 7.6264 4.6236 -0.5038
v 7.7068 4.6639 -0.6476
v 7.8060 4.7136 -0.7718
v 7.9209 4.7712 -0.8725
v 8.0480 4.8349 -0.9468
v 8.1834 4.9028 -0.9922
v 8.2235 5.1672 -1.0082
v 8.3619 5.2397 -0.9928
v 8.4962 5.3101 -0.9474
v 8.6221 5.3761 -0.8731
v 8.7359 5.4357 -0.7723
v 8.8342 5.4872 -0.6480
v 8.9139 5.5290 -0.5041
v 8.9726 5.5598 -0.3448
v 9.0086 5.5786 -0.1751
v 9.0207 5.5850 -0.0000
v 9.0086 5.5786 0.1751
v 8.9726 5.5598 0.3448
v 8.9139 5.5290 0.5041
v 8.8342 5.4872 0.6480
v 8.7359 5.4357 0.7723
v 8.6221 5.3761 0.8731
v 8.4962 5.3101 0.9474
v 8.3619 5.2397 0.9928
v 8.2235 5.1672 1.0082
v 8.0851 5.0946 0.9928
v 7.9509 5.0243 0.9474
v 7.8249 4.9583 0.8731
v 7.7111 4.8986 0.7723
v 7.6129 4.8471 0.6480
v 7.5332 4.8054 0.5041
v 7.4744 4.7746 0.3448
v 7.4385 4.7557 0.1751
v 7.4264 4.7494 0.0000
v 7.4385 4.7557 -0.1751
v 7.4744 4.7746 -0.3448
v 7.5332 4.8054 -0.5041
v 7.6129 4.8471 -0.6480
v 7.7111 4.8986 -0.7723
v 7.8249 4.9583 -0.8731
v 7.9509 5.0243 -0.9474
v 8.0851 5.0946 -0.9928
v 8.1202 5.3601 -1.0088
v 8.2573 5.4351 -0.9935
v 8.3902 5.5079 -0.9480
v 8.5149 5.5761 -0.8737
v 8.6277 5.6378 -0.7728
v 8.7250 5.6911 -0.6485
v 8.8039 5.7343 -0.5044
v 8.8621 5.7661 -0.3450
v 8.8977 5.7856 -0.1752
v 8.9097 5.7922 -0.0000
v 8.8977 5.7856 0.1752
v 8.8621 5.7661 0.3450
v 8.8039 5.7343 0.5044
v 8.7250 5.6911 0.6485
v 8.6277 5.6378 0.7728
v 8.5149 5.5761 0.8737
v 8.3902 5.5079 0.9480
v 8.2573 5.4351 0.9935
v 8.1202 5.3601 1.0088
v 7.9831 5.2851 0.9935
v 7.8502 5.2123 0.9480
v 7.7254 5.1441 0.8737
v 7.6127 5.0824 0.7728
v 7.5154 5.0291 0.6485
v 7.4365 4.9859 0.5044
v 7.3783 4.9541 0.3450
v 7.3427 4.9346 0.1752
v 7.3307 4.9280 0.0000
v 7.3427 4.9346 -0.1752
v 7.3783 4.9541 -0.3450
v 7.4365 4.9859 -0.5044
v 7.5154 5.0291 -0.6485
v 7.6127 5.0824 -0.7728
v 7.7254 5.1441 -0.8737
v 7.8502 5.2123 -0.9480
v 7.9831 5.2851 -0.9935
v 8.0132 5.5515 -1.0096
v 8.1489 5.6290 -0.9942
v 8.2805 5.7041 -0.9487
v 8.4040 5.7746 -0.8743
v 8.5156 5.8383 -0.7734
v 8.6119 5.8933 -0.6489
v 8.6901 5.9379 -0.5048
v 8.7477 5.9708 -0.3453
v 8.7829 5.9909 -0.1753
v 8.7948 5.9977 -0.0000
v 8.7829 5.9909 0.1753
v 8.7477 5.9708 0.3453
v 8.6901 5.9379 0.5048
v 8.6119 5.8933 0.6489
v 8.5156 5.8383 0.7734
v 8.4040 5.7746 0.8743
v 8.2805 5.7041 0.9487
v 8.1489 5.6290 0.9942
v 8.0132 5.5515 1.0096
v 7.8774 5.4741 0.9942
v 7.7458 5.3989 0.9487
v 7.6224 5.3285 0.8743
v 7.5108 5.2647 0.7734
v 7.4144 5.2098 0.6489
v 7.3363 5.1651 0.5048
v 7.2787 5.1323 0.3453
v 7.2434 5.1121 0.1753
v 7.2316 5.1054 0.0000
v 7.2434 5.1121 -0.1753
v 7.2787 5.1323 -0.3453
v 7.3363 5.1651 -0.5048
v 7.4144 5.2098 -0.6489
v 7.5108 5.2647 -0.7734
v 7.6224 5.3285 -0.8743
v 7.7458 5.3989 -0.9487
v 7.8774 5.4741 -0.9942
v 7.9025 5.7415 -1.0103
v 8.0368 5.8214 -0.9950
v 8.1670 5.8989 -0.9494
v 8.2892 5.9715 -0.8750
v 8.3997 6.0372 -0.7739
v 8.4950 6.0940 -0.6494
v 8.5723 6.1400 -0.5052
v 8.6293 6.1739 -0.3455
v 8.6642 6.1946 -0.1754
v 8.6760 6.2016 -0.0000
v 8.6642 6.1946 0.1754
v 8.6293 6.1739 0.3455
v 8.5723 6.1400 0.5052
v 8.4950 6.0940 0.6494
v 8.3997 6.0372 0.7739
v 8.2892 5.9715 0.8750
v 8.1670 5.8989 0.9494
v 8.0368 5.8214 0.9950
v 7.9025 5.7415 1.0103
v 7.7682 5.6616 0.9950
v 7.6379 5.5841 0.9494
v 7.5157 5.5114 0.8750
v 7.4053 5.4457 0.7739
v 7.3100 5.3890 0.6494
v 7.2326 5.3430 0.5052
v 7.1756 5.3091 0.3455
v 7.1407 5.2884 0.1754
v 7.1290 5.2814 0.0000
v 7.1407 5.2884 -0.1754
v 7.1756 5.3091 -0.3455
v 7.2326 5.3430 -0.5052
v 7.3100 5.3890 -0.6494
v 7.4053 5.4457 -0.7739
v 7.5157 5.5114 -0.8750
v 7.6379 5.5841 -0.9494
v 7.7682 5.6616 -0.9950
v 7.7881 5.9299 -1.0111
v 7.9210 6.0122 -0.9957
v 8.0498 6.0920 -0.9501
v 8.1707 6.1668 -0.8756
v 8.2799 6.2345 -0.7745
v 8.3742 6.2929 -0.6499
v 8.4507 6.3403 -0.5056
v 8.5071 6.3752 -0.3458
v 8.5416 6.3966 -0.1756
v 8.5532 6.4038 -0.0000
v 8.5416 6.3966 0.1756
v 8.5071 6.3752 0.3458
v 8.4507 6.3403 0.5056
v 8.3742 6.2929 0.6499
v 8.2799 6.2345 0.7745
v 8.1707 6.1668 0.8756
v 8.0498 6.0920 0.9501
v 7.9210 6.0122 0.9957
v 7.7881 5.9299 1.0111
v 7.6552 5.8476 0.9957
v 7.5264 5.7678 0.9501
v 7.4056 5.6929 0.8756
v 7.2963 5.6252 0.7745
v 7.2020 5.5668 0.6499
v 7.1255 5.5194 0.5056
v 7.0691 5.4845 0.3458
v 7.0346 5.4631 0.1756
v 7.0230 5.4559 0.0000
v 7.0346 5.4631 -0.1756
v 7.0691 5.4845 -0.3458
v 7.1255 5.5194 -0.5056
v 7.2020 5.5668 -0.6499
v 7.2963 5.6252 -0.7745
v 7.4056 5.6929 -0.8756
v 7.5264 5.7678 -0.9501
v 7.6552 5.8476 -0.9957
v 7.6701 6.1167 -1.0119
v 7.8014 6.2013 -0.9966
v 7.9288 6.2834 -0.9509
v 8.0483 6.3605 -0.8764
v 8.1563 6.4301 -0.7752
v 8.2495 6.4902 -0.6505
v 8.3252 6.5390 -0.5060
v 8.3809 6.5749 -0.3461
v 8.4150 6.5969 -0.1757
v 8.4265 6.6043 -0.0000
v 8.4150 6.5969 0.1757
v 8.3809 6.5749 0.3461
v 8.3252 6.5390 0.5060
v 8.2495 6.4902 0.6505
v 8.1563 6.4301 0.7752
v 8.0483 6.3605 0.8764
v 7.9288 6.2834 0.9509
v 7.8014 6.2013 0.9966
v 7.6701 6.1167 1.0119
v 7.5387 6.0320 0.9966
v 7.4113 5.9499 0.9509
v 7.2918 5.8729 0.8764
v 7.1838 5.8032 0.7752
v 7.0906 5.7431 0.6505
v 7.0150 5.6944 0.5060
v 6.9592 5.6585 0.3461
v 6.9251 5.6365 0.1757
v 6.9136 5.6291 0.0000
v 6.9251 5.6365 -0.1757
v 6.9592 5.6585 -0.3461
v 7.0150 5.6944 -0.5060
v 7.0906 5.7431 -0.6505
v 7.1838 5.8032 -0.7752
v 7.2918 5.8729 -0.8764
v 7.4113 5.9499 -0.9509
v 7.5387 6.0320 -0.9966
v 7.5483 6.3018 -1.0128
v 7.6782 6.3888 -0.9974
v 7.8040 6.4732 -0.9517
v 7.9221 6.5524 -0.8771
v 8.0289 6.6240 -0.7759
v 8.1210 6.6857 -0.6510
v 8.1957 6.7358 -0.5064
v 8.2508 6.7728 -0.3464
v 8.2845 6.7954 -0.1759
v 8.2959 6.8030 -0.0000
v 8.2845 6.7954 0.1759
v 8.2508 6.7728 0.3464
v 8.1957 6.7358 0.5064
v 8.1210 6.6857 0.6510
v 8.0289 6.6240 0.7759
v 7.9221 6.5524 0.8771
v 7.8040 6.4732 0.9517
v 7.6782 6.3888 0.9974
v 7.5483 6.3018 1.0128
v 7.4185 6.2148 0.9974
v 7.2927 6.1304 0.9517
v 7.1746 6.0512 0.8771
v 7.0678 5.9797 0.7759
v 6.9757 5.9179 0.6510
v 6.9010 5.8678 0.5064
v 6.8459 5.8308 0.3464
v 6.8122 5.8082 0.1759
v 6.8008 5.8006 0.0000
v 6.8122 5.8082 -0.1759
v 6.8459 5.8308 -0.3464
v 6.9010 5.8678 -0.5064
v 6.9757 5.9179 -0.6510
v 7.0678 5.9797 -0.7759
v 7.1746 6.0512 -0.8771
v 7.2927 6.1304 -0.9517
v 7.4185 6.2148 -0.9974
v 7.4229 6.4852 -1.0137
v 7.5512 6.5746 -0.9983
v 7.6755 6.6613 -0.9526
v 7.7921 6.7426 -0.8779
v 7.8975 6.8160 -0.7766
v 7.9885 6.8795 -0.6516
v 8.0624 6.9309 -0.5069
v 8.1168 6.9689 -0.3467
v 8.1501 6.9921 -0.1760
v 8.1613 6.9999 -0.0000
v 8.1501 6.9921 0.1760
v 8.1168 6.9689 0.3467
v 8.0624 6.9309 0.5069
v 7.9885 6.8795 0.6516
v 7.8975 6.8160 0.7766
v 7.7921 6.7426 0.8779
v 7.6755 6.6613 0.9526
v 7.5512 6.5746 0.9983
v 7.4229 6.4852 1.0137
v 7.2947 6.3959 0.9983
v 7.1704 6.3092 0.9526
v 7.0538 6.2279 0.8779
v 6.9484 6.1544 0.7766
v 6.8574 6.0910 0.6516
v 6.7835 6.0395 0.5069
v 6.7291 6.0016 0.3467
v 6.6958 5.9784 0.1760
v 6.6846 5.9706 0.0000
v 6.6958 5.9784 -0.1760
v 6.7291 6.0016 -0.3467
v 6.7835 6.0395 -0.5069
v 6.8574 6.0910 -0.6516
v 6.9484 6.1544 -0.7766
v 7.0538 6.2279 -0.8779
v 7.1704 6.3092 -0.9526
v 7.2947 6.3959 -0.9983
v 7.2939 6.6669 -1.0147
v 7.4204 6.7586 -0.9993
v 7.5431 6.8475 -0.9535
v 7.6583 6.9309 -0.8787
v 7.7623 7.0063 -0.7773
v 7.8522 7.0714 -0.6522
v 7.9250 7.1242 -0.5073
v 7.9787 7.1631 -0.3470
v 8.0116 7.1869 -0.1762
v 8.0227 7.1949 -0.0000
v 8.0116 7.1869 0.1762
v 7.9787 7.1631 0.3470
v 7.9250 7.1242 0.5073
v 7.8522 7.0714 0.6522
v 7.7623 7.0063 0.7773
v 7.6583 6.9309 0.8787
v 7.5431 6.8475 0.9535
v 7.4204 6.7586 0.9993
v 7.2939 6.6669 1.0147
v 7.1673 6.5752 0.9993
v 7.0446 6.4863 0.9535
v 6.9294 6.4029 0.8787
v 6.8254 6.3275 0.7773
v 6.7356 6.2624 0.6522
v 6.6627 6.2096 0.5073
v 6.6090 6.1707 0.3470
v 6.5761 6.1469 0.1762
v 6.5650 6.1388 0.0000
v 6.5761 6.1469 -0.1762
v 6.6090 6.1707 -0.3470
v 6.6627 6.2096 -0.5073
v 6.7356 6.2624 -0.6522
v 6.8254 6.3275 -0.7773
v 6.9294 6.4029 -0.8787
v 7.0446 6.4863 -0.9535
v 7.1673 6.5752 -0.9993
v 7.1611 6.8467 -1.0157
v 7.2859 6.9407 -1.0002
v 7.4070 7.0318 -0.9544
v 7.5206 7.1174 -0.8796
v 7.6232 7.1947 -0.7780
v 7.7118 7.2614 -0.6529
v 7.7837 7.3155 -0.5078
v 7.8367 7.3554 -0.3474
v 7.8691 7.3798 -0.1764
v 7.8800 7.3880 -0.0000
v 7.8691 7.3798 0.1764
v 7.8367 7.3554 0.3474
v 7.7837 7.3155 0.5078
v 7.7118 7.2614 0.6529
v 7.6232 7.1947 0.7780
v 7.5206 7.1174 0.8796
v 7.4070 7.0318 0.9544
v 7.2859 6.9407 1.0002
v 7.1611 6.8467 1.0157
v 7.0362 6.7527 1.0002
v 6.9152 6.6615 0.9544
v 6.8016 6.5760 0.8796
v 6.6989 6.4987 0.7780
v 6.6103 6.4320 0.6529
v 6.5384 6.3778 0.5078
v 6.4854 6.3380 0.3474
v 6.4530 6.3135 0.1764
v 6.4421 6.3053 0.0000
v 6.4530 6.3135 -0.1764
v 6.4854 6.3380 -0.3474
v 6.5384 6.3778 -0.5078
v 6.6103 6.4320 -0.6529
v 6.6989 6.4987 -0.7780
v 6.8016 6.5760 -0.8796
v 6.9152 6.6615 -0.9544
v 7.0362 6.7527 -1.0002
v 7.0245 7.0245 -1.0167
v 7.1476 7.1208 -1.0013
v 7.2670 7.2142 -0.9554
v 7.3789 7.3018 -0.8805
v 7.4801 7.3810 -0.7788
v 7.5675 7.4494 -0.6535
v 7.6384 7.5048 -0.5083
v 7.6906 7.5457 -0.3477
v 7.7226 7.5707 -0.1765
v 7.7333 7.5792 -0.0000
v 7.7226 7.5707 0.1765
v 7.6906 7.5457 0.3477
v 7.6384 7.5048 0.5083
v 7.5675 7.4494 0.6535
v 7.4801 7.3810 0.7788
v 7.3789 7.3018 0.8805
v 7.2670 7.2142 0.9554
v 7.1476 7.1208 1.0013
v 7.0245 7.0245 1.0167
v 6.9015 6.9282 1.0013
v 6.7821 6.8348 0.9554
v 6.6701 6.7472 0.8805
v 6.5689 6.6680 0.7788
v 6.4816 6.5997 0.6535
v 6.4107 6.5442 0.5083
v 6.3585 6.5034 0.3477
v 6.3265 6.4783 0.1765
v 6.3157 6.4699 0.0000
v 6.3265 6.4783 -0.1765
v 6.3585 6.5034 -0.3477
v 6.4107 6.5442 -0.5083
v 6.4816 6.5997 -0.6535
v 6.5689 6.6680 -0.7788
v 6.6701 6.7472 -0.8805
v 6.7821 6.8348 -0.9554
v 6.9015 6.9282 -1.0013
v 6.8843 7.2004 -1.0178
v 7.0055 7.2990 -1.0023
v 7.1231 7.3946 -0.9564
v 7.2334 7.4843 -0.8814
v 7.3331 7.5654 -0.7797
v 7.4192 7.6354 -0.6542
v 7.4890 7.6921 -0.5089
v 7.5404 7.7340 -0.3481
v 7.5719 7.7596 -0.1767
v 7.5825 7.7682 -0.0000
v 7.5719 7.7596 0.1767
v 7.5404 7.7340 0.3481
v 7.4890 7.6921 0.5089
v 7.4192 7.6354 0.6542
v 7.3331 7.5654 0.7797
v 7.2334 7.4843 0.8814
v 7.1231 7.3946 0.9564
v 7.0055 7.2990 1.0023
v 6.8843 7.2004 1.0178
v 6.7630 7.1018 1.0023
v 6.6455 7.0062 0.9564
v 6.5351 6.9165 0.8814
v 6.4354 6.8354 0.7797
v 6.3494 6.7654 0.6542
v 6.2796 6.7086 0.5089
v 6.2281 6.6668 0.3481
v 6.1966 6.6412 0.1767
v 6.1860 6.6326 0.0000
v 6.1966 6.6412 -0.1767
v 6.2281 6.6668 -0.3481
v 6.2796 6.7086 -0.5089
v 6.3494 6.7654 -0.6542
v 6.4354 6.8354 -0.7797
v 6.5351 6.9165 -0.8814
v 6.6455 7.0062 -0.9564
v 6.7630 7.1018 -1.0023
v 6.7402 7.3741 -1.0189
v 6.8596 7.4750 -1.0034
v 6.9753 7.5728 -0.9574
v 7.0839 7.6646 -0.8824
v 7.1820 7.7476 -0.7805
v 7.2668 7.8192 -0.6549
v 7.3355 7.8773 -0.5094
v 7.3861 7.9201 -0.3485
v 7.4171 7.9463 -0.1769
v 7.4276 7.9551 -0.0000
v 7.4171 7.9463 0.1769
v 7.3861 7.9201 0.3485
v 7.3355 7.8773 0.5094
v 7.2668 7.8192 0.6549
v 7.1820 7.7476 0.7805
v 7.0839 7.6646 0.8824
v 6.9753 7.5728 0.9574
v 6.8596 7.4750 1.0034
v 6.7402 7.3741 1.0189
v 6.6209 7.2732 1.0034
v 6.5052 7.1754 0.9574
v 6.3966 7.0836 0.8824
v 6.2984 7.0006 0.7805
v 6.2137 6.9290 0.6549
v 6.1450 6.8709 0.5094
v 6.0943 6.8281 0.3485
v 6.0633 6.8019 0.1769
v 6.0529 6.7931 0.0000
v 6.0633 6.8019 -0.1769
v 6.0943 6.8281 -0.3485
v 6.1450 6.8709 -0.5094
v 6.2137 6.9290 -0.6549
v 6.2984 7.0006 -0.7805
v 6.3966 7.0836 -0.8824
v 6.5052 7.1754 -0.9574
v 6.6209 7.2732 -1.0034
v 6.5924 7.5456 -1.0200
v 6.7098 7.6488 -1.0045
v 6.8236 7.7488 -0.9585
v 6.9304 7.8427 -0.8833
v 7.0269 7.9275 -0.7814
v 7.1103 8.0008 -0.6556
v 7.1778 8.0602 -0.5100
v 7.2276 8.1039 -0.3489
v 7.2581 8.1307 -0.1771
v 7.2684 8.1398 -0.0000
v 7.2581 8.1307 0.1771
v 7.2276 8.1039 0.3489
v 7.1778 8.0602 0.5100
v 7.1103 8.0008 0.6556
v 7.0269 7.9275 0.7814
v 6.9304 7.8427 0.8833
v 6.8236 7.7488 0.9585
v 6.7098 7.6488 1.0045
v 6.5924 7.5456 1.0200
v 6.4750 7.4424 1.0045
v 6.3612 7.3424 0.9585
v 6.2544 7.2485 0.8833
v 6.1579 7.1637 0.7814
v 6.0746 7.0905 0.6556
v 6.0070 7.0311 0.5100
v 5.9572 6.9873 0.3489
v 5.9267 6.9605 0.1771
v 5.9164 6.9515 0.0000
v 5.9267 6.9605 -0.1771
v 5.9572 6.9873 -0.3489
v 6.0070 7.0311 -0.5100
v 6.0746 7.0905 -0.6556
v 6.1579 7.1637 -0.7814
v 6.2544 7.2485 -0.8833
v 6.3612 7.3424 -0.9585
v 6.4750 7.4424 -1.0045
v 6.4408 7.7148 -1.0212
v 6.5561 7.8202 -1.0056
v 6.6679 7.9225 -0.9596
v 6.7729 8.0184 -0.8843
v 6.8677 8.1051 -0.7822
v 6.9496 8.1800 -0.6564
v 7.0160 8.2407 -0.5106
v 7.0649 8.2855 -0.3493
v 7.0949 8.3129 -0.1773
v 7.1050 8.3221 -0.0000
v 7.0949 8.3129 0.1773
v 7.0649 8.2855 0.3493
v 7.0160 8.2407 0.5106
v 6.9496 8.1800 0.6564
v 6.8677 8.1051 0.7822
v 6.7729 8.0184 0.8843
v 6.6679 7.9225 0.9596
v 6.5561 7.8202 1.0056
v 6.4408 7.7148 1.0212
v 6.3254 7.6093 1.0056
v 6.2136 7.5071 0.9596
v 6.1087 7.4111 0.8843
v 6.0138 7.3244 0.7822
v 5.9319 7.2496 0.6564
v 5.8655 7.1889 0.5106
v 5.8166 7.1441 0.3493
v 5.7866 7.1167 0.1773
v 5.7765 7.1075 0.0000
v 5.7866 7.1167 -0.1773
v 5.8166 7.1441 -0.3493
v 5.8655 7.1889 -0.5106
v 5.9319 7.2496 -0.6564
v 6.0138 7.3244 -0.7822
v 6.1087 7.4111 -0.8843
v 6.2136 7.5071 -0.9596
v 6.3254 7.6093 -1.0056
v 6.2853 7.8815 -1.0223
v 6.3985 7.9892 -1.0068
v 6.5083 8.0937 -0.9607
v 6.6113 8.1917 -0.8854
v 6.7044 8.2803 -0.7832
v 6.7847 8.3568 -0.6571
v 6.8499 8.4188 -0.5112
v 6.8980 8.4645 -0.3497
v 6.9274 8.4925 -0.1775
v 6.9373 8.5019 -0.0000
v 6.9274 8.4925 0.1775
v 6.8980 8.4645 0.3497
v 6.8499 8.4188 0.5112
v 6.7847 8.3568 0.6571
v 6.7044 8.2803 0.7832
v 6.6113 8.1917 0.8854
v 6.5083 8.0937 0.9607
v 6.3985 7.9892 1.0068
v 6.2853 7.8815 1.0223
v 6.1721 7.7738 1.0068
v 6.0623 7.6693 0.9607
v 5.9593 7.5713 0.8854
v 5.8662 7.4827 0.7832
v 5.7858 7.4062 0.6571
v 5.7206 7.3442 0.5112
v 5.6726 7.2985 0.3497
v 5.6432 7.2705 0.1775
v 5.6333 7.2611 0.0000
v 5.6432 7.2705 -0.1775
v 5.6726 7.2985 -0.3497
v 5.7206 7.3442 -0.5112
v 5.7858 7.4062 -0.6571
v 5.8662 7.4827 -0.7832
v 5.9593 7.5713 -0.8854
v 6.0623 7.6693 -0.9607
v 6.1721 7.7738 -1.0068
v 6.1259 8.0456 -1.0236
v 6.2370 8.1556 -1.0080
v 6.3446 8.2623 -0.9618
v 6.4456 8.3624 -0.8864
v 6.5369 8.4528 -0.7841
v 6.6157 8.5309 -0.6579
v 6.6796 8.5942 -0.5118
v 6.7267 8.6409 -0.3501
v 6.7555 8.6695 -0.1777
v 6.7652 8.6791 -0.0000
v 6.7555 8.6695 0.1777
v 6.7267 8.6409 0.3501
v 6.6796 8.5942 0.5118
v 6.6157 8.5309 0.6579
v 6.5369 8.4528 0.7841
v 6.4456 8.3624 0.8864
v 6.3446 8.2623 0.9618
v 6.2370 8.1556 1.0080
v 6.1259 8.0456 1.0236
v 6.0149 7.9356 1.0080
v 5.9073 7.8289 0.9618
v 5.8063 7.7289 0.8864
v 5.7150 7.6384 0.7841
v 5.6362 7.5603 0.6579
v 5.5723 7.4970 0.5118
v 5.5252 7.4503 0.3501
v 5.4964 7.4217 0.1777
v 5.4867 7.4121 0.0000
v 5.4964 7.4217 -0.1777
v 5.5252 7.4503 -0.3501
v 5.5723 7.4970 -0.5118
v 5.6362 7.5603 -0.6579
v 5.7150 7.6384 -0.7841
v 5.8063 7.7289 -0.8864
v 5.9073 7.8289 -0.9618
v 6.0149 7.9356 -1.0080
v 5.9627 8.2070 -1.0248
v 6.0714 8.3192 -1.0092
v 6.1768 8.4281 -0.9630
v 6.2757 8.5303 -0.8875
v 6.3651 8.6226 -0.7850
v 6.4423 8.7023 -0.6587
v 6.5049 8.7669 -0.5124
v 6.5510 8.8146 -0.3505
v 6.5792 8.8437 -0.1780
v 6.5888 8.8536 -0.0000
v 6.5792 8.8437 0.1780
v 6.5510 8.8146 0.3505
v 6.5049 8.7669 0.5124
v 6.4423 8.7023 0.6587
v 6.3651 8.6226 0.7850
v 6.2757 8.5303 0.8875
v 6.1768 8.4281 0.9630
v 6.0714 8.3192 1.0092
v 5.9627 8.2070 1.0248
v 5.8540 8.0947 1.0092
v 5.7486 7.9858 0.9630
v 5.6497 7.8837 0.8875
v 5.5603 7.7914 0.7850
v 5.4831 7.7117 0.6587
v 5.4205 7.6470 0.5124
v 5.3744 7.5994 0.3505
v 5.3462 7.5702 0.1780
v 5.3367 7.5604 0.0000
v 5.3462 7.5702 -0.1780
v 5.3744 7.5994 -0.3505
v 5.4205 7.6470 -0.5124
v 5.4831 7.7117 -0.6587
v 5.5603 7.7914 -0.7850
v 5.6497 7.8837 -0.8875
v 5.7486 7.9858 -0.9630
v 5.8540 8.0947 -1.0092
v 5.7956 8.3654 -1.0260
v 5.9019 8.4800 -1.0104
v 6.0050 8.5910 -0.9642
v 6.1017 8.6952 -0.8886
v 6.1891 8.7894 -0.7860
v 6.2646 8.8707 -0.6595
v 6.3258 8.9367 -0.5130
v 6.3709 8.9853 -0.3509
v 6.3986 9.0150 -0.1782
v 6.4079 9.0251 -0.0000
v 6.3986 9.0150 0.1782
v 6.3709 8.9853 0.3509
v 6.3258 8.9367 0.5130
v 6.2646 8.8707 0.6595
v 6.1891 8.7894 0.7860
v 6.1017 8.6952 0.8886
v 6.0050 8.5910 0.9642
v 5.9019 8.4800 1.0104
v 5.7956 8.3654 1.0260
v 5.6893 8.2509 1.0104
v 5.5862 8.1398 0.9642
v 5.4894 8.0356 0.8886
v 5.4020 7.9414 0.7860
v 5.3266 7.8601 0.6595
v 5.2653 7.7942 0.5130
v 5.2202 7.7456 0.3509
v 5.1926 7.7158 0.1782
v 5.1833 7.7058 0.0000
v 5.1926 7.7158 -0.1782
v 5.2202 7.7456 -0.3509
v 5.2653 7.7942 -0.5130
v 5.3266 7.8601 -0.6595
v 5.4020 7.9414 -0.7860
v 5.4894 8.0356 -0.8886
v 5.5862 8.1398 -0.9642
v 5.6893 8.2509 -1.0104
v 5.6245 8.5208 -1.0273
v 5.7284 8.6376 -1.0117
v 5.8290 8.7509 -0.9653
v 5.9235 8.8571 -0.8897
v 6.0089 8.9532 -0.7870
v 6.0826 9.0361 -0.6603
v 6.1424 9.1034 -0.5136
v 6.1864 9.1529 -0.3514
v 6.2134 9.1833 -0.1784
v 6.2225 9.1935 -0.0000
v 6.2134 9.1833 0.1784
v 6.1864 9.1529 0.3514
v 6.1424 9.1034 0.5136
v 6.0826 9.0361 0.6603
v 6.0089 8.9532 0.7870
v 5.9235 8.8571 0.8897
v 5.8290 8.7509 0.9653
v 5.7284 8.6376 1.0117
v 5.6245 8.5208 1.0273
v 5.5207 8.4040 1.0117
v 5.4200 8.2907 0.9653
v 5.3256 8.1845 0.8897
v 5.2402 8.0884 0.7870
v 5.1665 8.0055 0.6603
v 5.1067 7.9383 0.5136
v 5.0627 7.8887 0.3514
v 5.0357 7.8584 0.1784
v 5.0266 7.8481 0.0000
v 5.0357 7.8584 -0.1784
v 5.0627 7.8887 -0.3514
v 5.1067 7.9383 -0.5136
v 5.1665 8.0055 -0.6603
v 5.2402 8.0884 -0.7870
v 5.3256 8.1845 -0.8897
v 5.4200 8.2907 -0.9653
v 5.5207 8.4040 -1.0117
v 5.4496 8.6729 -1.0286
v 5.5508 8.7920 -1.0129
v 5.6490 8.9075 -0.9665
v 5.7411 9.0158 -0.8908
v 5.8243 9.1137 -0.7879
v 5.8962 9.1982 -0.6612
v 5.9545 9.2667 -0.5143
v 5.9974 9.3172 -0.3518
v 6.0237 9.3482 -0.1786
v 6.0326 9.3586 -0.0000
v 6.0237 9.3482 0.1786
v 5.9974 9.3172 0.3518
v 5.9545 9.2667 0.5143
v 5.8962 9.1982 0.6612
v 5.8243 9.1137 0.7879
v 5.7411 9.0158 0.8908
v 5.6490 8.9075 0.9665
v 5.5508 8.7920 1.0129
v 5.4496 8.6729 1.0286
v 5.3483 8.5539 1.0129
v 5.2502 8.4384 0.9665
v 5.1581 8.3301 0.8908
v 5.0748 8.2322 0.7879
v 5.0030 8.1477 0.6612
v 4.9447 8.0792 0.5143
v 4.9017 8.0286 0.3518
v 4.8754 7.9977 0.1786
v 4.8666 7.9873 0.0000
v 4.8754 7.9977 -0.1786
v 4.9017 8.0286 -0.3518
v 4.9447 8.0792 -0.5143
v 5.0030 8.1477 -0.6612
v 5.0748 8.2322 -0.7879
v 5.1581 8.3301 -0.8908
v 5.2502 8.4384 -0.9665
v 5.3483 8.5539 -1.0129
v 5.2707 8.8216 -1.0299
v 5.3692 8.9429 -1.0142
v 5.4648 9.0606 -0.9677
v 5.5544 9.1709 -0.8919
v 5.6354 9.2707 -0.7889
v 5.7054 9.3568 -0.6620
v 5.7621 9.4266 -0.5149
v 5.8039 9.4781 -0.3522
v 5.8295 9.5096 -0.1788
v 5.8381 9.5202 -0.0000
v 5.8295 9.5096 0.1788
v 5.8039 9.4781 0.3522
v 5.7621 9.4266 0.5149
v 5.7054 9.3568 0.6620
v 5.6354 9.2707 0.7889
v 5.5544 9.1709 0.8919
v 5.4648 9.0606 0.9677
v 5.3692 8.9429 1.0142
v 5.2707 8.8216 1.0299
v 5.1721 8.7003 1.0142
v 5.0766 8.5827 0.9677
v 4.9870 8.4724 0.8919
v 4.9059 8.3726 0.7889
v 4.8360 8.2865 0.6620
v 4.7793 8.2167 0.5149
v 4.7375 8.1652 0.3522
v 4.7119 8.1337 0.1788
v 4.7032 8.1231 0.0000
v 4.7119 8.1337 -0.1788
v 4.7375 8.1652 -0.3522
v 4.7793 8.2167 -0.5149
v 4.8360 8.2865 -0.6620
v 4.9059 8.3726 -0.7889
v 4.9870 8.4724 -0.8919
v 5.0766 8.5827 -0.9677
v 5.1721 8.7003 -1.0142
v 5.0879 8.9667 -1.0311
v 5.1836 9.0902 -1.0155
v 5.2764 9.2100 -0.9690
v 5.3635 9.3224 -0.8930
v 5.4422 9.4240 -0.7899
v 5.5102 9.5117 -0.6628
v 5.5653 9.5828 -0.5156
v 5.6059 9.6352 -0.3527
v 5.6308 9.6673 -0.1791
v 5.6391 9.6781 -0.0000
v 5.6308 9.6673 0.1791
v 5.6059 9.6352 0.3527
v 5.5653 9.5828 0.5156
v 5.5102 9.5117 0.6628
v 5.4422 9.4240 0.7899
v 5.3635 9.3224 0.8930
v 5.2764 9.2100 0.9690
v 5.1836 9.0902 1.0155
v 5.0879 8.9667 1.0311
v 4.9922 8.8432 1.0155
v 4.8993 8.7234 0.9690
v 4.8123 8.6110 0.8930
v 4.7335 8.5094 0.7899
v 4.6656 8.4217 0.6628
v 4.6105 8.3506 0.5156
v 4.5699 8.2982 0.3527
v 4.5450 8.2661 0.1791
v 4.5366 8.2553 0.0000
v 4.5450 8.2661 -0.1791
v 4.5699 8.2982 -0.3527
v 4.6105 8.3506 -0.5156
v 4.6656 8.4217 -0.6628
v 4.7335 8.5094 -0.7899
v 4.8123 8.6110 -0.8930
v 4.8993 8.7234 -0.9690
v 4.9922 8.8432 -1.0155
v 4.9012 9.1079 -1.0324
v 4.9940 9.2337 -1.0167
v 5.0839 9.3556 -0.9702
v 5.1684 9.4700 -0.8941
v 5.2447 9.5734 -0.7909
v 5.3105 9.6627 -0.6636
v 5.3640 9.7351 -0.5162
v 5.4033 9.7884 -0.3531
v 5.4275 9.8211 -0.1793
v 5.4356 9.8321 -0.0000
v 5.4275 9.8211 0.1793
v 5.4033 9.7884 0.3531
v 5.3640 9.7351 0.5162
v 5.3105 9.6627 0.6636
v 5.2447 9.5734 0.7909
v 5.1684 9.4700 0.8941
v 5.0839 9.3556 0.9702
v 4.9940 9.2337 1.0167
v 4.9012 9.1079 1.0324
v 4.8084 8.9822 1.0167
v 4.7184 8.8602 0.9702
v 4.6340 8.7458 0.8941
v 4.5577 8.6424 0.7909
v 4.4918 8.5532 0.6636
v 4.4384 8.4808 0.5162
v 4.3990 8.4274 0.3531
v 4.3749 8.3947 0.1793
v 4.3668 8.3837 0.0000
v 4.3749 8.3947 -0.1793
v 4.3990 8.4274 -0.3531
v 4.4384 8.4808 -0.5162
v 4.4918 8.5532 -0.6636
v 4.5577 8.6424 -0.7909
v 4.6340 8.7458 -0.8941
v 4.7184 8.8602 -0.9702
v 4.8084 8.9822 -1.0167
v 4.7106 9.2451 -1.0337
v 4.8003 9.3730 -1.0180
v 4.8874 9.4971 -0.9714
v 4.9690 9.6135 -0.8952
v 5.0428 9.7187 -0.7919
v 5.1065 9.8095 -0.6644
v 5.1582 9.8831 -0.5168
v 5.1963 9.9374 -0.3535
v 5.2196 9.9707 -0.1795
v 5.2275 9.9818 -0.0000
v 5.2196 9.9707 0.1795
v 5.1963 9.9374 0.3535
v 5.1582 9.8831 0.5168
v 5.1065 9.8095 0.6644
v 5.0428 9.7187 0.7919
v 4.9690 9.6135 0.8952
v 4.8874 9.4971 0.9714
v 4.8003 9.3730 1.0180
v 4.7106 9.2451 1.0337
v 4.6208 9.1171 1.0180
v 4.5338 8.9931 0.9714
v 4.4522 8.8767 0.8952
v 4.3784 8.7715 0.7919
v 4.3147 8.6806 0.6644
v 4.2630 8.6070 0.5168
v 4.2249 8.5527 0.3535
v 4.2016 8.5195 0.1795
v 4.1937 8.5083 0.0000
v 4.2016 8.5195 -0.1795
v 4.2249 8.5527 -0.3535
v 4.2630 8.6070 -0.5168
v 4.3147 8.6806 -0.6644
v 4.3784 8.7715 -0.7919
v 4.4522 8.8767 -0.8952
v 4.5338 8.9931 -0.9714
v 4.6208 9.1171 -1.0180
v 4.5162 9.3779 -1.0350
v 4.6028 9.5080 -1.0192
v 4.6867 9.6342 -0.9725
v 4.7655 9.7526 -0.8963
v 4.8367 9.8595 -0.7928
v 4.8981 9.9519 -0.6653
v 4.9480 10.0268 -0.5175
v 4.9847 10.0820 -0.3540
v 5.0072 10.1158 -0.1797
v 5.0148 10.1272 -0.0000
v 5.0072 10.1158 0.1797
v 4.9847 10.0820 0.3540
v 4.9480 10.0268 0.5175
v 4.8981 9.9519 0.6653
v 4.8367 9.8595 0.7928
v 4.7655 9.7526 0.8963
v 4.6867 9.6342 0.9725
v 4.6028 9.5080 1.0192
v 4.5162 9.3779 1.0350
v 4.4296 9.2478 1.0192
v 4.3456 9.1217 0.9725
v 4.2669 9.0033 0.8963
v 4.1957 8.8963 0.7928
v 4.1342 8.8040 0.6653
v 4.0844 8.7291 0.5175
v 4.0476 8.6739 0.3540
v 4.0251 8.6401 0.1797
v 4.0175 8.6287 0.0000
v 4.0251 8.6401 -0.1797
v 4.0476 8.6739 -0.3540
v 4.0844 8.7291 -0.5175
v 4.1342 8.8040 -0.6653
v 4.1957 8.8963 -0.7928
v 4.2669 9.0033 -0.8963
v 4.3456 9.1217 -0.9725
v 4.4296 9.2478 -1.0192
v 4.3180 9.5063 -1.0362
v 4.4013 9.6385 -1.0205
v 4.4820 9.7668 -0.9737
v 4.5578 9.8871 -0.8974
v 4.6263 9.9958 -0.7938
v 4.6854 10.0897 -0.6661
v 4.7334 10.1658 -0.5181
v 4.7687 10.2219 -0.3544
v 4.7904 10.2562 -0.1799
v 4.7977 10.2678 -0.0000
v 4.7904 10.2562 0.1799
v 4.7687 10.2219 0.3544
v 4.7334 10.1658 0.5181
v 4.6854 10.0897 0.6661
v 4.6263 9.9958 0.7938
v 4.5578 9.8871 0.8974
v 4.4820 9.7668 0.9737
v 4.4013 9.6385 1.0205
v 4.3180 9.5063 1.0362
v 4.2347 9.3741 1.0205
v 4.1539 9.2459 0.9737
v 4.0781 9.1255 0.8974
v 4.0096 9.0168 0.7938
v 3.9505 8.9230 0.6661
v 3.9025 8.8468 0.5181
v 3.8672 8.7907 0.3544
v 3.8456 8.7564 0.1799
v 3.8383 8.7448 0.0000
v 3.8456 8.7564 -0.1799
v 3.8672 8.7907 -0.3544
v 3.9025 8.8468 -0.5181
v 3.9505 8.9230 -0.6661
v 4.0096 9.0168 -0.7938
v 4.0781 9.1255 -0.8974
v 4.1539 9.2459 -0.9737
v 4.2347 9.3741 -1.0205
v 4.1160 9.6299 -1.0374
v 4.1959 9.7643 -1.0217
v 4.2734 9.8945 -0.9748
v 4.3460 10.0167 -0.8984
v 4.4117 10.1272 -0.7947
v 4.4684 10.2225 -0.6668
v 4.5144 10.2999 -0.5187
v 4.5483 10.3568 -0.3548
v 4.5691 10.3917 -0.1801
v 4.5761 10.4035 -0.0000
v 4.5691 10.3917 0.1801
v 4.5483 10.3568 0.3548
v 4.5144 10.2999 0.5187
v 4.4684 10.2225 0.6668
v 4.4117 10.1272 0.7947
v 4.3460 10.0167 0.8984
v 4.2734 9.8945 0.9748
v 4.1959 9.7643 1.0217
v 4.1160 9.6299 1.0374
v 4.0362 9.4956 1.0217
v 3.9587 9.3654 0.9748
v 3.8860 9.2432 0.8984
v 3.8203 9.1327 0.7947
v 3.7636 9.0374 0.6668
v 3.7176 8.9600 0.5187
v 3.6838 8.9030 0.3548
v 3.6630 8.8681 0.1801
v 3.6560 8.8564 0.0000
v 3.6630 8.8681 -0.1801
v 3.6838 8.9030 -0.3548
v 3.7176 8.9600 -0.5187
v 3.7636 9.0374 -0.6668
v 3.8203 9.1327 -0.7947
v 3.8860 9.2432 -0.8984
v 3.9587 9.3654 -0.9748
v 4.0362 9.4956 -1.0217
v 3.9104 9.7486 -1.0386
v 3.9868 9.8850 -1.0228
v 4.0608 10.0172 -0.9760
v 4.1303 10.1413 -0.8995
v 4.1930 10.2534 -0.7956
v 4.2472 10.3502 -0.6676
v 4.2912 10.4287 -0.5193
v 4.3236 10.4866 -0.3552
v 4.3434 10.5220 -0.1804
v 4.3501 10.5339 -0.0000
v 4.3434 10.5220 0.1804
v 4.3236 10.4866 0.3552
v 4.2912 10.4287 0.5193
v 4.2472 10.3502 0.6676
v 4.1930 10.2534 0.7956
v 4.1303 10.1413 0.8995
v 4.0608 10.0172 0.9760
v 3.9868 9.8850 1.0228
v 3.9104 9.7486 1.0386
v 3.8341 9.6122 1.0228
v 3.7601 9.4800 0.9760
v 3.6906 9.3559 0.8995
v 3.6279 9.2438 0.7956
v 3.5737 9.1470 0.6676
v 3.5297 9.0685 0.5193
v 3.4973 9.0106 0.3552
v 3.4775 8.9752 0.1804
v 3.4708 8.9633 0.0000
v 3.4775 8.9752 -0.1804
v 3.4973 9.0106 -0.3552
v 3.5297 9.0685 -0.5193
v 3.5737 9.1470 -0.6676
v 3.6279 9.2438 -0.7956
v 3.6906 9.3559 -0.8995
v 3.7601 9.4800 -0.9760
v 3.8341 9.6122 -1.0228
v 3.7013 9.8621 -1.0398
v 3.7740 10.0004 -1.0240
v 3.8444 10.1346 -0.9771
v 3.9105 10.2605 -0.9005
v 3.9703 10.3742 -0.7965
v 4.0219 10.4724 -0.6683
v 4.0637 10.5521 -0.5199
v 4.0946 10.6108 -0.3556
v 4.1134 10.6467 -0.1806
v 4.1198 10.6588 -0.0000
v 4.1134 10.6467 0.1806
v 4.0946 10.6108 0.3556
v 4.0637 10.5521 0.5199
v 4.0219 10.4724 0.6683
v 3.9703 10.3742 0.7965
v 3.9105 10.2605 0.9005
v 3.8444 10.1346 0.9771
v 3.7740 10.0004 1.0240
v 3.7013 9.8621 1.0398
v 3.6286 9.7237 1.0240
v 3.5582 9.5896 0.9771
v 3.4920 9.4637 0.9005
v 3.4323 9.3499 0.7965
v 3.3807 9.2517 0.6683
v 3.3389 9.1720 0.5199
v 3.3080 9.1133 0.3556
v 3.2891 9.0774 0.1806
v 3.2828 9.0653 0.0000
v 3.2891 9.0774 -0.1806
v 3.3080 9.1133 -0.3556
v 3.3389 9.1720 -0.5199
v 3.3807 9.2517 -0.6683
v 3.4323 9.3499 -0.7965
v 3.4920 9.4637 -0.9005
v 3.5582 9.5896 -0.9771
v 3.6286 9.7237 -1.0240
v 3.4887 9.9701 -1.0409
v 3.5576 10.1104 -1.0251
v 3.6244 10.2464 -0.9781
v 3.6870 10.3740 -0.9014
v 3.7437 10.4894 -0.7974
v 3.7925 10.5890 -0.6691
v 3.8322 10.6697 -0.5204
v 3.8614 10.7292 -0.3560
v 3.8793 10.7657 -0.1807
v 3.8854 10.7780 -0.0000
v 3.8793 10.7657 0.1807
v 3.8614 10.7292 0.3560
v 3.8322 10.6697 0.5204
v 3.7925 10.5890 0.6691
v 3.7437 10.4894 0.7974
v 3.6870 10.3740 0.9014
v 3.6244 10.2464 0.9781
v 3.5576 10.1104 1.0251
v 3.4887 9.9701 1.0409
v 3.4198 9.8298 1.0251
v 3.3530 9.6938 0.9781
v 3.2904 9.5662 0.9014
v 3.2337 9.4508 0.7974
v 3.1848 9.3512 0.6691
v 3.1452 9.2705 0.5204
v 3.1159 9.2109 0.3560
v 3.0980 9.1745 0.1807
v 3.0920 9.1622 0.0000
v 3.0980 9.1745 -0.1807
v 3.1159 9.2109 -0.3560
v 3.1452 9.2705 -0.5204
v 3.1848 9.3512 -0.6691
v 3.2337 9.4508 -0.7974
v 3.2904 9.5662 -0.9014
v 3.3530 9.6938 -0.9781
v 3.4198 9.8298 -1.0251
v 3.2727 10.0724 -1.0420
v 3.3377 10.2146 -1.0261
v 3.4007 10.3524 -0.9791
v 3.4598 10.4817 -0.9024
v 3.5132 10.5986 -0.7982
v 3.5593 10.6995 -0.6698
v 3.5967 10.7813 -0.5210
v 3.6243 10.8416 -0.3564
v 3.6412 10.8786 -0.1809
v 3.6468 10.8910 -0.0000
v 3.6412 10.8786 0.1809
v 3.6243 10.8416 0.3564
v 3.5967 10.7813 0.5210
v 3.5593 10.6995 0.6698
v 3.5132 10.5986 0.7982
v 3.4598 10.4817 0.9024
v 3.4007 10.3524 0.9791
v 3.3377 10.2146 1.0261
v 3.2727 10.0724 1.0420
v 3.2078 9.9303 1.0261
v 3.1448 9.7925 0.9791
v 3.0857 9.6632 0.9024
v 3.0323 9.5463 0.7982
v 2.9862 9.4454 0.6698
v 2.9488 9.3635 0.5210
v 2.9212 9.3032 0.3564
v 2.9043 9.2663 0.1809
v 2.8986 9.2539 0.0000
v 2.9043 9.2663 -0.1809
v 2.9212 9.3032 -0.3564
v 2.9488 9.3635 -0.5210
v 2.9862 9.4454 -0.6698
v 3.0323 9.5463 -0.7982
v 3.0857 9.6632 -0.9024
v 3.1448 9.7925 -0.9791
v 3.2078 9.9303 -1.0261
v 3.0536 10.1689 -1.0430
v 3.1145 10.3128 -1.0271
v 3.1736 10.4524 -0.9801
v 3.2290 10.5833 -0.9032
v 3.2791 10.7016 -0.7990
v 3.3223 10.8038 -0.6704
v 3.3574 10.8867 -0.5215
v 3.3833 10.9477 -0.3567
v 3.3991 10.9851 -0.1811
v 3.4044 10.9977 -0.0000
v 3.3991 10.9851 0.1811
v 3.3833 10.9477 0.3567
v 3.3574 10.8867 0.5215
v 3.3223 10.8038 0.6704
v 3.2791 10.7016 0.7990
v 3.2290 10.5833 0.9032
v 3.1736 10.4524 0.9801
v 3.1145 10.3128 1.0271
v 3.0536 10.1689 1.0430
v 2.9927 10.0250 1.0271
v 2.9336 9.8854 0.9801
v 2.8782 9.7545 0.9032
v 2.8281 9.6362 0.7990
v 2.7848 9.5340 0.6704
v 2.7497 9.4511 0.5215
v 2.7239 9.3901 0.3567
v 2.7081 9.3527 0.1811
v 2.7027 9.3401 0.0000
v 2.7081 9.3527 -0.1811
v 2.7239 9.3901 -0.3567
v 2.7497 9.4511 -0.5215
v 2.7848 9.5340 -0.6704
v 2.8281 9.6362 -0.7990
v 2.8782 9.7545 -0.9032
v 2.9336 9.8854 -0.9801
v 2.9927 10.0250 -1.0271
v 2.8314 10.2592 -1.0440
v 2.8881 10.4048 -1.0281
v 2.9432 10.5460 -0.9810
v 2.9948 10.6785 -0.9041
v 3.0415 10.7982 -0.7997
v 3.0818 10.9016 -0.6710
v 3.1145 10.9854 -0.5220
v 3.1385 11.0472 -0.3571
v 3.1533 11.0850 -0.1813
v 3.1583 11.0978 -0.0000
v 3.1533 11.0850 0.1813
v 3.1385 11.0472 0.3571
v 3.1145 10.9854 0.5220
v 3.0818 10.9016 0.6710
v 3.0415 10.7982 0.7997
v 2.9948 10.6785 0.9041
v 2.9432 10.5460 0.9810
v 2.8881 10.4048 1.0281
v 2.8314 10.2592 1.0440
v 2.7746 10.1136 1.0281
v 2.7196 9.9724 0.9810
v 2.6679 9.8400 0.9041
v 2.6213 9.7202 0.7997
v 2.5810 9.6169 0.6710
v 2.5483 9.5330 0.5220
v 2.5242 9.4713 0.3571
v 2.5095 9.4334 0.1813
v 2.5045 9.4207 0.0000
v 2.5095 9.4334 -0.1813
v 2.5242 9.4713 -0.3571
v 2.5483 9.5330 -0.5220
v 2.5810 9.6169 -0.6710
v 2.6213 9.7202 -0.7997
v 2.6679 9.8400 -0.9041
v 2.7196 9.9724 -0.9810
v 2.7746 10.1136 -1.0281
v 2.6063 10.3432 -1.0449
v 2.6588 10.4904 -1.0290
v 2.7096 10.6332 -0.9819
v 2.7574 10.7671 -0.9049
v 2.8006 10.8881 -0.8004
v 2.8378 10.9926 -0.6716
v 2.8680 11.0774 -0.5224
v 2.8903 11.1398 -0.3574
v 2.9039 11.1781 -0.1814
v 2.9085 11.1910 -0.0000
v 2.9039 11.1781 0.1814
v 2.8903 11.1398 0.3574
v 2.8680 11.0774 0.5224
v 2.8378 10.9926 0.6716
v 2.8006 10.8881 0.8004
v 2.7574 10.7671 0.9049
v 2.7096 10.6332 0.9819
v 2.6588 10.4904 1.0290
v 2.6063 10.3432 1.0449
v 2.5538 10.1960 1.0290
v 2.5029 10.0533 0.9819
v 2.4551 9.9194 0.9049
v 2.4120 9.7983 0.8004
v 2.3747 9.6938 0.6716
v 2.3445 9.6091 0.5224
v 2.3222 9.5466 0.3574
v 2.3086 9.5084 0.1814
v 2.3040 9.4955 0.0000
v 2.3086 9.5084 -0.1814
v 2.3222 9.5466 -0.3574
v 2.3445 9.6091 -0.5224
v 2.3747 9.6938 -0.6716
v 2.4120 9.7983 -0.8004
v 2.4551 9.9194 -0.9049
v 2.5029 10.0533 -0.9819
v 2.5538 10.1960 -1.0290
v 2.3785 10.4207 -1.0457
v 2.4266 10.5694 -1.0298
v 2.4732 10.7136 -0.9827
v 2.5170 10.8488 -0.9056
v 2.5565 10.9711 -0.8011
v 2.5907 11.0767 -0.6722
v 2.6184 11.1623 -0.5229
v 2.6388 11.2254 -0.3577
v 2.6513 11.2640 -0.1816
v 2.6555 11.2770 -0.0000
v 2.6513 11.2640 0.1816
v 2.6388 11.2254 0.3577
v 2.6184 11.1623 0.5229
v 2.5907 11.0767 0.6722
v 2.5565 10.9711 0.8011
v 2.5170 10.8488 0.9056
v 2.4732 10.7136 0.9827
v 2.4266 10.5694 1.0298
v 2.3785 10.4207 1.0457
v 2.3304 10.2720 1.0298
v 2.2837 10.1278 0.9827
v 2.2399 9.9925 0.9056
v 2.2004 9.8703 0.8011
v 2.1662 9.7647 0.6722
v 2.1385 9.6791 0.5229
v 2.1181 9.6160 0.3577
v 2.1056 9.5774 0.1816
v 2.1014 9.5644 0.0000
v 2.1056 9.5774 -0.1816
v 2.1181 9.6160 -0.3577
v 2.1385 9.6791 -0.5229
v 2.1662 9.7647 -0.6722
v 2.2004 9.8703 -0.8011
v 2.2399 9.9925 -0.9056
v 2.2837 10.1278 -0.9827
v 2.3304 10.2720 -1.0298
v 2.1481 10.4914 -1.0465
v 2.1917 10.6415 -1.0306
v 2.2340 10.7870 -0.9834
v 2.2737 10.9235 -0.9063
v 2.3096 11.0469 -0.8017
v 2.3405 11.1535 -0.6727
v 2.3657 11.2399 -0.5233
v 2.3842 11.3035 -0.3579
v 2.3955 11.3425 -0.1817
v 2.3993 11.3557 -0.0000
v 2.3955 11.3425 0.1817
v 2.3842 11.3035 0.3579
v 2.3657 11.2399 0.5233
v 2.3405 11.1535 0.6727
v 2.3096 11.0469 0.8017
v 2.2737 10.9235 0.9063
v 2.2340 10.7870 0.9834
v 2.1917 10.6415 1.0306
v 2.1481 10.4914 1.0465
v 2.1045 10.3413 1.0306
v 2.0622 10.1958 0.9834
v 2.0225 10.0593 0.9063
v 1.9867 9.9359 0.8017
v 1.9557 9.8294 0.6727
v 1.9306 9.7430 0.5233
v 1.9121 9.6793 0.3579
v 1.9008 9.6403 0.1817
v 1.8970 9.6272 0.0000
v 1.9008 9.6403 -0.1817
v 1.9121 9.6793 -0.3579
v 1.9306 9.7430 -0.5233
v 1.9557 9.8294 -0.6727
v 1.9867 9.9359 -0.8017
v 2.0225 10.0593 -0.9063
v 2.0622 10.1958 -0.9834
v 2.1045 10.3413 -1.0306
v 1.9155 10.5552 -1.0472
v 1.9545 10.7065 -1.0313
v 1.9924 10.8533 -0.9841
v 2.0279 10.9910 -0.9069
v 2.0600 11.1154 -0.8022
v 2.0877 11.2228 -0.6731
v 2.1101 11.3099 -0.5236
v 2.1267 11.3741 -0.3582
v 2.1368 11.4135 -0.1818
v 2.1403 11.4267 -0.0000
v 2.1368 11.4135 0.1818
v 2.1267 11.3741 0.3582
v 2.1101 11.3099 0.5236
v 2.0877 11.2228 0.6731
v 2.0600 11.1154 0.8022
v 2.0279 10.9910 0.9069
v 1.9924 10.8533 0.9841
v 1.9545 10.7065 1.0313
v 1.9155 10.5552 1.0472
v 1.8765 10.4039 1.0313
v 1.8386 10.2572 0.9841
v 1.8031 10.1195 0.9069
v 1.7710 9.9950 0.8022
v 1.7433 9.8876 0.6731
v 1.7208 9.8005 0.5236
v 1.7043 9.7363 0.3582
v 1.6941 9.6970 0.1818
v 1.6907 9.6837 0.0000
v 1.6941 9.6970 -0.1818
v 1.7043 9.7363 -0.3582
v 1.7208 9.8005 -0.5236
v 1.7433 9.8876 -0.6731
v 1.7710 9.9950 -0.8022
v 1.8031 10.1195 -0.9069
v 1.8386 10.2572 -0.9841
v 1.8765 10.4039 -1.0313
v 1.6808 10.6119 -1.0479
v 1.7151 10.7644 -1.0319
v 1.7484 10.9122 -0.9847
v 1.7797 11.0509 -0.9075
v 1.8079 11.1763 -0.8027
v 1.8323 11.2845 -0.6735
v 1.8521 11.3723 -0.5239
v 1.8667 11.4370 -0.3584
v 1.8756 11.4766 -0.1820
v 1.8786 11.4899 -0.0000
v 1.8756 11.4766 0.1820
v 1.8667 11.4370 0.3584
v 1.8521 11.3723 0.5239
v 1.8323 11.2845 0.6735
v 1.8079 11.1763 0.8027
v 1.7797 11.0509 0.9075
v 1.7484 10.9122 0.9847
v 1.7151 10.7644 1.0319
v 1.6808 10.6119 1.0479
v 1.6464 10.4595 1.0319
v 1.6131 10.3116 0.9847
v 1.5818 10.1729 0.9075
v 1.5536 10.0476 0.8027
v 1.5292 9.9394 0.6735
v 1.5094 9.8516 0.5239
v 1.4948 9.7869 0.3584
v 1.4859 9.7473 0.1820
v 1.4829 9.7339 0.0000
v 1.4859 9.7473 -0.1820
v 1.4948 9.7869 -0.3584
v 1.5094 9.8516 -0.5239
v 1.5292 9.9394 -0.6735
v 1.5536 10.0476 -0.8027
v 1.5818 10.1729 -0.9075
v 1.6131 10.3116 -0.9847
v 1.6464 10.4595 -1.0319
v 1.4442 10.6614 -1.0484
v 1.4738 10.8149 -1.0325
v 1.5025 10.9636 -0.9852
v 1.5294 11.1033 -0.9080
v 1.5538 11.2294 -0.8031
v 1.5748 11.3384 -0.6739
v 1.5918 11.4267 -0.5242
v 1.6044 11.4918 -0.3586
v 1.6121 11.5317 -0.1821
v 1.6147 11.5451 -0.0000
v 1.6121 11.5317 0.1821
v 1.6044 11.4918 0.3586
v 1.5918 11.4267 0.5242
v 1.5748 11.3384 0.6739
v 1.5538 11.2294 0.8031
v 1.5294 11.1033 0.9080
v 1.5025 10.9636 0.9852
v 1.4738 10.8149 1.0325
v 1.4442 10.6614 1.0484
v 1.4146 10.5079 1.0325
v 1.3859 10.3592 0.9852
v 1.3589 10.2196 0.9080
v 1.3346 10.0934 0.8031
v 1.3136 9.9844 0.6739
v 1.2965 9.8961 0.5242
v 1.2840 9.8310 0.3586
v 1.2763 9.7911 0.1821
v 1.2737 9.7777 0.0000
v 1.2763 9.7911 -0.1821
v 1.2840 9.8310 -0.3586
v 1.2965 9.8961 -0.5242
v 1.3136 9.9844 -0.6739
v 1.3346 10.0934 -0.8031
v 1.3589 10.2196 -0.9080
v 1.3859 10.3592 -0.9852
v 1.4146 10.5079 -1.0325
v 1.2060 10.7035 -1.0489
v 1.2308 10.8578 -1.0330
v 1.2548 11.0074 -0.9856
v 1.2773 11.1478 -0.9084
v 1.2977 11.2747 -0.8035
v 1.3153 11.3842 -0.6742
v 1.3296 11.4731 -0.5244
v 1.3401 11.5385 -0.3587
v 1.3465 11.5786 -0.1821
v 1.3487 11.5921 -0.0000
v 1.3465 11.5786 0.1821
v 1.3401 11.5385 0.3587
v 1.3296 11.4731 0.5244
v 1.3153 11.3842 0.6742
v 1.2977 11.2747 0.8035
v 1.2773 11.1478 0.9084
v 1.2548 11.0074 0.9856
v 1.2308 10.8578 1.0330
v 1.2060 10.7035 1.0489
v 1.1812 10.5492 1.0330
v 1.1572 10.3996 0.9856
v 1.1346 10.2592 0.9084
v 1.1143 10.1323 0.8035
v 1.0967 10.0228 0.6742
v 1.0824 9.9339 0.5244
v 1.0719 9.8685 0.3587
v 1.0655 9.8284 0.1821
v 1.0633 9.8149 0.0000
v 1.0655 9.8284 -0.1821
v 1.0719 9.8685 -0.3587
v 1.0824 9.9339 -0.5244
v 1.0967 10.0228 -0.6742
v 1.1143 10.1323 -0.8035
v 1.1346 10.2592 -0.9084
v 1.1572 10.3996 -0.9856
v 1.1812 10.5492 -1.0330
v 0.9664 10.7381 -1.0493
v 0.9863 10.8931 -1.0333
v 1.0056 11.0434 -0.9860
v 1.0237 11.1844 -0.9087
v 1.0401 11.3119 -0.8038
v 1.0542 11.4219 -0.6745
v 1.0657 11.5112 -0.5246
v 1.0741 11.5769 -0.3589
v 1.0793 11.6172 -0.1822
v 1.0810 11.6308 -0.0000
v 1.0793 11.6172 0.1822
v 1.0741 11.5769 0.3589
v 1.0657 11.5112 0.5246
v 1.0542 11.4219 0.6745
v 1.0401 11.3119 0.8038
v 1.0237 11.1844 0.9087
v 1.0056 11.0434 0.9860
v 0.9863 10.8931 1.0333
v 0.9664 10.7381 1.0493
v 0.9465 10.5831 1.0333
v 0.9273 10.4328 0.9860
v 0.9092 10.2918 0.9087
v 0.8928 10.1643 0.8038
v 0.8787 10.0543 0.6745
v 0.8672 9.9650 0.5246
v 0.8588 9.8993 0.3589
v 0.8536 9.8590 0.1822
v 0.8519 9.8454 0.0000
v 0.8536 9.8590 -0.1822
v 0.8588 9.8993 -0.3589
v 0.8672 9.9650 -0.5246
v 0.8787 10.0543 -0.6745
v 0.8928 10.1643 -0.8038
v 0.9092 10.2918 -0.9087
v 0.9273 10.4328 -0.9860
v 0.9465 10.5831 -1.0333
v 0.7258 10.7651 -1.0496
v 0.7408 10.9207 -1.0337
v 0.7553 11.0715 -0.9863
v 0.7689 11.2131 -0.9090
v 0.7812 11.3410 -0.8040
v 0.7918 11.4514 -0.6747
v 0.8004 11.5410 -0.5248
v 0.8068 11.6070 -0.3590
v 0.8107 11.6474 -0.1823
v 0.8120 11.6610 -0.0000
v 0.8107 11.6474 0.1823
v 0.8068 11.6070 0.3590
v 0.8004 11.5410 0.5248
v 0.7918 11.4514 0.6747
v 0.7812 11.3410 0.8040
v 0.7689 11.2131 0.9090
v 0.7553 11.0715 0.9863
v 0.7408 10.9207 1.0337
v 0.7258 10.7651 1.0496
v 0.7108 10.6096 1.0337
v 0.6963 10.4587 0.9863
v 0.6827 10.3172 0.9090
v 0.6704 10.1893 0.8040
v 0.6598 10.0789 0.6747
v 0.6512 9.9893 0.5248
v 0.6448 9.9233 0.3590
v 0.6409 9.8829 0.1823
v 0.6396 9.8693 0.0000
v 0.6409 9.8829 -0.1823
v 0.6448 9.9233 -0.3590
v 0.6512 9.9893 -0.5248
v 0.6598 10.0789 -0.6747
v 0.6704 10.1893 -0.8040
v 0.6827 10.3172 -0.9090
v 0.6963 10.4587 -0.9863
v 0.7108 10.6096 -1.0337
v 0.4843 10.7845 -1.0498
v 0.4943 10.9404 -1.0339
v 0.5040 11.0917 -0.9865
v 0.5131 11.2336 -0.9092
v 0.5213 11.3618 -0.8042
v 0.5284 11.4725 -0.6748
v 0.5342 11.5623 -0.5249
v 0.5384 11.6285 -0.3591
v 0.5410 11.6690 -0.1823
v 0.5419 11.6826 -0.0000
v 0.5410 11.6690 0.1823
v 0.5384 11.6285 0.3591
v 0.5342 11.5623 0.5249
v 0.5284 11.4725 0.6748
v 0.5213 11.3618 0.8042
v 0.5131 11.2336 0.9092
v 0.5040 11.0917 0.9865
v 0.4943 10.9404 1.0339
v 0.4843 10.7845 1.0498
v 0.4743 10.6285 1.0339
v 0.4646 10.4773 0.9865
v 0.4555 10.3354 0.9092
v 0.4473 10.2072 0.8042
v 0.4402 10.0965 0.6748
v 0.4345 10.0067 0.5249
v 0.4302 9.9405 0.3591
v 0.4276 9.9000 0.1823
v 0.4268 9.8863 0.0000
v 0.4276 9.9000 -0.1823
v 0.4302 9.9405 -0.3591
v 0.4345 10.0067 -0.5249
v 0.4402 10.0965 -0.6748
v 0.4473 10.2072 -0.8042
v 0.4555 10.3354 -0.9092
v 0.4646 10.4773 -0.9865
v 0.4743 10.6285 -1.0339
v 0.2423 10.7961 -1.0500
v 0.2473 10.9523 -1.0340
v 0.2522 11.1038 -0.9866
v 0.2567 11.2459 -0.9093
v 0.2608 11.3743 -0.8043
v 0.2644 11.4852 -0.6749
v 0.2673 11.5751 -0.5250
v 0.2694 11.6414 -0.3591
v 0.2707 11.6820 -0.1823
v 0.2711 11.6957 -0.0000
v 0.2707 11.6820 0.1823
v 0.2694 11.6414 0.3591
v 0.2673 11.5751 0.5250
v 0.2644 11.4852 0.6749
v 0.2608 11.3743 0.8043
v 0.2567 11.2459 0.9093
v 0.2522 11.1038 0.9866
v 0.2473 10.9523 1.0340
v 0.2423 10.7961 1.0500
v 0.2373 10.6399 1.0340
v 0.2324 10.4885 0.9866
v 0.2279 10.3463 0.9093
v 0.2238 10.2179 0.8043
v 0.2202 10.1070 0.6749
v 0.2173 10.0171 0.5250
v 0.2152 9.9508 0.3591
v 0.2139 9.9102 0.1823
v 0.2135 9.8966 0.0000
v 0.2139 9.9102 -0.1823
v 0.2152 9.9508 -0.3591
v 0.2173 10.0171 -0.5250
v 0.2202 10.1070 -0.6749
v 0.2238 10.2179 -0.8043
v 0.2279 10.3463 -0.9093
v 0.2324 10.4885 -0.9866
v 0.2373 10.6399 -1.0340
v 0.0000 10.8000 -1.0500
v 0.0000 10.9563 -1.0340
v 0.0000 11.1078 -0.9867
v 0.0000 11.2500 -0.9093
v 0.0000 11.3785 -0.8043
v 0.0000 11.4894 -0.6749
v 0.0000 11.5794 -0.5250
v 0.0000 11.6457 -0.3591
v 0.0000 11.6863 -0.1823
v 0.0000 11.7000 -0.0000
v 0.0000 11.6863 0.1823
v 0.0000 11.6457 0.3591
v 0.0000 11.5794 0.5250
v 0.0000 11.4894 0.6749
v 0.0000 11.3785 0.8043
v 0.0000 11.2500 0.9093
v 0.0000 11.1078 0.9867
v 0.0000 10.9563 1.0340
v 0.0000 10.8000 1.0500
v 0.0000 10.6437 1.0340
v 0.0000 10.4922 0.9867
v 0.0000 10.3500 0.9093
v 0.0000 10.2215 0.8043
v 0.0000 10.1106 0.6749
v 0.0000 10.0206 0.5250
v 0.0000 9.9543 0.3591
v 0.0000 9.9137 0.1823
v 0.0000 9.9000 0.0000
v 0.0000 9.9137 -0.1823
v 0.0000 9.9543 -0.3591
v 0.0000 10.0206 -0.5250
v 0.0000 10.1106 -0.6749
v 0.0000 10.2215 -0.8043
v 0.0000 10.3500 -0.9093
v 0.0000 10.4922 -0.9867
v 0.0000 10.6437 -1.0340
v -0.2423 10.7961 -1.0500
v -0.2473 10.9523 -1.0340
v -0.2522 11.1038 -0.9866
v -0.2567 11.2459 -0.9093
v -0.2608 11.3743 -0.8043
v -0.2644 11.4852 -0.6749
v -0.2673 11.5751 -0.5250
v -0.2694 11.6414 -0.3591
v -0.2707 11.6820 -0.1823
v -0.2711 11.6957 -0.0000
v -0.2707 11.6820 0.1823
v -0.2694 11.6414 0.3591
v -0.2673 11.5751 0.5250
v -0.2644 11.4852 0.6749
v -0.2608 11.3743 0.8043
v -0.2567 11.2459 0.9093
v -0.2522 11.1038 0.9866
v -0.2473 10.9523 1.0340
v -0.2423 10.7961 1.0500
v -0.2373 10.6399 1.0340
v -0.2324 10.4885 0.9866
v -0.2279 10.3463 0.9093
v -0.2238 10.2179 0.8043
v -0.2202 10.1070 0.6749
v -0.2173 10.0171 0.5250
v -0.2152 9.9508 0.3591
v -0.2139 9.9102 0.1823
v -0.2135 9.8966 0.0000
v -0.2139 9.9102 -0.1823
v -0.2152 9.9508 -0.3591
v -0.2173 10.0171 -0.5250
v -0.2202 10.1070 -0.6749
v -0.2238 10.2179 -0.8043
v -0.2279 10.3463 -0.9093
v -0.2324 10.4885 -0.9866
v -0.2373 10.6399 -1.0340
v -0.4843 10.7845 -1.0498
v -0.4943 10.9404 -1.0339
v -0.5040 11.0917 -0.9865
v -0.5131 11.2336 -0.9092
v -0.5213 11.3618 -0.8042
v -0.5284 11.4725 -0.6748
v -0.5342 11.5623 -0.5249
v -0.5384 11.6285 -0.3591
v -0.5410 11.6690 -0.1823
v -0.5419 11.6826 -0.0000
v -0.5410 11.6690 0.1823
v -0.5384 11.6285 0.3591
v -0.5342 11.5623 0.5249
v -0.5284 11.4725 0.6748
v -0.5213 11.3618 0.8042
v -0.5131 11.2336 0.9092
v -0.5040 11.0917 0.9865
v -0.4943 10.9404 1.0339
v -0.4843 10.7845 1.0498
v -0.4743 10.6285 1.0339
v -0.4646 10.4773 0.9865
v -0.4555 10.3354 0.9092
v -0.4473 10.2072 0.8042
v -0.4402 10.0965 0.6748
v -0.4345 10.0067 0.5249
v -0.4302 9.9405 0.3591
v -0.4276 9.9000 0.1823
v -0.4268 9.8863 0.0000
v -0.4276 9.9000 -0.1823
v -0.4302 9.9405 -0.3591
v -0.4345 10.0067 -0.5249
v -0.4402 10.0965 -0.6748
v -0.4473 10.2072 -0.8042
v -0.4555 10.3354 -0.9092
v -0.4646 10.4773 -0.9865
v -0.4743 10.6285 -1.0339
v -0.7258 10.7651 -1.0496
v -0.7408 10.9207 -1.0337
v -0.7553 11.0715 -0.9863
v -0.7689 11.2131 -0.9090
v -0.7812 11.3410 -0.8040
v -0.7918 11.4514 -0.6747
v -0.8004 11.5410 -0.5248
v -0.8068 11.6070 -0.3590
v -0.8107 11.6474 -0.1823
v -0.8120 11.6610 -0.0000
v -0.8107 11.6474 0.1823
v -0.8068 11.6070 0.3590
v -0.8004 11.5410 0.5248
v -0.7918 11.4514 0.6747
v -0.7812 11.3410 0.8040
v -0.7689 11.2131 0.9090
v -0.7553 11.0715 0.9863
v -0.7408 10.9207 1.0337
v -0.7258 10.7651 1.0496
v -0.7108 10.6096 1.0337
v -0.6963 10.4587 0.9863
v -0.6827 10.3172 0.9090
v -0.6704 10.1893 0.8040
v -0.6598 10.0789 0.6747
v -0.6512 9.9893 0.5248
v -0.6448 9.9233 0.3590
v -0.6409 9.8829 0.1823
v -0.6396 9.8693 0.0000
v -0.6409 9.8829 -0.1823
v -0.6448 9.9233 -0.3590
v -0.6512 9.9893 -0.5248
v -0.6598 10.0789 -0.6747
v -0.6704 10.1893 -0.8040
v -0.6827 10.3172 -0.9090
v -0.6963 10.4587 -0.9863
v -0.7108 10.6096 -1.0337
v -0.9664 10.7381 -1.0493
v -0.9863 10.8931 -1.0333
v -1.0056 11.0434 -0.9860
v -1.0237 11.1844 -0.9087
v -1.0401 11.3119 -0.8038
v -1.0542 11.4219 -0.6745
v -1.0657 11.5112 -0.5246
v -1.0741 11.5769 -0.3589
v -1.0793 11.6172 -0.1822
v -1.0810 11.6308 -0.0000
v -1.0793 11.6172 0.1822
v -1.0741 11.5769 0.3589
v -1.0657 11.5112 0.5246
v -1.0542 11.4219 0.6745
v -1.0401 11.3119 0.8038
v -1.0237 11.1844 0.9087
v -1.0056 11.0434 0.9860
v -0.9863 10.8931 1.0333
v -0.9664 10.7381 1.0493
v -0.9465 10.5831 1.0333
v -0.9273 10.4328 0.9860
v -0.9092 10.2918 0.9087
v -0.8928 10.1643 0.8038
v -0.8787 10.0543 0.6745
v -0.8672 9.9650 0.5246
v -0.8588 9.8993 0.3589
v -0.8536 9.8590 0.1822
v -0.8519 9.8454 0.0000
v -0.8536 9.8590 -0.1822
v -0.8588 9.8993 -0.3589
v -0.8672 9.9650 -0.5246
v -0.8787 10.0543 -0.6745
v -0.8928 10.1643 -0.8038
v -0.9092 10.2918 -0.9087
v -0.9273 10.4328 -0.9860
v -0.9465 10.5831 -1.0333
v -1.2060 10.7035 -1.0489
v -1.2308 10.8578 -1.0330
v -1.2548 11.0074 -0.9856
v -1.2773 11.1478 -0.9084
v -1.2977 11.2747 -0.8035
v -1.3153 11.3842 -0.6742
v -1.3296 11.4731 -0.5244
v -1.3401 11.5385 -0.3587
v -1.3465 11.5786 -0.1821
v -1.3487 11.5921 -0.0000
v -1.3465 11.5786 0.1821
v -1.3401 11.5385 0.3587
v -1.3296 11.4731 0.5244
v -1.3153 11.3842 0.6742
v -1.2977 11.2747 0.8035
v -1.2773 11.1478 0.9084
v -1.2548 11.0074 0.9856
v -1.2308 10.8578 1.0330
v -1.2060 10.7035 1.0489
v -1.1812 10.5492 1.0330
v -1.1572 10.3996 0.9856
v -1.1346 10.2592 0.9084
v -1.1143 10.1323 0.8035
v -1.0967 10.0228 0.6742
v -1.0824 9.9339 0.5244
v -1.0719 9.8685 0.3587
v -1.0655 9.8284 0.1821
v -1.0633 9.8149 0.0000
v -1.0655 9.8284 -0.1821
v -1.0719 9.8685 -0.3587
v -1.0824 9.9339 -0.5244
v -1.0967 10.0228 -0.6742
v -1.1143 10.1323 -0.8035
v -1.1346 10.2592 -0.9084
v -1.1572 10.3996 -0.9856
v -1.1812 10.5492 -1.0330
v -1.4442 10.6614 -1.0484
v -1.4738 10.8149 -1.0325
v -1.5025 10.9636 -0.9852
v -1.5294 11.1033 -0.9080
v -1.5538 11.2294 -0.8031
v -1.5748 11.3384 -0.6739
v -1.5918 11.4267 -0.5242
v -1.6044 11.4918 -0.3586
v -1.6121 11.5317 -0.1821
v -1.6147 11.5451 -0.0000
v -1.6121 11.5317 0.1821
v -1.6044 11.4918 0.3586
v -1.5918 11.4267 0.5242
v -1.5748 11.3384 0.6739
v -1.5538 11.2294 0.8031
v -1.5294 11.1033 0.9080
v -1.5025 10.9636 0.9852
v -1.4738 10.8149 1.0325
v -1.4442 10.6614 1.0484
v -1.4146 10.5079 1.0325
v -1.3859 10.3592 0.9852
v -1.3589 10.2196 0.9080
v -1.3346 10.0934 0.8031
v -1.3136 9.9844 0.6739
v -1.2965 9.8961 0.5242
v -1.2840 9.8310 0.3586
v -1.2763 9.7911 0.1821
v -1.2737 9.7777 0.0000
v -1.2763 9.7911 -0.1821
v -1.2840 9.8310 -0.3586
v -1.2965 9.8961 -0.5242
v -1.3136 9.9844 -0.6739
v -1.3346 10.0934 -0.8031
v -1.3589 10.2196 -0.9080
v -1.3859 10.3592 -0.9852
v -1.4146 10.5079 -1.0325
v -1.6808 10.6119 -1.0479
v -1.7151 10.7644 -1.0319
v -1.7484 10.9122 -0.9847
v -1.7797 11.0509 -0.9075
v -1.8079 11.1763 -0.8027
v -1.8323 11.2845 -0.6735
v -1.8521 11.3723 -0.5239
v -1.8667 11.4370 -0.3584
v -1.8756 11.4766 -0.1820
v -1.8786 11.4899 -0.0000
v -1.8756 11.4766 0.1820
v -1.8667 11.4370 0.3584
v -1.8521 11.3723 0.5239
v -1.8323 11.2845 0.6735
v -1.8079 11.1763 0.8027
v -1.7797 11.0509 0.9075
v -1.7484 10.9122 0.9847
v -1.7151 10.7644 1.0319
v -1.6808 10.6119 1.0479
v -1.6464 10.4595 1.0319
v -1.6131 10.3116 0.9847
v -1.5818 10.1729 0.9075
v -1.5536 10.0476 0.8027
v -1.5292 9.9394 0.6735
v -1.5094 9.8516 0.5239
v -1.4948 9.7869 0.3584
v -1.4859 9.7473 0.1820
v -1.4829 9.7339 0.0000
v -1.4859 9.7473 -0.1820
v -1.4948 9.7869 -0.3584
v -1.5094 9.8516 -0.5239
v -1.5292 9.9394 -0.6735
v -1.5536 10.0476 -0.8027
v -1.5818 10.1729 -0.9075
v -1.6131 10.3116 -0.9847
v -1.6464 10.4595 -1.0319
v -1.9155 10.5552 -1.0472
v -1.9545 10.7065 -1.0313
v -1.9924 10.8533 -0.9841
v -2.0279 10.9910 -0.9069
v -2.0600 11.1154 -0.8022
v -2.0877 11.2228 -0.6731
v -2.1101 11.3099 -0.5236
v -2.1267 11.3741 -0.3582
v -2.1368 11.4135 -0.1818
v -2.1403 11.4267 -0.0000
v -2.1368 11.4135 0.1818
v -2.1267 11.3741 0.3582
v -2.1101 11.3099 0.5236
v -2.0877 11.2228 0.6731
v -2.0600 11.1154 0.8022
v -2.0279 10.9910 0.9069
v -1.9924 10.8533 0.9841
v -1.9545 10.7065 1.0313
v -1.9155 10.5552 1.0472
v -1.8765 10.4039 1.0313
v -1.8386 10.2572 0.9841
v -1.8031 10.1195 0.9069
v -1.7710 9.9950 0.8022
v -1.7433 9.8876 0.6731
v -1.7208 9.8005 0.5236
v -1.7043 9.7363 0.3582
v -1.6941 9.6970 0.1818
v -1.6907 9.6837 0.0000
v -1.6941 9.6970 -0.1818
v -1.7043 9.7363 -0.3582
v -1.7208 9.8005 -0.5236
v -1.7433 9.8876 -0.6731
v -1.7710 9.9950 -0.8022
v -1.8031 10.1195 -0.9069
v -1.8386 10.2572 -0.9841
v -1.8765 10.4039 -1.0313
v -2.1481 10.4914 -1.0465
v -2.1917 10.6415 -1.0306
v -2.2340 10.7870 -0.9834
v -2.2737 10.9235 -0.9063
v -2.3096 11.0469 -0.8017
v -2.3405 11.1535 -0.6727
v -2.3657 11.2399 -0.5233
v -2.3842 11.3035 -0.3579
v -2.3955 11.3425 -0.1817
v -2.3993 11.3557 -0.0000
v -2.3955 11.3425 0.1817
v -2.3842 11.3035 0.3579
v -2.3657 11.2399 0.5233
v -2.3405 11.1535 0.6727
v -2.3096 11.0469 0.8017
v -2.2737 10.9235 0.9063
v -2.2340 10.7870 0.9834
v -2.1917 10.6415 1.0306
v -2.1481 10.4914 1.0465
v -2.1045 10.3413 1.0306
v -2.0622 10.1958 0.9834
v -2.0225 10.0593 0.9063
v -1.9867 9.9359 0.8017
v -1.9557 9.8294 0.6727
v -1.9306 9.7430 0.5233
v -1.9121 9.6793 0.3579
v -1.9008 9.6403 0.1817
v -1.8970 9.6272 0.0000
v -1.9008 9.6403 -0.1817
v -1.9121 9.6793 -0.3579
v -1.9306 9.7430 -0.5233
v -1.9557 9.8294 -0.6727
v -1.9867 9.9359 -0.8017
v -2.0225 10.0593 -0.9063
v -2.0622 10.1958 -0.9834
v -2.1045 10.3413 -1.0306
v -2.3785 10.4207 -1.0457
v -2.4266 10.5694 -1.0298
v -2.4732 10.7136 -0.9827
v -2.5170 10.8488 -0.9056
v -2.5565 10.9711 -0.8011
v -2.5907 11.0767 -0.6722
v -2.6184 11.1623 -0.5229
v -2.6388 11.2254 -0.3577
v -2.6513 11.2640 -0.1816
v -2.6555 11.2770 -0.0000
v -2.6513 11.2640 0.1816
v -2.6388 11.2254 0.3577
v -2.6184 11.1623 0.5229
v -2.5907 11.0767 0.6722
v -2.5565 10.9711 0.8011
v -2.5170 10.8488 0.9056
v -2.4732 10.7136 0.9827
v -2.4266 10.5694 1.0298
v -2.3785 10.4207 1.0457
v -2.3304 10.2720 1.0298
v -2.2837 10.1278 0.9827
v -2.2399 9.9925 0.9056
v -2.2004 9.8703 0.8011
v -2.1662 9.7647 0.6722
v -2.1385 9.6791 0.5229
v -2.1181 9.6160 0.3577
v -2.1056 9.5774 0.1816
v -2.1014 9.5644 0.0000
v -2.1056 9.5774 -0.1816
v -2.1181 9.6160 -0.3577
v -2.1385 9.6791 -0.5229
v -2.1662 9.7647 -0.6722
v -2.2004 9.8703 -0.8011
v -2.2399 9.9925 -0.9056
v -2.2837 10.1278 -0.9827
v -2.3304 10.2720 -1.0298
v -2.6063 10.3432 -1.0449
v -2.6588 10.4904 -1.0290
v -2.7096 10.6332 -0.9819
v -2.7574 10.7671 -0.9049
v -2.8006 10.8881 -0.8004
v -2.8378 10.9926 -0.6716
v -2.8680 11.0774 -0.5224
v -2.8903 11.1398 -0.3574
v -2.9039 11.1781 -0.1814
v -2.9085 11.1910 -0.0000
v -2.9039 11.1781 0.1814
v -2.8903 11.1398 0.3574
v -2.8680 11.0774 0.5224
v -2.8378 10.9926 0.6716
v -2.8006 10.8881 0.8004
v -2.7574 10.7671 0.9049
v -2.7096 10.6332 0.9819
v -2.6588 10.4904 1.0290
v -2.6063 10.3432 1.0449
v -2.5538 10.1960 1.0290
v -2.5029 10.0533 0.9819
v -2.4551 9.9194 0.9049
v -2.4120 9.7983 0.8004
v -2.3747 9.6938 0.6716
v -2.3445 9.6091 0.5224
v -2.3222 9.5466 0.3574
v -2.3086 9.5084 0.1814
v -2.3040 9.4955 0.0000
v -2.3086 9.5084 -0.1814
v -2.3222 9.5466 -0.3574
v -2.3445 9.6091 -0.5224
v -2.3747 9.6938 -0.6716
v -2.4120 9.7983 -0.8004
v -2.4551 9.9194 -0.9049
v -2.5029 10.0533 -0.9819
v -2.5538 10.1960 -1.0290
v -2.8314 10.2592 -1.0440
v -2.8881 10.4048 -1.0281
v -2.9432 10.5460 -0.9810
v -2.9948 10.6785 -0.9041
v -3.0415 10.7982 -0.7997
v -3.0818 10.9016 -0.6710
v -3.1145 10.9854 -0.5220
v -3.1385 11.0472 -0.3571
v -3.1533 11.0850 -0.1813
v -3.1583 11.0978 -0.0000
v -3.1533 11.0850 0.1813
v -3.1385 11.0472 0.3571
v -3.1145 10.9854 0.5220
v -3.0818 10.9016 0.6710
v -3.0415 10.7982 0.7997
v -2.9948 10.6785 0.9041
v -2.9432 10.5460 0.9810
v -2.8881 10.4048 1.0281
v -2.8314 10.2592 1.0440
v -2.7746 10.1136 1.0281
v -2.7196 9.9724 0.9810
v -2.6679 9.8400 0.9041
v -2.6213 9.7202 0.7997
v -2.5810 9.6169 0.6710
v -2.5483 9.5330 0.5220
v -2.5242 9.4713 0.3571
v -2.5095 9.4334 0.1813
v -2.5045 9.4207 0.0000
v -2.5095 9.4334 -0.1813
v -2.5242 9.4713 -0.3571
v -2.5483 9.5330 -0.5220
v -2.5810 9.6169 -0.6710
v -2.6213 9.7202 -0.7997
v -2.6679 9.8400 -0.9041
v -2.7196 9.9724 -0.9810
v -2.7746 10.1136 -1.0281
v -3.0536 10.1689 -1.0430
v -3.1145 10.3128 -1.0271
v -3.1736 10.4524 -0.9801
v -3.2290 10.5833 -0.9032
v -3.2791 10.7016 -0.7990
v -3.3223 10.8038 -0.6704
v -3.3574 10.8867 -0.5215
v -3.3833 10.9477 -0.3567
v -3.3991 10.9851 -0.1811
v -3.4044 10.9977 -0.0000
v -3.3991 10.9851 0.1811
v -3.3833 10.9477 0.3567
v -3.3574 10.8867 0.5215
v -3.3223 10.8038 0.6704
v -3.2791 10.7016 0.7990
v -3.2290 10.5833 0.9032
v -3.1736 10.4524 0.9801
v -3.1145 10.3128 1.0271
v -3.0536 10.1689 1.0430
v -2.9927 10.0250 1.0271
v -2.9336 9.8854 0.9801
v -2.8782 9.7545 0.9032
v -2.8281 9.6362 0.7990
v -2.7848 9.5340 0.6704
v -2.7497 9.4511 0.5215
v -2.7239 9.3901 0.3567
v -2.7081 9.3527 0.1811
v -2.7027 9.3401 0.0000
v -2.7081 9.3527 -0.1811
v -2.7239 9.3901 -0.3567
v -2.7497 9.4511 -0.5215
v -2.7848 9.5340 -0.6704
v -2.8281 9.6362 -0.7990
v -2.8782 9.7545 -0.9032
v -2.9336 9.8854 -0.9801
v -2.9927 10.0250 -1.0271
v -3.2727 10.0724 -1.0420
v -3.3377 10.2146 -1.0261
v -3.4007 10.3524 -0.9791
v -3.4598 10.4817 -0.9024
v -3.5132 10.5986 -0.7982
v -3.5593 10.6995 -0.6698
v -3.5967 10.7813 -0.5210
v -3.6243 10.8416 -0.3564
v -3.6412 10.8786 -0.1809
v -3.6468 10.8910 -0.0000
v -3.6412 10.8786 0.1809
v -3.6243 10.8416 0.3564
v -3.5967 10.7813 0.5210
v -3.5593 10.6995 0.6698
v -3.5132 10.5986 0.7982
v -3.4598 10.4817 0.9024
v -3.4007 10.3524 0.9791
v -3.3377 10.2146 1.0261
v -3.2727 10.0724 1.0420
v -3.2078 9.9303 1.0261
v -3.1448 9.7925 0.9791
v -3.0857 9.6632 0.9024
v -3.0323 9.5463 0.7982
v -2.9862 9.4454 0.6698
v -2.9488 9.3635 0.5210
v -2.9212 9.3032 0.3564
v -2.9043 9.2663 0.1809
v -2.8986 9.2539 0.0000
v -2.9043 9.2663 -0.1809
v -2.9212 9.3032 -0.3564
v -2.9488 9.3635 -0.5210
v -2.9862 9.4454 -0.6698
v -3.0323 9.5463 -0.7982
v -3.0857 9.6632 -0.9024
v -3.1448 9.7925 -0.9791
v -3.2078 9.9303 -1.0261
v -3.4887 9.9701 -1.0409
v -3.5576 10.1104 -1.0251
v -3.6244 10.2464 -0.9781
v -3.6870 10.3740 -0.9014
v -3.7437 10.4894 -0.7974
v -3.7925 10.5890 -0.6691
v -3.8322 10.6697 -0.5204
v -3.8614 10.7292 -0.3560
v -3.8793 10.7657 -0.1807
v -3.8854 10.7780 -0.0000
v -3.8793 10.7657 0.1807
v -3.8614 10.7292 0.3560
v -3.8322 10.6697 0.5204
v -3.7925 10.5890 0.6691
v -3.7437 10.4894 0.7974
v -3.6870 10.3740 0.9014
v -3.6244 10.2464 0.9781
v -3.5576 10.1104 1.0251
v -3.4887 9.9701 1.0409
v -3.4198 9.8298 1.0251
v -3.3530 9.6938 0.9781
v -3.2904 9.5662 0.9014
v -3.2337 9.4508 0.7974
v -3.1848 9.3512 0.6691
v -3.1452 9.2705 0.5204
v -3.1159 9.2109 0.3560
v -3.0980 9.1745 0.1807
v -3.0920 9.1622 0.0000
v -3.0980 9.1745 -0.1807
v -3.1159 9.2109 -0.3560
v -3.1452 9.2705 -0.5204
v -3.1848 9.3512 -0.6691
v -3.2337 9.4508 -0.7974
v -3.2904 9.5662 -0.9014
v -3.3530 9.6938 -0.9781
v -3.4198 9.8298 -1.0251
v -3.7013 9.8621 -1.0398
v -3.7740 10.0004 -1.0240
v -3.8444 10.1346 -0.9771
v -3.9105 10.2605 -0.9005
v -3.9703 10.3742 -0.7965
v -4.0219 10.4724 -0.6683
v -4.0637 10.5521 -0.5199
v -4.0946 10.6108 -0.3556
v -4.1134 10.6467 -0.1806
v -4.1198 10.6588 -0.0000
v -4.1134 10.6467 0.1806
v -4.0946 10.6108 0.3556
v -4.0637 10.5521 0.5199
v -4.0219 10.4724 0.6683
v -3.9703 10.3742 0.7965
v -3.9105 10.2605 0.9005
v -3.8444 10.1346 0.9771
v -3.7740 10.0004 1.0240
v -3.7013 9.8621 1.0398
v -3.6286 9.7237 1.0240
v -3.5582 9.5896 0.9771
v -3.4920 9.4637 0.9005
v -3.4323 9.3499 0.7965
v -3.3807 9.2517 0.6683
v -3.3389 9.1720 0.5199
v -3.3080 9.1133 0.3556
v -3.2891 9.0774 0.1806
v -3.2828 9.0653 0.0000
v -3.2891 9.0774 -0.1806
v -3.3080 9.1133 -0.3556
v -3.3389 9.1720 -0.5199
v -3.3807 9.2517 -0.6683
v -3.4323 9.3499 -0.7965
v -3.4920 9.4637 -0.9005
v -3.5582 9.5896 -0.9771
v -3.6286 9.7237 -1.0240
v -3.9104 9.7486 -1.0386
v -3.9868 9.8850 -1.0228
v -4.0608 10.0172 -0.9760
v -4.1303 10.1413 -0.8995
v -4.1930 10.2534 -0.7956
v -4.2472 10.3502 -0.6676
v -4.2912 10.4287 -0.5193
v -4.3236 10.4866 -0.3552
v -4.3434 10.5220 -0.1804
v -4.3501 10.5339 -0.0000
v -4.3434 10.5220 0.1804
v -4.3236 10.4866 0.3552
v -4.2912 10.4287 0.5193
v -4.2472 10.3502 0.6676
v -4.1930 10.2534 0.7956
v -4.1303 10.1413 0.8995
v -4.0608 10.0172 0.9760
v -3.9868 9.8850 1.0228
v -3.9104 9.7486 1.0386
v -3.8341 9.6122 1.0228
v -3.7601 9.4800 0.9760
v -3.6906 9.3559 0.8995
v -3.6279 9.2438 0.7956
v -3.5737 9.1470 0.6676
v -3.5297 9.0685 0.5193
v -3.4973 9.0106 0.3552
v -3.4775 8.9752 0.1804
v -3.4708 8.9633 0.0000
v -3.4775 8.9752 -0.1804
v -3.4973 9.0106 -0.3552
v -3.5297 9.0685 -0.5193
v -3.5737 9.1470 -0.6676
v -3.6279 9.2438 -0.7956
v -3.6906 9.3559 -0.8995
v -3.7601 9.4800 -0.9760
v -3.8341 9.6122 -1.0228
v -4.1160 9.6299 -1.0374
v -4.1959 9.7643 -1.0217
v -4.2734 9.8945 -0.9748
v -4.3460 10.0167 -0.8984
v -4.4117 10.1272 -0.7947
v -4.4684 10.2225 -0.6668
v -4.5144 10.2999 -0.5187
v -4.5483 10.3568 -0.3548
v -4.5691 10.3917 -0.1801
v -4.5761 10.4035 -0.0000
v -4.5691 10.3917 0.1801
v -4.5483 10.3568 0.3548
v -4.5144 10.2999 0.5187
v -4.4684 10.2225 0.6668
v -4.4117 10.1272 0.7947
v -4.3460 10.0167 0.8984
v -4.2734 9.8945 0.9748
v -4.1959 9.7643 1.0217
v -4.1160 9.6299 1.0374
v -4.0362 9.4956 1.0217
v -3.9587 9.3654 0.9748
v -3.8860 9.2432 0.8984
v -3.8203 9.1327 0.7947
v -3.7636 9.0374 0.6668
v -3.7176 8.9600 0.5187
v -3.6838 8.9030 0.3548
v -3.6630 8.8681 0.1801
v -3.6560 8.8564 0.0000
v -3.6630 8.8681 -0.1801
v -3.6838 8.9030 -0.3548
v -3.7176 8.9600 -0.5187
v -3.7636 9.0374 -0.6668
v -3.8203 9.1327 -0.7947
v -3.8860 9.2432 -0.8984
v -3.9587 9.3654 -0.9748
v -4.0362 9.4956 -1.0217
v -4.3180 9.5063 -1.0362
v -4.4013 9.6385 -1.0205
v -4.4820 9.7668 -0.9737
v -4.5578 9.8871 -0.8974
v -4.6263 9.9958 -0.7938
v -4.6854 10.0897 -0.6661
v -4.7334 10.1658 -0.5181
v -4.7687 10.2219 -0.3544
v -4.7904 10.2562 -0.1799
v -4.7977 10.2678 -0.0000
v -4.7904 10.2562 0.1799
v -4.7687 10.2219 0.3544
v -4.7334 10.1658 0.5181
v -4.6854 10.0897 0.6661
v -4.6263 9.9958 0.7938
v -4.5578 9.8871 0.8974
v -4.4820 9.7668 0.9737
v -4.4013 9.6385 1.0205
v -4.3180 9.5063 1.0362
v -4.2347 9.3741 1.0205
v -4.1539 9.2459 0.9737
v -4.0781 9.1255 0.8974
v -4.0096 9.0168 0.7938
v -3.9505 8.9230 0.6661
v -3.9025 8.8468 0.5181
v -3.8672 8.7907 0.3544
v -3.8456 8.7564 0.1799
v -3.8383 8.7448 0.0000
v -3.8456 8.7564 -0.1799
v -3.8672 8.7907 -0.3544
v -3.9025 8.8468 -0.5181
v -3.9505 8.9230 -0.6661
v -4.0096 9.0168 -0.7938
v -4.0781 9.1255 -0.8974
v -4.1539 9.2459 -0.9737
v -4.2347 9.3741 -1.0205
v -4.5162 9.3779 -1.0350
v -4.6028 9.5080 -1.0192
v -4.6867 9.6342 -0.9725
v -4.7655 9.7526 -0.8963
v -4.8367 9.8595 -0.7928
v -4.8981 9.9519 -0.6653
v -4.9480 10.0268 -0.5175
v -4.9847 10.0820 -0.3540
v -5.0072 10.1158 -0.1797
v -5.0148 10.1272 -0.0000
v -5.0072 10.1158 0.1797
v -4.9847 10.0820 0.3540
v -4.9480 10.0268 0.5175
v -4.8981 9.9519 0.6653
v -4.8367 9.8595 0.7928
v -4.7655 9.7526 0.8963
v -4.6867 9.6342 0.9725
v -4.6028 9.5080 1.0192
v -4.5162 9.3779 1.0350
v -4.4296 9.2478 1.0192
v -4.3456 9.1217 0.9725
v -4.2669 9.0033 0.8963
v -4.1957 8.8963 0.7928
v -4.1342 8.8040 0.6653
v -4.0844 8.7291 0.5175
v -4.0476 8.6739 0.3540
v -4.0251 8.6401 0.1797
v -4.0175 8.6287 0.0000
v -4.0251 8.6401 -0.1797
v -4.0476 8.6739 -0.3540
v -4.0844 8.7291 -0.5175
v -4.1342 8.8040 -0.6653
v -4.1957 8.8963 -0.7928
v -4.2669 9.0033 -0.8963
v -4.3456 9.1217 -0.9725
v -4.4296 9.2478 -1.0192
v -4.7106 9.2451 -1.0337
v -4.8003 9.3730 -1.0180
v -4.8874 9.4971 -0.9714
v -4.9690 9.6135 -0.8952
v -5.0428 9.7187 -0.7919
v -5.1065 9.8095 -0.6644
v -5.1582 9.8831 -0.5168
v -5.1963 9.9374 -0.3535
v -5.2196 9.9707 -0.1795
v -5.2275 9.9818 -0.0000
v -5.2196 9.9707 0.1795
v -5.1963 9.9374 0.3535
v -5.1582 9.8831 0.5168
v -5.1065 9.8095 0.6644
v -5.0428 9.7187 0.7919
v -4.9690 9.6135 0.8952
v -4.8874 9.4971 0.9714
v -4.8003 9.3730 1.0180
v -4.7106 9.2451 1.0337
v -4.6208 9.1171 1.0180
v -4.5338 8.9931 0.9714
v -4.4522 8.8767 0.8952
v -4.3784 8.7715 0.7919
v -4.3147 8.6806 0.6644
v -4.2630 8.6070 0.5168
v -4.2249 8.5527 0.3535
v -4.2016 8.5195 0.1795
v -4.1937 8.5083 0.0000
v -4.2016 8.5195 -0.1795
v -4.2249 8.5527 -0.3535
v -4.2630 8.6070 -0.5168
v -4.3147 8.6806 -0.6644
v -4.3784 8.7715 -0.7919
v -4.4522 8.8767 -0.8952
v -4.5338 8.9931 -0.9714
v -4.6208 9.1171 -1.0180
v -4.9012 9.1079 -1.0324
v -4.9940 9.2337 -1.0167
v -5.0839 9.3556 -0.9702
v -5.1684 9.4700 -0.8941
v -5.2447 9.5734 -0.7909
v -5.3105 9.6627 -0.6636
v -5.3640 9.7351 -0.5162
v -5.4033 9.7884 -0.3531
v -5.4275 9.8211 -0.1793
v -5.4356 9.8321 -0.0000
v -5.4275 9.8211 0.1793
v -5.4033 9.7884 0.3531
v -5.3640 9.7351 0.5162
v -5.3105 9.6627 0.6636
v -5.2447 9.5734 0.7909
v -5.1684 9.4700 0.8941
v -5.0839 9.3556 0.9702
v -4.9940 9.2337 1.0167
v -4.9012 9.1079 1.0324
v -4.8084 8.9822 1.0167
v -4.7184 8.8602 0.9702
v -4.6340 8.7458 0.8941
v -4.5577 8.6424 0.7909
v -4.4918 8.5532 0.6636
v -4.4384 8.4808 0.5162
v -4.3990 8.4274 0.3531
v -4.3749 8.3947 0.1793
v -4.3668 8.3837 0.0000
v -4.3749 8.3947 -0.1793
v -4.3990 8.4274 -0.3531
v -4.4384 8.4808 -0.5162
v -4.4918 8.5532 -0.6636
v -4.5577 8.6424 -0.7909
v -4.6340 8.7458 -0.8941
v -4.7184 8.8602 -0.9702
v -4.8084 8.9822 -1.0167
v -5.0879 8.9667 -1.0311
v -5.1836 9.0902 -1.0155
v -5.2764 9.2100 -0.9690
v -5.3635 9.3224 -0.8930
v -5.4422 9.4240 -0.7899
v -5.5102 9.5117 -0.6628
v -5.5653 9.5828 -0.5156
v -5.6059 9.6352 -0.3527
v -5.6308 9.6673 -0.1791
v -5.6391 9.6781 -0.0000
v -5.6308 9.6673 0.1791
v -5.6059 9.6352 0.3527
v -5.5653 9.5828 0.5156
v -5.5102 9.5117 0.6628
v -5.4422 9.4240 0.7899
v -5.3635 9.3224 0.8930
v -5.2764 9.2100 0.9690
v -5.1836 9.0902 1.0155
v -5.0879 8.9667 1.0311
v -4.9922 8.8432 1.0155
v -4.8993 8.7234 0.9690
v -4.8123 8.6110 0.8930
v -4.7335 8.5094 0.7899
v -4.6656 8.4217 0.6628
v -4.6105 8.3506 0.5156
v -4.5699 8.2982 0.3527
v -4.5450 8.2661 0.1791
v -4.5366 8.2553 0.0000
v -4.5450 8.2661 -0.1791
v -4.5699 8.2982 -0.3527
v -4.6105 8.3506 -0.5156
v -4.6656 8.4217 -0.6628
v -4.7335 8.5094 -0.7899
v -4.8123 8.6110 -0.8930
v -4.8993 8.7234 -0.9690
v -4.9922 8.8432 -1.0155
v -5.2707 8.8216 -1.0299
v -5.3692 8.9429 -1.0142
v -5.4648 9.0606 -0.9677
v -5.5544 9.1709 -0.8919
v -5.6354 9.2707 -0.7889
v -5.7054 9.3568 -0.6620
v -5.7621 9.4266 -0.5149
v -5.8039 9.4781 -0.3522
v -5.8295 9.5096 -0.1788
v -5.8381 9.5202 -0.0000
v -5.8295 9.5096 0.1788
v -5.8039 9.4781 0.3522
v -5.7621 9.4266 0.5149
v -5.7054 9.3568 0.6620
v -5.6354 9.2707 0.7889
v -5.5544 9.1709 0.8919
v -5.4648 9.0606 0.9677
v -5.3692 8.9429 1.0142
v -5.2707 8.8216 1.0299
v -5.1721 8.7003 1.0142
v -5.0766 8.5827 0.9677
v -4.9870 8.4724 0.8919
v -4.9059 8.3726 0.7889
v -4.8360 8.2865 0.6620
v -4.7793 8.2167 0.5149
v -4.7375 8.1652 0.3522
v -4.7119 8.1337 0.1788
v -4.7032 8.1231 0.0000
v -4.7119 8.1337 -0.1788
v -4.7375 8.1652 -0.3522
v -4.7793 8.2167 -0.5149
v -4.8360 8.2865 -0.6620
v -4.9059 8.3726 -0.7889
v -4.9870 8.4724 -0.8919
v -5.0766 8.5827 -0.9677
v -5.1721 8.7003 -1.0142
v -5.4496 8.6729 -1.0286
v -5.5508 8.7920 -1.0129
v -5.6490 8.9075 -0.9665
v -5.7411 9.0158 -0.8908
v -5.8243 9.1137 -0.7879
v -5.8962 9.1982 -0.6612
v -5.9545 9.2667 -0.5143
v -5.9974 9.3172 -0.3518
v -6.0237 9.3482 -0.1786
v -6.0326 9.3586 -0.0000
v -6.0237 9.3482 0.1786
v -5.9974 9.3172 0.3518
v -5.9545 9.2667 0.5143
v -5.8962 9.1982 0.6612
v -5.8243 9.1137 0.7879
v -5.7411 9.0158 0.8908
v -5.6490 8.9075 0.9665
v -5.5508 8.7920 1.0129
v -5.4496 8.6729 1.0286
v -5.3483 8.5539 1.0129
v -5.2502 8.4384 0.9665
v -5.1581 8.3301 0.8908
v -5.0748 8.2322 0.7879
v -5.0030 8.1477 0.6612
v -4.9447 8.0792 0.5143
v -4.9017 8.0286 0.3518
v -4.8754 7.9977 0.1786
v -4.8666 7.9873 0.0000
v -4.8754 7.9977 -0.1786
v -4.9017 8.0286 -0.3518
v -4.9447 8.0792 -0.5143
v -5.0030 8.1477 -0.6612
v -5.0748 8.2322 -0.7879
v -5.1581 8.3301 -0.8908
v -5.2502 8.4384 -0.9665
v -5.3483 8.5539 -1.0129
v -5.6245 8.5208 -1.0273
v -5.7284 8.6376 -1.0117
v -5.8290 8.7509 -0.9653
v -5.9235 8.8571 -0.8897
v -6.0089 8.9532 -0.7870
v -6.0826 9.0361 -0.6603
v -6.1424 9.1034 -0.5136
v -6.1864 9.1529 -0.3514
v -6.2134 9.1833 -0.1784
v -6.2225 9.1935 -0.0000
v -6.2134 9.1833 0.1784
v -6.1864 9.1529 0.3514
v -6.1424 9.1034 0.5136
v -6.0826 9.0361 0.6603
v -6.0089 8.9532 0.7870
v -5.9235 8.8571 0.8897
v -5.8290 8.7509 0.9653
v -5.7284 8.6376 1.0117
v -5.6245 8.5208 1.0273
v -5.5207 8.4040 1.0117
v -5.4200 8.2907 0.9653
v -5.3256 8.1845 0.8897
v -5.2402 8.0884 0.7870
v -5.1665 8.0055 0.6603
v -5.1067 7.9383 0.5136
v -5.0627 7.8887 0.3514
v -5.0357 7.8584 0.1784
v -5.0266 7.8481 0.0000
v -5.0357 7.8584 -0.1784
v -5.0627 7.8887 -0.3514
v -5.1067 7.9383 -0.5136
v -5.1665 8.0055 -0.6603
v -5.2402 8.0884 -0.7870
v -5.3256 8.1845 -0.8897
v -5.4200 8.2907 -0.9653
v -5.5207 8.4040 -1.0117
v -5.7956 8.3654 -1.0260
v -5.9019 8.4800 -1.0104
v -6.0050 8.5910 -0.9642
v -6.1017 8.6952 -0.8886
v -6.1891 8.7894 -0.7860
v -6.2646 8.8707 -0.6595
v -6.3258 8.9367 -0.5130
v -6.3709 8.9853 -0.3509
v -6.3986 9.0150 -0.1782
v -6.4079 9.0251 -0.0000
v -6.3986 9.0150 0.1782
v -6.3709 8.9853 0.3509
v -6.3258 8.9367 0.5130
v -6.2646 8.8707 0.6595
v -6.1891 8.7894 0.7860
v -6.1017 8.6952 0.8886
v -6.0050 8.5910 0.9642
v -5.9019 8.4800 1.0104
v -5.7956 8.3654 1.0260
v -5.6893 8.2509 1.0104
v -5.5862 8.1398 0.9642
v -5.4894 8.0356 0.8886
v -5.4020 7.9414 0.7860
v -5.3266 7.8601 0.6595
v -5.2653 7.7942 0.5130
v -5.2202 7.7456 0.3509
v -5.1926 7.7158 0.1782
v -5.1833 7.7058 0.0000
v -5.1926 7.7158 -0.1782
v -5.2202 7.7456 -0.3509
v -5.2653 7.7942 -0.5130
v -5.3266 7.8601 -0.6595
v -5.4020 7.9414 -0.7860
v -5.4894 8.0356 -0.8886
v -5.5862 8.1398 -0.9642
v -5.6893 8.2509 -1.0104
v -5.9627 8.2070 -1.0248
v -6.0714 8.3192 -1.0092
v -6.1768 8.4281 -0.9630
v -6.2757 8.5303 -0.8875
v -6.3651 8.6226 -0.7850
v -6.4423 8.7023 -0.6587
v -6.5049 8.7669 -0.5124
v -6.5510 8.8146 -0.3505
v -6.5792 8.8437 -0.1780
v -6.5888 8.8536 -0.0000
v -6.5792 8.8437 0.1780
v -6.5510 8.8146 0.3505
v -6.5049 8.7669 0.5124
v -6.4423 8.7023 0.6587
v -6.3651 8.6226 0.7850
v -6.2757 8.5303 0.8875
v -6.1768 8.4281 0.9630
v -6.0714 8.3192 1.0092
v -5.9627 8.2070 1.0248
v -5.8540 8.0947 1.0092
v -5.7486 7.9858 0.9630
v -5.6497 7.8837 0.8875
v -5.5603 7.7914 0.7850
v -5.4831 7.7117 0.6587
v -5.4205 7.6470 0.5124
v -5.3744 7.5994 0.3505
v -5.3462 7.5702 0.1780
v -5.3367 7.5604 0.0000
v -5.3462 7.5702 -0.1780
v -5.3744 7.5994 -0.3505
v -5.4205 7.6470 -0.5124
v -5.4831 7.7117 -0.6587
v -5.5603 7.7914 -0.7850
v -5.6497 7.8837 -0.8875
v -5.7486 7.9858 -0.9630
v -5.8540 8.0947 -1.0092
v -6.1259 8.0456 -1.0236
v -6.2370 8.1556 -1.0080
v -6.3446 8.2623 -0.9618
v -6.4456 8.3624 -0.8864
v -6.5369 8.4528 -0.7841
v -6.6157 8.5309 -0.6579
v -6.6796 8.5942 -0.5118
v -6.7267 8.6409 -0.3501
v -6.7555 8.6695 -0.1777
v -6.7652 8.6791 -0.0000
v -6.7555 8.6695 0.1777
v -6.7267 8.6409 0.3501
v -6.6796 8.5942 0.5118
v -6.6157 8.5309 0.6579
v -6.5369 8.4528 0.7841
v -6.4456 8.3624 0.8864
v -6.3446 8.2623 0.9618
v -6.2370 8.1556 1.0080
v -6.1259 8.0456 1.0236
v -6.0149 7.9356 1.0080
v -5.9073 7.8289 0.9618
v -5.8063 7.7289 0.8864
v -5.7150 7.6384 0.7841
v -5.6362 7.5603 0.6579
v -5.5723 7.4970 0.5118
v -5.5252 7.4503 0.3501
v -5.4964 7.4217 0.1777
v -5.4867 7.4121 0.0000
v -5.4964 7.4217 -0.1777
v -5.5252 7.4503 -0.3501
v -5.5723 7.4970 -0.5118
v -5.6362 7.5603 -0.6579
v -5.7150 7.6384 -0.7841
v -5.8063 7.7289 -0.8864
v -5.9073 7.8289 -0.9618
v -6.0149 7.9356 -1.0080
v -6.2853 7.8815 -1.0223
v -6.3985 7.9892 -1.0068
v -6.5083 8.0937 -0.9607
v -6.6113 8.1917 -0.8854
v -6.7044 8.2803 -0.7832
v -6.7847 8.3568 -0.6571
v -6.8499 8.4188 -0.5112
v -6.8980 8.4645 -0.3497
v -6.9274 8.4925 -0.1775
v -6.9373 8.5019 -0.0000
v -6.9274 8.4925 0.1775
v -6.8980 8.4645 0.3497
v -6.8499 8.4188 0.5112
v -6.7847 8.3568 0.6571
v -6.7044 8.2803 0.7832
v -6.6113 8.1917 0.8854
v -6.5083 8.0937 0.9607
v -6.3985 7.9892 1.0068
v -6.2853 7.8815 1.0223
v -6.1721 7.7738 1.0068
v -6.0623 7.6693 0.9607
v -5.9593 7.5713 0.8854
v -5.8662 7.4827 0.7832
v -5.7858 7.4062 0.6571
v -5.7206 7.3442 0.5112
v -5.6726 7.2985 0.3497
v -5.6432 7.2705 0.1775
v -5.6333 7.2611 0.0000
v -5.6432 7.2705 -0.1775
v -5.6726 7.2985 -0.3497
v -5.7206 7.3442 -0.5112
v -5.7858 7.4062 -0.6571
v -5.8662 7.4827 -0.7832
v -5.9593 7.5713 -0.8854
v -6.0623 7.6693 -0.9607
v -6.1721 7.7738 -1.0068
v -6.4408 7.7148 -1.0212
v -6.5561 7.8202 -1.0056
v -6.6679 7.9225 -0.9596
v -6.7729 8.0184 -0.8843
v -6.8677 8.1051 -0.7822
v -6.9496 8.1800 -0.6564
v -7.0160 8.2407 -0.5106
v -7.0649 8.2855 -0.3493
v -7.0949 8.3129 -0.1773
v -7.1050 8.3221 -0.0000
v -7.0949 8.3129 0.1773
v -7.0649 8.2855 0.3493
v -7.0160 8.2407 0.5106
v -6.9496 8.1800 0.6564
v -6.8677 8.1051 0.7822
v -6.7729 8.0184 0.8843
v -6.6679 7.9225 0.9596
v -6.5561 7.8202 1.0056
v -6.4408 7.7148 1.0212
v -6.3254 7.6093 1.0056
v -6.2136 7.5071 0.9596
v -6.1087 7.4111 0.8843
v -6.0138 7.3244 0.7822
v -5.9319 7.2496 0.6564
v -5.8655 7.1889 0.5106
v -5.8166 7.1441 0.3493
v -5.7866 7.1167 0.1773
v -5.7765 7.1075 0.0000
v -5.7866 7.1167 -0.1773
v -5.8166 7.1441 -0.3493
v -5.8655 7.1889 -0.5106
v -5.9319 7.2496 -0.6564
v -6.0138 7.3244 -0.7822
v -6.1087 7.4111 -0.8843
v -6.2136 7.5071 -0.9596
v -6.3254 7.6093 -1.0056
v -6.5924 7.5456 -1.0200
v -6.7098 7.6488 -1.0045
v -6.8236 7.7488 -0.9585
v -6.9304 7.8427 -0.8833
v -7.0269 7.9275 -0.7814
v -7.1103 8.0008 -0.6556
v -7.1778 8.0602 -0.5100
v -7.2276 8.1039 -0.3489
v -7.2581 8.1307 -0.1771
v -7.2684 8.1398 -0.0000
v -7.2581 8.1307 0.1771
v -7.2276 8.1039 0.3489
v -7.1778 8.0602 0.5100
v -7.1103 8.0008 0.6556
v -7.0269 7.9275 0.7814
v -6.9304 7.8427 0.8833
v -6.8236 7.7488 0.9585
v -6.7098 7.6488 1.0045
v -6.5924 7.5456 1.0200
v -6.4750 7.4424 1.0045
v -6.3612 7.3424 0.9585
v -6.2544 7.2485 0.8833
v -6.1579 7.1637 0.7814
v -6.0746 7.0905 0.6556
v -6.0070 7.0311 0.5100
v -5.9572 6.9873 0.3489
v -5.9267 6.9605 0.1771
v -5.9164 6.9515 0.0000
v -5.9267 6.9605 -0.1771
v -5.9572 6.9873 -0.3489
v -6.0070 7.0311 -0.5100
v -6.0746 7.0905 -0.6556
v -6.1579 7.1637 -0.7814
v -6.2544 7.2485 -0.8833
v -6.3612 7.3424 -0.9585
v -6.4750 7.4424 -1.0045
v -6.7402 7.3741 -1.0189
v -6.8596 7.4750 -1.0034
v -6.9753 7.5728 -0.9574
v -7.0839 7.6646 -0.8824
v -7.1820 7.7476 -0.7805
v -7.2668 7.8192 -0.6549
v -7.3355 7.8773 -0.5094
v -7.3861 7.9201 -0.3485
v -7.4171 7.9463 -0.1769
v -7.4276 7.9551 -0.0000
v -7.4171 7.9463 0.1769
v -7.3861 7.9201 0.3485
v -7.3355 7.8773 0.5094
v -7.2668 7.8192 0.6549
v -7.1820 7.7476 0.7805
v -7.0839 7.6646 0.8824
v -6.9753 7.5728 0.9574
v -6.8596 7.4750 1.0034
v -6.7402 7.3741 1.0189
v -6.6209 7.2732 1.0034
v -6.5052 7.1754 0.9574
v -6.3966 7.0836 0.8824
v -6.2984 7.0006 0.7805
v -6.2137 6.9290 0.6549
v -6.1450 6.8709 0.5094
v -6.0943 6.8281 0.3485
v -6.0633 6.8019 0.1769
v -6.0529 6.7931 0.0000
v -6.0633 6.8019 -0.1769
v -6.0943 6.8281 -0.3485
v -6.1450 6.8709 -0.5094
v -6.2137 6.9290 -0.6549
v -6.2984 7.0006 -0.7805
v -6.3966 7.0836 -0.8824
v -6.5052 7.1754 -0.9574
v -6.6209 7.2732 -1.0034
v -6.8843 7.2004 -1.0178
v -7.0055 7.2990 -1.0023
v -7.1231 7.3946 -0.9564
v -7.2334 7.4843 -0.8814
v -7.3331 7.5654 -0.7797
v -7.4192 7.6354 -0.6542
v -7.4890 7.6921 -0.5089
v -7.5404 7.7340 -0.3481
v -7.5719 7.7596 -0.1767
v -7.5825 7.7682 -0.0000
v -7.5719 7.7596 0.1767
v -7.5404 7.7340 0.3481
v -7.4890 7.6921 0.5089
v -7.4192 7.6354 0.6542
v -7.3331 7.5654 0.7797
v -7.2334 7.4843 0.8814
v -7.1231 7.3946 0.9564
v -7.0055 7.2990 1.0023
v -6.8843 7.2004 1.0178
v -6.7630 7.1018 1.0023
v -6.6455 7.0062 0.9564
v -6.5351 6.9165 0.8814
v -6.4354 6.8354 0.7797
v -6.3494 6.7654 0.6542
v -6.2796 6.7086 0.5089
v -6.2281 6.6668 0.3481
v -6.1966 6.6412 0.1767
v -6.1860 6.6326 0.0000
v -6.1966 6.6412 -0.1767
v -6.2281 6.6668 -0.3481
v -6.2796 6.7086 -0.5089
v -6.3494 6.7654 -0.6542
v -6.4354 6.8354 -0.7797
v -6.5351 6.9165 -0.8814
v -6.6455 7.0062 -0.9564
v -6.7630 7.1018 -1.0023
v -7.0245 7.0245 -1.0167
v -7.1476 7.1208 -1.0013
v -7.2670 7.2142 -0.9554
v -7.3789 7.3018 -0.8805
v -7.4801 7.3810 -0.7788
v -7.5675 7.4494 -0.6535
v -7.6384 7.5048 -0.5083
v -7.6906 7.5457 -0.3477
v -7.7226 7.5707 -0.1765
v -7.7333 7.5792 -0.0000
v -7.7226 7.5707 0.1765
v -7.6906 7.5457 0.3477
v -7.6384 7.5048 0.5083
v -7.5675 7.4494 0.6535
v -7.4801 7.3810 0.7788
v -7.3789 7.3018 0.8805
v -7.2670 7.2142 0.9554
v -7.1476 7.1208 1.0013
v -7.0245 7.0245 1.0167
v -6.9015 6.9282 1.0013
v -6.7821 6.8348 0.9554
v -6.6701 6.7472 0.8805
v -6.5689 6.6680 0.7788
v -6.4816 6.5997 0.6535
v -6.4107 6.5442 0.5083
v -6.3585 6.5034 0.3477
v -6.3265 6.4783 0.1765
v -6.3157 6.4699 0.0000
v -6.3265 6.4783 -0.1765
v -6.3585 6.5034 -0.3477
v -6.4107 6.5442 -0.5083
v -6.4816 6.5997 -0.6535
v -6.5689 6.6680 -0.7788
v -6.6701 6.7472 -0.8805
v -6.7821 6.8348 -0.9554
v -6.9015 6.9282 -1.0013
v -7.1611 6.8467 -1.0157
v -7.2859 6.9407 -1.0002
v -7.4070 7.0318 -0.9544
v -7.5206 7.1174 -0.8796
v -7.6232 7.1947 -0.7780
v -7.7118 7.2614 -0.6529
v -7.7837 7.3155 -0.5078
v -7.8367 7.3554 -0.3474
v -7.8691 7.3798 -0.1764
v -7.8800 7.3880 -0.0000
v -7.8691 7.3798 0.1764
v -7.8367 7.3554 0.3474
v -7.7837 7.3155 0.5078
v -7.7118 7.2614 0.6529
v -7.6232 7.1947 0.7780
v -7.5206 7.1174 0.8796
v -7.4070 7.0318 0.9544
v -7.2859 6.9407 1.0002
v -7.1611 6.8467 1.0157
v -7.0362 6.7527 1.0002
v -6.9152 6.6615 0.9544
v -6.8016 6.5760 0.8796
v -6.6989 6.4987 0.7780
v -6.6103 6.4320 0.6529
v -6.5384 6.3778 0.5078
v -6.4854 6.3380 0.3474
v -6.4530 6.3135 0.1764
v -6.4421 6.3053 0.0000
v -6.4530 6.3135 -0.1764
v -6.4854 6.3380 -0.3474
v -6.5384 6.3778 -0.5078
v -6.6103 6.4320 -0.6529
v -6.6989 6.4987 -0.7780
v -6.8016 6.5760 -0.8796
v -6.9152 6.6615 -0.9544
v -7.0362 6.7527 -1.0002
v -7.2939 6.6669 -1.0147
v -7.4204 6.7586 -0.9993
v -7.5431 6.8475 -0.9535
v -7.6583 6.9309 -0.8787
v -7.7623 7.0063 -0.7773
v -7.8522 7.0714 -0.6522
v -7.9250 7.1242 -0.5073
v -7.9787 7.1631 -0.3470
v -8.0116 7.1869 -0.1762
v -8.0227 7.1949 -0.0000
v -8.0116 7.1869 0.1762
v -7.9787 7.1631 0.3470
v -7.9250 7.1242 0.5073
v -7.8522 7.0714 0.6522
v -7.7623 7.0063 0.7773
v -7.6583 6.9309 0.8787
v -7.5431 6.8475 0.9535
v -7.4204 6.7586 0.9993
v -7.2939 6.6669 1.0147
v -7.1673 6.5752 0.9993
v -7.0446 6.4863 0.9535
v -6.9294 6.4029 0.8787
v -6.8254 6.3275 0.7773
v -6.7356 6.2624 0.6522
v -6.6627 6.2096 0.5073
v -6.6090 6.1707 0.3470
v -6.5761 6.1469 0.1762
v -6.5650 6.1388 0.0000
v -6.5761 6.1469 -0.1762
v -6.6090 6.1707 -0.3470
v -6.6627 6.2096 -0.5073
v -6.7356 6.2624 -0.6522
v -6.8254 6.3275 -0.7773
v -6.9294 6.4029 -0.8787
v -7.0446 6.4863 -0.9535
v -7.1673 6.5752 -0.9993
v -7.4229 6.4852 -1.0137
v -7.5512 6.5746 -0.9983
v -7.6755 6.6613 -0.9526
v -7.7921 6.7426 -0.8779
v -7.8975 6.8160 -0.7766
v -7.9885 6.8795 -0.6516
v -8.0624 6.9309 -0.5069
v -8.1168 6.9689 -0.3467
v -8.1501 6.9921 -0.1760
v -8.1613 6.9999 -0.0000
v -8.1501 6.9921 0.1760
v -8.1168 6.9689 0.3467
v -8.0624 6.9309 0.5069
v -7.9885 6.8795 0.6516
v -7.8975 6.8160 0.7766
v -7.7921 6.7426 0.8779
v -7.6755 6.6613 0.9526
v -7.5512 6.5746 0.9983
v -7.4229 6.4852 1.0137
v -7.2947 6.3959 0.9983
v -7.1704 6.3092 0.9526
v -7.0538 6.2279 0.8779
v -6.9484 6.1544 0.7766
v -6.8574 6.0910 0.6516
v -6.7835 6.0395 0.5069
v -6.7291 6.0016 0.3467
v -6.6958 5.9784 0.1760
v -6.6846 5.9706 0.0000
v -6.6958 5.9784 -0.1760
v -6.7291 6.0016 -0.3467
v -6.7835 6.0395 -0.5069
v -6.8574 6.0910 -0.6516
v -6.9484 6.1544 -0.7766
v -7.0538 6.2279 -0.8779
v -7.1704 6.3092 -0.9526
v -7.2947 6.3959 -0.9983
v -7.5483 6.3018 -1.0128
v -7.6782 6.3888 -0.9974
v -7.8040 6.4732 -0.9517
v -7.9221 6.5524 -0.8771
v -8.0289 6.6240 -0.7759
v -8.1210 6.6857 -0.6510
v -8.1957 6.7358 -0.5064
v -8.2508 6.7728 -0.3464
v -8.2845 6.7954 -0.1759
v -8.2959 6.8030 -0.0000
v -8.2845 6.7954 0.1759
v -8.2508 6.7728 0.3464
v -8.1957 6.7358 0.5064
v -8.1210 6.6857 0.6510
v -8.0289 6.6240 0.7759
v -7.9221 6.5524 0.8771
v -7.8040 6.4732 0.9517
v -7.6782 6.3888 0.9974
v -7.5483 6.3018 1.0128
v -7.4185 6.2148 0.9974
v -7.2927 6.1304 0.9517
v -7.1746 6.0512 0.8771
v -7.0678 5.9797 0.7759
v -6.9757 5.9179 0.6510
v -6.9010 5.8678 0.5064
v -6.8459 5.8308 0.3464
v -6.8122 5.8082 0.1759
v -6.8008 5.8006 0.0000
v -6.8122 5.8082 -0.1759
v -6.8459 5.8308 -0.3464
v -6.9010 5.8678 -0.5064
v -6.9757 5.9179 -0.6510
v -7.0678 5.9797 -0.7759
v -7.1746 6.0512 -0.8771
v -7.2927 6.1304 -0.9517
v -7.4185 6.2148 -0.9974
v -7.6701 6.1167 -1.0119
v -7.8014 6.2013 -0.9966
v -7.9288 6.2834 -0.9509
v -8.0483 6.3605 -0.8764
v -8.1563 6.4301 -0.7752
v -8.2495 6.4902 -0.6505
v -8.3252 6.5390 -0.5060
v -8.3809 6.5749 -0.3461
v -8.4150 6.5969 -0.1757
v -8.4265 6.6043 -0.0000
v -8.4150 6.5969 0.1757
v -8.3809 6.5749 0.3461
v -8.3252 6.5390 0.5060
v -8.2495 6.4902 0.6505
v -8.1563 6.4301 0.7752
v -8.0483 6.3605 0.8764
v -7.9288 6.2834 0.9509
v -7.8014 6.2013 0.9966
v -7.6701 6.1167 1.0119
v -7.5387 6.0320 0.9966
v -7.4113 5.9499 0.9509
v -7.2918 5.8729 0.8764
v -7.1838 5.8032 0.7752
v -7.0906 5.7431 0.6505
v -7.0150 5.6944 0.5060
v -6.9592 5.6585 0.3461
v -6.9251 5.6365 0.1757
v -6.9136 5.6291 0.0000
v -6.9251 5.6365 -0.1757
v -6.9592 5.6585 -0.3461
v -7.0150 5.6944 -0.5060
v -7.0906 5.7431 -0.6505
v -7.1838 5.8032 -0.7752
v -7.2918 5.8729 -0.8764
v -7.4113 5.9499 -0.9509
v -7.5387 6.0320 -0.9966
v -7.7881 5.9299 -1.0111
v -7.9210 6.0122 -0.9957
v -8.0498 6.0920 -0.9501
v -8.1707 6.1668 -0.8756
v -8.2799 6.2345 -0.7745
v -8.3742 6.2929 -0.6499
v -8.4507 6.3403 -0.5056
v -8.5071 6.3752 -0.3458
v -8.5416 6.3966 -0.1756
v -8.5532 6.4038 -0.0000
v -8.5416 6.3966 0.1756
v -8.5071 6.3752 0.3458
v -8.4507 6.3403 0.5056
v -8.3742 6.2929 0.6499
v -8.2799 6.2345 0.7745
v -8.1707 6.1668 0.8756
v -8.0498 6.0920 0.9501
v -7.9210 6.0122 0.9957
v -7.7881 5.9299 1.0111
v -7.6552 5.8476 0.9957
v -7.5264 5.7678 0.9501
v -7.4056 5.6929 0.8756
v -7.2963 5.6252 0.7745
v -7.2020 5.5668 0.6499
v -7.1255 5.5194 0.5056
v -7.0691 5.4845 0.3458
v -7.0346 5.4631 0.1756
v -7.0230 5.4559 0.0000
v -7.0346 5.4631 -0.1756
v -7.0691 5.4845 -0.3458
v -7.1255 5.5194 -0.5056
v -7.2020 5.5668 -0.6499
v -7.2963 5.6252 -0.7745
v -7.4056 5.6929 -0.8756
v -7.5264 5.7678 -0.9501
v -7.6552 5.8476 -0.9957
v -7.9025 5.7415 -1.0103
v -8.0368 5.8214 -0.9950
v -8.1670 5.8989 -0.9494
v -8.2892 5.9715 -0.8750
v -8.3997 6.0372 -0.7739
v -8.4950 6.0940 -0.6494
v -8.5723 6.1400 -0.5052
v -8.6293 6.1739 -0.3455
v -8.6642 6.1946 -0.1754
v -8.6760 6.2016 -0.0000
v -8.6642 6.1946 0.1754
v -8.6293 6.1739 0.3455
v -8.5723 6.1400 0.5052
v -8.4950 6.0940 0.6494
v -8.3997 6.0372 0.7739
v -8.2892 5.9715 0.8750
v -8.1670 5.8989 0.9494
v -8.0368 5.8214 0.9950
v -7.9025 5.7415 1.0103
v -7.7682 5.6616 0.9950
v -7.6379 5.5841 0.9494
v -7.5157 5.5114 0.8750
v -7.4053 5.4457 0.7739
v -7.3100 5.3890 0.6494
v -7.2326 5.3430 0.5052
v -7.1756 5.3091 0.3455
v -7.1407 5.2884 0.1754
v -7.1290 5.2814 0.0000
v -7.1407 5.2884 -0.1754
v -7.1756 5.3091 -0.3455
v -7.2326 5.3430 -0.5052
v -7.3100 5.3890 -0.6494
v -7.4053 5.4457 -0.7739
v -7.5157 5.5114 -0.8750
v -7.6379 5.5841 -0.9494
v -7.7682 5.6616 -0.9950
v -8.0132 5.5515 -1.0096
v -8.1489 5.6290 -0.9942
v -8.2805 5.7041 -0.9487
v -8.4040 5.7746 -0.8743
v -8.5156 5.8383 -0.7734
v -8.6119 5.8933 -0.6489
v -8.6901 5.9379 -0.5048
v -8.7477 5.9708 -0.3453
v -8.7829 5.9909 -0.1753
v -8.7948 5.9977 -0.0000
v -8.7829 5.9909 0.1753
v -8.7477 5.9708 0.3453
v -8.6901 5.9379 0.5048
v -8.6119 5.8933 0.6489
v -8.5156 5.8383 0.7734
v -8.4040 5.7746 0.8743
v -8.2805 5.7041 0.9487
v -8.1489 5.6290 0.9942
v -8.0132 5.5515 1.0096
v -7.8774 5.4741 0.9942
v -7.7458 5.3989 0.9487
v -7.6224 5.3285 0.8743
v -7.5108 5.2647 0.7734
v -7.4144 5.2098 0.6489
v -7.3363 5.1651 0.5048
v -7.2787 5.1323 0.3453
v -7.2434 5.1121 0.1753
v -7.2316 5.1054 0.0000
v -7.2434 5.1121 -0.1753
v -7.2787 5.1323 -0.3453
v -7.3363 5.1651 -0.5048
v -7.4144 5.2098 -0.6489
v -7.5108 5.2647 -0.7734
v -7.6224 5.3285 -0.8743
v -7.7458 5.3989 -0.9487
v -7.8774 5.4741 -0.9942
v -8.1202 5.3601 -1.0088
v -8.2573 5.4351 -0.9935
v -8.3902 5.5079 -0.9480
v -8.5149 5.5761 -0.8737
v -8.6277 5.6378 -0.7728
v -8.7250 5.6911 -0.6485
v -8.8039 5.7343 -0.5044
v -8.8621 5.7661 -0.3450
v -8.8977 5.7856 -0.1752
v -8.9097 5.7922 -0.0000
v -8.8977 5.7856 0.1752
v -8.8621 5.7661 0.3450
v -8.8039 5.7343 0.5044
v -8.7250 5.6911 0.6485
v -8.6277 5.6378 0.7728
v -8.5149 5.5761 0.8737
v -8.3902 5.5079 0.9480
v -8.2573 5.4351 0.9935
v -8.1202 5.3601 1.0088
v -7.9831 5.2851 0.9935
v -7.8502 5.2123 0.9480
v -7.7254 5.1441 0.8737
v -7.6127 5.0824 0.7728
v -7.5154 5.0291 0.6485
v -7.4365 4.9859 0.5044
v -7.3783 4.9541 0.3450
v -7.3427 4.9346 0.1752
v -7.3307 4.9280 0.0000
v -7.3427 4.9346 -0.1752
v -7.3783 4.9541 -0.3450
v -7.4365 4.9859 -0.5044
v -7.5154 5.0291 -0.6485
v -7.6127 5.0824 -0.7728
v -7.7254 5.1441 -0.8737
v -7.8502 5.2123 -0.9480
v -7.9831 5.2851 -0.9935
v -8.2235 5.1672 -1.0082
v -8.3619 5.2397 -0.9928
v -8.4962 5.3101 -0.9474
v -8.6221 5.3761 -0.8731
v -8.7359 5.4357 -0.7723
v -8.8342 5.4872 -0.6480
v -8.9139 5.5290 -0.5041
v -8.9726 5.5598 -0.3448
v -9.0086 5.5786 -0.1751
v -9.0207 5.5850 -0.0000
v -9.0086 5.5786 0.1751
v -8.9726 5.5598 0.3448
v -8.9139 5.5290 0.5041
v -8.8342 5.4872 0.6480
v -8.7359 5.4357 0.7723
v -8.6221 5.3761 0.8731
v -8.4962 5.3101 0.9474
v -8.3619 5.2397 0.9928
v -8.2235 5.1672 1.0082
v -8.0851 5.0946 0.9928
v -7.9509 5.0243 0.9474
v -7.8249 4.9583 0.8731
v -7.7111 4.8986 0.7723
v -7.6129 4.8471 0.6480
v -7.5332 4.8054 0.5041
v -7.4744 4.7746 0.3448
v -7.4385 4.7557 0.1751
v -7.4264 4.7494 0.0000
v -7.4385 4.7557 -0.1751
v -7.4744 4.7746 -0.3448
v -7.5332 4.8054 -0.5041
v -7.6129 4.8471 -0.6480
v -7.7111 4.8986 -0.7723
v -7.8249 4.9583 -0.8731
v -7.9509 5.0243 -0.9474
v -8.0851 5.0946 -0.9928
v -8.3231 4.9728 -1.0075
v -8.4629 5.0429 -0.9922
v -8.5983 5.1108 -0.9468
v -8.7254 5.1745 -0.8725
v -8.8403 5.2321 -0.7718
v -8.9395 5.2818 -0.6476
v -9.0199 5.3221 -0.5038
v -9.0792 5.3518 -0.3446
v -9.1155 5.3700 -0.1750
v -9.1277 5.3762 -0.0000
v -9.1155 5.3700 0.1750
v -9.0792 5.3518 0.3446
v -9.0199 5.3221 0.5038
v -8.9395 5.2818 0.6476
v -8.8403 5.2321 0.7718
v -8.7254 5.1745 0.8725
v -8.5983 5.1108 0.9468
v -8.4629 5.0429 0.9922
v -8.3231 4.9728 1.0075
v -8.1834 4.9028 0.9922
v -8.0480 4.8349 0.9468
v -7.9209 4.7712 0.8725
v -7.8060 4.7136 0.7718
v -7.7068 4.6639 0.6476
v -7.6264 4.6236 0.5038
v -7.5671 4.5939 0.3446
v -7.5308 4.5757 0.1750
v -7.5186 4.5695 0.0000
v -7.5308 4.5757 -0.1750
v -7.5671 4.5939 -0.3446
v -7.6264 4.6236 -0.5038
v -7.7068 4.6639 -0.6476
v -7.8060 4.7136 -0.7718
v -7.9209 4.7712 -0.8725
v -8.0480 4.8349 -0.9468
v -8.1834 4.9028 -0.9922
v -8.4190 4.7771 -1.0069
v -8.5600 4.8446 -0.9916
v -8.6967 4.9101 -0.9462
v -8.8249 4.9715 -0.8720
v -8.9408 5.0269 -0.7713
v -9.0409 5.0749 -0.6472
v -9.1220 5.1137 -0.5035
v -9.1818 5.1423 -0.3444
v -9.2185 5.1599 -0.1748
v -9.2308 5.1658 -0.0000
v -9.2185 5.1599 0.1748
v -9.1818 5.1423 0.3444
v -9.1220 5.1137 0.5035
v -9.0409 5.0749 0.6472
v -8.9408 5.0269 0.7713
v -8.8249 4.9715 0.8720
v -8.6967 4.9101 0.9462
v -8.5600 4.8446 0.9916
v -8.4190 4.7771 1.0069
v -8.2781 4.7096 0.9916
v -8.1414 4.6442 0.9462
v -8.0132 4.5828 0.8720
v -7.8973 4.5273 0.7713
v -7.7972 4.4794 0.6472
v -7.7160 4.4405 0.5035
v -7.6562 4.4119 0.3444
v -7.6196 4.3944 0.1748
v -7.6073 4.3885 0.0000
v -7.6196 4.3944 -0.1748
v -7.6562 4.4119 -0.3444
v -7.7160 4.4405 -0.5035
v -7.7972 4.4794 -0.6472
v -7.8973 4.5273 -0.7713
v -8.0132 4.5828 -0.8720
v -8.1414 4.6442 -0.9462
v -8.2781 4.7096 -0.9916
v -8.5112 4.5801 -1.0064
v -8.6534 4.6450 -0.9911
v -8.7912 4.7079 -0.9457
v -8.9205 4.7670 -0.8715
v -9.0375 4.8203 -0.7709
v -9.1384 4.8664 -0.6469
v -9.2202 4.9038 -0.5032
v -9.2805 4.9313 -0.3442
v -9.3175 4.9482 -0.1748
v -9.3299 4.9538 -0.0000
v -9.3175 4.9482 0.1748
v -9.2805 4.9313 0.3442
v -9.2202 4.9038 0.5032
v -9.1384 4.8664 0.6469
v -9.0375 4.8203 0.7709
v -8.9205 4.7670 0.8715
v -8.7912 4.7079 0.9457
v -8.6534 4.6450 0.9911
v -8.5112 4.5801 1.0064
v -8.3690 4.5152 0.9911
v -8.2312 4.4522 0.9457
v -8.1018 4.3932 0.8715
v -7.9849 4.3398 0.7709
v -7.8840 4.2937 0.6469
v -7.8022 4.2564 0.5032
v -7.7419 4.2288 0.3442
v -7.7049 4.2120 0.1748
v -7.6925 4.2063 0.0000
v -7.7049 4.2120 -0.1748
v -7.7419 4.2288 -0.3442
v -7.8022 4.2564 -0.5032
v -7.8840 4.2937 -0.6469
v -7.9849 4.3398 -0.7709
v -8.1018 4.3932 -0.8715
v -8.2312 4.4522 -0.9457
v -8.3690 4.5152 -0.9911
v -8.5996 4.3817 -1.0058
v -8.7429 4.4440 -0.9905
v -8.8819 4.5044 -0.9452
v -9.0123 4.5610 -0.8711
v -9.1301 4.6123 -0.7705
v -9.2319 4.6565 -0.6465
v -9.3144 4.6923 -0.5029
v -9.3752 4.7188 -0.3440
v -9.4125 4.7349 -0.1747
v -9.4250 4.7404 -0.0000
v -9.4125 4.7349 0.1747
v -9.3752 4.7188 0.3440
v -9.3144 4.6923 0.5029
v -9.2319 4.6565 0.6465
v -9.1301 4.6123 0.7705
v -9.0123 4.5610 0.8711
v -8.8819 4.5044 0.9452
v -8.7429 4.4440 0.9905
v -8.5996 4.3817 1.0058
v -8.4562 4.3194 0.9905
v -8.3173 4.2590 0.9452
v -8.1869 4.2024 0.8711
v -8.0690 4.1511 0.7705
v -7.9673 4.1069 0.6465
v -7.8847 4.0711 0.5029
v -7.8239 4.0446 0.3440
v -7.7867 4.0285 0.1747
v -7.7741 4.0230 0.0000
v -7.7867 4.0285 -0.1747
v -7.8239 4.0446 -0.3440
v -7.8847 4.0711 -0.5029
v -7.9673 4.1069 -0.6465
v -8.0690 4.1511 -0.7705
v -8.1869 4.2024 -0.8711
v -8.3173 4.2590 -0.9452
v -8.4562 4.3194 -0.9905
v -8.6841 4.1821 -1.0053
v -8.8286 4.2417 -0.9901
v -8.9687 4.2995 -0.9447
v -9.1001 4.3538 -0.8706
v -9.2189 4.4028 -0.7701
v -9.3214 4.4451 -0.6462
v -9.4046 4.4794 -0.5027
v -9.4659 4.5047 -0.3438
v -9.5034 4.5202 -0.1746
v -9.5161 4.5255 -0.0000
v -9.5034 4.5202 0.1746
v -9.4659 4.5047 0.3438
v -9.4046 4.4794 0.5027
v -9.3214 4.4451 0.6462
v -9.2189 4.4028 0.7701
v -9.1001 4.3538 0.8706
v -8.9687 4.2995 0.9447
v -8.8286 4.2417 0.9901
v -8.6841 4.1821 1.0053
v -8.5397 4.1224 0.9901
v -8.3996 4.0646 0.9447
v -8.2682 4.0104 0.8706
v -8.1494 3.9613 0.7701
v -8.0469 3.9190 0.6462
v -7.9637 3.8847 0.5027
v -7.9024 3.8594 0.3438
v -7.8649 3.8439 0.1746
v -7.8522 3.8387 0.0000
v -7.8649 3.8439 -0.1746
v -7.9024 3.8594 -0.3438
v -7.9637 3.8847 -0.5027
v -8.0469 3.9190 -0.6462
v -8.1494 3.9613 -0.7701
v -8.2682 4.0104 -0.8706
v -8.3996 4.0646 -0.9447
v -8.5397 4.1224 -0.9901
v -8.7649 3.9812 -1.0049
v -8.9104 4.0381 -0.9896
v -9.0515 4.0933 -0.9443
v -9.1840 4.1451 -0.8702
v -9.3036 4.1919 -0.7698
v -9.4069 4.2323 -0.6459
v -9.4907 4.2651 -0.5024
v -9.5525 4.2893 -0.3437
v -9.5903 4.3041 -0.1745
v -9.6030 4.3090 -0.0000
v -9.5903 4.3041 0.1745
v -9.5525 4.2893 0.3437
v -9.4907 4.2651 0.5024
v -9.4069 4.2323 0.6459
v -9.3036 4.1919 0.7698
v -9.1840 4.1451 0.8702
v -9.0515 4.0933 0.9443
v -8.9104 4.0381 0.9896
v -8.7649 3.9812 1.0049
v -8.6193 3.9243 0.9896
v -8.4782 3.8691 0.9443
v -8.3458 3.8173 0.8702
v -8.2261 3.7705 0.7698
v -8.1228 3.7300 0.6459
v -8.0390 3.6973 0.5024
v -7.9773 3.6731 0.3437
v -7.9395 3.6583 0.1745
v -7.9267 3.6533 0.0000
v -7.9395 3.6583 -0.1745
v -7.9773 3.6731 -0.3437
v -8.0390 3.6973 -0.5024
v -8.1228 3.7300 -0.6459
v -8.2261 3.7705 -0.7698
v -8.3458 3.8173 -0.8702
v -8.4782 3.8691 -0.9443
v -8.6193 3.9243 -0.9896
v -8.8417 3.7791 -1.0044
v -8.9883 3.8333 -0.9892
v -9.1305 3.8859 -0.9439
v -9.2638 3.9352 -0.8699
v -9.3844 3.9797 -0.7694
v -9.4884 4.0182 -0.6456
v -9.5728 4.0494 -0.5022
v -9.6350 4.0724 -0.3435
v -9.6731 4.0865 -0.1744
v -9.6859 4.0912 -0.0000
v -9.6731 4.0865 0.1744
v -9.6350 4.0724 0.3435
v -9.5728 4.0494 0.5022
v -9.4884 4.0182 0.6456
v -9.3844 3.9797 0.7694
v -9.2638 3.9352 0.8699
v -9.1305 3.8859 0.9439
v -8.9883 3.8333 0.9892
v -8.8417 3.7791 1.0044
v -8.6952 3.7250 0.9892
v -8.5530 3.6724 0.9439
v -8.4197 3.6231 0.8699
v -8.2991 3.5785 0.7694
v -8.1951 3.5401 0.6456
v -8.1107 3.5089 0.5022
v -8.0485 3.4859 0.3435
v -8.0104 3.4718 0.1744
v -7.9976 3.4671 0.0000
v -8.0104 3.4718 -0.1744
v -8.0485 3.4859 -0.3435
v -8.1107 3.5089 -0.5022
v -8.1951 3.5401 -0.6456
v -8.2991 3.5785 -0.7694
v -8.4197 3.6231 -0.8699
v -8.5530 3.6724 -0.9439
v -8.6952 3.7250 -0.9892
v -8.9147 3.5759 -1.0040
v -9.0623 3.6274 -0.9888
v -9.2054 3.6772 -0.9435
v -9.3396 3.7240 -0.8695
v -9.4610 3.7663 -0.7691
v -9.5658 3.8027 -0.6454
v -9.6507 3.8323 -0.5020
v -9.7133 3.8542 -0.3434
v -9.7517 3.8675 -0.1744
v -9.7646 3.8720 -0.0000
v -9.7517 3.8675 0.1744
v -9.7133 3.8542 0.3434
v -9.6507 3.8323 0.5020
v -9.5658 3.8027 0.6454
v -9.4610 3.7663 0.7691
v -9.3396 3.7240 0.8695
v -9.2054 3.6772 0.9435
v -9.0623 3.6274 0.9888
v -8.9147 3.5759 1.0040
v -8.7671 3.5245 0.9888
v -8.6240 3.4747 0.9435
v -8.4897 3.4279 0.8695
v -8.3684 3.3856 0.7691
v -8.2636 3.3491 0.6454
v -8.1787 3.3195 0.5020
v -8.1160 3.2977 0.3434
v -8.0777 3.2844 0.1744
v -8.0648 3.2799 0.0000
v -8.0777 3.2844 -0.1744
v -8.1160 3.2977 -0.3434
v -8.1787 3.3195 -0.5020
v -8.2636 3.3491 -0.6454
v -8.3684 3.3856 -0.7691
v -8.4897 3.4279 -0.8695
v -8.6240 3.4747 -0.9435
v -8.7671 3.5245 -0.9888
v -8.9837 3.3716 -1.0037
v -9.1322 3.4202 -0.9884
v -9.2763 3.4673 -0.9431
v -9.4114 3.5115 -0.8692
v -9.5335 3.5515 -0.7689
v -9.6390 3.5860 -0.6451
v -9.7245 3.6140 -0.5018
v -9.7875 3.6346 -0.3433
v -9.8261 3.6472 -0.1743
v -9.8391 3.6515 -0.0000
v -9.8261 3.6472 0.1743
v -9.7875 3.6346 0.3433
v -9.7245 3.6140 0.5018
v -9.6390 3.5860 0.6451
v -9.5335 3.5515 0.7689
v -9.4114 3.5115 0.8692
v -9.2763 3.4673 0.9431
v -9.1322 3.4202 0.9884
v -8.9837 3.3716 1.0037
v -8.8352 3.3230 0.9884
v -8.6911 3.2759 0.9431
v -8.5560 3.2317 0.8692
v -8.4339 3.1918 0.7689
v -8.3284 3.1573 0.6451
v -8.2429 3.1293 0.5018
v -8.1799 3.1087 0.3433
v -8.1413 3.0961 0.1743
v -8.1283 3.0918 0.0000
v -8.1413 3.0961 -0.1743
v -8.1799 3.1087 -0.3433
v -8.2429 3.1293 -0.5018
v -8.3284 3.1573 -0.6451
v -8.4339 3.1918 -0.7689
v -8.5560 3.2317 -0.8692
v -8.6911 3.2759 -0.9431
v -8.8352 3.3230 -0.9884
v -9.0487 3.1663 -1.0033
v -9.1981 3.2120 -0.9881
v -9.3430 3.2563 -0.9428
v -9.4790 3.2979 -0.8689
v -9.6019 3.3355 -0.7686
v -9.7080 3.3680 -0.6449
v -9.7940 3.3943 -0.5017
v -9.8574 3.4137 -0.3432
v -9.8962 3.4256 -0.1742
v -9.9093 3.4296 -0.0000
v -9.8962 3.4256 0.1742
v -9.8574 3.4137 0.3432
v -9.7940 3.3943 0.5017
v -9.7080 3.3680 0.6449
v -9.6019 3.3355 0.7686
v -9.4790 3.2979 0.8689
v -9.3430 3.2563 0.9428
v -9.1981 3.2120 0.9881
v -9.0487 3.1663 1.0033
v -8.8993 3.1205 0.9881
v -8.7544 3.0762 0.9428
v -8.6184 3.0346 0.8689
v -8.4955 2.9970 0.7686
v -8.3894 2.9645 0.6449
v -8.3034 2.9382 0.5017
v -8.2400 2.9188 0.3432
v -8.2012 2.9069 0.1742
v -8.1881 2.9029 0.0000
v -8.2012 2.9069 -0.1742
v -8.2400 2.9188 -0.3432
v -8.3034 2.9382 -0.5017
v -8.3894 2.9645 -0.6449
v -8.4955 2.9970 -0.7686
v -8.6184 3.0346 -0.8689
v -8.7544 3.0762 -0.9428
v -8.8993 3.1205 -0.9881
v -9.1097 2.9599 -1.0030
v -9.2600 3.0027 -0.9878
v -9.4057 3.0443 -0.9425
v -9.5424 3.0832 -0.8686
v -9.6660 3.1184 -0.7684
v -9.7727 3.1488 -0.6447
v -9.8593 3.1735 -0.5015
v -9.9230 3.1917 -0.3431
v -9.9621 3.2028 -0.1742
v -9.9752 3.2065 -0.0000
v -9.9621 3.2028 0.1742
v -9.9230 3.1917 0.3431
v -9.8593 3.1735 0.5015
v -9.7727 3.1488 0.6447
v -9.6660 3.1184 0.7684
v -9.5424 3.0832 0.8686
v -9.4057 3.0443 0.9425
v -9.2600 3.0027 0.9878
v -9.1097 2.9599 1.0030
v -8.9594 2.9171 0.9878
v -8.8136 2.8756 0.9425
v -8.6769 2.8366 0.8686
v -8.5533 2.8014 0.7684
v -8.4466 2.7710 0.6447
v -8.3601 2.7463 0.5015
v -8.2963 2.7282 0.3431
v -8.2573 2.7170 0.1742
v -8.2441 2.7133 0.0000
v -8.2573 2.7170 -0.1742
v -8.2963 2.7282 -0.3431
v -8.3601 2.7463 -0.5015
v -8.4466 2.7710 -0.6447
v -8.5533 2.8014 -0.7684
v -8.6769 2.8366 -0.8686
v -8.8136 2.8756 -0.9425
v -8.9594 2.9171 -0.9878
v -9.1666 2.7526 -1.0027
v -9.3177 2.7925 -0.9875
v -9.4642 2.8311 -0.9423
v -9.6017 2.8674 -0.8684
v -9.7259 2.9002 -0.7681
v -9.8332 2.9285 -0.6445
v -9.9202 2.9515 -0.5014
v -9.9843 2.9684 -0.3430
v -10.0235 2.9788 -0.1741
v -10.0368 2.9822 -0.0000
v -10.0235 2.9788 0.1741
v -9.9843 2.9684 0.3430
v -9.9202 2.9515 0.5014
v -9.8332 2.9285 0.6445
v -9.7259 2.9002 0.7681
v -9.6017 2.8674 0.8684
v -9.4642 2.8311 0.9423
v -9.3177 2.7925 0.9875
v -9.1666 2.7526 1.0027
v -9.0155 2.7127 0.9875
v -8.8689 2.6740 0.9423
v -8.7315 2.6378 0.8684
v -8.6072 2.6050 0.7681
v -8.4999 2.5767 0.6445
v -8.4129 2.5537 0.5014
v -8.3488 2.5368 0.3430
v -8.3096 2.5264 0.1741
v -8.2964 2.5229 0.0000
v -8.3096 2.5264 -0.1741
v -8.3488 2.5368 -0.3430
v -8.4129 2.5537 -0.5014
v -8.4999 2.5767 -0.6445
v -8.6072 2.6050 -0.7681
v -8.7315 2.6378 -0.8684
v -8.8689 2.6740 -0.9423
v -9.0155 2.7127 -0.9875
v -9.2193 2.5444 -1.0025
v -9.3712 2.5813 -0.9872
v -9.5184 2.6170 -0.9420
v -9.6566 2.6506 -0.8682
v -9.7815 2.6809 -0.7679
v -9.8893 2.7071 -0.6444
v -9.9767 2.7284 -0.5012
v -10.0411 2.7440 -0.3429
v -10.0806 2.7536 -0.1741
v -10.0939 2.7568 -0.0000
v -10.0806 2.7536 0.1741
v -10.0411 2.7440 0.3429
v -9.9767 2.7284 0.5012
v -9.8893 2.7071 0.6444
v -9.7815 2.6809 0.7679
v -9.6566 2.6506 0.8682
v -9.5184 2.6170 0.9420
v -9.3712 2.5813 0.9872
v -9.2193 2.5444 1.0025
v -9.0675 2.5075 0.9872
v -8.9202 2.4717 0.9420
v -8.7820 2.4381 0.8682
v -8.6572 2.4078 0.7679
v -8.5494 2.3816 0.6444
v -8.4619 2.3604 0.5012
v -8.3975 2.3447 0.3429
v -8.3581 2.3351 0.1741
v -8.3448 2.3319 0.0000
v -8.3581 2.3351 -0.1741
v -8.3975 2.3447 -0.3429
v -8.4619 2.3604 -0.5012
v -8.5494 2.3816 -0.6444
v -8.6572 2.4078 -0.7679
v -8.7820 2.4381 -0.8682
v -8.9202 2.4717 -0.9420
v -9.0675 2.5075 -0.9872
v -9.2679 2.3353 -1.0022
v -9.4205 2.3692 -0.9870
v -9.5684 2.4020 -0.9418
v -9.7072 2.4328 -0.8679
v -9.8327 2.4607 -0.7677
v -9.9410 2.4847 -0.6442
v -10.0288 2.5042 -0.5011
v -10.0935 2.5186 -0.3428
v -10.1332 2.5274 -0.1740
v -10.1465 2.5304 -0.0000
v -10.1332 2.5274 0.1740
v -10.0935 2.5186 0.3428
v -10.0288 2.5042 0.5011
v -9.9410 2.4847 0.6442
v -9.8327 2.4607 0.7677
v -9.7072 2.4328 0.8679
v -9.5684 2.4020 0.9418
v -9.4205 2.3692 0.9870
v -9.2679 2.3353 1.0022
v -9.1154 2.3014 0.9870
v -8.9674 2.2686 0.9418
v -8.8286 2.2378 0.8679
v -8.7032 2.2099 0.7677
v -8.5949 2.1859 0.6442
v -8.5070 2.1664 0.5011
v -8.4423 2.1520 0.3428
v -8.4027 2.1432 0.1740
v -8.3893 2.1403 0.0000
v -8.4027 2.1432 -0.1740
v -8.4423 2.1520 -0.3428
v -8.5070 2.1664 -0.5011
v -8.5949 2.1859 -0.6442
v -8.7032 2.2099 -0.7677
v -8.8286 2.2378 -0.8679
v -8.9674 2.2686 -0.9418
v -9.1154 2.3014 -0.9870
v -9.3123 2.1255 -1.0020
v -9.4655 2.1563 -0.9868
v -9.6141 2.1862 -0.9416
v -9.7535 2.2142 -0.8678
v -9.8795 2.2395 -0.7676
v -9.9882 2.2614 -0.6441
v -10.0764 2.2791 -0.5010
v -10.1414 2.2922 -0.3427
v -10.1812 2.3002 -0.1740
v -10.1947 2.3029 -0.0000
v -10.1812 2.3002 0.1740
v -10.1414 2.2922 0.3427
v -10.0764 2.2791 0.5010
v -9.9882 2.2614 0.6441
v -9.8795 2.2395 0.7676
v -9.7535 2.2142 0.8678
v -9.6141 2.1862 0.9416
v -9.4655 2.1563 0.9868
v -9.3123 2.1255 1.0020
v -9.1591 2.0947 0.9868
v -9.0105 2.0648 0.9416
v -8.8711 2.0368 0.8678
v -8.7452 2.0114 0.7676
v -8.6364 1.9896 0.6441
v -8.5482 1.9718 0.5010
v -8.4832 1.9587 0.3427
v -8.4434 1.9507 0.1740
v -8.4300 1.9480 0.0000
v -8.4434 1.9507 -0.1740
v -8.4832 1.9587 -0.3427
v -8.5482 1.9718 -0.5010
v -8.6364 1.9896 -0.6441
v -8.7452 2.0114 -0.7676
v -8.8711 2.0368 -0.8678
v -9.0105 2.0648 -0.9416
v -9.1591 2.0947 -0.9868
v -9.3525 1.9149 -1.0018
v -9.5063 1.9426 -0.9866
v -9.6554 1.9695 -0.9414
v -9.7953 1.9947 -0.8676
v -9.9218 2.0175 -0.7674
v -10.0310 2.0372 -0.6439
v -10.1195 2.0531 -0.5009
v -10.1848 2.0649 -0.3426
v -10.2247 2.0721 -0.1740
v -10.2382 2.0745 -0.0000
v -10.2247 2.0721 0.1740
v -10.1848 2.0649 0.3426
v -10.1195 2.0531 0.5009
v -10.0310 2.0372 0.6439
v -9.9218 2.0175 0.7674
v -9.7953 1.9947 0.8676
v -9.6554 1.9695 0.9414
v -9.5063 1.9426 0.9866
v -9.3525 1.9149 1.0018
v -9.1986 1.8872 0.9866
v -9.0495 1.8603 0.9414
v -8.9096 1.8351 0.8676
v -8.7831 1.8123 0.7674
v -8.6739 1.7927 0.6439
v -8.5854 1.7767 0.5009
v -8.5201 1.7650 0.3426
v -8.4802 1.7578 0.1740
v -8.4667 1.7553 0.0000
v -8.4802 1.7578 -0.1740
v -8.5201 1.7650 -0.3426
v -8.5854 1.7767 -0.5009
v -8.6739 1.7927 -0.6439
v -8.7831 1.8123 -0.7674
v -8.9096 1.8351 -0.8676
v -9.0495 1.8603 -0.9414
v -9.1986 1.8872 -0.9866
v -9.3883 1.7037 -1.0016
v -9.5426 1.7283 -0.9864
v -9.6923 1.7521 -0.9412
v -9.8327 1.7745 -0.8674
v -9.9596 1.7947 -0.7673
v -10.0692 1.8122 -0.6438
v -10.1580 1.8263 -0.5008
v -10.2235 1.8367 -0.3426
v -10.2636 1.8431 -0.1739
v -10.2771 1.8453 -0.0000
v -10.2636 1.8431 0.1739
v -10.2235 1.8367 0.3426
v -10.1580 1.8263 0.5008
v -10.0692 1.8122 0.6438
v -9.9596 1.7947 0.7673
v -9.8327 1.7745 0.8674
v -9.6923 1.7521 0.9412
v -9.5426 1.7283 0.9864
v -9.3883 1.7037 1.0016
v -9.2340 1.6791 0.9864
v -9.0843 1.6553 0.9412
v -8.9439 1.6330 0.8674
v -8.8170 1.6127 0.7673
v -8.7074 1.5953 0.6438
v -8.6186 1.5811 0.5008
v -8.5531 1.5707 0.3426
v -8.5130 1.5643 0.1739
v -8.4995 1.5622 0.0000
v -8.5130 1.5643 -0.1739
v -8.5531 1.5707 -0.3426
v -8.6186 1.5811 -0.5008
v -8.7074 1.5953 -0.6438
v -8.8170 1.6127 -0.7673
v -8.9439 1.6330 -0.8674
v -9.0843 1.6553 -0.9412
v -9.2340 1.6791 -0.9864
v -9.4198 1.4920 -1.0014
v -9.5746 1.5134 -0.9862
v -9.7247 1.5341 -0.9410
v -9.8656 1.5536 -0.8673
v -9.9929 1.5712 -0.7671
v -10.1027 1.5864 -0.6437
v -10.1919 1.5988 -0.5007
v -10.2576 1.6078 -0.3425
v -10.2978 1.6134 -0.1739
v -10.3113 1.6153 -0.0000
v -10.2978 1.6134 0.1739
v -10.2576 1.6078 0.3425
v -10.1919 1.5988 0.5007
v -10.1027 1.5864 0.6437
v -9.9929 1.5712 0.7671
v -9.8656 1.5536 0.8673
v -9.7247 1.5341 0.9410
v -9.5746 1.5134 0.9862
v -9.4198 1.4920 1.0014
v -9.2650 1.4705 0.9862
v -9.1149 1.4498 0.9410
v -8.9741 1.4303 0.8673
v -8.8468 1.4127 0.7671
v -8.7369 1.3975 0.6437
v -8.6477 1.3852 0.5007
v -8.5821 1.3761 0.3425
v -8.5418 1.3705 0.1739
v -8.5283 1.3686 0.0000
v -8.5418 1.3705 -0.1739
v -8.5821 1.3761 -0.3425
v -8.6477 1.3852 -0.5007
v -8.7369 1.3975 -0.6437
v -8.8468 1.4127 -0.7671
v -8.9741 1.4303 -0.8673
v -9.1149 1.4498 -0.9410
v -9.2650 1.4705 -0.9862
v -9.4469 1.2797 -1.0013
v -9.6022 1.2979 -0.9861
v -9.7527 1.3156 -0.9409
v -9.8939 1.3321 -0.8671
v -10.0215 1.3471 -0.7670
v -10.1317 1.3600 -0.6436
v -10.2211 1.3705 -0.5006
v -10.2869 1.3783 -0.3425
v -10.3272 1.3830 -0.1739
v -10.3408 1.3846 -0.0000
v -10.3272 1.3830 0.1739
v -10.2869 1.3783 0.3425
v -10.2211 1.3705 0.5006
v -10.1317 1.3600 0.6436
v -10.0215 1.3471 0.7670
v -9.8939 1.3321 0.8671
v -9.7527 1.3156 0.9409
v -9.6022 1.2979 0.9861
v -9.4469 1.2797 1.0013
v -9.2917 1.2615 0.9861
v -9.1412 1.2438 0.9409
v -9.0000 1.2272 0.8671
v -8.8724 1.2122 0.7670
v -8.7622 1.1993 0.6436
v -8.6728 1.1888 0.5006
v -8.6070 1.1811 0.3425
v -8.5667 1.1764 0.1739
v -8.5531 1.1748 0.0000
v -8.5667 1.1764 -0.1739
v -8.6070 1.1811 -0.3425
v -8.6728 1.1888 -0.5006
v -8.7622 1.1993 -0.6436
v -8.8724 1.2122 -0.7670
v -9.0000 1.2272 -0.8671
v -9.1412 1.2438 -0.9409
v -9.2917 1.2615 -0.9861
v -9.4697 1.0670 -1.0011
v -9.6252 1.0820 -0.9859
v -9.7761 1.0965 -0.9408
v -9.9176 1.1101 -0.8670
v -10.0455 1.1225 -0.7669
v -10.1559 1.1331 -0.6435
v -10.2455 1.1418 -0.5006
v -10.3115 1.1481 -0.3424
v -10.3519 1.1520 -0.1738
v -10.3655 1.1533 -0.0000
v -10.3519 1.1520 0.1738
v -10.3115 1.1481 0.3424
v -10.2455 1.1418 0.5006
v -10.1559 1.1331 0.6435
v -10.0455 1.1225 0.7669
v -9.9176 1.1101 0.8670
v -9.7761 1.0965 0.9408
v -9.6252 1.0820 0.9859
v -9.4697 1.0670 1.0011
v -9.3141 1.0520 0.9859
v -9.1633 1.0374 0.9408
v -9.0218 1.0238 0.8670
v -8.8938 1.0115 0.7669
v -8.7834 1.0008 0.6435
v -8.6939 0.9922 0.5006
v -8.6279 0.9858 0.3424
v -8.5874 0.9819 0.1738
v -8.5738 0.9806 0.0000
v -8.5874 0.9819 -0.1738
v -8.6279 0.9858 -0.3424
v -8.6939 0.9922 -0.5006
v -8.7834 1.0008 -0.6435
v -8.8938 1.0115 -0.7669
v -9.0218 1.0238 -0.8670
v -9.1633 1.0374 -0.9408
v -9.3141 1.0520 -0.9859
v -9.4880 0.8539 -1.0010
v -9.6438 0.8657 -0.9858
v -9.7949 0.8771 -0.9406
v -9.9367 0.8877 -0.8669
v -10.0649 0.8974 -0.7668
v -10.1755 0.9057 -0.6434
v -10.2652 0.9125 -0.5005
v -10.3313 0.9175 -0.3424
v -10.3718 0.9205 -0.1738
v -10.3854 0.9216 -0.0000
v -10.3718 0.9205 0.1738
v -10.3313 0.9175 0.3424
v -10.2652 0.9125 0.5005
v -10.1755 0.9057 0.6434
v -10.0649 0.8974 0.7668
v -9.9367 0.8877 0.8669
v -9.7949 0.8771 0.9406
v -9.6438 0.8657 0.9858
v -9.4880 0.8539 1.0010
v -9.3321 0.8422 0.9858
v -9.1810 0.8308 0.9406
v -9.0392 0.8201 0.8669
v -8.9111 0.8105 0.7668
v -8.8005 0.8021 0.6434
v -8.7108 0.7954 0.5005
v -8.6446 0.7904 0.3424
v -8.6042 0.7873 0.1738
v -8.5905 0.7863 0.0000
v -8.6042 0.7873 -0.1738
v -8.6446 0.7904 -0.3424
v -8.7108 0.7954 -0.5005
v -8.8005 0.8021 -0.6434
v -8.9111 0.8105 -0.7668
v -9.0392 0.8201 -0.8669
v -9.1810 0.8308 -0.9406
v -9.3321 0.8422 -0.9858
v -9.5018 0.6406 -1.0009
v -9.6579 0.6491 -0.9857
v -9.8092 0.6573 -0.9405
v -9.9511 0.6650 -0.8668
v -10.0795 0.6720 -0.7667
v -10.1902 0.6780 -0.6434
v -10.2801 0.6829 -0.5004
v -10.3463 0.6864 -0.3423
v -10.3868 0.6886 -0.1738
v -10.4005 0.6894 -0.0000
v -10.3868 0.6886 0.1738
v -10.3463 0.6864 0.3423
v -10.2801 0.6829 0.5004
v -10.1902 0.6780 0.6434
v -10.0795 0.6720 0.7667
v -9.9511 0.6650 0.8668
v -9.8092 0.6573 0.9405
v -9.6579 0.6491 0.9857
v -9.5018 0.6406 1.0009
v -9.3457 0.6322 0.9857
v -9.1944 0.6240 0.9405
v -9.0525 0.6163 0.8668
v -8.9241 0.6093 0.7667
v -8.8134 0.6033 0.6434
v -8.7235 0.5984 0.5004
v -8.6573 0.5948 0.3423
v -8.6168 0.5926 0.1738
v -8.6031 0.5919 0.0000
v -8.6168 0.5926 -0.1738
v -8.6573 0.5948 -0.3423
v -8.7235 0.5984 -0.5004
v -8.8134 0.6033 -0.6434
v -8.9241 0.6093 -0.7667
v -9.0525 0.6163 -0.8668
v -9.1944 0.6240 -0.9405
v -9.3457 0.6322 -0.9857
v -9.5111 0.4271 -1.0008
v -9.6673 0.4323 -0.9856
v -9.8188 0.4373 -0.9404
v -9.9609 0.4420 -0.8667
v -10.0893 0.4463 -0.7667
v -10.2002 0.4499 -0.6433
v -10.2901 0.4529 -0.5004
v -10.3564 0.4551 -0.3423
v -10.3970 0.4565 -0.1738
v -10.4106 0.4569 -0.0000
v -10.3970 0.4565 0.1738
v -10.3564 0.4551 0.3423
v -10.2901 0.4529 0.5004
v -10.2002 0.4499 0.6433
v -10.0893 0.4463 0.7667
v -9.9609 0.4420 0.8667
v -9.8188 0.4373 0.9404
v -9.6673 0.4323 0.9856
v -9.5111 0.4271 1.0008
v -9.3549 0.4220 0.9856
v -9.2035 0.4170 0.9404
v -9.0614 0.4123 0.8667
v -8.9329 0.4080 0.7667
v -8.8221 0.4043 0.6433
v -8.7321 0.4014 0.5004
v -8.6659 0.3992 0.3423
v -8.6253 0.3978 0.1738
v -8.6116 0.3974 0.0000
v -8.6253 0.3978 -0.1738
v -8.6659 0.3992 -0.3423
v -8.7321 0.4014 -0.5004
v -8.8221 0.4043 -0.6433
v -8.9329 0.4080 -0.7667
v -9.0614 0.4123 -0.8667
v -9.2035 0.4170 -0.9404
v -9.3549 0.4220 -0.9856
v -9.5159 0.2136 -1.0007
v -9.6722 0.2154 -0.9855
v -9.8237 0.2172 -0.9404
v -9.9659 0.2189 -0.8666
v -10.0944 0.2204 -0.7666
v -10.2053 0.2217 -0.6432
v -10.2953 0.2228 -0.5004
v -10.3616 0.2236 -0.3423
v -10.4022 0.2241 -0.1738
v -10.4159 0.2242 -0.0000
v -10.4022 0.2241 0.1738
v -10.3616 0.2236 0.3423
v -10.2953 0.2228 0.5004
v -10.2053 0.2217 0.6432
v -10.0944 0.2204 0.7666
v -9.9659 0.2189 0.8666
v -9.8237 0.2172 0.9404
v -9.6722 0.2154 0.9855
v -9.5159 0.2136 1.0007
v -9.3597 0.2117 0.9855
v -9.2081 0.2099 0.9404
v -9.0660 0.2082 0.8666
v -8.9375 0.2067 0.7666
v -8.8265 0.2054 0.6432
v -8.7366 0.2043 0.5004
v -8.6703 0.2036 0.3423
v -8.6297 0.2031 0.1738
v -8.6160 0.2029 0.0000
v -8.6297 0.2031 -0.1738
v -8.6703 0.2036 -0.3423
v -8.7366 0.2043 -0.5004
v -8.8265 0.2054 -0.6432
v -8.9375 0.2067 -0.7666
v -9.0660 0.2082 -0.8666
v -9.2081 0.2099 -0.9404
v -9.3597 0.2117 -0.9855
v -9.5162 0.0000 -1.0006
v -9.6725 -0.0015 -0.9854
v -9.8240 -0.0029 -0.9403
v -9.9662 -0.0043 -0.8666
v -10.0947 -0.0055 -0.7665
v -10.2056 -0.0065 -0.6432
v -10.2956 -0.0074 -0.5003
v -10.3619 -0.0080 -0.3422
v -10.4025 -0.0084 -0.1738
v -10.4161 -0.0085 -0.0000
v -10.4025 -0.0084 0.1738
v -10.3619 -0.0080 0.3422
v -10.2956 -0.0074 0.5003
v -10.2056 -0.0065 0.6432
v -10.0947 -0.0055 0.7665
v -9.9662 -0.0043 0.8666
v -9.8240 -0.0029 0.9403
v -9.6725 -0.0015 0.9854
v -9.5162 0.0000 1.0006
v -9.3599 0.0015 0.9854
v -9.2084 0.0029 0.9403
v -9.0662 0.0043 0.8666
v -8.9377 0.0055 0.7665
v -8.8268 0.0065 0.6432
v -8.7368 0.0074 0.5003
v -8.6705 0.0080 0.3422
v -8.6299 0.0084 0.1738
v -8.6162 0.0085 0.0000
v -8.6299 0.0084 -0.1738
v -8.6705 0.0080 -0.3422
v -8.7368 0.0074 -0.5003
v -8.8268 0.0065 -0.6432
v -8.9377 0.0055 -0.7665
v -9.0662 0.0043 -0.8666
v -9.2084 0.0029 -0.9403
v -9.3599 0.0015 -0.9854
v -9.5119 -0.2135 -1.0005
v -9.6681 -0.2183 -0.9853
v -9.8195 -0.2230 -0.9402
v -9.9616 -0.2274 -0.8665
v -10.0901 -0.2314 -0.7665
v -10.2010 -0.2348 -0.6431
v -10.2909 -0.2376 -0.5003
v -10.3572 -0.2396 -0.3422
v -10.3978 -0.2409 -0.1737
v -10.4114 -0.2413 -0.0000
v -10.3978 -0.2409 0.1737
v -10.3572 -0.2396 0.3422
v -10.2909 -0.2376 0.5003
v -10.2010 -0.2348 0.6431
v -10.0901 -0.2314 0.7665
v -9.9616 -0.2274 0.8665
v -9.8195 -0.2230 0.9402
v -9.6681 -0.2183 0.9853
v -9.5119 -0.2135 1.0005
v -9.3557 -0.2086 0.9853
v -9.2042 -0.2040 0.9402
v -9.0621 -0.1996 0.8665
v -8.9336 -0.1956 0.7665
v -8.8228 -0.1922 0.6431
v -8.7328 -0.1894 0.5003
v -8.6665 -0.1873 0.3422
v -8.6260 -0.1861 0.1737
v -8.6123 -0.1856 0.0000
v -8.6260 -0.1861 -0.1737
v -8.6665 -0.1873 -0.3422
v -8.7328 -0.1894 -0.5003
v -8.8228 -0.1922 -0.6431
v -8.9336 -0.1956 -0.7665
v -9.0621 -0.1996 -0.8665
v -9.2042 -0.2040 -0.9402
v -9.3557 -0.2086 -0.9853
v -9.5030 -0.4268 -1.0005
v -9.6590 -0.4350 -0.9853
v -9.8104 -0.4429 -0.9401
v -9.9523 -0.4504 -0.8664
v -10.0807 -0.4571 -0.7664
v -10.1915 -0.4629 -0.6431
v -10.2813 -0.4676 -0.5002
v -10.3475 -0.4711 -0.3422
v -10.3881 -0.4733 -0.1737
v -10.4017 -0.4740 -0.0000
v -10.3881 -0.4733 0.1737
v -10.3475 -0.4711 0.3422
v -10.2813 -0.4676 0.5002
v -10.1915 -0.4629 0.6431
v -10.0807 -0.4571 0.7664
v -9.9523 -0.4504 0.8664
v -9.8104 -0.4429 0.9401
v -9.6590 -0.4350 0.9853
v -9.5030 -0.4268 1.0005
v -9.3469 -0.4186 0.9853
v -9.1956 -0.4106 0.9401
v -9.0536 -0.4032 0.8664
v -8.9253 -0.3964 0.7664
v -8.8145 -0.3906 0.6431
v -8.7246 -0.3859 0.5002
v -8.6584 -0.3824 0.3422
v -8.6179 -0.3803 0.1737
v -8.6042 -0.3796 0.0000
v -8.6179 -0.3803 -0.1737
v -8.6584 -0.3824 -0.3422
v -8.7246 -0.3859 -0.5002
v -8.8145 -0.3906 -0.6431
v -8.9253 -0.3964 -0.7664
v -9.0536 -0.4032 -0.8664
v -9.1956 -0.4106 -0.9401
v -9.3469 -0.4186 -0.9853
v -9.4895 -0.6398 -1.0004
v -9.6453 -0.6514 -0.9852
v -9.7964 -0.6626 -0.9401
v -9.9382 -0.6731 -0.8664
v -10.0664 -0.6826 -0.7664
v -10.1770 -0.6908 -0.6431
v -10.2668 -0.6975 -0.5002
v -10.3329 -0.7024 -0.3422
v -10.3734 -0.7054 -0.1737
v -10.3870 -0.7064 -0.0000
v -10.3734 -0.7054 0.1737
v -10.3329 -0.7024 0.3422
v -10.2668 -0.6975 0.5002
v -10.1770 -0.6908 0.6431
v -10.0664 -0.6826 0.7664
v -9.9382 -0.6731 0.8664
v -9.7964 -0.6626 0.9401
v -9.6453 -0.6514 0.9852
v -9.4895 -0.6398 1.0004
v -9.3336 -0.6282 0.9852
v -9.1825 -0.6170 0.9401
v -9.0407 -0.6065 0.8664
v -8.9126 -0.5970 0.7664
v -8.8019 -0.5888 0.6431
v -8.7122 -0.5821 0.5002
v -8.6461 -0.5772 0.3422
v -8.6056 -0.5742 0.1737
v -8.5919 -0.5732 0.0000
v -8.6056 -0.5742 -0.1737
v -8.6461 -0.5772 -0.3422
v -8.7122 -0.5821 -0.5002
v -8.8019 -0.5888 -0.6431
v -8.9126 -0.5970 -0.7664
v -9.0407 -0.6065 -0.8664
v -9.1825 -0.6170 -0.9401
v -9.3336 -0.6282 -0.9852
v -9.4714 -0.8524 -1.0004
v -9.6269 -0.8674 -0.9852
v -9.7778 -0.8819 -0.9400
v -9.9193 -0.8955 -0.8663
v -10.0472 -0.9078 -0.7663
v -10.1577 -0.9184 -0.6430
v -10.2472 -0.9270 -0.5002
v -10.3132 -0.9333 -0.3421
v -10.3536 -0.9372 -0.1737
v -10.3673 -0.9385 -0.0000
v -10.3536 -0.9372 0.1737
v -10.3132 -0.9333 0.3421
v -10.2472 -0.9270 0.5002
v -10.1577 -0.9184 0.6430
v -10.0472 -0.9078 0.7663
v -9.9193 -0.8955 0.8663
v -9.7778 -0.8819 0.9400
v -9.6269 -0.8674 0.9852
v -9.4714 -0.8524 1.0004
v -9.3158 -0.8375 0.9852
v -9.1650 -0.8230 0.9400
v -9.0234 -0.8094 0.8663
v -8.8955 -0.7971 0.7663
v -8.7851 -0.7865 0.6430
v -8.6955 -0.7779 0.5002
v -8.6295 -0.7716 0.3421
v -8.5891 -0.7677 0.1737
v -8.5755 -0.7664 0.0000
v -8.5891 -0.7677 -0.1737
v -8.6295 -0.7716 -0.3421
v -8.6955 -0.7779 -0.5002
v -8.7851 -0.7865 -0.6430
v -8.8955 -0.7971 -0.7663
v -9.0234 -0.8094 -0.8663
v -9.1650 -0.8230 -0.9400
v -9.3158 -0.8375 -0.9852
v -9.4487 -1.0646 -1.0003
v -9.6039 -1.0829 -0.9851
v -9.7544 -1.1007 -0.9400
v -9.8956 -1.1174 -0.8663
v -10.0232 -1.1324 -0.7663
v -10.1334 -1.1454 -0.6430
v -10.2227 -1.1560 -0.5002
v -10.2886 -1.1638 -0.3421
v -10.3289 -1.1685 -0.1737
v -10.3425 -1.1701 -0.0000
v -10.3289 -1.1685 0.1737
v -10.2886 -1.1638 0.3421
v -10.2227 -1.1560 0.5002
v -10.1334 -1.1454 0.6430
v -10.0232 -1.1324 0.7663
v -9.8956 -1.1174 0.8663
v -9.7544 -1.1007 0.9400
v -9.6039 -1.0829 0.9851
v -9.4487 -1.0646 1.0003
v -9.2935 -1.0463 0.9851
v -9.1430 -1.0285 0.9400
v -9.0018 -1.0118 0.8663
v -8.8741 -0.9968 0.7663
v -8.7640 -0.9838 0.6430
v -8.6746 -0.9732 0.5002
v -8.6088 -0.9654 0.3421
v -8.5685 -0.9607 0.1737
v -8.5549 -0.9591 0.0000
v -8.5685 -0.9607 -0.1737
v -8.6088 -0.9654 -0.3421
v -8.6746 -0.9732 -0.5002
v -8.7640 -0.9838 -0.6430
v -8.8741 -0.9968 -0.7663
v -9.0018 -1.0118 -0.8663
v -9.1430 -1.0285 -0.9400
v -9.2935 -1.0463 -0.9851
v -9.4213 -1.2762 -1.0003
v -9.5761 -1.2979 -0.9851
v -9.7262 -1.3190 -0.9400
v -9.8670 -1.3387 -0.8663
v -9.9942 -1.3566 -0.7663
v -10.1041 -1.3720 -0.6430
v -10.1932 -1.3845 -0.5001
v -10.2589 -1.3937 -0.3421
v -10.2991 -1.3993 -0.1737
v -10.3126 -1.4012 -0.0000
v -10.2991 -1.3993 0.1737
v -10.2589 -1.3937 0.3421
v -10.1932 -1.3845 0.5001
v -10.1041 -1.3720 0.6430
v -9.9942 -1.3566 0.7663
v -9.8670 -1.3387 0.8663
v -9.7262 -1.3190 0.9400
v -9.5761 -1.2979 0.9851
v -9.4213 -1.2762 1.0003
v -9.2666 -1.2545 0.9851
v -9.1165 -1.2335 0.9400
v -8.9757 -1.2137 0.8663
v -8.8484 -1.1959 0.7663
v -8.7386 -1.1804 0.6430
v -8.6495 -1.1679 0.5001
v -8.5838 -1.1587 0.3421
v -8.5436 -1.1531 0.1737
v -8.5301 -1.1512 0.0000
v -8.5436 -1.1531 -0.1737
v -8.5838 -1.1587 -0.3421
v -8.6495 -1.1679 -0.5001
v -8.7386 -1.1804 -0.6430
v -8.8484 -1.1959 -0.7663
v -8.9757 -1.2137 -0.8663
v -9.1165 -1.2335 -0.9400
v -9.2666 -1.2545 -0.9851
v -9.3894 -1.4871 -1.0002
v -9.5437 -1.5122 -0.9851
v -9.6932 -1.5366 -0.9399
v -9.8336 -1.5594 -0.8662
v -9.9604 -1.5800 -0.7662
v -10.0699 -1.5978 -0.6429
v -10.1587 -1.6123 -0.5001
v -10.2242 -1.6229 -0.3421
v -10.2642 -1.6294 -0.1737
v -10.2777 -1.6316 -0.0000
v -10.2642 -1.6294 0.1737
v -10.2242 -1.6229 0.3421
v -10.1587 -1.6123 0.5001
v -10.0699 -1.5978 0.6429
v -9.9604 -1.5800 0.7662
v -9.8336 -1.5594 0.8662
v -9.6932 -1.5366 0.9399
v -9.5437 -1.5122 0.9851
v -9.3894 -1.4871 1.0002
v -9.2351 -1.4620 0.9851
v -9.0856 -1.4377 0.9399
v -8.9452 -1.4149 0.8662
v -8.8184 -1.3943 0.7662
v -8.7089 -1.3764 0.6429
v -8.6201 -1.3620 0.5001
v -8.5546 -1.3514 0.3421
v -8.5146 -1.3448 0.1737
v -8.5011 -1.3426 0.0000
v -8.5146 -1.3448 -0.1737
v -8.5546 -1.3514 -0.3421
v -8.6201 -1.3620 -0.5001
v -8.7089 -1.3764 -0.6429
v -8.8184 -1.3943 -0.7662
v -8.9452 -1.4149 -0.8662
v -9.0856 -1.4377 -0.9399
v -9.2351 -1.4620 -0.9851
v -9.3528 -1.6973 -1.0002
v -9.5065 -1.7258 -0.9850
v -9.6555 -1.7534 -0.9399
v -9.7953 -1.7793 -0.8662
v -9.9217 -1.8027 -0.7662
v -10.0308 -1.8229 -0.6429
v -10.1192 -1.8393 -0.5001
v -10.1844 -1.8514 -0.3421
v -10.2243 -1.8588 -0.1737
v -10.2378 -1.8612 -0.0000
v -10.2243 -1.8588 0.1737
v -10.1844 -1.8514 0.3421
v -10.1192 -1.8393 0.5001
v -10.0308 -1.8229 0.6429
v -9.9217 -1.8027 0.7662
v -9.7953 -1.7793 0.8662
v -9.6555 -1.7534 0.9399
v -9.5065 -1.7258 0.9850
v -9.3528 -1.6973 1.0002
v -9.1992 -1.6688 0.9850
v -9.0502 -1.6412 0.9399
v -8.9104 -1.6153 0.8662
v -8.7840 -1.5919 0.7662
v -8.6749 -1.5717 0.6429
v -8.5865 -1.5553 0.5001
v -8.5213 -1.5432 0.3421
v -8.4813 -1.5358 0.1737
v -8.4679 -1.5333 0.0000
v -8.4813 -1.5358 -0.1737
v -8.5213 -1.5432 -0.3421
v -8.5865 -1.5553 -0.5001
v -8.6749 -1.5717 -0.6429
v -8.7840 -1.5919 -0.7662
v -8.9104 -1.6153 -0.8662
v -9.0502 -1.6412 -0.9399
v -9.1992 -1.6688 -0.9850
v -9.3117 -1.9066 -1.0002
v -9.4647 -1.9384 -0.9850
v -9.6130 -1.9693 -0.9399
v -9.7522 -1.9983 -0.8662
v -9.8781 -2.0244 -0.7662
v -9.9867 -2.0471 -0.6429
v -10.0748 -2.0654 -0.5001
v -10.1397 -2.0789 -0.3421
v -10.1794 -2.0872 -0.1737
v -10.1928 -2.0900 -0.0000
v -10.1794 -2.0872 0.1737
v -10.1397 -2.0789 0.3421
v -10.0748 -2.0654 0.5001
v -9.9867 -2.0471 0.6429
v -9.8781 -2.0244 0.7662
v -9.7522 -1.9983 0.8662
v -9.6130 -1.9693 0.9399
v -9.4647 -1.9384 0.9850
v -9.3117 -1.9066 1.0002
v -9.1587 -1.8747 0.9850
v -9.0103 -1.8439 0.9399
v -8.8711 -1.8149 0.8662
v -8.7453 -1.7887 0.7662
v -8.6367 -1.7661 0.6429
v -8.5486 -1.7478 0.5001
v -8.4837 -1.7343 0.3421
v -8.4440 -1.7260 0.1737
v -8.4306 -1.7232 0.0000
v -8.4440 -1.7260 -0.1737
v -8.4837 -1.7343 -0.3421
v -8.5486 -1.7478 -0.5001
v -8.6367 -1.7661 -0.6429
v -8.7453 -1.7887 -0.7662
v -8.8711 -1.8149 -0.8662
v -9.0103 -1.8439 -0.9399
v -9.1587 -1.8747 -0.9850
v -9.2659 -2.1149 -1.0002
v -9.4182 -2.1501 -0.9850
v -9.5658 -2.1842 -0.9398
v -9.7044 -2.2163 -0.8662
v -9.8296 -2.2452 -0.7662
v -9.9376 -2.2702 -0.6429
v -10.0253 -2.2905 -0.5001
v -10.0899 -2.3054 -0.3421
v -10.1295 -2.3146 -0.1737
v -10.1428 -2.3176 -0.0000
v -10.1295 -2.3146 0.1737
v -10.0899 -2.3054 0.3421
v -10.0253 -2.2905 0.5001
v -9.9376 -2.2702 0.6429
v -9.8296 -2.2452 0.7662
v -9.7044 -2.2163 0.8662
v -9.5658 -2.1842 0.9398
v -9.4182 -2.1501 0.9850
v -9.2659 -2.1149 1.0002
v -9.1137 -2.0797 0.9850
v -8.9660 -2.0455 0.9398
v -8.8275 -2.0135 0.8662
v -8.7023 -1.9846 0.7662
v -8.5942 -1.9596 0.6429
v -8.5065 -1.9393 0.5001
v -8.4420 -1.9244 0.3421
v -8.4024 -1.9152 0.1737
v -8.3891 -1.9121 0.0000
v -8.4024 -1.9152 -0.1737
v -8.4420 -1.9244 -0.3421
v -8.5065 -1.9393 -0.5001
v -8.5942 -1.9596 -0.6429
v -8.7023 -1.9846 -0.7662
v -8.8275 -2.0135 -0.8662
v -8.9660 -2.0455 -0.9398
v -9.1137 -2.0797 -0.9850
v -9.2156 -2.3221 -1.0001
v -9.3670 -2.3607 -0.9849
v -9.5139 -2.3981 -0.9398
v -9.6517 -2.4332 -0.8661
v -9.7762 -2.4649 -0.7662
v -9.8837 -2.4922 -0.6429
v -9.9709 -2.5145 -0.5001
v -10.0352 -2.5308 -0.3421
v -10.0745 -2.5408 -0.1737
v -10.0878 -2.5442 -0.0000
v -10.0745 -2.5408 0.1737
v -10.0352 -2.5308 0.3421
v -9.9709 -2.5145 0.5001
v -9.8837 -2.4922 0.6429
v -9.7762 -2.4649 0.7662
v -9.6517 -2.4332 0.8661
v -9.5139 -2.3981 0.9398
v -9.3670 -2.3607 0.9849
v -9.2156 -2.3221 1.0001
v -9.0641 -2.2836 0.9849
v -8.9173 -2.2462 0.9398
v -8.7795 -2.2111 0.8661
v -8.6550 -2.1794 0.7662
v -8.5475 -2.1520 0.6429
v -8.4603 -2.1298 0.5001
v -8.3960 -2.1134 0.3421
v -8.3567 -2.1034 0.1737
v -8.3434 -2.1001 0.0000
v -8.3567 -2.1034 -0.1737
v -8.3960 -2.1134 -0.3421
v -8.4603 -2.1298 -0.5001
v -8.5475 -2.1520 -0.6429
v -8.6550 -2.1794 -0.7662
v -8.7795 -2.2111 -0.8661
v -8.9173 -2.2462 -0.9398
v -9.0641 -2.2836 -0.9849
v -9.1607 -2.5282 -1.0001
v -9.3113 -2.5701 -0.9849
v -9.4572 -2.6107 -0.9398
v -9.5942 -2.6489 -0.8661
v -9.7180 -2.6833 -0.7661
v -9.8249 -2.7131 -0.6429
v -9.9116 -2.7372 -0.5001
v -9.9754 -2.7550 -0.3421
v -10.0146 -2.7658 -0.1737
v -10.0277 -2.7695 -0.0000
v -10.0146 -2.7658 0.1737
v -9.9754 -2.7550 0.3421
v -9.9116 -2.7372 0.5001
v -9.8249 -2.7131 0.6429
v -9.7180 -2.6833 0.7661
v -9.5942 -2.6489 0.8661
v -9.4572 -2.6107 0.9398
v -9.3113 -2.5701 0.9849
v -9.1607 -2.5282 1.0001
v -9.0101 -2.4863 0.9849
v -8.8641 -2.4457 0.9398
v -8.7272 -2.4075 0.8661
v -8.6034 -2.3731 0.7661
v -8.4965 -2.3433 0.6429
v -8.4098 -2.3192 0.5001
v -8.3459 -2.3014 0.3421
v -8.3068 -2.2905 0.1737
v -8.2937 -2.2869 0.0000
v -8.3068 -2.2905 -0.1737
v -8.3459 -2.3014 -0.3421
v -8.4098 -2.3192 -0.5001
v -8.4965 -2.3433 -0.6429
v -8.6034 -2.3731 -0.7661
v -8.7272 -2.4075 -0.8661
v -8.8641 -2.4457 -0.9398
v -9.0101 -2.4863 -0.9849
v -9.1012 -2.7330 -1.0001
v -9.2508 -2.7782 -0.9849
v -9.3959 -2.8221 -0.9398
v -9.5320 -2.8632 -0.8661
v -9.6550 -2.9004 -0.7661
v -9.7612 -2.9325 -0.6429
v -9.8473 -2.9586 -0.5001
v -9.9108 -2.9777 -0.3421
v -9.9496 -2.9895 -0.1737
v -9.9627 -2.9935 -0.0000
v -9.9496 -2.9895 0.1737
v -9.9108 -2.9777 0.3421
v -9.8473 -2.9586 0.5001
v -9.7612 -2.9325 0.6429
v -9.6550 -2.9004 0.7661
v -9.5320 -2.8632 0.8661
v -9.3959 -2.8221 0.9398
v -9.2508 -2.7782 0.9849
v -9.1012 -2.7330 1.0001
v -8.9516 -2.6877 0.9849
v -8.8066 -2.6439 0.9398
v -8.6705 -2.6027 0.8661
v -8.5475 -2.5655 0.7661
v -8.4413 -2.5334 0.6429
v -8.3552 -2.5074 0.5001
v -8.2917 -2.4882 0.3421
v -8.2528 -2.4765 0.1737
v -8.2398 -2.4725 0.0000
v -8.2528 -2.4765 -0.1737
v -8.2917 -2.4882 -0.3421
v -8.3552 -2.5074 -0.5001
v -8.4413 -2.5334 -0.6429
v -8.5475 -2.5655 -0.7661
v -8.6705 -2.6027 -0.8661
v -8.8066 -2.6439 -0.9398
v -8.9516 -2.6877 -0.9849
v -9.0373 -2.9364 -1.0001
v -9.1858 -2.9849 -0.9849
v -9.3299 -3.0320 -0.9398
v -9.4650 -3.0762 -0.8661
v -9.5872 -3.1161 -0.7661
v -9.6926 -3.1505 -0.6428
v -9.7781 -3.1785 -0.5000
v -9.8412 -3.1991 -0.3421
v -9.8798 -3.2117 -0.1737
v -9.8928 -3.2159 -0.0000
v -9.8798 -3.2117 0.1737
v -9.8412 -3.1991 0.3421
v -9.7781 -3.1785 0.5000
v -9.6926 -3.1505 0.6428
v -9.5872 -3.1161 0.7661
v -9.4650 -3.0762 0.8661
v -9.3299 -3.0320 0.9398
v -9.1858 -2.9849 0.9849
v -9.0373 -2.9364 1.0001
v -8.8887 -2.8878 0.9849
v -8.7447 -2.8408 0.9398
v -8.6095 -2.7966 0.8661
v -8.4874 -2.7567 0.7661
v -8.3819 -2.7223 0.6428
v -8.2964 -2.6943 0.5000
v -8.2334 -2.6737 0.3421
v -8.1948 -2.6611 0.1737
v -8.1818 -2.6569 0.0000
v -8.1948 -2.6611 -0.1737
v -8.2334 -2.6737 -0.3421
v -8.2964 -2.6943 -0.5000
v -8.3819 -2.7223 -0.6428
v -8.4874 -2.7567 -0.7661
v -8.6095 -2.7966 -0.8661
v -8.7447 -2.8408 -0.9398
v -8.8887 -2.8878 -0.9849
v -8.9688 -3.1383 -1.0001
v -9.1162 -3.1901 -0.9849
v -9.2592 -3.2404 -0.9398
v -9.3933 -3.2876 -0.8661
v -9.5146 -3.3302 -0.7661
v -9.6192 -3.3670 -0.6428
v -9.7041 -3.3968 -0.5000
v -9.7667 -3.4188 -0.3420
v -9.8050 -3.4323 -0.1737
v -9.8179 -3.4368 -0.0000
v -9.8050 -3.4323 0.1737
v -9.7667 -3.4188 0.3420
v -9.7041 -3.3968 0.5000
v -9.6192 -3.3670 0.6428
v -9.5146 -3.3302 0.7661
v -9.3933 -3.2876 0.8661
v -9.2592 -3.2404 0.9398
v -9.1162 -3.1901 0.9849
v -8.9688 -3.1383 1.0001
v -8.8214 -3.0865 0.9849
v -8.6784 -3.0362 0.9398
v -8.5443 -2.9891 0.8661
v -8.4230 -2.9465 0.7661
v -8.3184 -2.9097 0.6428
v -8.2335 -2.8798 0.5000
v -8.1709 -2.8578 0.3420
v -8.1326 -2.8444 0.1737
v -8.1197 -2.8398 0.0000
v -8.1326 -2.8444 -0.1737
v -8.1709 -2.8578 -0.3420
v -8.2335 -2.8798 -0.5000
v -8.3184 -2.9097 -0.6428
v -8.4230 -2.9465 -0.7661
v -8.5443 -2.9891 -0.8661
v -8.6784 -3.0362 -0.9398
v -8.8214 -3.0865 -0.9849
v -8.8959 -3.3387 -1.0001
v -9.0421 -3.3938 -0.9849
v -9.1839 -3.4472 -0.9398
v -9.3170 -3.4973 -0.8661
v -9.4372 -3.5426 -0.7661
v -9.5410 -3.5817 -0.6428
v -9.6252 -3.6135 -0.5000
v -9.6873 -3.6368 -0.3420
v -9.7253 -3.6511 -0.1737
v -9.7381 -3.6560 -0.0000
v -9.7253 -3.6511 0.1737
v -9.6873 -3.6368 0.3420
v -9.6252 -3.6135 0.5000
v -9.5410 -3.5817 0.6428
v -9.4372 -3.5426 0.7661
v -9.3170 -3.4973 0.8661
v -9.1839 -3.4472 0.9398
v -9.0421 -3.3938 0.9849
v -8.8959 -3.3387 1.0001
v -8.7496 -3.2836 0.9849
v -8.6078 -3.2301 0.9398
v -8.4747 -3.1800 0.8661
v -8.3545 -3.1347 0.7661
v -8.2507 -3.0956 0.6428
v -8.1665 -3.0639 0.5000
v -8.1044 -3.0405 0.3420
v -8.0664 -3.0262 0.1737
v -8.0536 -3.0214 0.0000
v -8.0664 -3.0262 -0.1737
v -8.1044 -3.0405 -0.3420
v -8.1665 -3.0639 -0.5000
v -8.2507 -3.0956 -0.6428
v -8.3545 -3.1347 -0.7661
v -8.4747 -3.1800 -0.8661
v -8.6078 -3.2301 -0.9398
v -8.7496 -3.2836 -0.9849
v -8.8185 -3.5373 -1.0001
v -8.9635 -3.5957 -0.9849
v -9.1040 -3.6523 -0.9397
v -9.2359 -3.7053 -0.8661
v -9.3552 -3.7533 -0.7661
v -9.4581 -3.7947 -0.6428
v -9.5415 -3.8283 -0.5000
v -9.6031 -3.8531 -0.3420
v -9.6407 -3.8682 -0.1737
v -9.6534 -3.8733 -0.0000
v -9.6407 -3.8682 0.1737
v -9.6031 -3.8531 0.3420
v -9.5415 -3.8283 0.5000
v -9.4581 -3.7947 0.6428
v -9.3552 -3.7533 0.7661
v -9.2359 -3.7053 0.8661
v -9.1040 -3.6523 0.9397
v -8.9635 -3.5957 0.9849
v -8.8185 -3.5373 1.0001
v -8.6735 -3.4790 0.9849
v -8.5329 -3.4224 0.9397
v -8.4010 -3.3694 0.8661
v -8.2818 -3.3214 0.7661
v -8.1789 -3.2800 0.6428
v -8.0954 -3.2464 0.5000
v -8.0339 -3.2216 0.3420
v -7.9962 -3.2065 0.1737
v -7.9835 -3.2014 0.0000
v -7.9962 -3.2065 -0.1737
v -8.0339 -3.2216 -0.3420
v -8.0954 -3.2464 -0.5000
v -8.1789 -3.2800 -0.6428
v -8.2818 -3.3214 -0.7661
v -8.4010 -3.3694 -0.8661
v -8.5329 -3.4224 -0.9397
v -8.6735 -3.4790 -0.9849
v -8.7367 -3.7342 -1.0000
v -8.8803 -3.7958 -0.9849
v -9.0196 -3.8555 -0.9397
v -9.1503 -3.9115 -0.8661
v -9.2684 -3.9621 -0.7661
v -9.3704 -4.0058 -0.6428
v -9.4531 -4.0412 -0.5000
v -9.5140 -4.0674 -0.3420
v -9.5514 -4.0833 -0.1737
v -9.5639 -4.0887 -0.0000
v -9.5514 -4.0833 0.1737
v -9.5140 -4.0674 0.3420
v -9.4531 -4.0412 0.5000
v -9.3704 -4.0058 0.6428
v -9.2684 -3.9621 0.7661
v -9.1503 -3.9115 0.8661
v -9.0196 -3.8555 0.9397
v -8.8803 -3.7958 0.9849
v -8.7367 -3.7342 1.0000
v -8.5930 -3.6727 0.9849
v -8.4537 -3.6130 0.9397
v -8.3231 -3.5570 0.8661
v -8.2049 -3.5064 0.7661
v -8.1030 -3.4627 0.6428
v -8.0203 -3.4272 0.5000
v -7.9593 -3.4011 0.3420
v -7.9220 -3.3851 0.1737
v -7.9094 -3.3797 0.0000
v -7.9220 -3.3851 -0.1737
v -7.9593 -3.4011 -0.3420
v -8.0203 -3.4272 -0.5000
v -8.1030 -3.4627 -0.6428
v -8.2049 -3.5064 -0.7661
v -8.3231 -3.5570 -0.8661
v -8.4537 -3.6130 -0.9397
v -8.5930 -3.6727 -0.9849
v -8.6505 -3.9293 -1.0000
v -8.7928 -3.9940 -0.9848
v -8.9307 -4.0568 -0.9397
v -9.0601 -4.1157 -0.8661
v -9.1770 -4.1689 -0.7661
v -9.2780 -4.2149 -0.6428
v -9.3599 -4.2522 -0.5000
v -9.4203 -4.2796 -0.3420
v -9.4572 -4.2965 -0.1737
v -9.4697 -4.3021 -0.0000
v -9.4572 -4.2965 0.1737
v -9.4203 -4.2796 0.3420
v -9.3599 -4.2522 0.5000
v -9.2780 -4.2149 0.6428
v -9.1770 -4.1689 0.7661
v -9.0601 -4.1157 0.8661
v -8.9307 -4.0568 0.9397
v -8.7928 -3.9940 0.9848
v -8.6505 -3.9293 1.0000
v -8.5083 -3.8645 0.9848
v -8.3704 -3.8017 0.9397
v -8.2410 -3.7428 0.8661
v -8.1240 -3.6896 0.7661
v -8.0230 -3.6436 0.6428
v -7.9411 -3.6063 0.5000
v -7.8808 -3.5789 0.3420
v -7.8438 -3.5621 0.1737
v -7.8314 -3.5564 0.0000
v -7.8438 -3.5621 -0.1737
v -7.8808 -3.5789 -0.3420
v -7.9411 -3.6063 -0.5000
v -8.0230 -3.6436 -0.6428
v -8.1240 -3.6896 -0.7661
v -8.2410 -3.7428 -0.8661
v -8.3704 -3.8017 -0.9397
v -8.5083 -3.8645 -0.9848
v -8.5600 -4.1223 -1.0000
v -8.7008 -4.1902 -0.9848
v -8.8373 -4.2560 -0.9397
v -8.9653 -4.3178 -0.8661
v -9.0811 -4.3737 -0.7661
v -9.1810 -4.4219 -0.6428
v -9.2620 -4.4610 -0.5000
v -9.3217 -4.4898 -0.3420
v -9.3583 -4.5074 -0.1737
v -9.3706 -4.5134 -0.0000
v -9.3583 -4.5074 0.1737
v -9.3217 -4.4898 0.3420
v -9.2620 -4.4610 0.5000
v -9.1810 -4.4219 0.6428
v -9.0811 -4.3737 0.7661
v -8.9653 -4.3178 0.8661
v -8.8373 -4.2560 0.9397
v -8.7008 -4.1902 0.9848
v -8.5600 -4.1223 1.0000
v -8.4193 -4.0544 0.9848
v -8.2828 -3.9885 0.9397
v -8.1547 -3.9268 0.8661
v -8.0390 -3.8709 0.7661
v -7.9391 -3.8227 0.6428
v -7.8580 -3.7836 0.5000
v -7.7983 -3.7548 0.3420
v -7.7618 -3.7372 0.1737
v -7.7494 -3.7312 0.0000
v -7.7618 -3.7372 -0.1737
v -7.7983 -3.7548 -0.3420
v -7.8580 -3.7836 -0.5000
v -7.9391 -3.8227 -0.6428
v -8.0390 -3.8709 -0.7661
v -8.1547 -3.9268 -0.8661
v -8.2828 -3.9885 -0.9397
v -8.4193 -4.0544 -0.9848
v -8.4653 -4.3133 -1.0000
v -8.6045 -4.3843 -0.9848
v -8.7394 -4.4532 -0.9397
v -8.8661 -4.5178 -0.8661
v -8.9806 -4.5762 -0.7661
v -9.0794 -4.6266 -0.6428
v -9.1595 -4.6675 -0.5000
v -9.2186 -4.6977 -0.3420
v -9.2547 -4.7161 -0.1737
v -9.2669 -4.7223 -0.0000
v -9.2547 -4.7161 0.1737
v -9.2186 -4.6977 0.3420
v -9.1595 -4.6675 0.5000
v -9.0794 -4.6266 0.6428
v -8.9806 -4.5762 0.7661
v -8.8661 -4.5178 0.8661
v -8.7394 -4.4532 0.9397
v -8.6045 -4.3843 0.9848
v -8.4653 -4.3133 1.0000
v -8.3261 -4.2422 0.9848
v -8.1911 -4.1734 0.9397
v -8.0644 -4.1087 0.8661
v -7.9500 -4.0503 0.7661
v -7.8512 -3.9999 0.6428
v -7.7710 -3.9590 0.5000
v -7.7119 -3.9289 0.3420
v -7.6758 -3.9104 0.1737
v -7.6636 -3.9042 0.0000
v -7.6758 -3.9104 -0.1737
v -7.7119 -3.9289 -0.3420
v -7.7710 -3.9590 -0.5000
v -7.8512 -3.9999 -0.6428
v -7.9500 -4.0503 -0.7661
v -8.0644 -4.1087 -0.8661
v -8.1911 -4.1734 -0.9397
v -8.3261 -4.2422 -0.9848
v -8.3662 -4.5021 -1.0000
v -8.5038 -4.5762 -0.9848
v -8.6372 -4.6481 -0.9397
v -8.7624 -4.7155 -0.8660
v -8.8755 -4.7765 -0.7661
v -8.9732 -4.8291 -0.6428
v -9.0524 -4.8718 -0.5000
v -9.1108 -4.9032 -0.3420
v -9.1465 -4.9225 -0.1737
v -9.1586 -4.9290 -0.0000
v -9.1465 -4.9225 0.1737
v -9.1108 -4.9032 0.3420
v -9.0524 -4.8718 0.5000
v -8.9732 -4.8291 0.6428
v -8.8755 -4.7765 0.7661
v -8.7624 -4.7155 0.8660
v -8.6372 -4.6481 0.9397
v -8.5038 -4.5762 0.9848
v -8.3662 -4.5021 1.0000
v -8.2287 -4.4279 0.9848
v -8.0953 -4.3561 0.9397
v -7.9701 -4.2886 0.8660
v -7.8570 -4.2277 0.7661
v -7.7593 -4.1751 0.6428
v -7.6801 -4.1324 0.5000
v -7.6217 -4.1009 0.3420
v -7.5860 -4.0817 0.1737
v -7.5739 -4.0752 0.0000
v -7.5860 -4.0817 -0.1737
v -7.6217 -4.1009 -0.3420
v -7.6801 -4.1324 -0.5000
v -7.7593 -4.1751 -0.6428
v -7.8570 -4.2277 -0.7661
v -7.9701 -4.2886 -0.8660
v -8.0953 -4.3561 -0.9397
v -8.2287 -4.4279 -0.9848
v -8.2630 -4.6886 -1.0000
v -8.3989 -4.7658 -0.9848
v -8.5307 -4.8406 -0.9397
v -8.6543 -4.9109 -0.8660
v -8.7661 -4.9743 -0.7661
v -8.8625 -5.0291 -0.6428
v -8.9408 -5.0736 -0.5000
v -8.9984 -5.1063 -0.3420
v -9.0337 -5.1264 -0.1737
v -9.0456 -5.1331 -0.0000
v -9.0337 -5.1264 0.1737
v -8.9984 -5.1063 0.3420
v -8.9408 -5.0736 0.5000
v -8.8625 -5.0291 0.6428
v -8.7661 -4.9743 0.7661
v -8.6543 -4.9109 0.8660
v -8.5307 -4.8406 0.9397
v -8.3989 -4.7658 0.9848
v -8.2630 -4.6886 1.0000
v -8.1271 -4.6114 0.9848
v -7.9954 -4.5366 0.9397
v -7.8717 -4.4664 0.8660
v -7.7600 -4.4029 0.7661
v -7.6635 -4.3481 0.6428
v -7.5853 -4.3037 0.5000
v -7.5277 -4.2709 0.3420
v -7.4923 -4.2509 0.1737
v -7.4805 -4.2441 0.0000
v -7.4923 -4.2509 -0.1737
v -7.5277 -4.2709 -0.3420
v -7.5853 -4.3037 -0.5000
v -7.6635 -4.3481 -0.6428
v -7.7600 -4.4029 -0.7661
v -7.8717 -4.4664 -0.8660
v -7.9954 -4.5366 -0.9397
v -8.1271 -4.6114 -0.9848
v -8.1557 -4.8728 -1.0000
v -8.2898 -4.9530 -0.9848
v -8.4199 -5.0308 -0.9397
v -8.5419 -5.1037 -0.8660
v -8.6522 -5.1697 -0.7661
v -8.7474 -5.2266 -0.6428
v -8.8246 -5.2728 -0.5000
v -8.8815 -5.3068 -0.3420
v -8.9164 -5.3277 -0.1737
v -8.9281 -5.3347 -0.0000
v -8.9164 -5.3277 0.1737
v -8.8815 -5.3068 0.3420
v -8.8246 -5.2728 0.5000
v -8.7474 -5.2266 0.6428
v -8.6522 -5.1697 0.7661
v -8.5419 -5.1037 0.8660
v -8.4199 -5.0308 0.9397
v -8.2898 -4.9530 0.9848
v -8.1557 -4.8728 1.0000
v -8.0215 -4.7926 0.9848
v -7.8915 -4.7148 0.9397
v -7.7695 -4.6418 0.8660
v -7.6592 -4.5759 0.7661
v -7.5640 -4.5190 0.6428
v -7.4867 -4.4728 0.5000
v -7.4298 -4.4387 0.3420
v -7.3950 -4.4179 0.1737
v -7.3832 -4.4109 0.0000
v -7.3950 -4.4179 -0.1737
v -7.4298 -4.4387 -0.3420
v -7.4867 -4.4728 -0.5000
v -7.5640 -4.5190 -0.6428
v -7.6592 -4.5759 -0.7661
v -7.7695 -4.6418 -0.8660
v -7.8915 -4.7148 -0.9397
v -8.0215 -4.7926 -0.9848
v -8.0442 -5.0545 -1.0000
v -8.1765 -5.1377 -0.9848
v -8.3048 -5.2184 -0.9397
v -8.4252 -5.2941 -0.8660
v -8.5340 -5.3625 -0.7661
v -8.6279 -5.4215 -0.6428
v -8.7040 -5.4694 -0.5000
v -8.7602 -5.5047 -0.3420
v -8.7945 -5.5263 -0.1737
v -8.8061 -5.5336 -0.0000
v -8.7945 -5.5263 0.1737
v -8.7602 -5.5047 0.3420
v -8.7040 -5.4694 0.5000
v -8.6279 -5.4215 0.6428
v -8.5340 -5.3625 0.7661
v -8.4252 -5.2941 0.8660
v -8.3048 -5.2184 0.9397
v -8.1765 -5.1377 0.9848
v -8.0442 -5.0545 1.0000
v -7.9119 -4.9713 0.9848
v -7.7836 -4.8907 0.9397
v -7.6633 -4.8150 0.8660
v -7.5545 -4.7466 0.7661
v -7.4606 -4.6875 0.6428
v -7.3844 -4.6396 0.5000
v -7.3283 -4.6043 0.3420
v -7.2939 -4.5827 0.1737
v -7.2823 -4.5754 0.0000
v -7.2939 -4.5827 -0.1737
v -7.3283 -4.6043 -0.3420
v -7.3844 -4.6396 -0.5000
v -7.4606 -4.6875 -0.6428
v -7.5545 -4.7466 -0.7661
v -7.6633 -4.8150 -0.8660
v -7.7836 -4.8907 -0.9397
v -7.9119 -4.9713 -0.9848
v -7.9287 -5.2337 -1.0000
v -8.0591 -5.3198 -0.9848
v -8.1856 -5.4034 -0.9397
v -8.3042 -5.4817 -0.8660
v -8.4114 -5.5525 -0.7661
v -8.5040 -5.6137 -0.6428
v -8.5791 -5.6633 -0.5000
v -8.6344 -5.6998 -0.3420
v -8.6683 -5.7222 -0.1737
v -8.6797 -5.7297 -0.0000
v -8.6683 -5.7222 0.1737
v -8.6344 -5.6998 0.3420
v -8.5791 -5.6633 0.5000
v -8.5040 -5.6137 0.6428
v -8.4114 -5.5525 0.7661
v -8.3042 -5.4817 0.8660
v -8.1856 -5.4034 0.9397
v -8.0591 -5.3198 0.9848
v -7.9287 -5.2337 1.0000
v -7.7983 -5.1476 0.9848
v -7.6719 -5.0641 0.9397
v -7.5532 -4.9857 0.8660
v -7.4460 -4.9149 0.7661
v -7.3534 -4.8537 0.6428
v -7.2784 -4.8041 0.5000
v -7.2230 -4.7676 0.3420
v -7.1892 -4.7452 0.1737
v -7.1777 -4.7377 0.0000
v -7.1892 -4.7452 -0.1737
v -7.2230 -4.7676 -0.3420
v -7.2784 -4.8041 -0.5000
v -7.3534 -4.8537 -0.6428
v -7.4460 -4.9149 -0.7661
v -7.5532 -4.9857 -0.8660
v -7.6719 -5.0641 -0.9397
v -7.7983 -5.1476 -0.9848
v -7.8093 -5.4103 -1.0000
v -7.9377 -5.4993 -0.9848
v -8.0622 -5.5856 -0.9397
v -8.1791 -5.6666 -0.8660
v -8.2847 -5.7398 -0.7661
v -8.3759 -5.8030 -0.6428
v -8.4498 -5.8543 -0.5000
v -8.5043 -5.8921 -0.3420
v -8.5377 -5.9152 -0.1737
v -8.5489 -5.9230 -0.0000
v -8.5377 -5.9152 0.1737
v -8.5043 -5.8921 0.3420
v -8.4498 -5.8543 0.5000
v -8.3759 -5.8030 0.6428
v -8.2847 -5.7398 0.7661
v -8.1791 -5.6666 0.8660
v -8.0622 -5.5856 0.9397
v -7.9377 -5.4993 0.9848
v -7.8093 -5.4103 1.0000
v -7.6808 -5.3212 0.9848
v -7.5563 -5.2349 0.9397
v -7.4394 -5.1539 0.8660
v -7.3338 -5.0807 0.7661
v -7.2426 -5.0175 0.6428
v -7.1687 -4.9662 0.5000
v -7.1142 -4.9285 0.3420
v -7.0808 -4.9053 0.1737
v -7.0696 -4.8976 0.0000
v -7.0808 -4.9053 -0.1737
v -7.1142 -4.9285 -0.3420
v -7.1687 -4.9662 -0.5000
v -7.2426 -5.0175 -0.6428
v -7.3338 -5.0807 -0.7661
v -7.4394 -5.1539 -0.8660
v -7.5563 -5.2349 -0.9397
v -7.6808 -5.3212 -0.9848
v -7.6859 -5.5841 -1.0000
v -7.8123 -5.6760 -0.9848
v -7.9348 -5.7651 -0.9397
v -8.0499 -5.8487 -0.8660
v -8.1538 -5.9242 -0.7661
v -8.2435 -5.9895 -0.6428
v -8.3163 -6.0424 -0.5000
v -8.3700 -6.0813 -0.3420
v -8.4028 -6.1052 -0.1736
v -8.4139 -6.1133 -0.0000
v -8.4028 -6.1052 0.1736
v -8.3700 -6.0813 0.3420
v -8.3163 -6.0424 0.5000
v -8.2435 -5.9895 0.6428
v -8.1538 -5.9242 0.7661
v -8.0499 -5.8487 0.8660
v -7.9348 -5.7651 0.9397
v -7.8123 -5.6760 0.9848
v -7.6859 -5.5841 1.0000
v -7.5594 -5.4922 0.9848
v -7.4369 -5.4031 0.9397
v -7.3219 -5.3195 0.8660
v -7.2179 -5.2440 0.7661
v -7.1282 -5.1787 0.6428
v -7.0554 -5.1258 0.5000
v -7.0017 -5.0869 0.3420
v -6.9689 -5.0630 0.1736
v -6.9578 -5.0550 0.0000
v -6.9689 -5.0630 -0.1736
v -7.0017 -5.0869 -0.3420
v -7.0554 -5.1258 -0.5000
v -7.1282 -5.1787 -0.6428
v -7.2179 -5.2440 -0.7661
v -7.3219 -5.3195 -0.8660
v -7.4369 -5.4031 -0.9397
v -7.5594 -5.4922 -0.9848
v -7.5586 -5.7551 -1.0000
v -7.6829 -5.8498 -0.9848
v -7.8035 -5.9416 -0.9397
v -7.9166 -6.0278 -0.8660
v -8.0188 -6.1057 -0.7661
v -8.1071 -6.1729 -0.6428
v -8.1786 -6.2274 -0.5000
v -8.2314 -6.2676 -0.3420
v -8.2637 -6.2922 -0.1736
v -8.2746 -6.3005 -0.0000
v -8.2637 -6.2922 0.1736
v -8.2314 -6.2676 0.3420
v -8.1786 -6.2274 0.5000
v -8.1071 -6.1729 0.6428
v -8.0188 -6.1057 0.7661
v -7.9166 -6.0278 0.8660
v -7.8035 -5.9416 0.9397
v -7.6829 -5.8498 0.9848
v -7.5586 -5.7551 1.0000
v -7.4343 -5.6604 0.9848
v -7.3137 -5.5686 0.9397
v -7.2006 -5.4825 0.8660
v -7.0984 -5.4046 0.7661
v -7.0101 -5.3374 0.6428
v -6.9385 -5.2829 0.5000
v -6.8858 -5.2427 0.3420
v -6.8535 -5.2181 0.1736
v -6.8426 -5.2098 0.0000
v -6.8535 -5.2181 -0.1736
v -6.8858 -5.2427 -0.3420
v -6.9385 -5.2829 -0.5000
v -7.0101 -5.3374 -0.6428
v -7.0984 -5.4046 -0.7661
v -7.2006 -5.4825 -0.8660
v -7.3137 -5.5686 -0.9397
v -7.4343 -5.6604 -0.9848
v -7.4275 -5.9233 -1.0000
v -7.5497 -6.0207 -0.9848
v -7.6682 -6.1152 -0.9397
v -7.7793 -6.2039 -0.8660
v -7.8798 -6.2840 -0.7660
v -7.9665 -6.3532 -0.6428
v -8.0368 -6.4093 -0.5000
v -8.0887 -6.4507 -0.3420
v -8.1204 -6.4760 -0.1736
v -8.1311 -6.4845 -0.0000
v -8.1204 -6.4760 0.1736
v -8.0887 -6.4507 0.3420
v -8.0368 -6.4093 0.5000
v -7.9665 -6.3532 0.6428
v -7.8798 -6.2840 0.7660
v -7.7793 -6.2039 0.8660
v -7.6682 -6.1152 0.9397
v -7.5497 -6.0207 0.9848
v -7.4275 -5.9233 1.0000
v -7.3054 -5.8258 0.9848
v -7.1869 -5.7313 0.9397
v -7.0757 -5.6426 0.8660
v -6.9753 -5.5625 0.7660
v -6.8886 -5.4933 0.6428
v -6.8182 -5.4372 0.5000
v -6.7664 -5.3959 0.3420
v -6.7347 -5.3705 0.1736
v -6.7240 -5.3620 0.0000
v -6.7347 -5.3705 -0.1736
v -6.7664 -5.3959 -0.3420
v -6.8182 -5.4372 -0.5000
v -6.8886 -5.4933 -0.6428
v -6.9753 -5.5625 -0.7660
v -7.0757 -5.6426 -0.8660
v -7.1869 -5.7313 -0.9397
v -7.3054 -5.8258 -0.9848
v -7.2927 -6.0884 -1.0000
v -7.4127 -6.1886 -0.9848
v -7.5290 -6.2857 -0.9397
v -7.6381 -6.3768 -0.8660
v -7.7368 -6.4592 -0.7660
v -7.8219 -6.5303 -0.6428
v -7.8910 -6.5880 -0.5000
v -7.9419 -6.6305 -0.3420
v -7.9730 -6.6565 -0.1736
v -7.9835 -6.6653 -0.0000
v -7.9730 -6.6565 0.1736
v -7.9419 -6.6305 0.3420
v -7.8910 -6.5880 0.5000
v -7.8219 -6.5303 0.6428
v -7.7368 -6.4592 0.7660
v -7.6381 -6.3768 0.8660
v -7.5290 -6.2857 0.9397
v -7.4127 -6.1886 0.9848
v -7.2927 -6.0884 1.0000
v -7.1728 -5.9882 0.9848
v -7.0565 -5.8911 0.9397
v -6.9473 -5.8000 0.8660
v -6.8487 -5.7176 0.7660
v -6.7635 -5.6465 0.6428
v -6.6945 -5.5888 0.5000
v -6.6436 -5.5463 0.3420
v -6.6124 -5.5203 0.1736
v -6.6019 -5.5115 0.0000
v -6.6124 -5.5203 -0.1736
v -6.6436 -5.5463 -0.3420
v -6.6945 -5.5888 -0.5000
v -6.7635 -5.6465 -0.6428
v -6.8487 -5.7176 -0.7660
v -6.9473 -5.8000 -0.8660
v -7.0565 -5.8911 -0.9397
v -7.1728 -5.9882 -0.9848
v -7.1543 -6.2505 -1.0000
v -7.2719 -6.3533 -0.9848
v -7.3861 -6.4530 -0.9397
v -7.4931 -6.5466 -0.8660
v -7.5899 -6.6312 -0.7660
v -7.6734 -6.7042 -0.6428
v -7.7412 -6.7634 -0.5000
v -7.7911 -6.8070 -0.3420
v -7.8217 -6.8337 -0.1736
v -7.8320 -6.8427 -0.0000
v -7.8217 -6.8337 0.1736
v -7.7911 -6.8070 0.3420
v -7.7412 -6.7634 0.5000
v -7.6734 -6.7042 0.6428
v -7.5899 -6.6312 0.7660
v -7.4931 -6.5466 0.8660
v -7.3861 -6.4530 0.9397
v -7.2719 -6.3533 0.9848
v -7.1543 -6.2505 1.0000
v -7.0366 -6.1477 0.9848
v -6.9225 -6.0479 0.9397
v -6.8154 -5.9544 0.8660
v -6.7186 -5.8698 0.7660
v -6.6351 -5.7968 0.6428
v -6.5674 -5.7376 0.5000
v -6.5174 -5.6940 0.3420
v -6.4869 -5.6673 0.1736
v -6.4766 -5.6583 0.0000
v -6.4869 -5.6673 -0.1736
v -6.5174 -5.6940 -0.3420
v -6.5674 -5.7376 -0.5000
v -6.6351 -5.7968 -0.6428
v -6.7186 -5.8698 -0.7660
v -6.8154 -5.9544 -0.8660
v -6.9225 -6.0479 -0.9397
v -7.0366 -6.1477 -0.9848
v -7.0122 -6.4094 -1.0000
v -7.1275 -6.5149 -0.9848
v -7.2394 -6.6171 -0.9397
v -7.3443 -6.7131 -0.8660
v -7.4392 -6.7998 -0.7660
v -7.5211 -6.8746 -0.6428
v -7.5875 -6.9353 -0.5000
v -7.6364 -6.9801 -0.3420
v -7.6664 -7.0075 -0.1736
v -7.6765 -7.0167 -0.0000
v -7.6664 -7.0075 0.1736
v -7.6364 -6.9801 0.3420
v -7.5875 -6.9353 0.5000
v -7.5211 -6.8746 0.6428
v -7.4392 -6.7998 0.7660
v -7.3443 -6.7131 0.8660
v -7.2394 -6.6171 0.9397
v -7.1275 -6.5149 0.9848
v -7.0122 -6.4094 1.0000
v -6.8969 -6.3040 0.9848
v -6.7850 -6.2017 0.9397
v -6.6801 -6.1058 0.8660
v -6.5852 -6.0191 0.7660
v -6.5034 -5.9442 0.6428
v -6.4369 -5.8835 0.5000
v -6.3880 -5.8388 0.3420
v -6.3580 -5.8114 0.1736
v -6.3479 -5.8022 0.0000
v -6.3580 -5.8114 -0.1736
v -6.3880 -5.8388 -0.3420
v -6.4369 -5.8835 -0.5000
v -6.5034 -5.9442 -0.6428
v -6.5852 -6.0191 -0.7660
v -6.6801 -6.1058 -0.8660
v -6.7850 -6.2017 -0.9397
v -6.8969 -6.3040 -0.9848
v -6.8666 -6.5652 -1.0000
v -6.9796 -6.6732 -0.9848
v -7.0891 -6.7779 -0.9397
v -7.1918 -6.8762 -0.8660
v -7.2847 -6.9650 -0.7660
v -7.3649 -7.0416 -0.6428
v -7.4299 -7.1038 -0.5000
v -7.4779 -7.1496 -0.3420
v -7.5072 -7.1777 -0.1736
v -7.5171 -7.1872 -0.0000
v -7.5072 -7.1777 0.1736
v -7.4779 -7.1496 0.3420
v -7.4299 -7.1038 0.5000
v -7.3649 -7.0416 0.6428
v -7.2847 -6.9650 0.7660
v -7.1918 -6.8762 0.8660
v -7.0891 -6.7779 0.9397
v -6.9796 -6.6732 0.9848
v -6.8666 -6.5652 1.0000
v -6.7537 -6.4571 0.9848
v -6.6441 -6.3524 0.9397
v -6.5414 -6.2541 0.8660
v -6.4485 -6.1653 0.7660
v -6.3683 -6.0887 0.6428
v -6.3033 -6.0265 0.5000
v -6.2554 -5.9807 0.3420
v -6.2260 -5.9526 0.1736
v -6.2161 -5.9431 0.0000
v -6.2260 -5.9526 -0.1736
v -6.2554 -5.9807 -0.3420
v -6.3033 -6.0265 -0.5000
v -6.3683 -6.0887 -0.6428
v -6.4485 -6.1653 -0.7660
v -6.5414 -6.2541 -0.8660
v -6.6441 -6.3524 -0.9397
v -6.7537 -6.4571 -0.9848
v -6.7176 -6.7176 -1.0000
v -6.8281 -6.8281 -0.9848
v -6.9352 -6.9352 -0.9397
v -7.0357 -7.0358 -0.8660
v -7.1266 -7.1267 -0.7660
v -7.2050 -7.2051 -0.6428
v -7.2687 -7.2687 -0.5000
v -7.3155 -7.3156 -0.3420
v -7.3443 -7.3443 -0.1736
v -7.3539 -7.3540 -0.0000
v -7.3443 -7.3443 0.1736
v -7.3155 -7.3156 0.3420
v -7.2687 -7.2687 0.5000
v -7.2050 -7.2051 0.6428
v -7.1266 -7.1267 0.7660
v -7.0357 -7.0358 0.8660
v -6.9352 -6.9352 0.9397
v -6.8281 -6.8281 0.9848
v -6.7176 -6.7176 1.0000
v -6.6071 -6.6070 0.9848
v -6.4999 -6.4999 0.9397
v -6.3994 -6.3993 0.8660
v -6.3085 -6.3085 0.7660
v -6.2301 -6.2300 0.6428
v -6.1665 -6.1664 0.5000
v -6.1196 -6.1195 0.3420
v -6.0909 -6.0908 0.1736
v -6.0812 -6.0811 0.0000
v -6.0909 -6.0908 -0.1736
v -6.1196 -6.1195 -0.3420
v -6.1665 -6.1664 -0.5000
v -6.2301 -6.2300 -0.6428
v -6.3085 -6.3085 -0.7660
v -6.3994 -6.3993 -0.8660
v -6.4999 -6.4999 -0.9397
v -6.6071 -6.6070 -0.9848
v -6.5651 -6.8666 -1.0000
v -6.6731 -6.9796 -0.9848
v -6.7778 -7.0891 -0.9397
v -6.8761 -7.1919 -0.8660
v -6.9649 -7.2848 -0.7660
v -7.0416 -7.3649 -0.6428
v -7.1037 -7.4300 -0.5000
v -7.1496 -7.4779 -0.3420
v -7.1776 -7.5073 -0.1736
v -7.1871 -7.5171 -0.0000
v -7.1776 -7.5073 0.1736
v -7.1496 -7.4779 0.3420
v -7.1037 -7.4300 0.5000
v -7.0416 -7.3649 0.6428
v -6.9649 -7.2848 0.7660
v -6.8761 -7.1919 0.8660
v -6.7778 -7.0891 0.9397
v -6.6731 -6.9796 0.9848
v -6.5651 -6.8666 1.0000
v -6.4571 -6.7536 0.9848
v -6.3524 -6.6441 0.9397
v -6.2542 -6.5413 0.8660
v -6.1654 -6.4484 0.7660
v -6.0887 -6.3682 0.6428
v -6.0265 -6.3032 0.5000
v -5.9807 -6.2553 0.3420
v -5.9527 -6.2259 0.1736
v -5.9432 -6.2160 0.0000
v -5.9527 -6.2259 -0.1736
v -5.9807 -6.2553 -0.3420
v -6.0265 -6.3032 -0.5000
v -6.0887 -6.3682 -0.6428
v -6.1654 -6.4484 -0.7660
v -6.2542 -6.5413 -0.8660
v -6.3524 -6.6441 -0.9397
v -6.4571 -6.7536 -0.9848
v -6.4094 -7.0122 -1.0000
v -6.5148 -7.1275 -0.9848
v -6.6171 -7.2394 -0.9397
v -6.7130 -7.3443 -0.8660
v -6.7997 -7.4392 -0.7660
v -6.8745 -7.5211 -0.6428
v -6.9352 -7.5875 -0.5000
v -6.9800 -7.6364 -0.3420
v -7.0074 -7.6664 -0.1736
v -7.0166 -7.6765 -0.0000
v -7.0074 -7.6664 0.1736
v -6.9800 -7.6364 0.3420
v -6.9352 -7.5875 0.5000
v -6.8745 -7.5211 0.6428
v -6.7997 -7.4392 0.7660
v -6.7130 -7.3443 0.8660
v -6.6171 -7.2394 0.9397
v -6.5148 -7.1275 0.9848
v -6.4094 -7.0122 1.0000
v -6.3040 -6.8968 0.9848
v -6.2017 -6.7849 0.9397
v -6.1058 -6.6800 0.8660
v -6.0191 -6.5851 0.7660
v -5.9443 -6.5033 0.6428
v -5.8836 -6.4368 0.5000
v -5.8388 -6.3879 0.3420
v -5.8114 -6.3579 0.1736
v -5.8022 -6.3478 0.0000
v -5.8114 -6.3579 -0.1736
v -5.8388 -6.3879 -0.3420
v -5.8836 -6.4368 -0.5000
v -5.9443 -6.5033 -0.6428
v -6.0191 -6.5851 -0.7660
v -6.1058 -6.6800 -0.8660
v -6.2017 -6.7849 -0.9397
v -6.3040 -6.8968 -0.9848
v -6.2504 -7.1542 -1.0000
v -6.3533 -7.2719 -0.9848
v -6.4530 -7.3860 -0.9397
v -6.5465 -7.4931 -0.8660
v -6.6311 -7.5899 -0.7660
v -6.7040 -7.6734 -0.6428
v -6.7632 -7.7412 -0.5000
v -6.8069 -7.7911 -0.3420
v -6.8336 -7.8217 -0.1736
v -6.8426 -7.8320 -0.0000
v -6.8336 -7.8217 0.1736
v -6.8069 -7.7911 0.3420
v -6.7632 -7.7412 0.5000
v -6.7040 -7.6734 0.6428
v -6.6311 -7.5899 0.7660
v -6.5465 -7.4931 0.8660
v -6.4530 -7.3860 0.9397
v -6.3533 -7.2719 0.9848
v -6.2504 -7.1542 1.0000
v -6.1476 -7.0365 0.9848
v -6.0479 -6.9224 0.9397
v -5.9544 -6.8153 0.8660
v -5.8698 -6.7185 0.7660
v -5.7969 -6.6350 0.6428
v -5.7377 -6.5672 0.5000
v -5.6940 -6.5173 0.3420
v -5.6673 -6.4867 0.1736
v -5.6583 -6.4764 0.0000
v -5.6673 -6.4867 -0.1736
v -5.6940 -6.5173 -0.3420
v -5.7377 -6.5672 -0.5000
v -5.7969 -6.6350 -0.6428
v -5.8698 -6.7185 -0.7660
v -5.9544 -6.8153 -0.8660
v -6.0479 -6.9224 -0.9397
v -6.1476 -7.0365 -0.9848
v -6.0883 -7.2926 -1.0000
v -6.1885 -7.4126 -0.9848
v -6.2856 -7.5289 -0.9397
v -6.3767 -7.6381 -0.8660
v -6.4591 -7.7367 -0.7660
v -6.5302 -7.8219 -0.6428
v -6.5878 -7.8910 -0.5000
v -6.6303 -7.9419 -0.3420
v -6.6563 -7.9730 -0.1736
v -6.6651 -7.9835 -0.0000
v -6.6563 -7.9730 0.1736
v -6.6303 -7.9419 0.3420
v -6.5878 -7.8910 0.5000
v -6.5302 -7.8219 0.6428
v -6.4591 -7.7367 0.7660
v -6.3767 -7.6381 0.8660
v -6.2856 -7.5289 0.9397
v -6.1885 -7.4126 0.9848
v -6.0883 -7.2926 1.0000
v -5.9882 -7.1727 0.9848
v -5.8911 -7.0563 0.9397
v -5.8000 -6.9472 0.8660
v -5.7176 -6.8485 0.7660
v -5.6465 -6.7634 0.6428
v -5.5888 -6.6943 0.5000
v -5.5464 -6.6434 0.3420
v -5.5203 -6.6122 0.1736
v -5.5116 -6.6018 0.0000
v -5.5203 -6.6122 -0.1736
v -5.5464 -6.6434 -0.3420
v -5.5888 -6.6943 -0.5000
v -5.6465 -6.7634 -0.6428
v -5.7176 -6.8485 -0.7660
v -5.8000 -6.9472 -0.8660
v -5.8911 -7.0563 -0.9397
v -5.9882 -7.1727 -0.9848
v -5.9232 -7.4274 -1.0000
v -6.0206 -7.5496 -0.9848
v -6.1151 -7.6681 -0.9397
v -6.2037 -7.7792 -0.8660
v -6.2839 -7.8797 -0.7660
v -6.3530 -7.9665 -0.6428
v -6.4091 -8.0368 -0.5000
v -6.4505 -8.0886 -0.3420
v -6.4758 -8.1204 -0.1736
v -6.4843 -8.1311 -0.0000
v -6.4758 -8.1204 0.1736
v -6.4505 -8.0886 0.3420
v -6.4091 -8.0368 0.5000
v -6.3530 -7.9665 0.6428
v -6.2839 -7.8797 0.7660
v -6.2037 -7.7792 0.8660
v -6.1151 -7.6681 0.9397
v -6.0206 -7.5496 0.9848
v -5.9232 -7.4274 1.0000
v -5.8257 -7.3052 0.9848
v -5.7313 -7.1868 0.9397
v -5.6426 -7.0756 0.8660
v -5.5625 -6.9751 0.7660
v -5.4933 -6.8884 0.6428
v -5.4372 -6.8180 0.5000
v -5.3959 -6.7662 0.3420
v -5.3706 -6.7344 0.1736
v -5.3620 -6.7238 0.0000
v -5.3706 -6.7344 -0.1736
v -5.3959 -6.7662 -0.3420
v -5.4372 -6.8180 -0.5000
v -5.4933 -6.8884 -0.6428
v -5.5625 -6.9751 -0.7660
v -5.6426 -7.0756 -0.8660
v -5.7313 -7.1868 -0.9397
v -5.8257 -7.3052 -0.9848
v -5.7550 -7.5584 -1.0000
v -5.8497 -7.6828 -0.9848
v -5.9415 -7.8034 -0.9397
v -6.0276 -7.9165 -0.8660
v -6.1055 -8.0187 -0.7660
v -6.1727 -8.1070 -0.6428
v -6.2272 -8.1786 -0.5000
v -6.2673 -8.2313 -0.3420
v -6.2919 -8.2636 -0.1736
v -6.3002 -8.2745 -0.0000
v -6.2919 -8.2636 0.1736
v -6.2673 -8.2313 0.3420
v -6.2272 -8.1786 0.5000
v -6.1727 -8.1070 0.6428
v -6.1055 -8.0187 0.7660
v -6.0276 -7.9165 0.8660
v -5.9415 -7.8034 0.9397
v -5.8497 -7.6828 0.9848
v -5.7550 -7.5584 1.0000
v -5.6603 -7.4341 0.9848
v -5.5685 -7.3135 0.9397
v -5.4824 -7.2004 0.8660
v -5.4046 -7.0982 0.7660
v -5.3374 -7.0099 0.6428
v -5.2829 -6.9383 0.5000
v -5.2427 -6.8856 0.3420
v -5.2181 -6.8533 0.1736
v -5.2098 -6.8424 0.0000
v -5.2181 -6.8533 -0.1736
v -5.2427 -6.8856 -0.3420
v -5.2829 -6.9383 -0.5000
v -5.3374 -7.0099 -0.6428
v -5.4046 -7.0982 -0.7660
v -5.4824 -7.2004 -0.8660
v -5.5685 -7.3135 -0.9397
v -5.6603 -7.4341 -0.9848
v -5.5840 -7.6857 -1.0000
v -5.6758 -7.8121 -0.9848
v -5.7649 -7.9347 -0.9397
v -5.8485 -8.0497 -0.8660
v -5.9240 -8.1537 -0.7660
v -5.9892 -8.2435 -0.6428
v -6.0421 -8.3162 -0.5000
v -6.0811 -8.3699 -0.3420
v -6.1049 -8.4027 -0.1736
v -6.1130 -8.4138 -0.0000
v -6.1049 -8.4027 0.1736
v -6.0811 -8.3699 0.3420
v -6.0421 -8.3162 0.5000
v -5.9892 -8.2435 0.6428
v -5.9240 -8.1537 0.7660
v -5.8485 -8.0497 0.8660
v -5.7649 -7.9347 0.9397
v -5.6758 -7.8121 0.9848
v -5.5840 -7.6857 1.0000
v -5.4921 -7.5592 0.9848
v -5.4030 -7.4366 0.9397
v -5.3195 -7.3216 0.8660
v -5.2439 -7.2176 0.7660
v -5.1787 -7.1279 0.6428
v -5.1258 -7.0551 0.5000
v -5.0869 -7.0015 0.3420
v -5.0630 -6.9686 0.1736
v -5.0550 -6.9576 0.0000
v -5.0630 -6.9686 -0.1736
v -5.0869 -7.0015 -0.3420
v -5.1258 -7.0551 -0.5000
v -5.1787 -7.1279 -0.6428
v -5.2439 -7.2176 -0.7660
v -5.3195 -7.3216 -0.8660
v -5.4030 -7.4366 -0.9397
v -5.4921 -7.5592 -0.9848
v -5.4101 -7.8090 -1.0000
v -5.4991 -7.9375 -0.9848
v -5.5854 -8.0621 -0.9397
v -5.6664 -8.1789 -0.8660
v -5.7396 -8.2846 -0.7660
v -5.8027 -8.3758 -0.6428
v -5.8540 -8.4497 -0.5000
v -5.8917 -8.5042 -0.3420
v -5.9149 -8.5376 -0.1736
v -5.9226 -8.5488 -0.0000
v -5.9149 -8.5376 0.1736
v -5.8917 -8.5042 0.3420
v -5.8540 -8.4497 0.5000
v -5.8027 -8.3758 0.6428
v -5.7396 -8.2846 0.7660
v -5.6664 -8.1789 0.8660
v -5.5854 -8.0621 0.9397
v -5.4991 -7.9375 0.9848
v -5.4101 -7.8090 1.0000
v -5.3211 -7.6806 0.9848
v -5.2348 -7.5560 0.9397
v -5.1538 -7.4391 0.8660
v -5.0807 -7.3335 0.7660
v -5.0175 -7.2423 0.6428
v -4.9663 -7.1683 0.5000
v -4.9285 -7.1138 0.3420
v -4.9054 -7.0805 0.1736
v -4.8976 -7.0692 0.0000
v -4.9054 -7.0805 -0.1736
v -4.9285 -7.1138 -0.3420
v -4.9663 -7.1683 -0.5000
v -5.0175 -7.2423 -0.6428
v -5.0807 -7.3335 -0.7660
v -5.1538 -7.4391 -0.8660
v -5.2348 -7.5560 -0.9397
v -5.3211 -7.6806 -0.9848
v -5.2335 -7.9285 -1.0000
v -5.3196 -8.0589 -0.9848
v -5.4031 -8.1854 -0.9397
v -5.4814 -8.3040 -0.8660
v -5.5522 -8.4113 -0.7660
v -5.6133 -8.5038 -0.6428
v -5.6629 -8.5789 -0.5000
v -5.6994 -8.6343 -0.3420
v -5.7218 -8.6682 -0.1736
v -5.7293 -8.6796 -0.0000
v -5.7218 -8.6682 0.1736
v -5.6994 -8.6343 0.3420
v -5.6629 -8.5789 0.5000
v -5.6133 -8.5038 0.6428
v -5.5522 -8.4113 0.7660
v -5.4814 -8.3040 0.8660
v -5.4031 -8.1854 0.9397
v -5.3196 -8.0589 0.9848
v -5.2335 -7.9285 1.0000
v -5.1474 -7.7980 0.9848
v -5.0640 -7.6716 0.9397
v -4.9856 -7.5529 0.8660
v -4.9148 -7.4456 0.7660
v -4.8537 -7.3531 0.6428
v -4.8042 -7.2780 0.5000
v -4.7676 -7.2226 0.3420
v -4.7453 -7.1887 0.1736
v -4.7377 -7.1773 0.0000
v -4.7453 -7.1887 -0.1736
v -4.7676 -7.2226 -0.3420
v -4.8042 -7.2780 -0.5000
v -4.8537 -7.3531 -0.6428
v -4.9148 -7.4456 -0.7660
v -4.9856 -7.5529 -0.8660
v -5.0640 -7.6716 -0.9397
v -5.1474 -7.7980 -0.9848
v -5.0543 -8.0439 -1.0000
v -5.1375 -8.1762 -0.9848
v -5.2181 -8.3045 -0.9397
v -5.2937 -8.4249 -0.8660
v -5.3621 -8.5337 -0.7660
v -5.4211 -8.6277 -0.6428
v -5.4690 -8.7038 -0.5000
v -5.5043 -8.7600 -0.3420
v -5.5259 -8.7944 -0.1736
v -5.5331 -8.8059 -0.0000
v -5.5259 -8.7944 0.1736
v -5.5043 -8.7600 0.3420
v -5.4690 -8.7038 0.5000
v -5.4211 -8.6277 0.6428
v -5.3621 -8.5337 0.7660
v -5.2937 -8.4249 0.8660
v -5.2181 -8.3045 0.9397
v -5.1375 -8.1762 0.9848
v -5.0543 -8.0439 1.0000
v -4.9712 -7.9116 0.9848
v -4.8905 -7.7832 0.9397
v -4.8149 -7.6629 0.8660
v -4.7465 -7.5540 0.7660
v -4.6875 -7.4601 0.6428
v -4.6396 -7.3839 0.5000
v -4.6044 -7.3278 0.3420
v -4.5828 -7.2934 0.1736
v -4.5755 -7.2818 0.0000
v -4.5828 -7.2934 -0.1736
v -4.6044 -7.3278 -0.3420
v -4.6396 -7.3839 -0.5000
v -4.6875 -7.4601 -0.6428
v -4.7465 -7.5540 -0.7660
v -4.8149 -7.6629 -0.8660
v -4.8905 -7.7832 -0.9397
v -4.9712 -7.9116 -0.9848
v -4.8725 -8.1553 -1.0000
v -4.9527 -8.2894 -0.9848
v -5.0304 -8.4195 -0.9397
v -5.1033 -8.5416 -0.8660
v -5.1693 -8.6519 -0.7660
v -5.2262 -8.7471 -0.6428
v -5.2723 -8.8244 -0.5000
v -5.3063 -8.8813 -0.3420
v -5.3271 -8.9161 -0.1736
v -5.3342 -8.9279 -0.0000
v -5.3271 -8.9161 0.1736
v -5.3063 -8.8813 0.3420
v -5.2723 -8.8244 0.5000
v -5.2262 -8.7471 0.6428
v -5.1693 -8.6519 0.7660
v -5.1033 -8.5416 0.8660
v -5.0304 -8.4195 0.9397
v -4.9527 -8.2894 0.9848
v -4.8725 -8.1553 1.0000
v -4.7924 -8.0211 0.9848
v -4.7147 -7.8910 0.9397
v -4.6417 -7.7690 0.8660
v -4.5758 -7.6586 0.7660
v -4.5189 -7.5634 0.6428
v -4.4728 -7.4862 0.5000
v -4.4388 -7.4293 0.3420
v -4.4180 -7.3944 0.1736
v -4.4109 -7.3827 0.0000
v -4.4180 -7.3944 -0.1736
v -4.4388 -7.4293 -0.3420
v -4.4728 -7.4862 -0.5000
v -4.5189 -7.5634 -0.6428
v -4.5758 -7.6586 -0.7660
v -4.6417 -7.7690 -0.8660
v -4.7147 -7.8910 -0.9397
v -4.7924 -8.0211 -0.9848
v -4.6883 -8.2625 -1.0000
v -4.7655 -8.3985 -0.9848
v -4.8402 -8.5303 -0.9397
v -4.9104 -8.6539 -0.8660
v -4.9738 -8.7657 -0.7660
v -5.0286 -8.8622 -0.6428
v -5.0730 -8.9404 -0.5000
v -5.1057 -8.9981 -0.3420
v -5.1257 -9.0334 -0.1736
v -5.1325 -9.0453 -0.0000
v -5.1257 -9.0334 0.1736
v -5.1057 -8.9981 0.3420
v -5.0730 -8.9404 0.5000
v -5.0286 -8.8622 0.6428
v -4.9738 -8.7657 0.7660
v -4.9104 -8.6539 0.8660
v -4.8402 -8.5303 0.9397
v -4.7655 -8.3985 0.9848
v -4.6883 -8.2625 1.0000
v -4.6112 -8.1266 0.9848
v -4.5364 -7.9948 0.9397
v -4.4663 -7.8712 0.8660
v -4.4028 -7.7594 0.7660
v -4.3481 -7.6629 0.6428
v -4.3037 -7.5846 0.5000
v -4.2710 -7.5270 0.3420
v -4.2509 -7.4917 0.1736
v -4.2442 -7.4798 0.0000
v -4.2509 -7.4917 -0.1736
v -4.2710 -7.5270 -0.3420
v -4.3037 -7.5846 -0.5000
v -4.3481 -7.6629 -0.6428
v -4.4028 -7.7594 -0.7660
v -4.4663 -7.8712 -0.8660
v -4.5364 -7.9948 -0.9397
v -4.6112 -8.1266 -0.9848
v -4.5018 -8.3657 -1.0000
v -4.5758 -8.5033 -0.9848
v -4.6476 -8.6367 -0.9397
v -4.7150 -8.7619 -0.8660
v -4.7759 -8.8751 -0.7660
v -4.8285 -8.9728 -0.6428
v -4.8711 -9.0520 -0.5000
v -4.9025 -9.1104 -0.3420
v -4.9218 -9.1462 -0.1736
v -4.9282 -9.1582 -0.0000
v -4.9218 -9.1462 0.1736
v -4.9025 -9.1104 0.3420
v -4.8711 -9.0520 0.5000
v -4.8285 -8.9728 0.6428
v -4.7759 -8.8751 0.7660
v -4.7150 -8.7619 0.8660
v -4.6476 -8.6367 0.9397
v -4.5758 -8.5033 0.9848
v -4.5018 -8.3657 1.0000
v -4.4277 -8.2280 0.9848
v -4.3559 -8.0946 0.9397
v -4.2885 -7.9694 0.8660
v -4.2276 -7.8562 0.7660
v -4.1751 -7.7585 0.6428
v -4.1324 -7.6793 0.5000
v -4.1010 -7.6209 0.3420
v -4.0818 -7.5852 0.1736
v -4.0753 -7.5731 0.0000
v -4.0818 -7.5852 -0.1736
v -4.1010 -7.6209 -0.3420
v -4.1324 -7.6793 -0.5000
v -4.1751 -7.7585 -0.6428
v -4.2276 -7.8562 -0.7660
v -4.2885 -7.9694 -0.8660
v -4.3559 -8.0946 -0.9397
v -4.4277 -8.2280 -0.9848
v -4.3129 -8.4646 -1.0000
v -4.3839 -8.6038 -0.9848
v -4.4527 -8.7388 -0.9397
v -4.5172 -8.8655 -0.8660
v -4.5755 -8.9800 -0.7660
v -4.6259 -9.0789 -0.6428
v -4.6668 -9.1590 -0.5000
v -4.6969 -9.2181 -0.3420
v -4.7153 -9.2543 -0.1736
v -4.7215 -9.2665 -0.0000
v -4.7153 -9.2543 0.1736
v -4.6969 -9.2181 0.3420
v -4.6668 -9.1590 0.5000
v -4.6259 -9.0789 0.6428
v -4.5755 -8.9800 0.7660
v -4.5172 -8.8655 0.8660
v -4.4527 -8.7388 0.9397
v -4.3839 -8.6038 0.9848
v -4.3129 -8.4646 1.0000
v -4.2420 -8.3253 0.9848
v -4.1732 -8.1903 0.9397
v -4.1086 -8.0636 0.8660
v -4.0503 -7.9491 0.7660
v -3.9999 -7.8503 0.6428
v -3.9591 -7.7701 0.5000
v -3.9290 -7.7110 0.3420
v -3.9105 -7.6748 0.1736
v -3.9043 -7.6627 0.0000
v -3.9105 -7.6748 -0.1736
v -3.9290 -7.7110 -0.3420
v -3.9591 -7.7701 -0.5000
v -3.9999 -7.8503 -0.6428
v -4.0503 -7.9491 -0.7660
v -4.1086 -8.0636 -0.8660
v -4.1732 -8.1903 -0.9397
v -4.2420 -8.3253 -0.9848
v -4.1219 -8.5592 -1.0000
v -4.1897 -8.7000 -0.9848
v -4.2555 -8.8365 -0.9397
v -4.3171 -8.9646 -0.8660
v -4.3729 -9.0804 -0.7660
v -4.4210 -9.1804 -0.6428
v -4.4601 -9.2614 -0.5000
v -4.4888 -9.3212 -0.3420
v -4.5065 -9.3578 -0.1736
v -4.5124 -9.3701 -0.0000
v -4.5065 -9.3578 0.1736
v -4.4888 -9.3212 0.3420
v -4.4601 -9.2614 0.5000
v -4.4210 -9.1804 0.6428
v -4.3729 -9.0804 0.7660
v -4.3171 -8.9646 0.8660
v -4.2555 -8.8365 0.9397
v -4.1897 -8.7000 0.9848
v -4.1219 -8.5592 1.0000
v -4.0541 -8.4184 0.9848
v -3.9883 -8.2819 0.9397
v -3.9267 -8.1538 0.8660
v -3.8709 -8.0380 0.7660
v -3.8228 -7.9380 0.6428
v -3.7837 -7.8570 0.5000
v -3.7550 -7.7972 0.3420
v -3.7373 -7.7607 0.1736
v -3.7314 -7.7483 0.0000
v -3.7373 -7.7607 -0.1736
v -3.7550 -7.7972 -0.3420
v -3.7837 -7.8570 -0.5000
v -3.8228 -7.9380 -0.6428
v -3.8709 -8.0380 -0.7660
v -3.9267 -8.1538 -0.8660
v -3.9883 -8.2819 -0.9397
v -4.0541 -8.4184 -0.9848
v -3.9288 -8.6495 -1.0000
v -3.9934 -8.7918 -0.9848
v -4.0561 -8.9298 -0.9397
v -4.1149 -9.0593 -0.8660
v -4.1681 -9.1763 -0.7660
v -4.2139 -9.2773 -0.6428
v -4.2511 -9.3592 -0.5000
v -4.2786 -9.4196 -0.3420
v -4.2954 -9.4565 -0.1736
v -4.3010 -9.4690 -0.0000
v -4.2954 -9.4565 0.1736
v -4.2786 -9.4196 0.3420
v -4.2511 -9.3592 0.5000
v -4.2139 -9.2773 0.6428
v -4.1681 -9.1763 0.7660
v -4.1149 -9.0593 0.8660
v -4.0561 -8.9298 0.9397
v -3.9934 -8.7918 0.9848
v -3.9288 -8.6495 1.0000
v -3.8642 -8.5072 0.9848
v -3.8015 -8.3693 0.9397
v -3.7427 -8.2398 0.8660
v -3.6896 -8.1228 0.7660
v -3.6437 -8.0218 0.6428
v -3.6065 -7.9399 0.5000
v -3.5791 -7.8795 0.3420
v -3.5623 -7.8426 0.1736
v -3.5566 -7.8301 0.0000
v -3.5623 -7.8426 -0.1736
v -3.5791 -7.8795 -0.3420
v -3.6065 -7.9399 -0.5000
v -3.6437 -8.0218 -0.6428
v -3.6896 -8.1228 -0.7660
v -3.7427 -8.2398 -0.8660
v -3.8015 -8.3693 -0.9397
v -3.8642 -8.5072 -0.9848
v -3.7337 -8.7355 -1.0000
v -3.7952 -8.8792 -0.9848
v -3.8547 -9.0186 -0.9397
v -3.9106 -9.1493 -0.8660
v -3.9611 -9.2675 -0.7660
v -4.0047 -9.3695 -0.6428
v -4.0401 -9.4522 -0.5000
v -4.0661 -9.5132 -0.3420
v -4.0821 -9.5505 -0.1736
v -4.0875 -9.5631 -0.0000
v -4.0821 -9.5505 0.1736
v -4.0661 -9.5132 0.3420
v -4.0401 -9.4522 0.5000
v -4.0047 -9.3695 0.6428
v -3.9611 -9.2675 0.7660
v -3.9106 -9.1493 0.8660
v -3.8547 -9.0186 0.9397
v -3.7952 -8.8792 0.9848
v -3.7337 -8.7355 1.0000
v -3.6723 -8.5918 0.9848
v -3.6128 -8.4525 0.9397
v -3.5569 -8.3217 0.8660
v -3.5064 -8.2036 0.7660
v -3.4628 -8.1016 0.6428
v -3.4274 -8.0188 0.5000
v -3.4013 -7.9578 0.3420
v -3.3854 -7.9205 0.1736
v -3.3800 -7.9079 0.0000
v -3.3854 -7.9205 -0.1736
v -3.4013 -7.9578 -0.3420
v -3.4274 -8.0188 -0.5000
v -3.4628 -8.1016 -0.6428
v -3.5064 -8.2036 -0.7660
v -3.5569 -8.3217 -0.8660
v -3.6128 -8.4525 -0.9397
v -3.6723 -8.5918 -0.9848
v -3.5368 -8.8171 -1.0000
v -3.5950 -8.9621 -0.9848
v -3.6514 -9.1028 -0.9397
v -3.7043 -9.2347 -0.8660
v -3.7522 -9.3540 -0.7660
v -3.7935 -9.4570 -0.6428
v -3.8270 -9.5405 -0.5000
v -3.8516 -9.6020 -0.3420
v -3.8668 -9.6397 -0.1736
v -3.8719 -9.6524 -0.0000
v -3.8668 -9.6397 0.1736
v -3.8516 -9.6020 0.3420
v -3.8270 -9.5405 0.5000
v -3.7935 -9.4570 0.6428
v -3.7522 -9.3540 0.7660
v -3.7043 -9.2347 0.8660
v -3.6514 -9.1028 0.9397
v -3.5950 -8.9621 0.9848
v -3.5368 -8.8171 1.0000
v -3.4786 -8.6720 0.9848
v -3.4222 -8.5314 0.9397
v -3.3693 -8.3994 0.8660
v -3.3214 -8.2802 0.7660
v -3.2801 -8.1772 0.6428
v -3.2466 -8.0937 0.5000
v -3.2219 -8.0322 0.3420
v -3.2068 -7.9945 0.1736
v -3.2017 -7.9818 0.0000
v -3.2068 -7.9945 -0.1736
v -3.2219 -8.0322 -0.3420
v -3.2466 -8.0937 -0.5000
v -3.2801 -8.1772 -0.6428
v -3.3214 -8.2802 -0.7660
v -3.3693 -8.3994 -0.8660
v -3.4222 -8.5314 -0.9397
v -3.4786 -8.6720 -0.9848
v -3.3381 -8.8942 -1.0000
v -3.3930 -9.0406 -0.9848
v -3.4462 -9.1824 -0.9397
v -3.4962 -9.3155 -0.8660
v -3.5413 -9.4359 -0.7660
v -3.5803 -9.5397 -0.6428
v -3.6119 -9.6240 -0.5000
v -3.6352 -9.6860 -0.3420
v -3.6495 -9.7240 -0.1736
v -3.6543 -9.7368 -0.0000
v -3.6495 -9.7240 0.1736
v -3.6352 -9.6860 0.3420
v -3.6119 -9.6240 0.5000
v -3.5803 -9.5397 0.6428
v -3.5413 -9.4359 0.7660
v -3.4962 -9.3155 0.8660
v -3.4462 -9.1824 0.9397
v -3.3930 -9.0406 0.9848
v -3.3381 -8.8942 1.0000
v -3.2831 -8.7479 0.9848
v -3.2299 -8.6060 0.9397
v -3.1799 -8.4729 0.8660
v -3.1348 -8.3526 0.7660
v -3.0958 -8.2488 0.6428
v -3.0642 -8.1645 0.5000
v -3.0409 -8.1024 0.3420
v -3.0266 -8.0644 0.1736
v -3.0218 -8.0516 0.0000
v -3.0266 -8.0644 -0.1736
v -3.0409 -8.1024 -0.3420
v -3.0642 -8.1645 -0.5000
v -3.0958 -8.2488 -0.6428
v -3.1348 -8.3526 -0.7660
v -3.1799 -8.4729 -0.8660
v -3.2299 -8.6060 -0.9397
v -3.2831 -8.7479 -0.9848
v -3.1377 -8.9669 -1.0000
v -3.1893 -9.1144 -0.9848
v -3.2393 -9.2574 -0.9397
v -3.2863 -9.3916 -0.8660
v -3.3287 -9.5129 -0.7660
v -3.3654 -9.6176 -0.6428
v -3.3951 -9.7026 -0.5000
v -3.4170 -9.7652 -0.3420
v -3.4304 -9.8035 -0.1736
v -3.4349 -9.8164 -0.0000
v -3.4304 -9.8035 0.1736
v -3.4170 -9.7652 0.3420
v -3.3951 -9.7026 0.5000
v -3.3654 -9.6176 0.6428
v -3.3287 -9.5129 0.7660
v -3.2863 -9.3916 0.8660
v -3.2393 -9.2574 0.9397
v -3.1893 -9.1144 0.9848
v -3.1377 -8.9669 1.0000
v -3.0860 -8.8194 0.9848
v -3.0360 -8.6763 0.9397
v -2.9890 -8.5421 0.8660
v -2.9466 -8.4208 0.7660
v -2.9099 -8.3161 0.6428
v -2.8802 -8.2312 0.5000
v -2.8583 -8.1686 0.3420
v -2.8449 -8.1303 0.1736
v -2.8404 -8.1174 0.0000
v -2.8449 -8.1303 -0.1736
v -2.8583 -8.1686 -0.3420
v -2.8802 -8.2312 -0.5000
v -2.9099 -8.3161 -0.6428
v -2.9466 -8.4208 -0.7660
v -2.9890 -8.5421 -0.8660
v -3.0360 -8.6763 -0.9397
v -3.0860 -8.8194 -0.9848
v -2.9357 -9.0350 -1.0000
v -2.9840 -9.1837 -0.9848
v -3.0308 -9.3278 -0.9397
v -3.0747 -9.4630 -0.8660
v -3.1144 -9.5852 -0.7660
v -3.1487 -9.6907 -0.6428
v -3.1765 -9.7763 -0.5000
v -3.1970 -9.8394 -0.3420
v -3.2096 -9.8780 -0.1736
v -3.2138 -9.8910 -0.0000
v -3.2096 -9.8780 0.1736
v -3.1970 -9.8394 0.3420
v -3.1765 -9.7763 0.5000
v -3.1487 -9.6907 0.6428
v -3.1144 -9.5852 0.7660
v -3.0747 -9.4630 0.8660
v -3.0308 -9.3278 0.9397
v -2.9840 -9.1837 0.9848
v -2.9357 -9.0350 1.0000
v -2.8874 -8.8864 0.9848
v -2.8405 -8.7423 0.9397
v -2.7966 -8.6071 0.8660
v -2.7569 -8.4848 0.7660
v -2.7226 -8.3793 0.6428
v -2.6948 -8.2938 0.5000
v -2.6743 -8.2307 0.3420
v -2.6618 -8.1921 0.1736
v -2.6575 -8.1791 0.0000
v -2.6618 -8.1921 -0.1736
v -2.6743 -8.2307 -0.3420
v -2.6948 -8.2938 -0.5000
v -2.7226 -8.3793 -0.6428
v -2.7569 -8.4848 -0.7660
v -2.7966 -8.6071 -0.8660
v -2.8405 -8.7423 -0.9397
v -2.8874 -8.8864 -0.9848
v -2.7322 -9.0986 -1.0000
v -2.7771 -9.2483 -0.9848
v -2.8207 -9.3934 -0.9397
v -2.8616 -9.5296 -0.8660
v -2.8986 -9.6527 -0.7660
v -2.9305 -9.7589 -0.6428
v -2.9564 -9.8451 -0.5000
v -2.9754 -9.9086 -0.3420
v -2.9871 -9.9475 -0.1736
v -2.9910 -9.9606 -0.0000
v -2.9871 -9.9475 0.1736
v -2.9754 -9.9086 0.3420
v -2.9564 -9.8451 0.5000
v -2.9305 -9.7589 0.6428
v -2.8986 -9.6527 0.7660
v -2.8616 -9.5296 0.8660
v -2.8207 -9.3934 0.9397
v -2.7771 -9.2483 0.9848
v -2.7322 -9.0986 1.0000
v -2.6872 -8.9490 0.9848
v -2.6437 -8.8038 0.9397
v -2.6028 -8.6676 0.8660
v -2.5658 -8.5446 0.7660
v -2.5339 -8.4383 0.6428
v -2.5080 -8.3521 0.5000
v -2.4890 -8.2886 0.3420
v -2.4773 -8.2498 0.1736
v -2.4734 -8.2367 0.0000
v -2.4773 -8.2498 -0.1736
v -2.4890 -8.2886 -0.3420
v -2.5080 -8.3521 -0.5000
v -2.5339 -8.4383 -0.6428
v -2.5658 -8.5446 -0.7660
v -2.6028 -8.6676 -0.8660
v -2.6437 -8.8038 -0.9397
v -2.6872 -8.9490 -0.9848
v -2.5274 -9.1576 -1.0000
v -2.5689 -9.3083 -0.9848
v -2.6092 -9.4544 -0.9397
v -2.6471 -9.5914 -0.8660
v -2.6813 -9.7153 -0.7660
v -2.7108 -9.8222 -0.6428
v -2.7347 -9.9090 -0.5000
v -2.7523 -9.9729 -0.3420
v -2.7631 -10.0120 -0.1736
v -2.7668 -10.0252 -0.0000
v -2.7631 -10.0120 0.1736
v -2.7523 -9.9729 0.3420
v -2.7347 -9.9090 0.5000
v -2.7108 -9.8222 0.6428
v -2.6813 -9.7153 0.7660
v -2.6471 -9.5914 0.8660
v -2.6092 -9.4544 0.9397
v -2.5689 -9.3083 0.9848
v -2.5274 -9.1576 1.0000
v -2.4858 -9.0070 0.9848
v -2.4455 -8.8609 0.9397
v -2.4076 -8.7239 0.8660
v -2.3734 -8.6000 0.7660
v -2.3439 -8.4931 0.6428
v -2.3200 -8.4063 0.5000
v -2.3024 -8.3424 0.3420
v -2.2916 -8.3033 0.1736
v -2.2879 -8.2901 0.0000
v -2.2916 -8.3033 -0.1736
v -2.3024 -8.3424 -0.3420
v -2.3200 -8.4063 -0.5000
v -2.3439 -8.4931 -0.6428
v -2.3734 -8.6000 -0.7660
v -2.4076 -8.7239 -0.8660
v -2.4455 -8.8609 -0.9397
v -2.4858 -9.0070 -0.9848
v -2.3212 -9.2121 -1.0000
v -2.3594 -9.3636 -0.9848
v -2.3964 -9.5105 -0.9397
v -2.4312 -9.6484 -0.8660
v -2.4626 -9.7730 -0.7660
v -2.4897 -9.8806 -0.6428
v -2.5117 -9.9678 -0.5000
v -2.5279 -10.0321 -0.3420
v -2.5378 -10.0715 -0.1736
v -2.5411 -10.0848 -0.0000
v -2.5378 -10.0715 0.1736
v -2.5279 -10.0321 0.3420
v -2.5117 -9.9678 0.5000
v -2.4897 -9.8806 0.6428
v -2.4626 -9.7730 0.7660
v -2.4312 -9.6484 0.8660
v -2.3964 -9.5105 0.9397
v -2.3594 -9.3636 0.9848
v -2.3212 -9.2121 1.0000
v -2.2830 -9.0605 0.9848
v -2.2460 -8.9136 0.9397
v -2.2113 -8.7757 0.8660
v -2.1799 -8.6511 0.7660
v -2.1528 -8.5435 0.6428
v -2.1308 -8.4563 0.5000
v -2.1146 -8.3920 0.3420
v -2.1047 -8.3526 0.1736
v -2.1013 -8.3393 0.0000
v -2.1047 -8.3526 -0.1736
v -2.1146 -8.3920 -0.3420
v -2.1308 -8.4563 -0.5000
v -2.1528 -8.5435 -0.6428
v -2.1799 -8.6511 -0.7660
v -2.2113 -8.7757 -0.8660
v -2.2460 -8.9136 -0.9397
v -2.2830 -9.0605 -0.9848
v -2.1139 -9.2618 -1.0000
v -2.1487 -9.4142 -0.9848
v -2.1824 -9.5619 -0.9397
v -2.2141 -9.7005 -0.8660
v -2.2427 -9.8258 -0.7660
v -2.2674 -9.9340 -0.6428
v -2.2874 -10.0217 -0.5000
v -2.3021 -10.0863 -0.3420
v -2.3112 -10.1259 -0.1736
v -2.3142 -10.1393 -0.0000
v -2.3112 -10.1259 0.1736
v -2.3021 -10.0863 0.3420
v -2.2874 -10.0217 0.5000
v -2.2674 -9.9340 0.6428
v -2.2427 -9.8258 0.7660
v -2.2141 -9.7005 0.8660
v -2.1824 -9.5619 0.9397
v -2.1487 -9.4142 0.9848
v -2.1139 -9.2618 1.0000
v -2.0792 -9.1095 0.9848
v -2.0455 -8.9617 0.9397
v -2.0138 -8.8231 0.8660
v -1.9852 -8.6978 0.7660
v -1.9605 -8.5897 0.6428
v -1.9405 -8.5019 0.5000
v -1.9258 -8.4373 0.3420
v -1.9167 -8.3977 0.1736
v -1.9137 -8.3844 0.0000
v -1.9167 -8.3977 -0.1736
v -1.9258 -8.4373 -0.3420
v -1.9405 -8.5019 -0.5000
v -1.9605 -8.5897 -0.6428
v -1.9852 -8.6978 -0.7660
v -2.0138 -8.8231 -0.8660
v -2.0455 -8.9617 -0.9397
v -2.0792 -9.1095 -0.9848
v -1.9056 -9.3069 -1.0000
v -1.9369 -9.4600 -0.9848
v -1.9673 -9.6085 -0.9397
v -1.9959 -9.7478 -0.8660
v -2.0216 -9.8737 -0.7660
v -2.0439 -9.9823 -0.6428
v -2.0619 -10.0705 -0.5000
v -2.0752 -10.1355 -0.3420
v -2.0834 -10.1752 -0.1736
v -2.0861 -10.1886 -0.0000
v -2.0834 -10.1752 0.1736
v -2.0752 -10.1355 0.3420
v -2.0619 -10.0705 0.5000
v -2.0439 -9.9823 0.6428
v -2.0216 -9.8737 0.7660
v -1.9959 -9.7478 0.8660
v -1.9673 -9.6085 0.9397
v -1.9369 -9.4600 0.9848
v -1.9056 -9.3069 1.0000
v -1.8743 -9.1538 0.9848
v -1.8439 -9.0054 0.9397
v -1.8153 -8.8661 0.8660
v -1.7896 -8.7402 0.7660
v -1.7673 -8.6315 0.6428
v -1.7493 -8.5433 0.5000
v -1.7360 -8.4784 0.3420
v -1.7278 -8.4386 0.1736
v -1.7251 -8.4252 0.0000
v -1.7278 -8.4386 -0.1736
v -1.7360 -8.4784 -0.3420
v -1.7493 -8.5433 -0.5000
v -1.7673 -8.6315 -0.6428
v -1.7896 -8.7402 -0.7660
v -1.8153 -8.8661 -0.8660
v -1.8439 -9.0054 -0.9397
v -1.8743 -9.1538 -0.9848
v -1.6963 -9.3473 -1.0000
v -1.7242 -9.5011 -0.9848
v -1.7513 -9.6502 -0.9397
v -1.7766 -9.7901 -0.8660
v -1.7996 -9.9165 -0.7660
v -1.8194 -10.0257 -0.6428
v -1.8355 -10.1142 -0.5000
v -1.8473 -10.1795 -0.3420
v -1.8546 -10.2194 -0.1736
v -1.8570 -10.2329 -0.0000
v -1.8546 -10.2194 0.1736
v -1.8473 -10.1795 0.3420
v -1.8355 -10.1142 0.5000
v -1.8194 -10.0257 0.6428
v -1.7996 -9.9165 0.7660
v -1.7766 -9.7901 0.8660
v -1.7513 -9.6502 0.9397
v -1.7242 -9.5011 0.9848
v -1.6963 -9.3473 1.0000
v -1.6684 -9.1936 0.9848
v -1.6413 -9.0445 0.9397
v -1.6159 -8.9046 0.8660
v -1.5930 -8.7781 0.7660
v -1.5732 -8.6690 0.6428
v -1.5571 -8.5804 0.5000
v -1.5453 -8.5152 0.3420
v -1.5380 -8.4752 0.1736
v -1.5356 -8.4618 0.0000
v -1.5380 -8.4752 -0.1736
v -1.5453 -8.5152 -0.3420
v -1.5571 -8.5804 -0.5000
v -1.5732 -8.6690 -0.6428
v -1.5930 -8.7781 -0.7660
v -1.6159 -8.9046 -0.8660
v -1.6413 -9.0445 -0.9397
v -1.6684 -9.1936 -0.9848
v -1.4861 -9.3830 -1.0000
v -1.5106 -9.5374 -0.9848
v -1.5343 -9.6871 -0.9397
v -1.5565 -9.8275 -0.8660
v -1.5766 -9.9544 -0.7660
v -1.5940 -10.0640 -0.6428
v -1.6081 -10.1529 -0.5000
v -1.6184 -10.2184 -0.3420
v -1.6248 -10.2585 -0.1736
v -1.6269 -10.2720 -0.0000
v -1.6248 -10.2585 0.1736
v -1.6184 -10.2184 0.3420
v -1.6081 -10.1529 0.5000
v -1.5940 -10.0640 0.6428
v -1.5766 -9.9544 0.7660
v -1.5565 -9.8275 0.8660
v -1.5343 -9.6871 0.9397
v -1.5106 -9.5374 0.9848
v -1.4861 -9.3830 1.0000
v -1.4617 -9.2287 0.9848
v -1.4380 -9.0790 0.9397
v -1.4157 -8.9386 0.8660
v -1.3956 -8.8117 0.7660
v -1.3783 -8.7021 0.6428
v -1.3642 -8.6132 0.5000
v -1.3538 -8.5477 0.3420
v -1.3475 -8.5076 0.1736
v -1.3453 -8.4941 0.0000
v -1.3475 -8.5076 -0.1736
v -1.3538 -8.5477 -0.3420
v -1.3642 -8.6132 -0.5000
v -1.3783 -8.7021 -0.6428
v -1.3956 -8.8117 -0.7660
v -1.4157 -8.9386 -0.8660
v -1.4380 -9.0790 -0.9397
v -1.4617 -9.2287 -0.9848
v -1.2752 -9.4140 -1.0000
v -1.2962 -9.5689 -0.9848
v -1.3165 -9.7191 -0.9397
v -1.3356 -9.8600 -0.8660
v -1.3529 -9.9873 -0.7660
v -1.3678 -10.0972 -0.6428
v -1.3798 -10.1864 -0.5000
v -1.3887 -10.2521 -0.3420
v -1.3942 -10.2923 -0.1736
v -1.3960 -10.3059 -0.0000
v -1.3942 -10.2923 0.1736
v -1.3887 -10.2521 0.3420
v -1.3798 -10.1864 0.5000
v -1.3678 -10.0972 0.6428
v -1.3529 -9.9873 0.7660
v -1.3356 -9.8600 0.8660
v -1.3165 -9.7191 0.9397
v -1.2962 -9.5689 0.9848
v -1.2752 -9.4140 1.0000
v -1.2542 -9.2592 0.9848
v -1.2339 -9.1090 0.9397
v -1.2148 -8.9681 0.8660
v -1.1976 -8.8407 0.7660
v -1.1827 -8.7308 0.6428
v -1.1706 -8.6417 0.5000
v -1.1617 -8.5760 0.3420
v -1.1562 -8.5357 0.1736
v -1.1544 -8.5222 0.0000
v -1.1562 -8.5357 -0.1736
v -1.1617 -8.5760 -0.3420
v -1.1706 -8.6417 -0.5000
v -1.1827 -8.7308 -0.6428
v -1.1976 -8.8407 -0.7660
v -1.2148 -8.9681 -0.8660
v -1.2339 -9.1090 -0.9397
v -1.2542 -9.2592 -0.9848
v -1.0637 -9.4403 -1.0000
v -1.0812 -9.5956 -0.9848
v -1.0981 -9.7461 -0.9397
v -1.1140 -9.8874 -0.8660
v -1.1284 -10.0151 -0.7660
v -1.1409 -10.1254 -0.6428
v -1.1509 -10.2148 -0.5000
v -1.1584 -10.2807 -0.3420
v -1.1629 -10.3210 -0.1736
v -1.1644 -10.3346 -0.0000
v -1.1629 -10.3210 0.1736
v -1.1584 -10.2807 0.3420
v -1.1509 -10.2148 0.5000
v -1.1409 -10.1254 0.6428
v -1.1284 -10.0151 0.7660
v -1.1140 -9.8874 0.8660
v -1.0981 -9.7461 0.9397
v -1.0812 -9.5956 0.9848
v -1.0637 -9.4403 1.0000
v -1.0462 -9.2850 0.9848
v -1.0292 -9.1344 0.9397
v -1.0133 -8.9931 0.8660
v -0.9989 -8.8654 0.7660
v -0.9865 -8.7552 0.6428
v -0.9764 -8.6657 0.5000
v -0.9690 -8.5999 0.3420
v -0.9644 -8.5595 0.1736
v -0.9629 -8.5459 0.0000
v -0.9644 -8.5595 -0.1736
v -0.9690 -8.5999 -0.3420
v -0.9764 -8.6657 -0.5000
v -0.9865 -8.7552 -0.6428
v -0.9989 -8.8654 -0.7660
v -1.0133 -8.9931 -0.8660
v -1.0292 -9.1344 -0.9397
v -1.0462 -9.2850 -0.9848
v -0.8516 -9.4618 -1.0000
v -0.8656 -9.6174 -0.9848
v -0.8792 -9.7683 -0.9397
v -0.8919 -9.9099 -0.8660
v -0.9034 -10.0379 -0.7660
v -0.9134 -10.1484 -0.6428
v -0.9214 -10.2380 -0.5000
v -0.9274 -10.3041 -0.3420
v -0.9310 -10.3445 -0.1736
v -0.9322 -10.3581 -0.0000
v -0.9310 -10.3445 0.1736
v -0.9274 -10.3041 0.3420
v -0.9214 -10.2380 0.5000
v -0.9134 -10.1484 0.6428
v -0.9034 -10.0379 0.7660
v -0.8919 -9.9099 0.8660
v -0.8792 -9.7683 0.9397
v -0.8656 -9.6174 0.9848
v -0.8516 -9.4618 1.0000
v -0.8376 -9.3061 0.9848
v -0.8240 -9.1552 0.9397
v -0.8112 -9.0136 0.8660
v -0.7997 -8.8856 0.7660
v -0.7898 -8.7751 0.6428
v -0.7817 -8.6855 0.5000
v -0.7758 -8.6194 0.3420
v -0.7721 -8.5790 0.1736
v -0.7709 -8.5654 0.0000
v -0.7721 -8.5790 -0.1736
v -0.7758 -8.6194 -0.3420
v -0.7817 -8.6855 -0.5000
v -0.7898 -8.7751 -0.6428
v -0.7997 -8.8856 -0.7660
v -0.8112 -9.0136 -0.8660
v -0.8240 -9.1552 -0.9397
v -0.8376 -9.3061 -0.9848
v -0.6391 -9.4785 -1.0000
v -0.6496 -9.6344 -0.9848
v -0.6598 -9.7856 -0.9397
v -0.6693 -9.9275 -0.8660
v -0.6780 -10.0557 -0.7660
v -0.6854 -10.1664 -0.6428
v -0.6915 -10.2561 -0.5000
v -0.6959 -10.3223 -0.3420
v -0.6987 -10.3628 -0.1736
v -0.6996 -10.3764 -0.0000
v -0.6987 -10.3628 0.1736
v -0.6959 -10.3223 0.3420
v -0.6915 -10.2561 0.5000
v -0.6854 -10.1664 0.6428
v -0.6780 -10.0557 0.7660
v -0.6693 -9.9275 0.8660
v -0.6598 -9.7856 0.9397
v -0.6496 -9.6344 0.9848
v -0.6391 -9.4785 1.0000
v -0.6285 -9.3226 0.9848
v -0.6183 -9.1714 0.9397
v -0.6088 -9.0295 0.8660
v -0.6001 -8.9013 0.7660
v -0.5927 -8.7906 0.6428
v -0.5866 -8.7008 0.5000
v -0.5822 -8.6347 0.3420
v -0.5794 -8.5942 0.1736
v -0.5785 -8.5805 0.0000
v -0.5794 -8.5942 -0.1736
v -0.5822 -8.6347 -0.3420
v -0.5866 -8.7008 -0.5000
v -0.5927 -8.7906 -0.6428
v -0.6001 -8.9013 -0.7660
v -0.6088 -9.0295 -0.8660
v -0.6183 -9.1714 -0.9397
v -0.6285 -9.3226 -0.9848
v -0.4262 -9.4904 -1.0000
v -0.4332 -9.6466 -0.9848
v -0.4400 -9.7979 -0.9397
v -0.4464 -9.9400 -0.8660
v -0.4522 -10.0684 -0.7660
v -0.4571 -10.1792 -0.6428
v -0.4612 -10.2691 -0.5000
v -0.4642 -10.3353 -0.3420
v -0.4660 -10.3759 -0.1736
v -0.4666 -10.3895 -0.0000
v -0.4660 -10.3759 0.1736
v -0.4642 -10.3353 0.3420
v -0.4612 -10.2691 0.5000
v -0.4571 -10.1792 0.6428
v -0.4522 -10.0684 0.7660
v -0.4464 -9.9400 0.8660
v -0.4400 -9.7979 0.9397
v -0.4332 -9.6466 0.9848
v -0.4262 -9.4904 1.0000
v -0.4192 -9.3343 0.9848
v -0.4124 -9.1829 0.9397
v -0.4060 -9.0409 0.8660
v -0.4003 -8.9125 0.7660
v -0.3953 -8.8017 0.6428
v -0.3912 -8.7118 0.5000
v -0.3883 -8.6456 0.3420
v -0.3865 -8.6050 0.1736
v -0.3858 -8.5913 0.0000
v -0.3865 -8.6050 -0.1736
v -0.3883 -8.6456 -0.3420
v -0.3912 -8.7118 -0.5000
v -0.3953 -8.8017 -0.6428
v -0.4003 -8.9125 -0.7660
v -0.4060 -9.0409 -0.8660
v -0.4124 -9.1829 -0.9397
v -0.4192 -9.3343 -0.9848
v -0.2132 -9.4976 -1.0000
v -0.2167 -9.6539 -0.9848
v -0.2201 -9.8053 -0.9397
v -0.2233 -9.9475 -0.8660
v -0.2261 -10.0760 -0.7660
v -0.2286 -10.1869 -0.6428
v -0.2307 -10.2768 -0.5000
v -0.2321 -10.3431 -0.3420
v -0.2330 -10.3837 -0.1736
v -0.2334 -10.3974 -0.0000
v -0.2330 -10.3837 0.1736
v -0.2321 -10.3431 0.3420
v -0.2307 -10.2768 0.5000
v -0.2286 -10.1869 0.6428
v -0.2261 -10.0760 0.7660
v -0.2233 -9.9475 0.8660
v -0.2201 -9.8053 0.9397
v -0.2167 -9.6539 0.9848
v -0.2132 -9.4976 1.0000
v -0.2097 -9.3414 0.9848
v -0.2063 -9.1899 0.9397
v -0.2031 -9.0477 0.8660
v -0.2002 -8.9192 0.7660
v -0.1977 -8.8083 0.6428
v -0.1957 -8.7184 0.5000
v -0.1942 -8.6521 0.3420
v -0.1933 -8.6115 0.1736
v -0.1930 -8.5978 0.0000
v -0.1933 -8.6115 -0.1736
v -0.1942 -8.6521 -0.3420
v -0.1957 -8.7184 -0.5000
v -0.1977 -8.8083 -0.6428
v -0.2002 -8.9192 -0.7660
v -0.2031 -9.0477 -0.8660
v -0.2063 -9.1899 -0.9397
v -0.2097 -9.3414 -0.9848
v -0.0000 -9.5000 -1.0000
v -0.0000 -9.6563 -0.9848
v -0.0000 -9.8078 -0.9397
v -0.0000 -9.9500 -0.8660
v -0.0000 -10.0785 -0.7660
v -0.0000 -10.1894 -0.6428
v -0.0000 -10.2794 -0.5000
v -0.0000 -10.3457 -0.3420
v -0.0000 -10.3863 -0.1736
v -0.0000 -10.4000 -0.0000
v -0.0000 -10.3863 0.1736
v -0.0000 -10.3457 0.3420
v -0.0000 -10.2794 0.5000
v -0.0000 -10.1894 0.6428
v -0.0000 -10.0785 0.7660
v -0.0000 -9.9500 0.8660
v -0.0000 -9.8078 0.9397
v -0.0000 -9.6563 0.9848
v -0.0000 -9.5000 1.0000
v -0.0000 -9.3437 0.9848
v -0.0000 -9.1922 0.9397
v -0.0000 -9.0500 0.8660
v -0.0000 -8.9215 0.7660
v -0.0000 -8.8106 0.6428
v -0.0000 -8.7206 0.5000
v -0.0000 -8.6543 0.3420
v -0.0000 -8.6137 0.1736
v -0.0000 -8.6000 0.0000
v -0.0000 -8.6137 -0.1736
v -0.0000 -8.6543 -0.3420
v -0.0000 -8.7206 -0.5000
v -0.0000 -8.8106 -0.6428
v -0.0000 -8.9215 -0.7660
v -0.0000 -9.0500 -0.8660
v -0.0000 -9.1922 -0.9397
v -0.0000 -9.3437 -0.9848
v 0.2132 -9.4976 -1.0000
v 0.2167 -9.6539 -0.9848
v 0.2201 -9.8053 -0.9397
v 0.2233 -9.9475 -0.8660
v 0.2261 -10.0760 -0.7660
v 0.2286 -10.1869 -0.6428
v 0.2307 -10.2768 -0.5000
v 0.2321 -10.3431 -0.3420
v 0.2330 -10.3837 -0.1736
v 0.2334 -10.3974 -0.0000
v 0.2330 -10.3837 0.1736
v 0.2321 -10.3431 0.3420
v 0.2307 -10.2768 0.5000
v 0.2286 -10.1869 0.6428
v 0.2261 -10.0760 0.7660
v 0.2233 -9.9475 0.8660
v 0.2201 -9.8053 0.9397
v 0.2167 -9.6539 0.9848
v 0.2132 -9.4976 1.0000
v 0.2097 -9.3414 0.9848
v 0.2063 -9.1899 0.9397
v 0.2031 -9.0477 0.8660
v 0.2002 -8.9192 0.7660
v 0.1977 -8.8083 0.6428
v 0.1957 -8.7184 0.5000
v 0.1942 -8.6521 0.3420
v 0.1933 -8.6115 0.1736
v 0.1930 -8.5978 0.0000
v 0.1933 -8.6115 -0.1736
v 0.1942 -8.6521 -0.3420
v 0.1957 -8.7184 -0.5000
v 0.1977 -8.8083 -0.6428
v 0.2002 -8.9192 -0.7660
v 0.2031 -9.0477 -0.8660
v 0.2063 -9.1899 -0.9397
v 0.2097 -9.3414 -0.9848
v 0.4262 -9.4904 -1.0000
v 0.4332 -9.6466 -0.9848
v 0.4400 -9.7979 -0.9397
v 0.4464 -9.9400 -0.8660
v 0.4522 -10.0684 -0.7660
v 0.4571 -10.1792 -0.6428
v 0.4612 -10.2691 -0.5000
v 0.4642 -10.3353 -0.3420
v 0.4660 -10.3759 -0.1736
v 0.4666 -10.3895 -0.0000
v 0.4660 -10.3759 0.1736
v 0.4642 -10.3353 0.3420
v 0.4612 -10.2691 0.5000
v 0.4571 -10.1792 0.6428
v 0.4522 -10.0684 0.7660
v 0.4464 -9.9400 0.8660
v 0.4400 -9.7979 0.9397
v 0.4332 -9.6466 0.9848
v 0.4262 -9.4904 1.0000
v 0.4192 -9.3343 0.9848
v 0.4124 -9.1829 0.9397
v 0.4060 -9.0409 0.8660
v 0.4003 -8.9125 0.7660
v 0.3953 -8.8017 0.6428
v 0.3912 -8.7118 0.5000
v 0.3883 -8.6456 0.3420
v 0.3865 -8.6050 0.1736
v 0.3858 -8.5913 0.0000
v 0.3865 -8.6050 -0.1736
v 0.3883 -8.6456 -0.3420
v 0.3912 -8.7118 -0.5000
v 0.3953 -8.8017 -0.6428
v 0.4003 -8.9125 -0.7660
v 0.4060 -9.0409 -0.8660
v 0.4124 -9.1829 -0.9397
v 0.4192 -9.3343 -0.9848
v 0.6391 -9.4785 -1.0000
v 0.6496 -9.6344 -0.9848
v 0.6598 -9.7856 -0.9397
v 0.6693 -9.9275 -0.8660
v 0.6780 -10.0557 -0.7660
v 0.6854 -10.1664 -0.6428
v 0.6915 -10.2561 -0.5000
v 0.6959 -10.3223 -0.3420
v 0.6987 -10.3628 -0.1736
v 0.6996 -10.3764 -0.0000
v 0.6987 -10.3628 0.1736
v 0.6959 -10.3223 0.3420
v 0.6915 -10.2561 0.5000
v 0.6854 -10.1664 0.6428
v 0.6780 -10.0557 0.7660
v 0.6693 -9.9275 0.8660
v 0.6598 -9.7856 0.9397
v 0.6496 -9.6344 0.9848
v 0.6391 -9.4785 1.0000
v 0.6285 -9.3226 0.9848
v 0.6183 -9.1714 0.9397
v 0.6088 -9.0295 0.8660
v 0.6001 -8.9013 0.7660
v 0.5927 -8.7906 0.6428
v 0.5866 -8.7008 0.5000
v 0.5822 -8.6347 0.3420
v 0.5794 -8.5942 0.1736
v 0.5785 -8.5805 0.0000
v 0.5794 -8.5942 -0.1736
v 0.5822 -8.6347 -0.3420
v 0.5866 -8.7008 -0.5000
v 0.5927 -8.7906 -0.6428
v 0.6001 -8.9013 -0.7660
v 0.6088 -9.0295 -0.8660
v 0.6183 -9.1714 -0.9397
v 0.6285 -9.3226 -0.9848
v 0.8516 -9.4618 -1.0000
v 0.8656 -9.6174 -0.9848
v 0.8792 -9.7683 -0.9397
v 0.8919 -9.9099 -0.8660
v 0.9034 -10.0379 -0.7660
v 0.9134 -10.1484 -0.6428
v 0.9214 -10.2380 -0.5000
v 0.9274 -10.3041 -0.3420
v 0.9310 -10.3445 -0.1736
v 0.9322 -10.3581 -0.0000
v 0.9310 -10.3445 0.1736
v 0.9274 -10.3041 0.3420
v 0.9214 -10.2380 0.5000
v 0.9134 -10.1484 0.6428
v 0.9034 -10.0379 0.7660
v 0.8919 -9.9099 0.8660
v 0.8792 -9.7683 0.9397
v 0.8656 -9.6174 0.9848
v 0.8516 -9.4618 1.0000
v 0.8376 -9.3061 0.9848
v 0.8240 -9.1552 0.9397
v 0.8112 -9.0136 0.8660
v 0.7997 -8.8856 0.7660
v 0.7898 -8.7751 0.6428
v 0.7817 -8.6855 0.5000
v 0.7758 -8.6194 0.3420
v 0.7721 -8.5790 0.1736
v 0.7709 -8.5654 0.0000
v 0.7721 -8.5790 -0.1736
v 0.7758 -8.6194 -0.3420
v 0.7817 -8.6855 -0.5000
v 0.7898 -8.7751 -0.6428
v 0.7997 -8.8856 -0.7660
v 0.8112 -9.0136 -0.8660
v 0.8240 -9.1552 -0.9397
v 0.8376 -9.3061 -0.9848
v 1.0637 -9.4403 -1.0000
v 1.0812 -9.5956 -0.9848
v 1.0981 -9.7461 -0.9397
v 1.1140 -9.8874 -0.8660
v 1.1284 -10.0151 -0.7660
v 1.1409 -10.1254 -0.6428
v 1.1509 -10.2148 -0.5000
v 1.1584 -10.2807 -0.3420
v 1.1629 -10.3210 -0.1736
v 1.1644 -10.3346 -0.0000
v 1.1629 -10.3210 0.1736
v 1.1584 -10.2807 0.3420
v 1.1509 -10.2148 0.5000
v 1.1409 -10.1254 0.6428
v 1.1284 -10.0151 0.7660
v 1.1140 -9.8874 0.8660
v 1.0981 -9.7461 0.9397
v 1.0812 -9.5956 0.9848
v 1.0637 -9.4403 1.0000
v 1.0462 -9.2850 0.9848
v 1.0292 -9.1344 0.9397
v 1.0133 -8.9931 0.8660
v 0.9989 -8.8654 0.7660
v 0.9865 -8.7552 0.6428
v 0.9764 -8.6657 0.5000
v 0.9690 -8.5999 0.3420
v 0.9644 -8.5595 0.1736
v 0.9629 -8.5459 0.0000
v 0.9644 -8.5595 -0.1736
v 0.9690 -8.5999 -0.3420
v 0.9764 -8.6657 -0.5000
v 0.9865 -8.7552 -0.6428
v 0.9989 -8.8654 -0.7660
v 1.0133 -8.9931 -0.8660
v 1.0292 -9.1344 -0.9397
v 1.0462 -9.2850 -0.9848
v 1.2752 -9.4140 -1.0000
v 1.2962 -9.5689 -0.9848
v 1.3165 -9.7191 -0.9397
v 1.3356 -9.8600 -0.8660
v 1.3529 -9.9873 -0.7660
v 1.3678 -10.0972 -0.6428
v 1.3798 -10.1864 -0.5000
v 1.3887 -10.2521 -0.3420
v 1.3942 -10.2923 -0.1736
v 1.3960 -10.3059 -0.0000
v 1.3942 -10.2923 0.1736
v 1.3887 -10.2521 0.3420
v 1.3798 -10.1864 0.5000
v 1.3678 -10.0972 0.6428
v 1.3529 -9.9873 0.7660
v 1.3356 -9.8600 0.8660
v 1.3165 -9.7191 0.9397
v 1.2962 -9.5689 0.9848
v 1.2752 -9.4140 1.0000
v 1.2542 -9.2592 0.9848
v 1.2339 -9.1090 0.9397
v 1.2148 -8.9681 0.8660
v 1.1976 -8.8407 0.7660
v 1.1827 -8.7308 0.6428
v 1.1706 -8.6417 0.5000
v 1.1617 -8.5760 0.3420
v 1.1562 -8.5357 0.1736
v 1.1544 -8.5222 0.0000
v 1.1562 -8.5357 -0.1736
v 1.1617 -8.5760 -0.3420
v 1.1706 -8.6417 -0.5000
v 1.1827 -8.7308 -0.6428
v 1.1976 -8.8407 -0.7660
v 1.2148 -8.9681 -0.8660
v 1.2339 -9.1090 -0.9397
v 1.2542 -9.2592 -0.9848
v 1.4861 -9.3830 -1.0000
v 1.5106 -9.5374 -0.9848
v 1.5343 -9.6871 -0.9397
v 1.5565 -9.8275 -0.8660
v 1.5766 -9.9544 -0.7660
v 1.5940 -10.0640 -0.6428
v 1.6081 -10.1529 -0.5000
v 1.6184 -10.2184 -0.3420
v 1.6248 -10.2585 -0.1736
v 1.6269 -10.2720 -0.0000
v 1.6248 -10.2585 0.1736
v 1.6184 -10.2184 0.3420
v 1.6081 -10.1529 0.5000
v 1.5940 -10.0640 0.6428
v 1.5766 -9.9544 0.7660
v 1.5565 -9.8275 0.8660
v 1.5343 -9.6871 0.9397
v 1.5106 -9.5374 0.9848
v 1.4861 -9.3830 1.0000
v 1.4617 -9.2287 0.9848
v 1.4380 -9.0790 0.9397
v 1.4157 -8.9386 0.8660
v 1.3956 -8.8117 0.7660
v 1.3783 -8.7021 0.6428
v 1.3642 -8.6132 0.5000
v 1.3538 -8.5477 0.3420
v 1.3475 -8.5076 0.1736
v 1.3453 -8.4941 0.0000
v 1.3475 -8.5076 -0.1736
v 1.3538 -8.5477 -0.3420
v 1.3642 -8.6132 -0.5000
v 1.3783 -8.7021 -0.6428
v 1.3956 -8.8117 -0.7660
v 1.4157 -8.9386 -0.8660
v 1.4380 -9.0790 -0.9397
v 1.4617 -9.2287 -0.9848
v 1.6963 -9.3473 -1.0000
v 1.7242 -9.5011 -0.9848
v 1.7513 -9.6502 -0.9397
v 1.7766 -9.7901 -0.8660
v 1.7996 -9.9165 -0.7660
v 1.8194 -10.0257 -0.6428
v 1.8355 -10.1142 -0.5000
v 1.8473 -10.1795 -0.3420
v 1.8546 -10.2194 -0.1736
v 1.8570 -10.2329 -0.0000
v 1.8546 -10.2194 0.1736
v 1.8473 -10.1795 0.3420
v 1.8355 -10.1142 0.5000
v 1.8194 -10.0257 0.6428
v 1.7996 -9.9165 0.7660
v 1.7766 -9.7901 0.8660
v 1.7513 -9.6502 0.9397
v 1.7242 -9.5011 0.9848
v 1.6963 -9.3473 1.0000
v 1.6684 -9.1936 0.9848
v 1.6413 -9.0445 0.9397
v 1.6159 -8.9046 0.8660
v 1.5930 -8.7781 0.7660
v 1.5732 -8.6690 0.6428
v 1.5571 -8.5804 0.5000
v 1.5453 -8.5152 0.3420
v 1.5380 -8.4752 0.1736
v 1.5356 -8.4618 0.0000
v 1.5380 -8.4752 -0.1736
v 1.5453 -8.5152 -0.3420
v 1.5571 -8.5804 -0.5000
v 1.5732 -8.6690 -0.6428
v 1.5930 -8.7781 -0.7660
v 1.6159 -8.9046 -0.8660
v 1.6413 -9.0445 -0.9397
v 1.6684 -9.1936 -0.9848
v 1.9056 -9.3069 -1.0000
v 1.9369 -9.4600 -0.9848
v 1.9673 -9.6085 -0.9397
v 1.9959 -9.7478 -0.8660
v 2.0216 -9.8737 -0.7660
v 2.0439 -9.9823 -0.6428
v 2.0619 -10.0705 -0.5000
v 2.0752 -10.1355 -0.3420
v 2.0834 -10.1752 -0.1736
v 2.0861 -10.1886 -0.0000
v 2.0834 -10.1752 0.1736
v 2.0752 -10.1355 0.3420
v 2.0619 -10.0705 0.5000
v 2.0439 -9.9823 0.6428
v 2.0216 -9.8737 0.7660
v 1.9959 -9.7478 0.8660
v 1.9673 -9.6085 0.9397
v 1.9369 -9.4600 0.9848
v 1.9056 -9.3069 1.0000
v 1.8743 -9.1538 0.9848
v 1.8439 -9.0054 0.9397
v 1.8153 -8.8661 0.8660
v 1.7896 -8.7402 0.7660
v 1.7673 -8.6315 0.6428
v 1.7493 -8.5433 0.5000
v 1.7360 -8.4784 0.3420
v 1.7278 -8.4386 0.1736
v 1.7251 -8.4252 0.0000
v 1.7278 -8.4386 -0.1736
v 1.7360 -8.4784 -0.3420
v 1.7493 -8.5433 -0.5000
v 1.7673 -8.6315 -0.6428
v 1.7896 -8.7402 -0.7660
v 1.8153 -8.8661 -0.8660
v 1.8439 -9.0054 -0.9397
v 1.8743 -9.1538 -0.9848
v 2.1139 -9.2618 -1.0000
v 2.1487 -9.4142 -0.9848
v 2.1824 -9.5619 -0.9397
v 2.2141 -9.7005 -0.8660
v 2.2427 -9.8258 -0.7660
v 2.2674 -9.9340 -0.6428
v 2.2874 -10.0217 -0.5000
v 2.3021 -10.0863 -0.3420
v 2.3112 -10.1259 -0.1736
v 2.3142 -10.1393 -0.0000
v 2.3112 -10.1259 0.1736
v 2.3021 -10.0863 0.3420
v 2.2874 -10.0217 0.5000
v 2.2674 -9.9340 0.6428
v 2.2427 -9.8258 0.7660
v 2.2141 -9.7005 0.8660
v 2.1824 -9.5619 0.9397
v 2.1487 -9.4142 0.9848
v 2.1139 -9.2618 1.0000
v 2.0792 -9.1095 0.9848
v 2.0455 -8.9617 0.9397
v 2.0138 -8.8231 0.8660
v 1.9852 -8.6978 0.7660
v 1.9605 -8.5897 0.6428
v 1.9405 -8.5019 0.5000
v 1.9258 -8.4373 0.3420
v 1.9167 -8.3977 0.1736
v 1.9137 -8.3844 0.0000
v 1.9167 -8.3977 -0.1736
v 1.9258 -8.4373 -0.3420
v 1.9405 -8.5019 -0.5000
v 1.9605 -8.5897 -0.6428
v 1.9852 -8.6978 -0.7660
v 2.0138 -8.8231 -0.8660
v 2.0455 -8.9617 -0.9397
v 2.0792 -9.1095 -0.9848
v 2.3212 -9.2121 -1.0000
v 2.3594 -9.3636 -0.9848
v 2.3964 -9.5105 -0.9397
v 2.4312 -9.6484 -0.8660
v 2.4626 -9.7730 -0.7660
v 2.4897 -9.8806 -0.6428
v 2.5117 -9.9678 -0.5000
v 2.5279 -10.0321 -0.3420
v 2.5378 -10.0715 -0.1736
v 2.5411 -10.0848 -0.0000
v 2.5378 -10.0715 0.1736
v 2.5279 -10.0321 0.3420
v 2.5117 -9.9678 0.5000
v 2.4897 -9.8806 0.6428
v 2.4626 -9.7730 0.7660
v 2.4312 -9.6484 0.8660
v 2.3964 -9.5105 0.9397
v 2.3594 -9.3636 0.9848
v 2.3212 -9.2121 1.0000
v 2.2830 -9.0605 0.9848
v 2.2460 -8.9136 0.9397
v 2.2113 -8.7757 0.8660
v 2.1799 -8.6511 0.7660
v 2.1528 -8.5435 0.6428
v 2.1308 -8.4563 0.5000
v 2.1146 -8.3920 0.3420
v 2.1047 -8.3526 0.1736
v 2.1013 -8.3393 0.0000
v 2.1047 -8.3526 -0.1736
v 2.1146 -8.3920 -0.3420
v 2.1308 -8.4563 -0.5000
v 2.1528 -8.5435 -0.6428
v 2.1799 -8.6511 -0.7660
v 2.2113 -8.7757 -0.8660
v 2.2460 -8.9136 -0.9397
v 2.2830 -9.0605 -0.9848
v 2.5274 -9.1576 -1.0000
v 2.5689 -9.3083 -0.9848
v 2.6092 -9.4544 -0.9397
v 2.6471 -9.5914 -0.8660
v 2.6813 -9.7153 -0.7660
v 2.7108 -9.8222 -0.6428
v 2.7347 -9.9090 -0.5000
v 2.7523 -9.9729 -0.3420
v 2.7631 -10.0120 -0.1736
v 2.7668 -10.0252 -0.0000
v 2.7631 -10.0120 0.1736
v 2.7523 -9.9729 0.3420
v 2.7347 -9.9090 0.5000
v 2.7108 -9.8222 0.6428
v 2.6813 -9.7153 0.7660
v 2.6471 -9.5914 0.8660
v 2.6092 -9.4544 0.9397
v 2.5689 -9.3083 0.9848
v 2.5274 -9.1576 1.0000
v 2.4858 -9.0070 0.9848
v 2.4455 -8.8609 0.9397
v 2.4076 -8.7239 0.8660
v 2.3734 -8.6000 0.7660
v 2.3439 -8.4931 0.6428
v 2.3200 -8.4063 0.5000
v 2.3024 -8.3424 0.3420
v 2.2916 -8.3033 0.1736
v 2.2879 -8.2901 0.0000
v 2.2916 -8.3033 -0.1736
v 2.3024 -8.3424 -0.3420
v 2.3200 -8.4063 -0.5000
v 2.3439 -8.4931 -0.6428
v 2.3734 -8.6000 -0.7660
v 2.4076 -8.7239 -0.8660
v 2.4455 -8.8609 -0.9397
v 2.4858 -9.0070 -0.9848
v 2.7322 -9.0986 -1.0000
v 2.7771 -9.2483 -0.9848
v 2.8207 -9.3934 -0.9397
v 2.8616 -9.5296 -0.8660
v 2.8986 -9.6527 -0.7660
v 2.9305 -9.7589 -0.6428
v 2.9564 -9.8451 -0.5000
v 2.9754 -9.9086 -0.3420
v 2.9871 -9.9475 -0.1736
v 2.9910 -9.9606 -0.0000
v 2.9871 -9.9475 0.1736
v 2.9754 -9.9086 0.3420
v 2.9564 -9.8451 0.5000
v 2.9305 -9.7589 0.6428
v 2.8986 -9.6527 0.7660
v 2.8616 -9.5296 0.8660
v 2.8207 -9.3934 0.9397
v 2.7771 -9.2483 0.9848
v 2.7322 -9.0986 1.0000
v 2.6872 -8.9490 0.9848
v 2.6437 -8.8038 0.9397
v 2.6028 -8.6676 0.8660
v 2.5658 -8.5446 0.7660
v 2.5339 -8.4383 0.6428
v 2.5080 -8.3521 0.5000
v 2.4890 -8.2886 0.3420
v 2.4773 -8.2498 0.1736
v 2.4734 -8.2367 0.0000
v 2.4773 -8.2498 -0.1736
v 2.4890 -8.2886 -0.3420
v 2.5080 -8.3521 -0.5000
v 2.5339 -8.4383 -0.6428
v 2.5658 -8.5446 -0.7660
v 2.6028 -8.6676 -0.8660
v 2.6437 -8.8038 -0.9397
v 2.6872 -8.9490 -0.9848
v 2.9357 -9.0350 -1.0000
v 2.9840 -9.1837 -0.9848
v 3.0308 -9.3278 -0.9397
v 3.0747 -9.4630 -0.8660
v 3.1144 -9.5852 -0.7660
v 3.1487 -9.6907 -0.6428
v 3.1765 -9.7763 -0.5000
v 3.1970 -9.8394 -0.3420
v 3.2096 -9.8780 -0.1736
v 3.2138 -9.8910 -0.0000
v 3.2096 -9.8780 0.1736
v 3.1970 -9.8394 0.3420
v 3.1765 -9.7763 0.5000
v 3.1487 -9.6907 0.6428
v 3.1144 -9.5852 0.7660
v 3.0747 -9.4630 0.8660
v 3.0308 -9.3278 0.9397
v 2.9840 -9.1837 0.9848
v 2.9357 -9.0350 1.0000
v 2.8874 -8.8864 0.9848
v 2.8405 -8.7423 0.9397
v 2.7966 -8.6071 0.8660
v 2.7569 -8.4848 0.7660
v 2.7226 -8.3793 0.6428
v 2.6948 -8.2938 0.5000
v 2.6743 -8.2307 0.3420
v 2.6618 -8.1921 0.1736
v 2.6575 -8.1791 0.0000
v 2.6618 -8.1921 -0.1736
v 2.6743 -8.2307 -0.3420
v 2.6948 -8.2938 -0.5000
v 2.7226 -8.3793 -0.6428
v 2.7569 -8.4848 -0.7660
v 2.7966 -8.6071 -0.8660
v 2.8405 -8.7423 -0.9397
v 2.8874 -8.8864 -0.9848
v 3.1377 -8.9669 -1.0000
v 3.1893 -9.1144 -0.9848
v 3.2393 -9.2574 -0.9397
v 3.2863 -9.3916 -0.8660
v 3.3287 -9.5129 -0.7660
v 3.3654 -9.6176 -0.6428
v 3.3951 -9.7026 -0.5000
v 3.4170 -9.7652 -0.3420
v 3.4304 -9.8035 -0.1736
v 3.4349 -9.8164 -0.0000
v 3.4304 -9.8035 0.1736
v 3.4170 -9.7652 0.3420
v 3.3951 -9.7026 0.5000
v 3.3654 -9.6176 0.6428
v 3.3287 -9.5129 0.7660
v 3.2863 -9.3916 0.8660
v 3.2393 -9.2574 0.9397
v 3.1893 -9.1144 0.9848
v 3.1377 -8.9669 1.0000
v 3.0860 -8.8194 0.9848
v 3.0360 -8.6763 0.9397
v 2.9890 -8.5421 0.8660
v 2.9466 -8.4208 0.7660
v 2.9099 -8.3161 0.6428
v 2.8802 -8.2312 0.5000
v 2.8583 -8.1686 0.3420
v 2.8449 -8.1303 0.1736
v 2.8404 -8.1174 0.0000
v 2.8449 -8.1303 -0.1736
v 2.8583 -8.1686 -0.3420
v 2.8802 -8.2312 -0.5000
v 2.9099 -8.3161 -0.6428
v 2.9466 -8.4208 -0.7660
v 2.9890 -8.5421 -0.8660
v 3.0360 -8.6763 -0.9397
v 3.0860 -8.8194 -0.9848
v 3.3381 -8.8942 -1.0000
v 3.3930 -9.0406 -0.9848
v 3.4462 -9.1824 -0.9397
v 3.4962 -9.3155 -0.8660
v 3.5413 -9.4359 -0.7660
v 3.5803 -9.5397 -0.6428
v 3.6119 -9.6240 -0.5000
v 3.6352 -9.6860 -0.3420
v 3.6495 -9.7240 -0.1736
v 3.6543 -9.7368 -0.0000
v 3.6495 -9.7240 0.1736
v 3.6352 -9.6860 0.3420
v 3.6119 -9.6240 0.5000
v 3.5803 -9.5397 0.6428
v 3.5413 -9.4359 0.7660
v 3.4962 -9.3155 0.8660
v 3.4462 -9.1824 0.9397
v 3.3930 -9.0406 0.9848
v 3.3381 -8.8942 1.0000
v 3.2831 -8.7479 0.9848
v 3.2299 -8.6060 0.9397
v 3.1799 -8.4729 0.8660
v 3.1348 -8.3526 0.7660
v 3.0958 -8.2488 0.6428
v 3.0642 -8.1645 0.5000
v 3.0409 -8.1024 0.3420
v 3.0266 -8.0644 0.1736
v 3.0218 -8.0516 0.0000
v 3.0266 -8.0644 -0.1736
v 3.0409 -8.1024 -0.3420
v 3.0642 -8.1645 -0.5000
v 3.0958 -8.2488 -0.6428
v 3.1348 -8.3526 -0.7660
v 3.1799 -8.4729 -0.8660
v 3.2299 -8.6060 -0.9397
v 3.2831 -8.7479 -0.9848
v 3.5368 -8.8171 -1.0000
v 3.5950 -8.9621 -0.9848
v 3.6514 -9.1028 -0.9397
v 3.7043 -9.2347 -0.8660
v 3.7522 -9.3540 -0.7660
v 3.7935 -9.4570 -0.6428
v 3.8270 -9.5405 -0.5000
v 3.8516 -9.6020 -0.3420
v 3.8668 -9.6397 -0.1736
v 3.8719 -9.6524 -0.0000
v 3.8668 -9.6397 0.1736
v 3.8516 -9.6020 0.3420
v 3.8270 -9.5405 0.5000
v 3.7935 -9.4570 0.6428
v 3.7522 -9.3540 0.7660
v 3.7043 -9.2347 0.8660
v 3.6514 -9.1028 0.9397
v 3.5950 -8.9621 0.9848
v 3.5368 -8.8171 1.0000
v 3.4786 -8.6720 0.9848
v 3.4222 -8.5314 0.9397
v 3.3693 -8.3994 0.8660
v 3.3214 -8.2802 0.7660
v 3.2801 -8.1772 0.6428
v 3.2466 -8.0937 0.5000
v 3.2219 -8.0322 0.3420
v 3.2068 -7.9945 0.1736
v 3.2017 -7.9818 0.0000
v 3.2068 -7.9945 -0.1736
v 3.2219 -8.0322 -0.3420
v 3.2466 -8.0937 -0.5000
v 3.2801 -8.1772 -0.6428
v 3.3214 -8.2802 -0.7660
v 3.3693 -8.3994 -0.8660
v 3.4222 -8.5314 -0.9397
v 3.4786 -8.6720 -0.9848
v 3.7337 -8.7355 -1.0000
v 3.7952 -8.8792 -0.9848
v 3.8547 -9.0186 -0.9397
v 3.9106 -9.1493 -0.8660
v 3.9611 -9.2675 -0.7660
v 4.0047 -9.3695 -0.6428
v 4.0401 -9.4522 -0.5000
v 4.0661 -9.5132 -0.3420
v 4.0821 -9.5505 -0.1736
v 4.0875 -9.5631 -0.0000
v 4.0821 -9.5505 0.1736
v 4.0661 -9.5132 0.3420
v 4.0401 -9.4522 0.5000
v 4.0047 -9.3695 0.6428
v 3.9611 -9.2675 0.7660
v 3.9106 -9.1493 0.8660
v 3.8547 -9.0186 0.9397
v 3.7952 -8.8792 0.9848
v 3.7337 -8.7355 1.0000
v 3.6723 -8.5918 0.9848
v 3.6128 -8.4525 0.9397
v 3.5569 -8.3217 0.8660
v 3.5064 -8.2036 0.7660
v 3.4628 -8.1016 0.6428
v 3.4274 -8.0188 0.5000
v 3.4013 -7.9578 0.3420
v 3.3854 -7.9205 0.1736
v 3.3800 -7.9079 0.0000
v 3.3854 -7.9205 -0.1736
v 3.4013 -7.9578 -0.3420
v 3.4274 -8.0188 -0.5000
v 3.4628 -8.1016 -0.6428
v 3.5064 -8.2036 -0.7660
v 3.5569 -8.3217 -0.8660
v 3.6128 -8.4525 -0.9397
v 3.6723 -8.5918 -0.9848
v 3.9288 -8.6495 -1.0000
v 3.9934 -8.7918 -0.9848
v 4.0561 -8.9298 -0.9397
v 4.1149 -9.0593 -0.8660
v 4.1681 -9.1763 -0.7660
v 4.2139 -9.2773 -0.6428
v 4.2511 -9.3592 -0.5000
v 4.2786 -9.4196 -0.3420
v 4.2954 -9.4565 -0.1736
v 4.3010 -9.4690 -0.0000
v 4.2954 -9.4565 0.1736
v 4.2786 -9.4196 0.3420
v 4.2511 -9.3592 0.5000
v 4.2139 -9.2773 0.6428
v 4.1681 -9.1763 0.7660
v 4.1149 -9.0593 0.8660
v 4.0561 -8.9298 0.9397
v 3.9934 -8.7918 0.9848
v 3.9288 -8.6495 1.0000
v 3.8642 -8.5072 0.9848
v 3.8015 -8.3693 0.9397
v 3.7427 -8.2398 0.8660
v 3.6896 -8.1228 0.7660
v 3.6437 -8.0218 0.6428
v 3.6065 -7.9399 0.5000
v 3.5791 -7.8795 0.3420
v 3.5623 -7.8426 0.1736
v 3.5566 -7.8301 0.0000
v 3.5623 -7.8426 -0.1736
v 3.5791 -7.8795 -0.3420
v 3.6065 -7.9399 -0.5000
v 3.6437 -8.0218 -0.6428
v 3.6896 -8.1228 -0.7660
v 3.7427 -8.2398 -0.8660
v 3.8015 -8.3693 -0.9397
v 3.8642 -8.5072 -0.9848
v 4.1219 -8.5592 -1.0000
v 4.1897 -8.7000 -0.9848
v 4.2555 -8.8365 -0.9397
v 4.3171 -8.9646 -0.8660
v 4.3729 -9.0804 -0.7660
v 4.4210 -9.1804 -0.6428
v 4.4601 -9.2614 -0.5000
v 4.4888 -9.3212 -0.3420
v 4.5065 -9.3578 -0.1736
v 4.5124 -9.3701 -0.0000
v 4.5065 -9.3578 0.1736
v 4.4888 -9.3212 0.3420
v 4.4601 -9.2614 0.5000
v 4.4210 -9.1804 0.6428
v 4.3729 -9.0804 0.7660
v 4.3171 -8.9646 0.8660
v 4.2555 -8.8365 0.9397
v 4.1897 -8.7000 0.9848
v 4.1219 -8.5592 1.0000
v 4.0541 -8.4184 0.9848
v 3.9883 -8.2819 0.9397
v 3.9267 -8.1538 0.8660
v 3.8709 -8.0380 0.7660
v 3.8228 -7.9380 0.6428
v 3.7837 -7.8570 0.5000
v 3.7550 -7.7972 0.3420
v 3.7373 -7.7607 0.1736
v 3.7314 -7.7483 0.0000
v 3.7373 -7.7607 -0.1736
v 3.7550 -7.7972 -0.3420
v 3.7837 -7.8570 -0.5000
v 3.8228 -7.9380 -0.6428
v 3.8709 -8.0380 -0.7660
v 3.9267 -8.1538 -0.8660
v 3.9883 -8.2819 -0.9397
v 4.0541 -8.4184 -0.9848
v 4.3129 -8.4646 -1.0000
v 4.3839 -8.6038 -0.9848
v 4.4527 -8.7388 -0.9397
v 4.5172 -8.8655 -0.8660
v 4.5755 -8.9800 -0.7660
v 4.6259 -9.0789 -0.6428
v 4.6668 -9.1590 -0.5000
v 4.6969 -9.2181 -0.3420
v 4.7153 -9.2543 -0.1736
v 4.7215 -9.2665 -0.0000
v 4.7153 -9.2543 0.1736
v 4.6969 -9.2181 0.3420
v 4.6668 -9.1590 0.5000
v 4.6259 -9.0789 0.6428
v 4.5755 -8.9800 0.7660
v 4.5172 -8.8655 0.8660
v 4.4527 -8.7388 0.9397
v 4.3839 -8.6038 0.9848
v 4.3129 -8.4646 1.0000
v 4.2420 -8.3253 0.9848
v 4.1732 -8.1903 0.9397
v 4.1086 -8.0636 0.8660
v 4.0503 -7.9491 0.7660
v 3.9999 -7.8503 0.6428
v 3.9591 -7.7701 0.5000
v 3.9290 -7.7110 0.3420
v 3.9105 -7.6748 0.1736
v 3.9043 -7.6627 0.0000
v 3.9105 -7.6748 -0.1736
v 3.9290 -7.7110 -0.3420
v 3.9591 -7.7701 -0.5000
v 3.9999 -7.8503 -0.6428
v 4.0503 -7.9491 -0.7660
v 4.1086 -8.0636 -0.8660
v 4.1732 -8.1903 -0.9397
v 4.2420 -8.3253 -0.9848
v 4.5018 -8.3657 -1.0000
v 4.5758 -8.5033 -0.9848
v 4.6476 -8.6367 -0.9397
v 4.7150 -8.7619 -0.8660
v 4.7759 -8.8751 -0.7660
v 4.8285 -8.9728 -0.6428
v 4.8711 -9.0520 -0.5000
v 4.9025 -9.1104 -0.3420
v 4.9218 -9.1462 -0.1736
v 4.9282 -9.1582 -0.0000
v 4.9218 -9.1462 0.1736
v 4.9025 -9.1104 0.3420
v 4.8711 -9.0520 0.5000
v 4.8285 -8.9728 0.6428
v 4.7759 -8.8751 0.7660
v 4.7150 -8.7619 0.8660
v 4.6476 -8.6367 0.9397
v 4.5758 -8.5033 0.9848
v 4.5018 -8.3657 1.0000
v 4.4277 -8.2280 0.9848
v 4.3559 -8.0946 0.9397
v 4.2885 -7.9694 0.8660
v 4.2276 -7.8562 0.7660
v 4.1751 -7.7585 0.6428
v 4.1324 -7.6793 0.5000
v 4.1010 -7.6209 0.3420
v 4.0818 -7.5852 0.1736
v 4.0753 -7.5731 0.0000
v 4.0818 -7.5852 -0.1736
v 4.1010 -7.6209 -0.3420
v 4.1324 -7.6793 -0.5000
v 4.1751 -7.7585 -0.6428
v 4.2276 -7.8562 -0.7660
v 4.2885 -7.9694 -0.8660
v 4.3559 -8.0946 -0.9397
v 4.4277 -8.2280 -0.9848
v 4.6883 -8.2625 -1.0000
v 4.7655 -8.3985 -0.9848
v 4.8402 -8.5303 -0.9397
v 4.9104 -8.6539 -0.8660
v 4.9738 -8.7657 -0.7660
v 5.0286 -8.8622 -0.6428
v 5.0730 -8.9404 -0.5000
v 5.1057 -8.9981 -0.3420
v 5.1257 -9.0334 -0.1736
v 5.1325 -9.0453 -0.0000
v 5.1257 -9.0334 0.1736
v 5.1057 -8.9981 0.3420
v 5.0730 -8.9404 0.5000
v 5.0286 -8.8622 0.6428
v 4.9738 -8.7657 0.7660
v 4.9104 -8.6539 0.8660
v 4.8402 -8.5303 0.9397
v 4.7655 -8.3985 0.9848
v 4.6883 -8.2625 1.0000
v 4.6112 -8.1266 0.9848
v 4.5364 -7.9948 0.9397
v 4.4663 -7.8712 0.8660
v 4.4028 -7.7594 0.7660
v 4.3481 -7.6629 0.6428
v 4.3037 -7.5846 0.5000
v 4.2710 -7.5270 0.3420
v 4.2509 -7.4917 0.1736
v 4.2442 -7.4798 0.0000
v 4.2509 -7.4917 -0.1736
v 4.2710 -7.5270 -0.3420
v 4.3037 -7.5846 -0.5000
v 4.3481 -7.6629 -0.6428
v 4.4028 -7.7594 -0.7660
v 4.4663 -7.8712 -0.8660
v 4.5364 -7.9948 -0.9397
v 4.6112 -8.1266 -0.9848
v 4.8725 -8.1553 -1.0000
v 4.9527 -8.2894 -0.9848
v 5.0304 -8.4195 -0.9397
v 5.1033 -8.5416 -0.8660
v 5.1693 -8.6519 -0.7660
v 5.2262 -8.7471 -0.6428
v 5.2723 -8.8244 -0.5000
v 5.3063 -8.8813 -0.3420
v 5.3271 -8.9161 -0.1736
v 5.3342 -8.9279 -0.0000
v 5.3271 -8.9161 0.1736
v 5.3063 -8.8813 0.3420
v 5.2723 -8.8244 0.5000
v 5.2262 -8.7471 0.6428
v 5.1693 -8.6519 0.7660
v 5.1033 -8.5416 0.8660
v 5.0304 -8.4195 0.9397
v 4.9527 -8.2894 0.9848
v 4.8725 -8.1553 1.0000
v 4.7924 -8.0211 0.9848
v 4.7147 -7.8910 0.9397
v 4.6417 -7.7690 0.8660
v 4.5758 -7.6586 0.7660
v 4.5189 -7.5634 0.6428
v 4.4728 -7.4862 0.5000
v 4.4388 -7.4293 0.3420
v 4.4180 -7.3944 0.1736
v 4.4109 -7.3827 0.0000
v 4.4180 -7.3944 -0.1736
v 4.4388 -7.4293 -0.3420
v 4.4728 -7.4862 -0.5000
v 4.5189 -7.5634 -0.6428
v 4.5758 -7.6586 -0.7660
v 4.6417 -7.7690 -0.8660
v 4.7147 -7.8910 -0.9397
v 4.7924 -8.0211 -0.9848
v 5.0543 -8.0439 -1.0000
v 5.1375 -8.1762 -0.9848
v 5.2181 -8.3045 -0.9397
v 5.2937 -8.4249 -0.8660
v 5.3621 -8.5337 -0.7660
v 5.4211 -8.6277 -0.6428
v 5.4690 -8.7038 -0.5000
v 5.5043 -8.7600 -0.3420
v 5.5259 -8.7944 -0.1736
v 5.5331 -8.8059 -0.0000
v 5.5259 -8.7944 0.1736
v 5.5043 -8.7600 0.3420
v 5.4690 -8.7038 0.5000
v 5.4211 -8.6277 0.6428
v 5.3621 -8.5337 0.7660
v 5.2937 -8.4249 0.8660
v 5.2181 -8.3045 0.9397
v 5.1375 -8.1762 0.9848
v 5.0543 -8.0439 1.0000
v 4.9712 -7.9116 0.9848
v 4.8905 -7.7832 0.9397
v 4.8149 -7.6629 0.8660
v 4.7465 -7.5540 0.7660
v 4.6875 -7.4601 0.6428
v 4.6396 -7.3839 0.5000
v 4.6044 -7.3278 0.3420
v 4.5828 -7.2934 0.1736
v 4.5755 -7.2818 0.0000
v 4.5828 -7.2934 -0.1736
v 4.6044 -7.3278 -0.3420
v 4.6396 -7.3839 -0.5000
v 4.6875 -7.4601 -0.6428
v 4.7465 -7.5540 -0.7660
v 4.8149 -7.6629 -0.8660
v 4.8905 -7.7832 -0.9397
v 4.9712 -7.9116 -0.9848
v 5.2335 -7.9285 -1.0000
v 5.3196 -8.0589 -0.9848
v 5.4031 -8.1854 -0.9397
v 5.4814 -8.3040 -0.8660
v 5.5522 -8.4113 -0.7660
v 5.6133 -8.5038 -0.6428
v 5.6629 -8.5789 -0.5000
v 5.6994 -8.6343 -0.3420
v 5.7218 -8.6682 -0.1736
v 5.7293 -8.6796 -0.0000
v 5.7218 -8.6682 0.1736
v 5.6994 -8.6343 0.3420
v 5.6629 -8.5789 0.5000
v 5.6133 -8.5038 0.6428
v 5.5522 -8.4113 0.7660
v 5.4814 -8.3040 0.8660
v 5.4031 -8.1854 0.9397
v 5.3196 -8.0589 0.9848
v 5.2335 -7.9285 1.0000
v 5.1474 -7.7980 0.9848
v 5.0640 -7.6716 0.9397
v 4.9856 -7.5529 0.8660
v 4.9148 -7.4456 0.7660
v 4.8537 -7.3531 0.6428
v 4.8042 -7.2780 0.5000
v 4.7676 -7.2226 0.3420
v 4.7453 -7.1887 0.1736
v 4.7377 -7.1773 0.0000
v 4.7453 -7.1887 -0.1736
v 4.7676 -7.2226 -0.3420
v 4.8042 -7.2780 -0.5000
v 4.8537 -7.3531 -0.6428
v 4.9148 -7.4456 -0.7660
v 4.9856 -7.5529 -0.8660
v 5.0640 -7.6716 -0.9397
v 5.1474 -7.7980 -0.9848
v 5.4101 -7.8090 -1.0000
v 5.4991 -7.9375 -0.9848
v 5.5854 -8.0621 -0.9397
v 5.6664 -8.1789 -0.8660
v 5.7396 -8.2846 -0.7660
v 5.8027 -8.3758 -0.6428
v 5.8540 -8.4497 -0.5000
v 5.8917 -8.5042 -0.3420
v 5.9149 -8.5376 -0.1736
v 5.9226 -8.5488 -0.0000
v 5.9149 -8.5376 0.1736
v 5.8917 -8.5042 0.3420
v 5.8540 -8.4497 0.5000
v 5.8027 -8.3758 0.6428
v 5.7396 -8.2846 0.7660
v 5.6664 -8.1789 0.8660
v 5.5854 -8.0621 0.9397
v 5.4991 -7.9375 0.9848
v 5.4101 -7.8090 1.0000
v 5.3211 -7.6806 0.9848
v 5.2348 -7.5560 0.9397
v 5.1538 -7.4391 0.8660
v 5.0807 -7.3335 0.7660
v 5.0175 -7.2423 0.6428
v 4.9663 -7.1683 0.5000
v 4.9285 -7.1138 0.3420
v 4.9054 -7.0805 0.1736
v 4.8976 -7.0692 0.0000
v 4.9054 -7.0805 -0.1736
v 4.9285 -7.1138 -0.3420
v 4.9663 -7.1683 -0.5000
v 5.0175 -7.2423 -0.6428
v 5.0807 -7.3335 -0.7660
v 5.1538 -7.4391 -0.8660
v 5.2348 -7.5560 -0.9397
v 5.3211 -7.6806 -0.9848
v 5.5840 -7.6857 -1.0000
v 5.6758 -7.8121 -0.9848
v 5.7649 -7.9347 -0.9397
v 5.8485 -8.0497 -0.8660
v 5.9240 -8.1537 -0.7660
v 5.9892 -8.2435 -0.6428
v 6.0421 -8.3162 -0.5000
v 6.0811 -8.3699 -0.3420
v 6.1049 -8.4027 -0.1736
v 6.1130 -8.4138 -0.0000
v 6.1049 -8.4027 0.1736
v 6.0811 -8.3699 0.3420
v 6.0421 -8.3162 0.5000
v 5.9892 -8.2435 0.6428
v 5.9240 -8.1537 0.7660
v 5.8485 -8.0497 0.8660
v 5.7649 -7.9347 0.9397
v 5.6758 -7.8121 0.9848
v 5.5840 -7.6857 1.0000
v 5.4921 -7.5592 0.9848
v 5.4030 -7.4366 0.9397
v 5.3195 -7.3216 0.8660
v 5.2439 -7.2176 0.7660
v 5.1787 -7.1279 0.6428
v 5.1258 -7.0551 0.5000
v 5.0869 -7.0015 0.3420
v 5.0630 -6.9686 0.1736
v 5.0550 -6.9576 0.0000
v 5.0630 -6.9686 -0.1736
v 5.0869 -7.0015 -0.3420
v 5.1258 -7.0551 -0.5000
v 5.1787 -7.1279 -0.6428
v 5.2439 -7.2176 -0.7660
v 5.3195 -7.3216 -0.8660
v 5.4030 -7.4366 -0.9397
v 5.4921 -7.5592 -0.9848
v 5.7550 -7.5584 -1.0000
v 5.8497 -7.6828 -0.9848
v 5.9415 -7.8034 -0.9397
v 6.0276 -7.9165 -0.8660
v 6.1055 -8.0187 -0.7660
v 6.1727 -8.1070 -0.6428
v 6.2272 -8.1786 -0.5000
v 6.2673 -8.2313 -0.3420
v 6.2919 -8.2636 -0.1736
v 6.3002 -8.2745 -0.0000
v 6.2919 -8.2636 0.1736
v 6.2673 -8.2313 0.3420
v 6.2272 -8.1786 0.5000
v 6.1727 -8.1070 0.6428
v 6.1055 -8.0187 0.7660
v 6.0276 -7.9165 0.8660
v 5.9415 -7.8034 0.9397
v 5.8497 -7.6828 0.9848
v 5.7550 -7.5584 1.0000
v 5.6603 -7.4341 0.9848
v 5.5685 -7.3135 0.9397
v 5.4824 -7.2004 0.8660
v 5.4046 -7.0982 0.7660
v 5.3374 -7.0099 0.6428
v 5.2829 -6.9383 0.5000
v 5.2427 -6.8856 0.3420
v 5.2181 -6.8533 0.1736
v 5.2098 -6.8424 0.0000
v 5.2181 -6.8533 -0.1736
v 5.2427 -6.8856 -0.3420
v 5.2829 -6.9383 -0.5000
v 5.3374 -7.0099 -0.6428
v 5.4046 -7.0982 -0.7660
v 5.4824 -7.2004 -0.8660
v 5.5685 -7.3135 -0.9397
v 5.6603 -7.4341 -0.9848
v 5.9232 -7.4274 -1.0000
v 6.0206 -7.5496 -0.9848
v 6.1151 -7.6681 -0.9397
v 6.2037 -7.7792 -0.8660
v 6.2839 -7.8797 -0.7660
v 6.3530 -7.9665 -0.6428
v 6.4091 -8.0368 -0.5000
v 6.4505 -8.0886 -0.3420
v 6.4758 -8.1204 -0.1736
v 6.4843 -8.1311 -0.0000
v 6.4758 -8.1204 0.1736
v 6.4505 -8.0886 0.3420
v 6.4091 -8.0368 0.5000
v 6.3530 -7.9665 0.6428
v 6.2839 -7.8797 0.7660
v 6.2037 -7.7792 0.8660
v 6.1151 -7.6681 0.9397
v 6.0206 -7.5496 0.9848
v 5.9232 -7.4274 1.0000
v 5.8257 -7.3052 0.9848
v 5.7313 -7.1868 0.9397
v 5.6426 -7.0756 0.8660
v 5.5625 -6.9751 0.7660
v 5.4933 -6.8884 0.6428
v 5.4372 -6.8180 0.5000
v 5.3959 -6.7662 0.3420
v 5.3706 -6.7344 0.1736
v 5.3620 -6.7238 0.0000
v 5.3706 -6.7344 -0.1736
v 5.3959 -6.7662 -0.3420
v 5.4372 -6.8180 -0.5000
v 5.4933 -6.8884 -0.6428
v 5.5625 -6.9751 -0.7660
v 5.6426 -7.0756 -0.8660
v 5.7313 -7.1868 -0.9397
v 5.8257 -7.3052 -0.9848
v 6.0883 -7.2926 -1.0000
v 6.1885 -7.4126 -0.9848
v 6.2856 -7.5289 -0.9397
v 6.3767 -7.6381 -0.8660
v 6.4591 -7.7367 -0.7660
v 6.5302 -7.8219 -0.6428
v 6.5878 -7.8910 -0.5000
v 6.6303 -7.9419 -0.3420
v 6.6563 -7.9730 -0.1736
v 6.6651 -7.9835 -0.0000
v 6.6563 -7.9730 0.1736
v 6.6303 -7.9419 0.3420
v 6.5878 -7.8910 0.5000
v 6.5302 -7.8219 0.6428
v 6.4591 -7.7367 0.7660
v 6.3767 -7.6381 0.8660
v 6.2856 -7.5289 0.9397
v 6.1885 -7.4126 0.9848
v 6.0883 -7.2926 1.0000
v 5.9882 -7.1727 0.9848
v 5.8911 -7.0563 0.9397
v 5.8000 -6.9472 0.8660
v 5.7176 -6.8485 0.7660
v 5.6465 -6.7634 0.6428
v 5.5888 -6.6943 0.5000
v 5.5464 -6.6434 0.3420
v 5.5203 -6.6122 0.1736
v 5.5116 -6.6018 0.0000
v 5.5203 -6.6122 -0.1736
v 5.5464 -6.6434 -0.3420
v 5.5888 -6.6943 -0.5000
v 5.6465 -6.7634 -0.6428
v 5.7176 -6.8485 -0.7660
v 5.8000 -6.9472 -0.8660
v 5.8911 -7.0563 -0.9397
v 5.9882 -7.1727 -0.9848
v 6.2504 -7.1542 -1.0000
v 6.3533 -7.2719 -0.9848
v 6.4530 -7.3860 -0.9397
v 6.5465 -7.4931 -0.8660
v 6.6311 -7.5899 -0.7660
v 6.7040 -7.6734 -0.6428
v 6.7632 -7.7412 -0.5000
v 6.8069 -7.7911 -0.3420
v 6.8336 -7.8217 -0.1736
v 6.8426 -7.8320 -0.0000
v 6.8336 -7.8217 0.1736
v 6.8069 -7.7911 0.3420
v 6.7632 -7.7412 0.5000
v 6.7040 -7.6734 0.6428
v 6.6311 -7.5899 0.7660
v 6.5465 -7.4931 0.8660
v 6.4530 -7.3860 0.9397
v 6.3533 -7.2719 0.9848
v 6.2504 -7.1542 1.0000
v 6.1476 -7.0365 0.9848
v 6.0479 -6.9224 0.9397
v 5.9544 -6.8153 0.8660
v 5.8698 -6.7185 0.7660
v 5.7969 -6.6350 0.6428
v 5.7377 -6.5672 0.5000
v 5.6940 -6.5173 0.3420
v 5.6673 -6.4867 0.1736
v 5.6583 -6.4764 0.0000
v 5.6673 -6.4867 -0.1736
v 5.6940 -6.5173 -0.3420
v 5.7377 -6.5672 -0.5000
v 5.7969 -6.6350 -0.6428
v 5.8698 -6.7185 -0.7660
v 5.9544 -6.8153 -0.8660
v 6.0479 -6.9224 -0.9397
v 6.1476 -7.0365 -0.9848
v 6.4094 -7.0122 -1.0000
v 6.5148 -7.1275 -0.9848
v 6.6171 -7.2394 -0.9397
v 6.7130 -7.3443 -0.8660
v 6.7997 -7.4392 -0.7660
v 6.8745 -7.5211 -0.6428
v 6.9352 -7.5875 -0.5000
v 6.9800 -7.6364 -0.3420
v 7.0074 -7.6664 -0.1736
v 7.0166 -7.6765 -0.0000
v 7.0074 -7.6664 0.1736
v 6.9800 -7.6364 0.3420
v 6.9352 -7.5875 0.5000
v 6.8745 -7.5211 0.6428
v 6.7997 -7.4392 0.7660
v 6.7130 -7.3443 0.8660
v 6.6171 -7.2394 0.9397
v 6.5148 -7.1275 0.9848
v 6.4094 -7.0122 1.0000
v 6.3040 -6.8968 0.9848
v 6.2017 -6.7849 0.9397
v 6.1058 -6.6800 0.8660
v 6.0191 -6.5851 0.7660
v 5.9443 -6.5033 0.6428
v 5.8836 -6.4368 0.5000
v 5.8388 -6.3879 0.3420
v 5.8114 -6.3579 0.1736
v 5.8022 -6.3478 0.0000
v 5.8114 -6.3579 -0.1736
v 5.8388 -6.3879 -0.3420
v 5.8836 -6.4368 -0.5000
v 5.9443 -6.5033 -0.6428
v 6.0191 -6.5851 -0.7660
v 6.1058 -6.6800 -0.8660
v 6.2017 -6.7849 -0.9397
v 6.3040 -6.8968 -0.9848
v 6.5651 -6.8666 -1.0000
v 6.6731 -6.9796 -0.9848
v 6.7778 -7.0891 -0.9397
v 6.8761 -7.1919 -0.8660
v 6.9649 -7.2848 -0.7660
v 7.0416 -7.3649 -0.6428
v 7.1037 -7.4300 -0.5000
v 7.1496 -7.4779 -0.3420
v 7.1776 -7.5073 -0.1736
v 7.1871 -7.5171 -0.0000
v 7.1776 -7.5073 0.1736
v 7.1496 -7.4779 0.3420
v 7.1037 -7.4300 0.5000
v 7.0416 -7.3649 0.6428
v 6.9649 -7.2848 0.7660
v 6.8761 -7.1919 0.8660
v 6.7778 -7.0891 0.9397
v 6.6731 -6.9796 0.9848
v 6.5651 -6.8666 1.0000
v 6.4571 -6.7536 0.9848
v 6.3524 -6.6441 0.9397
v 6.2542 -6.5413 0.8660
v 6.1654 -6.4484 0.7660
v 6.0887 -6.3682 0.6428
v 6.0265 -6.3032 0.5000
v 5.9807 -6.2553 0.3420
v 5.9527 -6.2259 0.1736
v 5.9432 -6.2160 0.0000
v 5.9527 -6.2259 -0.1736
v 5.9807 -6.2553 -0.3420
v 6.0265 -6.3032 -0.5000
v 6.0887 -6.3682 -0.6428
v 6.1654 -6.4484 -0.7660
v 6.2542 -6.5413 -0.8660
v 6.3524 -6.6441 -0.9397
v 6.4571 -6.7536 -0.9848
v 6.7176 -6.7176 -1.0000
v 6.8281 -6.8281 -0.9848
v 6.9352 -6.9352 -0.9397
v 7.0357 -7.0358 -0.8660
v 7.1266 -7.1267 -0.7660
v 7.2050 -7.2051 -0.6428
v 7.2687 -7.2687 -0.5000
v 7.3155 -7.3156 -0.3420
v 7.3443 -7.3443 -0.1736
v 7.3539 -7.3540 -0.0000
v 7.3443 -7.3443 0.1736
v 7.3155 -7.3156 0.3420
v 7.2687 -7.2687 0.5000
v 7.2050 -7.2051 0.6428
v 7.1266 -7.1267 0.7660
v 7.0357 -7.0358 0.8660
v 6.9352 -6.9352 0.9397
v 6.8281 -6.8281 0.9848
v 6.7176 -6.7176 1.0000
v 6.6071 -6.6070 0.9848
v 6.4999 -6.4999 0.9397
v 6.3994 -6.3993 0.8660
v 6.3085 -6.3085 0.7660
v 6.2301 -6.2300 0.6428
v 6.1665 -6.1664 0.5000
v 6.1196 -6.1195 0.3420
v 6.0909 -6.0908 0.1736
v 6.0812 -6.0811 0.0000
v 6.0909 -6.0908 -0.1736
v 6.1196 -6.1195 -0.3420
v 6.1665 -6.1664 -0.5000
v 6.2301 -6.2300 -0.6428
v 6.3085 -6.3085 -0.7660
v 6.3994 -6.3993 -0.8660
v 6.4999 -6.4999 -0.9397
v 6.6071 -6.6070 -0.9848
v 6.8666 -6.5652 -1.0000
v 6.9796 -6.6732 -0.9848
v 7.0891 -6.7779 -0.9397
v 7.1918 -6.8762 -0.8660
v 7.2847 -6.9650 -0.7660
v 7.3649 -7.0416 -0.6428
v 7.4299 -7.1038 -0.5000
v 7.4779 -7.1496 -0.3420
v 7.5072 -7.1777 -0.1736
v 7.5171 -7.1872 -0.0000
v 7.5072 -7.1777 0.1736
v 7.4779 -7.1496 0.3420
v 7.4299 -7.1038 0.5000
v 7.3649 -7.0416 0.6428
v 7.2847 -6.9650 0.7660
v 7.1918 -6.8762 0.8660
v 7.0891 -6.7779 0.9397
v 6.9796 -6.6732 0.9848
v 6.8666 -6.5652 1.0000
v 6.7537 -6.4571 0.9848
v 6.6441 -6.3524 0.9397
v 6.5414 -6.2541 0.8660
v 6.4485 -6.1653 0.7660
v 6.3683 -6.0887 0.6428
v 6.3033 -6.0265 0.5000
v 6.2554 -5.9807 0.3420
v 6.2260 -5.9526 0.1736
v 6.2161 -5.9431 0.0000
v 6.2260 -5.9526 -0.1736
v 6.2554 -5.9807 -0.3420
v 6.3033 -6.0265 -0.5000
v 6.3683 -6.0887 -0.6428
v 6.4485 -6.1653 -0.7660
v 6.5414 -6.2541 -0.8660
v 6.6441 -6.3524 -0.9397
v 6.7537 -6.4571 -0.9848
v 7.0122 -6.4094 -1.0000
v 7.1275 -6.5149 -0.9848
v 7.2394 -6.6171 -0.9397
v 7.3443 -6.7131 -0.8660
v 7.4392 -6.7998 -0.7660
v 7.5211 -6.8746 -0.6428
v 7.5875 -6.9353 -0.5000
v 7.6364 -6.9801 -0.3420
v 7.6664 -7.0075 -0.1736
v 7.6765 -7.0167 -0.0000
v 7.6664 -7.0075 0.1736
v 7.6364 -6.9801 0.3420
v 7.5875 -6.9353 0.5000
v 7.5211 -6.8746 0.6428
v 7.4392 -6.7998 0.7660
v 7.3443 -6.7131 0.8660
v 7.2394 -6.6171 0.9397
v 7.1275 -6.5149 0.9848
v 7.0122 -6.4094 1.0000
v 6.8969 -6.3040 0.9848
v 6.7850 -6.2017 0.9397
v 6.6801 -6.1058 0.8660
v 6.5852 -6.0191 0.7660
v 6.5034 -5.9442 0.6428
v 6.4369 -5.8835 0.5000
v 6.3880 -5.8388 0.3420
v 6.3580 -5.8114 0.1736
v 6.3479 -5.8022 0.0000
v 6.3580 -5.8114 -0.1736
v 6.3880 -5.8388 -0.3420
v 6.4369 -5.8835 -0.5000
v 6.5034 -5.9442 -0.6428
v 6.5852 -6.0191 -0.7660
v 6.6801 -6.1058 -0.8660
v 6.7850 -6.2017 -0.9397
v 6.8969 -6.3040 -0.9848
v 7.1543 -6.2505 -1.0000
v 7.2719 -6.3533 -0.9848
v 7.3861 -6.4530 -0.9397
v 7.4931 -6.5466 -0.8660
v 7.5899 -6.6312 -0.7660
v 7.6734 -6.7042 -0.6428
v 7.7412 -6.7634 -0.5000
v 7.7911 -6.8070 -0.3420
v 7.8217 -6.8337 -0.1736
v 7.8320 -6.8427 -0.0000
v 7.8217 -6.8337 0.1736
v 7.7911 -6.8070 0.3420
v 7.7412 -6.7634 0.5000
v 7.6734 -6.7042 0.6428
v 7.5899 -6.6312 0.7660
v 7.4931 -6.5466 0.8660
v 7.3861 -6.4530 0.9397
v 7.2719 -6.3533 0.9848
v 7.1543 -6.2505 1.0000
v 7.0366 -6.1477 0.9848
v 6.9225 -6.0479 0.9397
v 6.8154 -5.9544 0.8660
v 6.7186 -5.8698 0.7660
v 6.6351 -5.7968 0.6428
v 6.5674 -5.7376 0.5000
v 6.5174 -5.6940 0.3420
v 6.4869 -5.6673 0.1736
v 6.4766 -5.6583 0.0000
v 6.4869 -5.6673 -0.1736
v 6.5174 -5.6940 -0.3420
v 6.5674 -5.7376 -0.5000
v 6.6351 -5.7968 -0.6428
v 6.7186 -5.8698 -0.7660
v 6.8154 -5.9544 -0.8660
v 6.9225 -6.0479 -0.9397
v 7.0366 -6.1477 -0.9848
v 7.2927 -6.0884 -1.0000
v 7.4127 -6.1886 -0.9848
v 7.5290 -6.2857 -0.9397
v 7.6381 -6.3768 -0.8660
v 7.7368 -6.4592 -0.7660
v 7.8219 -6.5303 -0.6428
v 7.8910 -6.5880 -0.5000
v 7.9419 -6.6305 -0.3420
v 7.9730 -6.6565 -0.1736
v 7.9835 -6.6653 -0.0000
v 7.9730 -6.6565 0.1736
v 7.9419 -6.6305 0.3420
v 7.8910 -6.5880 0.5000
v 7.8219 -6.5303 0.6428
v 7.7368 -6.4592 0.7660
v 7.6381 -6.3768 0.8660
v 7.5290 -6.2857 0.9397
v 7.4127 -6.1886 0.9848
v 7.2927 -6.0884 1.0000
v 7.1728 -5.9882 0.9848
v 7.0565 -5.8911 0.9397
v 6.9473 -5.8000 0.8660
v 6.8487 -5.7176 0.7660
v 6.7635 -5.6465 0.6428
v 6.6945 -5.5888 0.5000
v 6.6436 -5.5463 0.3420
v 6.6124 -5.5203 0.1736
v 6.6019 -5.5115 0.0000
v 6.6124 -5.5203 -0.1736
v 6.6436 -5.5463 -0.3420
v 6.6945 -5.5888 -0.5000
v 6.7635 -5.6465 -0.6428
v 6.8487 -5.7176 -0.7660
v 6.9473 -5.8000 -0.8660
v 7.0565 -5.8911 -0.9397
v 7.1728 -5.9882 -0.9848
v 7.4275 -5.9233 -1.0000
v 7.5497 -6.0207 -0.9848
v 7.6682 -6.1152 -0.9397
v 7.7793 -6.2039 -0.8660
v 7.8798 -6.2840 -0.7660
v 7.9665 -6.3532 -0.6428
v 8.0368 -6.4093 -0.5000
v 8.0887 -6.4507 -0.3420
v 8.1204 -6.4760 -0.1736
v 8.1311 -6.4845 -0.0000
v 8.1204 -6.4760 0.1736
v 8.0887 -6.4507 0.3420
v 8.0368 -6.4093 0.5000
v 7.9665 -6.3532 0.6428
v 7.8798 -6.2840 0.7660
v 7.7793 -6.2039 0.8660
v 7.6682 -6.1152 0.9397
v 7.5497 -6.0207 0.9848
v 7.4275 -5.9233 1.0000
v 7.3054 -5.8258 0.9848
v 7.1869 -5.7313 0.9397
v 7.0757 -5.6426 0.8660
v 6.9753 -5.5625 0.7660
v 6.8886 -5.4933 0.6428
v 6.8182 -5.4372 0.5000
v 6.7664 -5.3959 0.3420
v 6.7347 -5.3705 0.1736
v 6.7240 -5.3620 0.0000
v 6.7347 -5.3705 -0.1736
v 6.7664 -5.3959 -0.3420
v 6.8182 -5.4372 -0.5000
v 6.8886 -5.4933 -0.6428
v 6.9753 -5.5625 -0.7660
v 7.0757 -5.6426 -0.8660
v 7.1869 -5.7313 -0.9397
v 7.3054 -5.8258 -0.9848
v 7.5586 -5.7551 -1.0000
v 7.6829 -5.8498 -0.9848
v 7.8035 -5.9416 -0.9397
v 7.9166 -6.0278 -0.8660
v 8.0188 -6.1057 -0.7661
v 8.1071 -6.1729 -0.6428
v 8.1786 -6.2274 -0.5000
v 8.2314 -6.2676 -0.3420
v 8.2637 -6.2922 -0.1736
v 8.2746 -6.3005 -0.0000
v 8.2637 -6.2922 0.1736
v 8.2314 -6.2676 0.3420
v 8.1786 -6.2274 0.5000
v 8.1071 -6.1729 0.6428
v 8.0188 -6.1057 0.7661
v 7.9166 -6.0278 0.8660
v 7.8035 -5.9416 0.9397
v 7.6829 -5.8498 0.9848
v 7.5586 -5.7551 1.0000
v 7.4343 -5.6604 0.9848
v 7.3137 -5.5686 0.9397
v 7.2006 -5.4825 0.8660
v 7.0984 -5.4046 0.7661
v 7.0101 -5.3374 0.6428
v 6.9385 -5.2829 0.5000
v 6.8858 -5.2427 0.3420
v 6.8535 -5.2181 0.1736
v 6.8426 -5.2098 0.0000
v 6.8535 -5.2181 -0.1736
v 6.8858 -5.2427 -0.3420
v 6.9385 -5.2829 -0.5000
v 7.0101 -5.3374 -0.6428
v 7.0984 -5.4046 -0.7661
v 7.2006 -5.4825 -0.8660
v 7.3137 -5.5686 -0.9397
v 7.4343 -5.6604 -0.9848
v 7.6859 -5.5841 -1.0000
v 7.8123 -5.6760 -0.9848
v 7.9348 -5.7651 -0.9397
v 8.0499 -5.8487 -0.8660
v 8.1538 -5.9242 -0.7661
v 8.2435 -5.9895 -0.6428
v 8.3163 -6.0424 -0.5000
v 8.3700 -6.0813 -0.3420
v 8.4028 -6.1052 -0.1736
v 8.4139 -6.1133 -0.0000
v 8.4028 -6.1052 0.1736
v 8.3700 -6.0813 0.3420
v 8.3163 -6.0424 0.5000
v 8.2435 -5.9895 0.6428
v 8.1538 -5.9242 0.7661
v 8.0499 -5.8487 0.8660
v 7.9348 -5.7651 0.9397
v 7.8123 -5.6760 0.9848
v 7.6859 -5.5841 1.0000
v 7.5594 -5.4922 0.9848
v 7.4369 -5.4031 0.9397
v 7.3219 -5.3195 0.8660
v 7.2179 -5.2440 0.7661
v 7.1282 -5.1787 0.6428
v 7.0554 -5.1258 0.5000
v 7.0017 -5.0869 0.3420
v 6.9689 -5.0630 0.1736
v 6.9578 -5.0550 0.0000
v 6.9689 -5.0630 -0.1736
v 7.0017 -5.0869 -0.3420
v 7.0554 -5.1258 -0.5000
v 7.1282 -5.1787 -0.6428
v 7.2179 -5.2440 -0.7661
v 7.3219 -5.3195 -0.8660
v 7.4369 -5.4031 -0.9397
v 7.5594 -5.4922 -0.9848
v 7.8093 -5.4103 -1.0000
v 7.9377 -5.4993 -0.9848
v 8.0622 -5.5856 -0.9397
v 8.1791 -5.6666 -0.8660
v 8.2847 -5.7398 -0.7661
v 8.3759 -5.8030 -0.6428
v 8.4498 -5.8543 -0.5000
v 8.5043 -5.8921 -0.3420
v 8.5377 -5.9152 -0.1737
v 8.5489 -5.9230 -0.0000
v 8.5377 -5.9152 0.1737
v 8.5043 -5.8921 0.3420
v 8.4498 -5.8543 0.5000
v 8.3759 -5.8030 0.6428
v 8.2847 -5.7398 0.7661
v 8.1791 -5.6666 0.8660
v 8.0622 -5.5856 0.9397
v 7.9377 -5.4993 0.9848
v 7.8093 -5.4103 1.0000
v 7.6808 -5.3212 0.9848
v 7.5563 -5.2349 0.9397
v 7.4394 -5.1539 0.8660
v 7.3338 -5.0807 0.7661
v 7.2426 -5.0175 0.6428
v 7.1687 -4.9662 0.5000
v 7.1142 -4.9285 0.3420
v 7.0808 -4.9053 0.1737
v 7.0696 -4.8976 0.0000
v 7.0808 -4.9053 -0.1737
v 7.1142 -4.9285 -0.3420
v 7.1687 -4.9662 -0.5000
v 7.2426 -5.0175 -0.6428
v 7.3338 -5.0807 -0.7661
v 7.4394 -5.1539 -0.8660
v 7.5563 -5.2349 -0.9397
v 7.6808 -5.3212 -0.9848
v 7.9287 -5.2337 -1.0000
v 8.0591 -5.3198 -0.9848
v 8.1856 -5.4034 -0.9397
v 8.3042 -5.4817 -0.8660
v 8.4114 -5.5525 -0.7661
v 8.5040 -5.6137 -0.6428
v 8.5791 -5.6633 -0.5000
v 8.6344 -5.6998 -0.3420
v 8.6683 -5.7222 -0.1737
v 8.6797 -5.7297 -0.0000
v 8.6683 -5.7222 0.1737
v 8.6344 -5.6998 0.3420
v 8.5791 -5.6633 0.5000
v 8.5040 -5.6137 0.6428
v 8.4114 -5.5525 0.7661
v 8.3042 -5.4817 0.8660
v 8.1856 -5.4034 0.9397
v 8.0591 -5.3198 0.9848
v 7.9287 -5.2337 1.0000
v 7.7983 -5.1476 0.9848
v 7.6719 -5.0641 0.9397
v 7.5532 -4.9857 0.8660
v 7.4460 -4.9149 0.7661
v 7.3534 -4.8537 0.6428
v 7.2784 -4.8041 0.5000
v 7.2230 -4.7676 0.3420
v 7.1892 -4.7452 0.1737
v 7.1777 -4.7377 0.0000
v 7.1892 -4.7452 -0.1737
v 7.2230 -4.7676 -0.3420
v 7.2784 -4.8041 -0.5000
v 7.3534 -4.8537 -0.6428
v 7.4460 -4.9149 -0.7661
v 7.5532 -4.9857 -0.8660
v 7.6719 -5.0641 -0.9397
v 7.7983 -5.1476 -0.9848
v 8.0442 -5.0545 -1.0000
v 8.1765 -5.1377 -0.9848
v 8.3048 -5.2184 -0.9397
v 8.4252 -5.2941 -0.8660
v 8.5340 -5.3625 -0.7661
v 8.6279 -5.4215 -0.6428
v 8.7040 -5.4694 -0.5000
v 8.7602 -5.5047 -0.3420
v 8.7945 -5.5263 -0.1737
v 8.8061 -5.5336 -0.0000
v 8.7945 -5.5263 0.1737
v 8.7602 -5.5047 0.3420
v 8.7040 -5.4694 0.5000
v 8.6279 -5.4215 0.6428
v 8.5340 -5.3625 0.7661
v 8.4252 -5.2941 0.8660
v 8.3048 -5.2184 0.9397
v 8.1765 -5.1377 0.9848
v 8.0442 -5.0545 1.0000
v 7.9119 -4.9713 0.9848
v 7.7836 -4.8907 0.9397
v 7.6633 -4.8150 0.8660
v 7.5545 -4.7466 0.7661
v 7.4606 -4.6875 0.6428
v 7.3844 -4.6396 0.5000
v 7.3283 -4.6043 0.3420
v 7.2939 -4.5827 0.1737
v 7.2823 -4.5754 0.0000
v 7.2939 -4.5827 -0.1737
v 7.3283 -4.6043 -0.3420
v 7.3844 -4.6396 -0.5000
v 7.4606 -4.6875 -0.6428
v 7.5545 -4.7466 -0.7661
v 7.6633 -4.8150 -0.8660
v 7.7836 -4.8907 -0.9397
v 7.9119 -4.9713 -0.9848
v 8.1557 -4.8728 -1.0000
v 8.2898 -4.9530 -0.9848
v 8.4199 -5.0308 -0.9397
v 8.5419 -5.1037 -0.8660
v 8.6522 -5.1697 -0.7661
v 8.7474 -5.2266 -0.6428
v 8.8246 -5.2728 -0.5000
v 8.8815 -5.3068 -0.3420
v 8.9164 -5.3277 -0.1737
v 8.9281 -5.3347 -0.0000
v 8.9164 -5.3277 0.1737
v 8.8815 -5.3068 0.3420
v 8.8246 -5.2728 0.5000
v 8.7474 -5.2266 0.6428
v 8.6522 -5.1697 0.7661
v 8.5419 -5.1037 0.8660
v 8.4199 -5.0308 0.9397
v 8.2898 -4.9530 0.9848
v 8.1557 -4.8728 1.0000
v 8.0215 -4.7926 0.9848
v 7.8915 -4.7148 0.9397
v 7.7695 -4.6418 0.8660
v 7.6592 -4.5759 0.7661
v 7.5640 -4.5190 0.6428
v 7.4867 -4.4728 0.5000
v 7.4298 -4.4387 0.3420
v 7.3950 -4.4179 0.1737
v 7.3832 -4.4109 0.0000
v 7.3950 -4.4179 -0.1737
v 7.4298 -4.4387 -0.3420
v 7.4867 -4.4728 -0.5000
v 7.5640 -4.5190 -0.6428
v 7.6592 -4.5759 -0.7661
v 7.7695 -4.6418 -0.8660
v 7.8915 -4.7148 -0.9397
v 8.0215 -4.7926 -0.9848
v 8.2630 -4.6886 -1.0000
v 8.3989 -4.7658 -0.9848
v 8.5307 -4.8406 -0.9397
v 8.6543 -4.9109 -0.8660
v 8.7661 -4.9743 -0.7661
v 8.8625 -5.0291 -0.6428
v 8.9408 -5.0736 -0.5000
v 8.9984 -5.1063 -0.3420
v 9.0337 -5.1264 -0.1737
v 9.0456 -5.1331 -0.0000
v 9.0337 -5.1264 0.1737
v 8.9984 -5.1063 0.3420
v 8.9408 -5.0736 0.5000
v 8.8625 -5.0291 0.6428
v 8.7661 -4.9743 0.7661
v 8.6543 -4.9109 0.8660
v 8.5307 -4.8406 0.9397
v 8.3989 -4.7658 0.9848
v 8.2630 -4.6886 1.0000
v 8.1271 -4.6114 0.9848
v 7.9954 -4.5366 0.9397
v 7.8717 -4.4664 0.8660
v 7.7600 -4.4029 0.7661
v 7.6635 -4.3481 0.6428
v 7.5853 -4.3037 0.5000
v 7.5277 -4.2709 0.3420
v 7.4923 -4.2509 0.1737
v 7.4805 -4.2441 0.0000
v 7.4923 -4.2509 -0.1737
v 7.5277 -4.2709 -0.3420
v 7.5853 -4.3037 -0.5000
v 7.6635 -4.3481 -0.6428
v 7.7600 -4.4029 -0.7661
v 7.8717 -4.4664 -0.8660
v 7.9954 -4.5366 -0.9397
v 8.1271 -4.6114 -0.9848
v 8.3662 -4.5021 -1.0000
v 8.5038 -4.5762 -0.9848
v 8.6372 -4.6481 -0.9397
v 8.7624 -4.7155 -0.8660
v 8.8755 -4.7765 -0.7661
v 8.9732 -4.8291 -0.6428
v 9.0524 -4.8718 -0.5000
v 9.1108 -4.9032 -0.3420
v 9.1465 -4.9225 -0.1737
v 9.1586 -4.9290 -0.0000
v 9.1465 -4.9225 0.1737
v 9.1108 -4.9032 0.3420
v 9.0524 -4.8718 0.5000
v 8.9732 -4.8291 0.6428
v 8.8755 -4.7765 0.7661
v 8.7624 -4.7155 0.8660
v 8.6372 -4.6481 0.9397
v 8.5038 -4.5762 0.9848
v 8.3662 -4.5021 1.0000
v 8.2287 -4.4279 0.9848
v 8.0953 -4.3561 0.9397
v 7.9701 -4.2886 0.8660
v 7.8570 -4.2277 0.7661
v 7.7593 -4.1751 0.6428
v 7.6801 -4.1324 0.5000
v 7.6217 -4.1009 0.3420
v 7.5860 -4.0817 0.1737
v 7.5739 -4.0752 0.0000
v 7.5860 -4.0817 -0.1737
v 7.6217 -4.1009 -0.3420
v 7.6801 -4.1324 -0.5000
v 7.7593 -4.1751 -0.6428
v 7.8570 -4.2277 -0.7661
v 7.9701 -4.2886 -0.8660
v 8.0953 -4.3561 -0.9397
v 8.2287 -4.4279 -0.9848
v 8.4653 -4.3133 -1.0000
v 8.6045 -4.3843 -0.9848
v 8.7394 -4.4532 -0.9397
v 8.8661 -4.5178 -0.8661
v 8.9806 -4.5762 -0.7661
v 9.0794 -4.6266 -0.6428
v 9.1595 -4.6675 -0.5000
v 9.2186 -4.6977 -0.3420
v 9.2547 -4.7161 -0.1737
v 9.2669 -4.7223 -0.0000
v 9.2547 -4.7161 0.1737
v 9.2186 -4.6977 0.3420
v 9.1595 -4.6675 0.5000
v 9.0794 -4.6266 0.6428
v 8.9806 -4.5762 0.7661
v 8.8661 -4.5178 0.8661
v 8.7394 -4.4532 0.9397
v 8.6045 -4.3843 0.9848
v 8.4653 -4.3133 1.0000
v 8.3261 -4.2422 0.9848
v 8.1911 -4.1734 0.9397
v 8.0644 -4.1087 0.8661
v 7.9500 -4.0503 0.7661
v 7.8512 -3.9999 0.6428
v 7.7710 -3.9590 0.5000
v 7.7119 -3.9289 0.3420
v 7.6758 -3.9104 0.1737
v 7.6636 -3.9042 0.0000
v 7.6758 -3.9104 -0.1737
v 7.7119 -3.9289 -0.3420
v 7.7710 -3.9590 -0.5000
v 7.8512 -3.9999 -0.6428
v 7.9500 -4.0503 -0.7661
v 8.0644 -4.1087 -0.8661
v 8.1911 -4.1734 -0.9397
v 8.3261 -4.2422 -0.9848
v 8.5600 -4.1223 -1.0000
v 8.7008 -4.1902 -0.9848
v 8.8373 -4.2560 -0.9397
v 8.9653 -4.3178 -0.8661
v 9.0811 -4.3737 -0.7661
v 9.1810 -4.4219 -0.6428
v 9.2620 -4.4610 -0.5000
v 9.3217 -4.4898 -0.3420
v 9.3583 -4.5074 -0.1737
v 9.3706 -4.5134 -0.0000
v 9.3583 -4.5074 0.1737
v 9.3217 -4.4898 0.3420
v 9.2620 -4.4610 0.5000
v 9.1810 -4.4219 0.6428
v 9.0811 -4.3737 0.7661
v 8.9653 -4.3178 0.8661
v 8.8373 -4.2560 0.9397
v 8.7008 -4.1902 0.9848
v 8.5600 -4.1223 1.0000
v 8.4193 -4.0544 0.9848
v 8.2828 -3.9885 0.9397
v 8.1547 -3.9268 0.8661
v 8.0390 -3.8709 0.7661
v 7.9391 -3.8227 0.6428
v 7.8580 -3.7836 0.5000
v 7.7983 -3.7548 0.3420
v 7.7618 -3.7372 0.1737
v 7.7494 -3.7312 0.0000
v 7.7618 -3.7372 -0.1737
v 7.7983 -3.7548 -0.3420
v 7.8580 -3.7836 -0.5000
v 7.9391 -3.8227 -0.6428
v 8.0390 -3.8709 -0.7661
v 8.1547 -3.9268 -0.8661
v 8.2828 -3.9885 -0.9397
v 8.4193 -4.0544 -0.9848
v 8.6505 -3.9293 -1.0000
v 8.7928 -3.9940 -0.9848
v 8.9307 -4.0568 -0.9397
v 9.0601 -4.1157 -0.8661
v 9.1770 -4.1689 -0.7661
v 9.2780 -4.2149 -0.6428
v 9.3599 -4.2522 -0.5000
v 9.4203 -4.2796 -0.3420
v 9.4572 -4.2965 -0.1737
v 9.4697 -4.3021 -0.0000
v 9.4572 -4.2965 0.1737
v 9.4203 -4.2796 0.3420
v 9.3599 -4.2522 0.5000
v 9.2780 -4.2149 0.6428
v 9.1770 -4.1689 0.7661
v 9.0601 -4.1157 0.8661
v 8.9307 -4.0568 0.9397
v 8.7928 -3.9940 0.9848
v 8.6505 -3.9293 1.0000
v 8.5083 -3.8645 0.9848
v 8.3704 -3.8017 0.9397
v 8.2410 -3.7428 0.8661
v 8.1240 -3.6896 0.7661
v 8.0230 -3.6436 0.6428
v 7.9411 -3.6063 0.5000
v 7.8808 -3.5789 0.3420
v 7.8438 -3.5621 0.1737
v 7.8314 -3.5564 0.0000
v 7.8438 -3.5621 -0.1737
v 7.8808 -3.5789 -0.3420
v 7.9411 -3.6063 -0.5000
v 8.0230 -3.6436 -0.6428
v 8.1240 -3.6896 -0.7661
v 8.2410 -3.7428 -0.8661
v 8.3704 -3.8017 -0.9397
v 8.5083 -3.8645 -0.9848
v 8.7367 -3.7342 -1.0000
v 8.8803 -3.7958 -0.9849
v 9.0196 -3.8555 -0.9397
v 9.1503 -3.9115 -0.8661
v 9.2684 -3.9621 -0.7661
v 9.3704 -4.0058 -0.6428
v 9.4531 -4.0412 -0.5000
v 9.5140 -4.0674 -0.3420
v 9.5514 -4.0833 -0.1737
v 9.5639 -4.0887 -0.0000
v 9.5514 -4.0833 0.1737
v 9.5140 -4.0674 0.3420
v 9.4531 -4.0412 0.5000
v 9.3704 -4.0058 0.6428
v 9.2684 -3.9621 0.7661
v 9.1503 -3.9115 0.8661
v 9.0196 -3.8555 0.9397
v 8.8803 -3.7958 0.9849
v 8.7367 -3.7342 1.0000
v 8.5930 -3.6727 0.9849
v 8.4537 -3.6130 0.9397
v 8.3231 -3.5570 0.8661
v 8.2049 -3.5064 0.7661
v 8.1030 -3.4627 0.6428
v 8.0203 -3.4272 0.5000
v 7.9593 -3.4011 0.3420
v 7.9220 -3.3851 0.1737
v 7.9094 -3.3797 0.0000
v 7.9220 -3.3851 -0.1737
v 7.9593 -3.4011 -0.3420
v 8.0203 -3.4272 -0.5000
v 8.1030 -3.4627 -0.6428
v 8.2049 -3.5064 -0.7661
v 8.3231 -3.5570 -0.8661
v 8.4537 -3.6130 -0.9397
v 8.5930 -3.6727 -0.9849
v 8.8185 -3.5373 -1.0001
v 8.9635 -3.5957 -0.9849
v 9.1040 -3.6523 -0.9397
v 9.2359 -3.7053 -0.8661
v 9.3552 -3.7533 -0.7661
v 9.4581 -3.7947 -0.6428
v 9.5415 -3.8283 -0.5000
v 9.6031 -3.8531 -0.3420
v 9.6407 -3.8682 -0.1737
v 9.6534 -3.8733 -0.0000
v 9.6407 -3.8682 0.1737
v 9.6031 -3.8531 0.3420
v 9.5415 -3.8283 0.5000
v 9.4581 -3.7947 0.6428
v 9.3552 -3.7533 0.7661
v 9.2359 -3.7053 0.8661
v 9.1040 -3.6523 0.9397
v 8.9635 -3.5957 0.9849
v 8.8185 -3.5373 1.0001
v 8.6735 -3.4790 0.9849
v 8.5329 -3.4224 0.9397
v 8.4010 -3.3694 0.8661
v 8.2818 -3.3214 0.7661
v 8.1789 -3.2800 0.6428
v 8.0954 -3.2464 0.5000
v 8.0339 -3.2216 0.3420
v 7.9962 -3.2065 0.1737
v 7.9835 -3.2014 0.0000
v 7.9962 -3.2065 -0.1737
v 8.0339 -3.2216 -0.3420
v 8.0954 -3.2464 -0.5000
v 8.1789 -3.2800 -0.6428
v 8.2818 -3.3214 -0.7661
v 8.4010 -3.3694 -0.8661
v 8.5329 -3.4224 -0.9397
v 8.6735 -3.4790 -0.9849
v 8.8959 -3.3387 -1.0001
v 9.0421 -3.3938 -0.9849
v 9.1839 -3.4472 -0.9398
v 9.3170 -3.4973 -0.8661
v 9.4372 -3.5426 -0.7661
v 9.5410 -3.5817 -0.6428
v 9.6252 -3.6135 -0.5000
v 9.6873 -3.6368 -0.3420
v 9.7253 -3.6511 -0.1737
v 9.7381 -3.6560 -0.0000
v 9.7253 -3.6511 0.1737
v 9.6873 -3.6368 0.3420
v 9.6252 -3.6135 0.5000
v 9.5410 -3.5817 0.6428
v 9.4372 -3.5426 0.7661
v 9.3170 -3.4973 0.8661
v 9.1839 -3.4472 0.9398
v 9.0421 -3.3938 0.9849
v 8.8959 -3.3387 1.0001
v 8.7496 -3.2836 0.9849
v 8.6078 -3.2301 0.9398
v 8.4747 -3.1800 0.8661
v 8.3545 -3.1347 0.7661
v 8.2507 -3.0956 0.6428
v 8.1665 -3.0639 0.5000
v 8.1044 -3.0405 0.3420
v 8.0664 -3.0262 0.1737
v 8.0536 -3.0214 0.0000
v 8.0664 -3.0262 -0.1737
v 8.1044 -3.0405 -0.3420
v 8.1665 -3.0639 -0.5000
v 8.2507 -3.0956 -0.6428
v 8.3545 -3.1347 -0.7661
v 8.4747 -3.1800 -0.8661
v 8.6078 -3.2301 -0.9398
v 8.7496 -3.2836 -0.9849
v 8.9688 -3.1383 -1.0001
v 9.1162 -3.1901 -0.9849
v 9.2592 -3.2404 -0.9398
v 9.3933 -3.2876 -0.8661
v 9.5146 -3.3302 -0.7661
v 9.6192 -3.3670 -0.6428
v 9.7041 -3.3968 -0.5000
v 9.7667 -3.4188 -0.3420
v 9.8050 -3.4323 -0.1737
v 9.8179 -3.4368 -0.0000
v 9.8050 -3.4323 0.1737
v 9.7667 -3.4188 0.3420
v 9.7041 -3.3968 0.5000
v 9.6192 -3.3670 0.6428
v 9.5146 -3.3302 0.7661
v 9.3933 -3.2876 0.8661
v 9.2592 -3.2404 0.9398
v 9.1162 -3.1901 0.9849
v 8.9688 -3.1383 1.0001
v 8.8214 -3.0865 0.9849
v 8.6784 -3.0362 0.9398
v 8.5443 -2.9891 0.8661
v 8.4230 -2.9465 0.7661
v 8.3184 -2.9097 0.6428
v 8.2335 -2.8798 0.5000
v 8.1709 -2.8578 0.3420
v 8.1326 -2.8444 0.1737
v 8.1197 -2.8398 0.0000
v 8.1326 -2.8444 -0.1737
v 8.1709 -2.8578 -0.3420
v 8.2335 -2.8798 -0.5000
v 8.3184 -2.9097 -0.6428
v 8.4230 -2.9465 -0.7661
v 8.5443 -2.9891 -0.8661
v 8.6784 -3.0362 -0.9398
v 8.8214 -3.0865 -0.9849
v 9.0373 -2.9364 -1.0001
v 9.1858 -2.9849 -0.9849
v 9.3299 -3.0320 -0.9398
v 9.4650 -3.0762 -0.8661
v 9.5872 -3.1161 -0.7661
v 9.6926 -3.1505 -0.6428
v 9.7781 -3.1785 -0.5000
v 9.8412 -3.1991 -0.3421
v 9.8798 -3.2117 -0.1737
v 9.8928 -3.2159 -0.0000
v 9.8798 -3.2117 0.1737
v 9.8412 -3.1991 0.3421
v 9.7781 -3.1785 0.5000
v 9.6926 -3.1505 0.6428
v 9.5872 -3.1161 0.7661
v 9.4650 -3.0762 0.8661
v 9.3299 -3.0320 0.9398
v 9.1858 -2.9849 0.9849
v 9.0373 -2.9364 1.0001
v 8.8887 -2.8878 0.9849
v 8.7447 -2.8408 0.9398
v 8.6095 -2.7966 0.8661
v 8.4874 -2.7567 0.7661
v 8.3819 -2.7223 0.6428
v 8.2964 -2.6943 0.5000
v 8.2334 -2.6737 0.3421
v 8.1948 -2.6611 0.1737
v 8.1818 -2.6569 0.0000
v 8.1948 -2.6611 -0.1737
v 8.2334 -2.6737 -0.3421
v 8.2964 -2.6943 -0.5000
v 8.3819 -2.7223 -0.6428
v 8.4874 -2.7567 -0.7661
v 8.6095 -2.7966 -0.8661
v 8.7447 -2.8408 -0.9398
v 8.8887 -2.8878 -0.9849
v 9.1012 -2.7330 -1.0001
v 9.2508 -2.7782 -0.9849
v 9.3959 -2.8221 -0.9398
v 9.5320 -2.8632 -0.8661
v 9.6550 -2.9004 -0.7661
v 9.7612 -2.9325 -0.6429
v 9.8473 -2.9586 -0.5001
v 9.9108 -2.9777 -0.3421
v 9.9496 -2.9895 -0.1737
v 9.9627 -2.9935 -0.0000
v 9.9496 -2.9895 0.1737
v 9.9108 -2.9777 0.3421
v 9.8473 -2.9586 0.5001
v 9.7612 -2.9325 0.6429
v 9.6550 -2.9004 0.7661
v 9.5320 -2.8632 0.8661
v 9.3959 -2.8221 0.9398
v 9.2508 -2.7782 0.9849
v 9.1012 -2.7330 1.0001
v 8.9516 -2.6877 0.9849
v 8.8066 -2.6439 0.9398
v 8.6705 -2.6027 0.8661
v 8.5475 -2.5655 0.7661
v 8.4413 -2.5334 0.6429
v 8.3552 -2.5074 0.5001
v 8.2917 -2.4882 0.3421
v 8.2528 -2.4765 0.1737
v 8.2398 -2.4725 0.0000
v 8.2528 -2.4765 -0.1737
v 8.2917 -2.4882 -0.3421
v 8.3552 -2.5074 -0.5001
v 8.4413 -2.5334 -0.6429
v 8.5475 -2.5655 -0.7661
v 8.6705 -2.6027 -0.8661
v 8.8066 -2.6439 -0.9398
v 8.9516 -2.6877 -0.9849
v 9.1607 -2.5282 -1.0001
v 9.3113 -2.5701 -0.9849
v 9.4572 -2.6107 -0.9398
v 9.5942 -2.6489 -0.8661
v 9.7180 -2.6833 -0.7661
v 9.8249 -2.7131 -0.6429
v 9.9116 -2.7372 -0.5001
v 9.9754 -2.7550 -0.3421
v 10.0146 -2.7658 -0.1737
v 10.0277 -2.7695 -0.0000
v 10.0146 -2.7658 0.1737
v 9.9754 -2.7550 0.3421
v 9.9116 -2.7372 0.5001
v 9.8249 -2.7131 0.6429
v 9.7180 -2.6833 0.7661
v 9.5942 -2.6489 0.8661
v 9.4572 -2.6107 0.9398
v 9.3113 -2.5701 0.9849
v 9.1607 -2.5282 1.0001
v 9.0101 -2.4863 0.9849
v 8.8641 -2.4457 0.9398
v 8.7272 -2.4075 0.8661
v 8.6034 -2.3731 0.7661
v 8.4965 -2.3433 0.6429
v 8.4098 -2.3192 0.5001
v 8.3459 -2.3014 0.3421
v 8.3068 -2.2905 0.1737
v 8.2937 -2.2869 0.0000
v 8.3068 -2.2905 -0.1737
v 8.3459 -2.3014 -0.3421
v 8.4098 -2.3192 -0.5001
v 8.4965 -2.3433 -0.6429
v 8.6034 -2.3731 -0.7661
v 8.7272 -2.4075 -0.8661
v 8.8641 -2.4457 -0.9398
v 9.0101 -2.4863 -0.9849
v 9.2156 -2.3221 -1.0001
v 9.3670 -2.3607 -0.9849
v 9.5139 -2.3981 -0.9398
v 9.6517 -2.4332 -0.8661
v 9.7762 -2.4649 -0.7662
v 9.8837 -2.4922 -0.6429
v 9.9709 -2.5145 -0.5001
v 10.0352 -2.5308 -0.3421
v 10.0745 -2.5408 -0.1737
v 10.0878 -2.5442 -0.0000
v 10.0745 -2.5408 0.1737
v 10.0352 -2.5308 0.3421
v 9.9709 -2.5145 0.5001
v 9.8837 -2.4922 0.6429
v 9.7762 -2.4649 0.7662
v 9.6517 -2.4332 0.8661
v 9.5139 -2.3981 0.9398
v 9.3670 -2.3607 0.9849
v 9.2156 -2.3221 1.0001
v 9.0641 -2.2836 0.9849
v 8.9173 -2.2462 0.9398
v 8.7795 -2.2111 0.8661
v 8.6550 -2.1794 0.7662
v 8.5475 -2.1520 0.6429
v 8.4603 -2.1298 0.5001
v 8.3960 -2.1134 0.3421
v 8.3567 -2.1034 0.1737
v 8.3434 -2.1001 0.0000
v 8.3567 -2.1034 -0.1737
v 8.3960 -2.1134 -0.3421
v 8.4603 -2.1298 -0.5001
v 8.5475 -2.1520 -0.6429
v 8.6550 -2.1794 -0.7662
v 8.7795 -2.2111 -0.8661
v 8.9173 -2.2462 -0.9398
v 9.0641 -2.2836 -0.9849
v 9.2659 -2.1149 -1.0002
v 9.4182 -2.1501 -0.9850
v 9.5658 -2.1842 -0.9398
v 9.7044 -2.2163 -0.8662
v 9.8296 -2.2452 -0.7662
v 9.9376 -2.2702 -0.6429
v 10.0253 -2.2905 -0.5001
v 10.0899 -2.3054 -0.3421
v 10.1295 -2.3146 -0.1737
v 10.1428 -2.3176 -0.0000
v 10.1295 -2.3146 0.1737
v 10.0899 -2.3054 0.3421
v 10.0253 -2.2905 0.5001
v 9.9376 -2.2702 0.6429
v 9.8296 -2.2452 0.7662
v 9.7044 -2.2163 0.8662
v 9.5658 -2.1842 0.9398
v 9.4182 -2.1501 0.9850
v 9.2659 -2.1149 1.0002
v 9.1137 -2.0797 0.9850
v 8.9660 -2.0455 0.9398
v 8.8275 -2.0135 0.8662
v 8.7023 -1.9846 0.7662
v 8.5942 -1.9596 0.6429
v 8.5065 -1.9393 0.5001
v 8.4420 -1.9244 0.3421
v 8.4024 -1.9152 0.1737
v 8.3891 -1.9121 0.0000
v 8.4024 -1.9152 -0.1737
v 8.4420 -1.9244 -0.3421
v 8.5065 -1.9393 -0.5001
v 8.5942 -1.9596 -0.6429
v 8.7023 -1.9846 -0.7662
v 8.8275 -2.0135 -0.8662
v 8.9660 -2.0455 -0.9398
v 9.1137 -2.0797 -0.9850
v 9.3117 -1.9066 -1.0002
v 9.4647 -1.9384 -0.9850
v 9.6130 -1.9693 -0.9399
v 9.7522 -1.9983 -0.8662
v 9.8781 -2.0244 -0.7662
v 9.9867 -2.0471 -0.6429
v 10.0748 -2.0654 -0.5001
v 10.1397 -2.0789 -0.3421
v 10.1794 -2.0872 -0.1737
v 10.1928 -2.0900 -0.0000
v 10.1794 -2.0872 0.1737
v 10.1397 -2.0789 0.3421
v 10.0748 -2.0654 0.5001
v 9.9867 -2.0471 0.6429
v 9.8781 -2.0244 0.7662
v 9.7522 -1.9983 0.8662
v 9.6130 -1.9693 0.9399
v 9.4647 -1.9384 0.9850
v 9.3117 -1.9066 1.0002
v 9.1587 -1.8747 0.9850
v 9.0103 -1.8439 0.9399
v 8.8711 -1.8149 0.8662
v 8.7453 -1.7887 0.7662
v 8.6367 -1.7661 0.6429
v 8.5486 -1.7478 0.5001
v 8.4837 -1.7343 0.3421
v 8.4440 -1.7260 0.1737
v 8.4306 -1.7232 0.0000
v 8.4440 -1.7260 -0.1737
v 8.4837 -1.7343 -0.3421
v 8.5486 -1.7478 -0.5001
v 8.6367 -1.7661 -0.6429
v 8.7453 -1.7887 -0.7662
v 8.8711 -1.8149 -0.8662
v 9.0103 -1.8439 -0.9399
v 9.1587 -1.8747 -0.9850
v 9.3528 -1.6973 -1.0002
v 9.5065 -1.7258 -0.9850
v 9.6555 -1.7534 -0.9399
v 9.7953 -1.7793 -0.8662
v 9.9217 -1.8027 -0.7662
v 10.0308 -1.8229 -0.6429
v 10.1192 -1.8393 -0.5001
v 10.1844 -1.8514 -0.3421
v 10.2243 -1.8588 -0.1737
v 10.2378 -1.8612 -0.0000
v 10.2243 -1.8588 0.1737
v 10.1844 -1.8514 0.3421
v 10.1192 -1.8393 0.5001
v 10.0308 -1.8229 0.6429
v 9.9217 -1.8027 0.7662
v 9.7953 -1.7793 0.8662
v 9.6555 -1.7534 0.9399
v 9.5065 -1.7258 0.9850
v 9.3528 -1.6973 1.0002
v 9.1992 -1.6688 0.9850
v 9.0502 -1.6412 0.9399
v 8.9104 -1.6153 0.8662
v 8.7840 -1.5919 0.7662
v 8.6749 -1.5717 0.6429
v 8.5865 -1.5553 0.5001
v 8.5213 -1.5432 0.3421
v 8.4813 -1.5358 0.1737
v 8.4679 -1.5333 0.0000
v 8.4813 -1.5358 -0.1737
v 8.5213 -1.5432 -0.3421
v 8.5865 -1.5553 -0.5001
v 8.6749 -1.5717 -0.6429
v 8.7840 -1.5919 -0.7662
v 8.9104 -1.6153 -0.8662
v 9.0502 -1.6412 -0.9399
v 9.1992 -1.6688 -0.9850
v 9.3894 -1.4871 -1.0002
v 9.5437 -1.5122 -0.9851
v 9.6932 -1.5366 -0.9399
v 9.8336 -1.5594 -0.8662
v 9.9604 -1.5800 -0.7662
v 10.0699 -1.5978 -0.6429
v 10.1587 -1.6123 -0.5001
v 10.2242 -1.6229 -0.3421
v 10.2642 -1.6294 -0.1737
v 10.2777 -1.6316 -0.0000
v 10.2642 -1.6294 0.1737
v 10.2242 -1.6229 0.3421
v 10.1587 -1.6123 0.5001
v 10.0699 -1.5978 0.6429
v 9.9604 -1.5800 0.7662
v 9.8336 -1.5594 0.8662
v 9.6932 -1.5366 0.9399
v 9.5437 -1.5122 0.9851
v 9.3894 -1.4871 1.0002
v 9.2351 -1.4620 0.9851
v 9.0856 -1.4377 0.9399
v 8.9452 -1.4149 0.8662
v 8.8184 -1.3943 0.7662
v 8.7089 -1.3764 0.6429
v 8.6201 -1.3620 0.5001
v 8.5546 -1.3514 0.3421
v 8.5146 -1.3448 0.1737
v 8.5011 -1.3426 0.0000
v 8.5146 -1.3448 -0.1737
v 8.5546 -1.3514 -0.3421
v 8.6201 -1.3620 -0.5001
v 8.7089 -1.3764 -0.6429
v 8.8184 -1.3943 -0.7662
v 8.9452 -1.4149 -0.8662
v 9.0856 -1.4377 -0.9399
v 9.2351 -1.4620 -0.9851
v 9.4213 -1.2762 -1.0003
v 9.5761 -1.2979 -0.9851
v 9.7262 -1.3190 -0.9400
v 9.8670 -1.3387 -0.8663
v 9.9942 -1.3566 -0.7663
v 10.1041 -1.3720 -0.6430
v 10.1932 -1.3845 -0.5001
v 10.2589 -1.3937 -0.3421
v 10.2991 -1.3993 -0.1737
v 10.3126 -1.4012 -0.0000
v 10.2991 -1.3993 0.1737
v 10.2589 -1.3937 0.3421
v 10.1932 -1.3845 0.5001
v 10.1041 -1.3720 0.6430
v 9.9942 -1.3566 0.7663
v 9.8670 -1.3387 0.8663
v 9.7262 -1.3190 0.9400
v 9.5761 -1.2979 0.9851
v 9.4213 -1.2762 1.0003
v 9.2666 -1.2545 0.9851
v 9.1165 -1.2335 0.9400
v 8.9757 -1.2137 0.8663
v 8.8484 -1.1959 0.7663
v 8.7386 -1.1804 0.6430
v 8.6495 -1.1679 0.5001
v 8.5838 -1.1587 0.3421
v 8.5436 -1.1531 0.1737
v 8.5301 -1.1512 0.0000
v 8.5436 -1.1531 -0.1737
v 8.5838 -1.1587 -0.3421
v 8.6495 -1.1679 -0.5001
v 8.7386 -1.1804 -0.6430
v 8.8484 -1.1959 -0.7663
v 8.9757 -1.2137 -0.8663
v 9.1165 -1.2335 -0.9400
v 9.2666 -1.2545 -0.9851
v 9.4487 -1.0646 -1.0003
v 9.6039 -1.0829 -0.9851
v 9.7544 -1.1007 -0.9400
v 9.8956 -1.1174 -0.8663
v 10.0232 -1.1324 -0.7663
v 10.1334 -1.1454 -0.6430
v 10.2227 -1.1560 -0.5002
v 10.2886 -1.1638 -0.3421
v 10.3289 -1.1685 -0.1737
v 10.3425 -1.1701 -0.0000
v 10.3289 -1.1685 0.1737
v 10.2886 -1.1638 0.3421
v 10.2227 -1.1560 0.5002
v 10.1334 -1.1454 0.6430
v 10.0232 -1.1324 0.7663
v 9.8956 -1.1174 0.8663
v 9.7544 -1.1007 0.9400
v 9.6039 -1.0829 0.9851
v 9.4487 -1.0646 1.0003
v 9.2935 -1.0463 0.9851
v 9.1430 -1.0285 0.9400
v 9.0018 -1.0118 0.8663
v 8.8741 -0.9968 0.7663
v 8.7640 -0.9838 0.6430
v 8.6746 -0.9732 0.5002
v 8.6088 -0.9654 0.3421
v 8.5685 -0.9607 0.1737
v 8.5549 -0.9591 0.0000
v 8.5685 -0.9607 -0.1737
v 8.6088 -0.9654 -0.3421
v 8.6746 -0.9732 -0.5002
v 8.7640 -0.9838 -0.6430
v 8.8741 -0.9968 -0.7663
v 9.0018 -1.0118 -0.8663
v 9.1430 -1.0285 -0.9400
v 9.2935 -1.0463 -0.9851
v 9.4714 -0.8524 -1.0004
v 9.6269 -0.8674 -0.9852
v 9.7778 -0.8819 -0.9400
v 9.9193 -0.8955 -0.8663
v 10.0472 -0.9078 -0.7663
v 10.1577 -0.9184 -0.6430
v 10.2472 -0.9270 -0.5002
v 10.3132 -0.9333 -0.3421
v 10.3536 -0.9372 -0.1737
v 10.3673 -0.9385 -0.0000
v 10.3536 -0.9372 0.1737
v 10.3132 -0.9333 0.3421
v 10.2472 -0.9270 0.5002
v 10.1577 -0.9184 0.6430
v 10.0472 -0.9078 0.7663
v 9.9193 -0.8955 0.8663
v 9.7778 -0.8819 0.9400
v 9.6269 -0.8674 0.9852
v 9.4714 -0.8524 1.0004
v 9.3158 -0.8375 0.9852
v 9.1650 -0.8230 0.9400
v 9.0234 -0.8094 0.8663
v 8.8955 -0.7971 0.7663
v 8.7851 -0.7865 0.6430
v 8.6955 -0.7779 0.5002
v 8.6295 -0.7716 0.3421
v 8.5891 -0.7677 0.1737
v 8.5755 -0.7664 0.0000
v 8.5891 -0.7677 -0.1737
v 8.6295 -0.7716 -0.3421
v 8.6955 -0.7779 -0.5002
v 8.7851 -0.7865 -0.6430
v 8.8955 -0.7971 -0.7663
v 9.0234 -0.8094 -0.8663
v 9.1650 -0.8230 -0.9400
v 9.3158 -0.8375 -0.9852
v 9.4895 -0.6398 -1.0004
v 9.6453 -0.6514 -0.9852
v 9.7964 -0.6626 -0.9401
v 9.9382 -0.6731 -0.8664
v 10.0664 -0.6826 -0.7664
v 10.1770 -0.6908 -0.6431
v 10.2668 -0.6975 -0.5002
v 10.3329 -0.7024 -0.3422
v 10.3734 -0.7054 -0.1737
v 10.3870 -0.7064 -0.0000
v 10.3734 -0.7054 0.1737
v 10.3329 -0.7024 0.3422
v 10.2668 -0.6975 0.5002
v 10.1770 -0.6908 0.6431
v 10.0664 -0.6826 0.7664
v 9.9382 -0.6731 0.8664
v 9.7964 -0.6626 0.9401
v 9.6453 -0.6514 0.9852
v 9.4895 -0.6398 1.0004
v 9.3336 -0.6282 0.9852
v 9.1825 -0.6170 0.9401
v 9.0407 -0.6065 0.8664
v 8.9126 -0.5970 0.7664
v 8.8019 -0.5888 0.6431
v 8.7122 -0.5821 0.5002
v 8.6461 -0.5772 0.3422
v 8.6056 -0.5742 0.1737
v 8.5919 -0.5732 0.0000
v 8.6056 -0.5742 -0.1737
v 8.6461 -0.5772 -0.3422
v 8.7122 -0.5821 -0.5002
v 8.8019 -0.5888 -0.6431
v 8.9126 -0.5970 -0.7664
v 9.0407 -0.6065 -0.8664
v 9.1825 -0.6170 -0.9401
v 9.3336 -0.6282 -0.9852
v 9.5030 -0.4268 -1.0005
v 9.6590 -0.4350 -0.9853
v 9.8104 -0.4429 -0.9401
v 9.9523 -0.4504 -0.8664
v 10.0807 -0.4571 -0.7664
v 10.1915 -0.4629 -0.6431
v 10.2813 -0.4676 -0.5002
v 10.3475 -0.4711 -0.3422
v 10.3881 -0.4733 -0.1737
v 10.4017 -0.4740 -0.0000
v 10.3881 -0.4733 0.1737
v 10.3475 -0.4711 0.3422
v 10.2813 -0.4676 0.5002
v 10.1915 -0.4629 0.6431
v 10.0807 -0.4571 0.7664
v 9.9523 -0.4504 0.8664
v 9.8104 -0.4429 0.9401
v 9.6590 -0.4350 0.9853
v 9.5030 -0.4268 1.0005
v 9.3469 -0.4186 0.9853
v 9.1956 -0.4106 0.9401
v 9.0536 -0.4032 0.8664
v 8.9253 -0.3964 0.7664
v 8.8145 -0.3906 0.6431
v 8.7246 -0.3859 0.5002
v 8.6584 -0.3824 0.3422
v 8.6179 -0.3803 0.1737
v 8.6042 -0.3796 0.0000
v 8.6179 -0.3803 -0.1737
v 8.6584 -0.3824 -0.3422
v 8.7246 -0.3859 -0.5002
v 8.8145 -0.3906 -0.6431
v 8.9253 -0.3964 -0.7664
v 9.0536 -0.4032 -0.8664
v 9.1956 -0.4106 -0.9401
v 9.3469 -0.4186 -0.9853
v 9.5119 -0.2135 -1.0005
v 9.6681 -0.2183 -0.9853
v 9.8195 -0.2230 -0.9402
v 9.9616 -0.2274 -0.8665
v 10.0901 -0.2314 -0.7665
v 10.2010 -0.2348 -0.6431
v 10.2909 -0.2376 -0.5003
v 10.3572 -0.2396 -0.3422
v 10.3978 -0.2409 -0.1737
v 10.4114 -0.2413 -0.0000
v 10.3978 -0.2409 0.1737
v 10.3572 -0.2396 0.3422
v 10.2909 -0.2376 0.5003
v 10.2010 -0.2348 0.6431
v 10.0901 -0.2314 0.7665
v 9.9616 -0.2274 0.8665
v 9.8195 -0.2230 0.9402
v 9.6681 -0.2183 0.9853
v 9.5119 -0.2135 1.0005
v 9.3557 -0.2086 0.9853
v 9.2042 -0.2040 0.9402
v 9.0621 -0.1996 0.8665
v 8.9336 -0.1956 0.7665
v 8.8228 -0.1922 0.6431
v 8.7328 -0.1894 0.5003
v 8.6665 -0.1873 0.3422
v 8.6260 -0.1861 0.1737
v 8.6123 -0.1856 0.0000
v 8.6260 -0.1861 -0.1737
v 8.6665 -0.1873 -0.3422
v 8.7328 -0.1894 -0.5003
v 8.8228 -0.1922 -0.6431
v 8.9336 -0.1956 -0.7665
v 9.0621 -0.1996 -0.8665
v 9.2042 -0.2040 -0.9402
v 9.3557 -0.2086 -0.9853
o HiddenStone_1
v -1.2523 10.5539 0.0000
v -1.2523 10.5539 0.0000
v -1.2523 10.5539 0.0000
v -1.2523 10.5539 0.0000
v -1.2523 10.5539 0.0000
v -1.2523 10.5539 0.0000
v -1.2523 10.5539 0.0000
v -1.2523 10.5539 0.0000
v -1.2523 10.5539 0.0000
v -1.2523 10.5539 0.0000
v -1.2523 10.5539 0.0000
v -1.2523 10.5539 0.0000
v -1.2523 10.5539 0.0000
v -1.2523 10.5539 0.0000
v -1.2523 10.5539 0.0000
v -1.2523 10.5539 0.0000
v -1.2523 10.5539 0.0000
v -1.0840 10.5318 0.0000
v -1.0968 10.5318 0.0644
v -1.1333 10.5318 0.1190
v -1.1879 10.5318 0.1554
v -1.2523 10.5318 0.1682
v -1.3166 10.5318 0.1554
v -1.3712 10.5318 0.1190
v -1.4077 10.5318 0.0644
v -1.4205 10.5318 0.0000
v -1.4077 10.5318 -0.0644
v -1.3712 10.5318 -0.1190
v -1.3166 10.5318 -0.1554
v -1.2523 10.5318 -0.1682
v -1.1879 10.5318 -0.1554
v -1.1333 10.5318 -0.1190
v -1.0968 10.5318 -0.0644
v -1.0840 10.5318 -0.0000
v -0.9273 10.4668 0.0000
v -0.9520 10.4668 0.1244
v -1.0224 10.4668 0.2298
v -1.1279 10.4668 0.3003
v -1.2523 10.4668 0.3250
v -1.3766 10.4668 0.3003
v -1.4821 10.4668 0.2298
v -1.5525 10.4668 0.1244
v -1.5773 10.4668 0.0000
v -1.5525 10.4668 -0.1244
v -1.4821 10.4668 -0.2298
v -1.3766 10.4668 -0.3003
v -1.2523 10.4668 -0.3250
v -1.1279 10.4668 -0.3003
v -1.0224 10.4668 -0.2298
v -0.9520 10.4668 -0.1244
v -0.9273 10.4668 -0.0000
v -0.7926 10.3635 0.0000
v -0.8276 10.3635 0.1759
v -0.9273 10.3635 0.3250
v -1.0764 10.3635 0.4246
v -1.2523 10.3635 0.4596
v -1.4281 10.3635 0.4246
v -1.5773 10.3635 0.3250
v -1.6769 10.3635 0.1759
v -1.7119 10.3635 0.0000
v -1.6769 10.3635 -0.1759
v -1.5773 10.3635 -0.3250
v -1.4281 10.3635 -0.4246
v -1.2523 10.3635 -0.4596
v -1.0764 10.3635 -0.4246
v -0.9273 10.3635 -0.3250
v -0.8276 10.3635 -0.1759
v -0.7926 10.3635 -0.0000
v -0.6893 10.2289 0.0000
v -0.7322 10.2289 0.2154
v -0.8542 10.2289 0.3980
v -1.0368 10.2289 0.5201
v -1.2523 10.2289 0.5629
v -1.4677 10.2289 0.5201
v -1.6503 10.2289 0.3980
v -1.7723 10.2289 0.2154
v -1.8152 10.2289 0.0000
v -1.7723 10.2289 -0.2154
v -1.6503 10.2289 -0.3980
v -1.4677 10.2289 -0.5201
v -1.2523 10.2289 -0.5629
v -1.0368 10.2289 -0.5201
v -0.8542 10.2289 -0.3980
v -0.7322 10.2289 -0.2154
v -0.6893 10.2289 -0.0000
v -0.6244 10.0721 0.0000
v -0.6722 10.0721 0.2403
v -0.8083 10.0721 0.4440
v -1.0120 10.0721 0.5801
v -1.2523 10.0721 0.6279
v -1.4925 10.0721 0.5801
v -1.6962 10.0721 0.4440
v -1.8323 10.0721 0.2403
v -1.8801 10.0721 0.0000
v -1.8323 10.0721 -0.2403
v -1.6962 10.0721 -0.4440
v -1.4925 10.0721 -0.5801
v -1.2523 10.0721 -0.6279
v -1.0120 10.0721 -0.5801
v -0.8083 10.0721 -0.4440
v -0.6722 10.0721 -0.2403
v -0.6244 10.0721 -0.0000
v -0.6023 9.9039 0.0000
v -0.6517 9.9039 0.2487
v -0.7926 9.9039 0.4596
v -1.0035 9.9039 0.6005
v -1.2523 9.9039 0.6500
v -1.5010 9.9039 0.6005
v -1.7119 9.9039 0.4596
v -1.8528 9.9039 0.2487
v -1.9023 9.9039 0.0000
v -1.8528 9.9039 -0.2487
v -1.7119 9.9039 -0.4596
v -1.5010 9.9039 -0.6005
v -1.2523 9.9039 -0.6500
v -1.0035 9.9039 -0.6005
v -0.7926 9.9039 -0.4596
v -0.6517 9.9039 -0.2487
v -0.6023 9.9039 -0.0000
v -0.6244 9.7357 0.0000
v -0.6722 9.7357 0.2403
v -0.8083 9.7357 0.4440
v -1.0120 9.7357 0.5801
v -1.2523 9.7357 0.6279
v -1.4925 9.7357 0.5801
v -1.6962 9.7357 0.4440
v -1.8323 9.7357 0.2403
v -1.8801 9.7357 0.0000
v -1.8323 9.7357 -0.2403
v -1.6962 9.7357 -0.4440
v -1.4925 9.7357 -0.5801
v -1.2523 9.7357 -0.6279
v -1.0120 9.7357 -0.5801
v -0.8083 9.7357 -0.4440
v -0.6722 9.7357 -0.2403
v -0.6244 9.7357 -0.0000
v -0.6893 9.5789 0.0000
v -0.7322 9.5789 0.2154
v -0.8542 9.5789 0.3980
v -1.0368 9.5789 0.5201
v -1.2523 9.5789 0.5629
v -1.4677 9.5789 0.5201
v -1.6503 9.5789 0.3980
v -1.7723 9.5789 0.2154
v -1.8152 9.5789 0.0000
v -1.7723 9.5789 -0.2154
v -1.6503 9.5789 -0.3980
v -1.4677 9.5789 -0.5201
v -1.2523 9.5789 -0.5629
v -1.0368 9.5789 -0.5201
v -0.8542 9.5789 -0.3980
v -0.7322 9.5789 -0.2154
v -0.6893 9.5789 -0.0000
v -0.7926 9.4443 0.0000
v -0.8276 9.4443 0.1759
v -0.9273 9.4443 0.3250
v -1.0764 9.4443 0.4246
v -1.2523 9.4443 0.4596
v -1.4281 9.4443 0.4246
v -1.5773 9.4443 0.3250
v -1.6769 9.4443 0.1759
v -1.7119 9.4443 0.0000
v -1.6769 9.4443 -0.1759
v -1.5773 9.4443 -0.3250
v -1.4281 9.4443 -0.4246
v -1.2523 9.4443 -0.4596
v -1.0764 9.4443 -0.4246
v -0.9273 9.4443 -0.3250
v -0.8276 9.4443 -0.1759
v -0.7926 9.4443 -0.0000
v -0.9273 9.3410 0.0000
v -0.9520 9.3410 0.1244
v -1.0224 9.3410 0.2298
v -1.1279 9.3410 0.3003
v -1.2523 9.3410 0.3250
v -1.3766 9.3410 0.3003
v -1.4821 9.3410 0.2298
v -1.5525 9.3410 0.1244
v -1.5773 9.3410 0.0000
v -1.5525 9.3410 -0.1244
v -1.4821 9.3410 -0.2298
v -1.3766 9.3410 -0.3003
v -1.2523 9.3410 -0.3250
v -1.1279 9.3410 -0.3003
v -1.0224 9.3410 -0.2298
v -0.9520 9.3410 -0.1244
v -0.9273 9.3410 -0.0000
v -1.0840 9.2760 0.0000
v -1.0968 9.2760 0.0644
v -1.1333 9.2760 0.1190
v -1.1879 9.2760 0.1554
v -1.2523 9.2760 0.1682
v -1.3166 9.2760 0.1554
v -1.3712 9.2760 0.1190
v -1.4077 9.2760 0.0644
v -1.4205 9.2760 0.0000
v -1.4077 9.2760 -0.0644
v -1.3712 9.2760 -0.1190
v -1.3166 9.2760 -0.1554
v -1.2523 9.2760 -0.1682
v -1.1879 9.2760 -0.1554
v -1.1333 9.2760 -0.1190
v -1.0968 9.2760 -0.0644
v -1.0840 9.2760 -0.0000
v -1.2523 9.2539 0.0000
v -1.2523 9.2539 0.0000
v -1.2523 9.2539 0.0000
v -1.2523 9.2539 0.0000
v -1.2523 9.2539 0.0000
v -1.2523 9.2539 0.0000
v -1.2523 9.2539 0.0000
v -1.2523 9.2539 0.0000
v -1.2523 9.2539 0.0000
v -1.2523 9.2539 -0.0000
v -1.2523 9.2539 -0.0000
v -1.2523 9.2539 -0.0000
v -1.2523 9.2539 -0.0000
v -1.2523 9.2539 -0.0000
v -1.2523 9.2539 -0.0000
v -1.2523 9.2539 -0.0000
v -1.2523 9.2539 -0.0000
o HiddenStone_2
v 1.2523 10.5539 0.0000
v 1.2523 10.5539 0.0000
v 1.2523 10.5539 0.0000
v 1.2523 10.5539 0.0000
v 1.2523 10.5539 0.0000
v 1.2523 10.5539 0.0000
v 1.2523 10.5539 0.0000
v 1.2523 10.5539 0.0000
v 1.2523 10.5539 0.0000
v 1.2523 10.5539 0.0000
v 1.2523 10.5539 0.0000
v 1.2523 10.5539 0.0000
v 1.2523 10.5539 0.0000
v 1.2523 10.5539 0.0000
v 1.2523 10.5539 0.0000
v 1.2523 10.5539 0.0000
v 1.2523 10.5539 0.0000
v 1.4205 10.5318 0.0000
v 1.4077 10.5318 0.0644
v 1.3712 10.5318 0.1190
v 1.3166 10.5318 0.1554
v 1.2523 10.5318 0.1682
v 1.1879 10.5318 0.1554
v 1.1333 10.5318 0.1190
v 1.0968 10.5318 0.0644
v 1.0840 10.5318 0.0000
v 1.0968 10.5318 -0.0644
v 1.1333 10.5318 -0.1190
v 1.1879 10.5318 -0.1554
v 1.2523 10.5318 -0.1682
v 1.3166 10.5318 -0.1554
v 1.3712 10.5318 -0.1190
v 1.4077 10.5318 -0.0644
v 1.4205 10.5318 -0.0000
v 1.5773 10.4668 0.0000
v 1.5525 10.4668 0.1244
v 1.4821 10.4668 0.2298
v 1.3766 10.4668 0.3003
v 1.2523 10.4668 0.3250
v 1.1279 10.4668 0.3003
v 1.0224 10.4668 0.2298
v 0.9520 10.4668 0.1244
v 0.9273 10.4668 0.0000
v 0.9520 10.4668 -0.1244
v 1.0224 10.4668 -0.2298
v 1.1279 10.4668 -0.3003
v 1.2523 10.4668 -0.3250
v 1.3766 10.4668 -0.3003
v 1.4821 10.4668 -0.2298
v 1.5525 10.4668 -0.1244
v 1.5773 10.4668 -0.0000
v 1.7119 10.3635 0.0000
v 1.6769 10.3635 0.1759
v 1.5773 10.3635 0.3250
v 1.4281 10.3635 0.4246
v 1.2523 10.3635 0.4596
v 1.0764 10.3635 0.4246
v 0.9273 10.3635 0.3250
v 0.8276 10.3635 0.1759
v 0.7926 10.3635 0.0000
v 0.8276 10.3635 -0.1759
v 0.9273 10.3635 -0.3250
v 1.0764 10.3635 -0.4246
v 1.2523 10.3635 -0.4596
v 1.4281 10.3635 -0.4246
v 1.5773 10.3635 -0.3250
v 1.6769 10.3635 -0.1759
v 1.7119 10.3635 -0.0000
v 1.8152 10.2289 0.0000
v 1.7723 10.2289 0.2154
v 1.6503 10.2289 0.3980
v 1.4677 10.2289 0.5201
v 1.2523 10.2289 0.5629
v 1.0368 10.2289 0.5201
v 0.8542 10.2289 0.3980
v 0.7322 10.2289 0.2154
v 0.6893 10.2289 0.0000
v 0.7322 10.2289 -0.2154
v 0.8542 10.2289 -0.3980
v 1.0368 10.2289 -0.5201
v 1.2523 10.2289 -0.5629
v 1.4677 10.2289 -0.5201
v 1.6503 10.2289 -0.3980
v 1.7723 10.2289 -0.2154
v 1.8152 10.2289 -0.0000
v 1.8801 10.0721 0.0000
v 1.8323 10.0721 0.2403
v 1.6962 10.0721 0.4440
v 1.4925 10.0721 0.5801
v 1.2523 10.0721 0.6279
v 1.0120 10.0721 0.5801
v 0.8083 10.0721 0.4440
v 0.6722 10.0721 0.2403
v 0.6244 10.0721 0.0000
v 0.6722 10.0721 -0.2403
v 0.8083 10.0721 -0.4440
v 1.0120 10.0721 -0.5801
v 1.2523 10.0721 -0.6279
v 1.4925 10.0721 -0.5801
v 1.6962 10.0721 -0.4440
v 1.8323 10.0721 -0.2403
v 1.8801 10.0721 -0.0000
v 1.9023 9.9039 0.0000
v 1.8528 9.9039 0.2487
v 1.7119 9.9039 0.4596
v 1.5010 9.9039 0.6005
v 1.2523 9.9039 0.6500
v 1.0035 9.9039 0.6005
v 0.7926 9.9039 0.4596
v 0.6517 9.9039 0.2487
v 0.6023 9.9039 0.0000
v 0.6517 9.9039 -0.2487
v 0.7926 9.9039 -0.4596
v 1.0035 9.9039 -0.6005
v 1.2523 9.9039 -0.6500
v 1.5010 9.9039 -0.6005
v 1.7119 9.9039 -0.4596
v 1.8528 9.9039 -0.2487
v 1.9023 9.9039 -0.0000
v 1.8801 9.7357 0.0000
v 1.8323 9.7357 0.2403
v 1.6962 9.7357 0.4440
v 1.4925 9.7357 0.5801
v 1.2523 9.7357 0.6279
v 1.0120 9.7357 0.5801
v 0.8083 9.7357 0.4440
v 0.6722 9.7357 0.2403
v 0.6244 9.7357 0.0000
v 0.6722 9.7357 -0.2403
v 0.8083 9.7357 -0.4440
v 1.0120 9.7357 -0.5801
v 1.2523 9.7357 -0.6279
v 1.4925 9.7357 -0.5801
v 1.6962 9.7357 -0.4440
v 1.8323 9.7357 -0.2403
v 1.8801 9.7357 -0.0000
v 1.8152 9.5789 0.0000
v 1.7723 9.5789 0.2154
v 1.6503 9.5789 0.3980
v 1.4677 9.5789 0.5201
v 1.2523 9.5789 0.5629
v 1.0368 9.5789 0.5201
v 0.8542 9.5789 0.3980
v 0.7322 9.5789 0.2154
v 0.6893 9.5789 0.0000
v 0.7322 9.5789 -0.2154
v 0.8542 9.5789 -0.3980
v 1.0368 9.5789 -0.5201
v 1.2523 9.5789 -0.5629
v 1.4677 9.5789 -0.5201
v 1.6503 9.5789 -0.3980
v 1.7723 9.5789 -0.2154
v 1.8152 9.5789 -0.0000
v 1.7119 9.4443 0.0000
v 1.6769 9.4443 0.1759
v 1.5773 9.4443 0.3250
v 1.4281 9.4443 0.4246
v 1.2523 9.4443 0.4596
v 1.0764 9.4443 0.4246
v 0.9273 9.4443 0.3250
v 0.8276 9.4443 0.1759
v 0.7926 9.4443 0.0000
v 0.8276 9.4443 -0.1759
v 0.9273 9.4443 -0.3250
v 1.0764 9.4443 -0.4246
v 1.2523 9.4443 -0.4596
v 1.4281 9.4443 -0.4246
v 1.5773 9.4443 -0.3250
v 1.6769 9.4443 -0.1759
v 1.7119 9.4443 -0.0000
v 1.5773 9.3410 0.0000
v 1.5525 9.3410 0.1244
v 1.4821 9.3410 0.2298
v 1.3766 9.3410 0.3003
v 1.2523 9.3410 0.3250
v 1.1279 9.3410 0.3003
v 1.0224 9.3410 0.2298
v 0.9520 9.3410 0.1244
v 0.9273 9.3410 0.0000
v 0.9520 9.3410 -0.1244
v 1.0224 9.3410 -0.2298
v 1.1279 9.3410 -0.3003
v 1.2523 9.3410 -0.3250
v 1.3766 9.3410 -0.3003
v 1.4821 9.3410 -0.2298
v 1.5525 9.3410 -0.1244
v 1.5773 9.3410 -0.0000
v 1.4205 9.2760 0.0000
v 1.4077 9.2760 0.0644
v 1.3712 9.2760 0.1190
v 1.3166 9.2760 0.1554
v 1.2523 9.2760 0.1682
v 1.1879 9.2760 0.1554
v 1.1333 9.2760 0.1190
v 1.0968 9.2760 0.0644
v 1.0840 9.2760 0.0000
v 1.0968 9.2760 -0.0644
v 1.1333 9.2760 -0.1190
v 1.1879 9.2760 -0.1554
v 1.2523 9.2760 -0.1682
v 1.3166 9.2760 -0.1554
v 1.3712 9.2760 -0.1190
v 1.4077 9.2760 -0.0644
v 1.4205 9.2760 -0.0000
v 1.2523 9.2539 0.0000
v 1.2523 9.2539 0.0000
v 1.2523 9.2539 0.0000
v 1.2523 9.2539 0.0000
v 1.2523 9.2539 0.0000
v 1.2523 9.2539 0.0000
v 1.2523 9.2539 0.0000
v 1.2523 9.2539 0.0000
v 1.2523 9.2539 0.0000
v 1.2523 9.2539 -0.0000
v 1.2523 9.2539 -0.0000
v 1.2523 9.2539 -0.0000
v 1.2523 9.2539 -0.0000
v 1.2523 9.2539 -0.0000
v 1.2523 9.2539 -0.0000
v 1.2523 9.2539 -0.0000
v 1.2523 9.2539 -0.0000
f 1 37 38
f 1 38 2
f 2 38 39
f 2 39 3
f 3 39 40
f 3 40 4
f 4 40 41
f 4 41 5
f 5 41 42
f 5 42 6
f 6 42 43
f 6 43 7
f 7 43 44
f 7 44 8
f 8 44 45
f 8 45 9
f 9 45 46
f 9 46 10
f 10 46 47
f 10 47 11
f 11 47 48
f 11 48 12
f 12 48 49
f 12 49 13
f 13 49 50
f 13 50 14
f 14 50 51
f 14 51 15
f 15 51 52
f 15 52 16
f 16 52 53
f 16 53 17
f 17 53 54
f 17 54 18
f 18 54 55
f 18 55 19
f 19 55 56
f 19 56 20
f 20 56 57
f 20 57 21
f 21 57 58
f 21 58 22
f 22 58 59
f 22 59 23
f 23 59 60
f 23 60 24
f 24 60 61
f 24 61 25
f 25 61 62
f 25 62 26
f 26 62 63
f 26 63 27
f 27 63 64
f 27 64 28
f 28 64 65
f 28 65 29
f 29 65 66
f 29 66 30
f 30 66 67
f 30 67 31
f 31 67 68
f 31 68 32
f 32 68 69
f 32 69 33
f 33 69 70
f 33 70 34
f 34 70 71
f 34 71 35
f 35 71 72
f 35 72 36
f 36 72 37
f 36 37 1
f 37 73 74
f 37 74 38
f 38 74 75
f 38 75 39
f 39 75 76
f 39 76 40
f 40 76 77
f 40 77 41
f 41 77 78
f 41 78 42
f 42 78 79
f 42 79 43
f 43 79 80
f 43 80 44
f 44 80 81
f 44 81 45
f 45 81 82
f 45 82 46
f 46 82 83
f 46 83 47
f 47 83 84
f 47 84 48
f 48 84 85
f 48 85 49
f 49 85 86
f 49 86 50
f 50 86 87
f 50 87 51
f 51 87 88
f 51 88 52
f 52 88 89
f 52 89 53
f 53 89 90
f 53 90 54
f 54 90 91
f 54 91 55
f 55 91 92
f 55 92 56
f 56 92 93
f 56 93 57
f 57 93 94
f 57 94 58
f 58 94 95
f 58 95 59
f 59 95 96
f 59 96 60
f 60 96 97
f 60 97 61
f 61 97 98
f 61 98 62
f 62 98 99
f 62 99 63
f 63 99 100
f 63 100 64
f 64 100 101
f 64 101 65
f 65 101 102
f 65 102 66
f 66 102 103
f 66 103 67
f 67 103 104
f 67 104 68
f 68 104 105
f 68 105 69
f 69 105 106
f 69 106 70
f 70 106 107
f 70 107 71
f 71 107 108
f 71 108 72
f 72 108 73
f 72 73 37
f 73 109 110
f 73 110 74
f 74 110 111
f 74 111 75
f 75 111 112
f 75 112 76
f 76 112 113
f 76 113 77
f 77 113 114
f 77 114 78
f 78 114 115
f 78 115 79
f 79 115 116
f 79 116 80
f 80 116 117
f 80 117 81
f 81 117 118
f 81 118 82
f 82 118 119
f 82 119 83
f 83 119 120
f 83 120 84
f 84 120 121
f 84 121 85
f 85 121 122
f 85 122 86
f 86 122 123
f 86 123 87
f 87 123 124
f 87 124 88
f 88 124 125
f 88 125 89
f 89 125 126
f 89 126 90
f 90 126 127
f 90 127 91
f 91 127 128
f 91 128 92
f 92 128 129
f 92 129 93
f 93 129 130
f 93 130 94
f 94 130 131
f 94 131 95
f 95 131 132
f 95 132 96
f 96 132 133
f 96 133 97
f 97 133 134
f 97 134 98
f 98 134 135
f 98 135 99
f 99 135 136
f 99 136 100
f 100 136 137
f 100 137 101
f 101 137 138
f 101 138 102
f 102 138 139
f 102 139 103
f 103 139 140
f 103 140 104
f 104 140 141
f 104 141 105
f 105 141 142
f 105 142 106
f 106 142 143
f 106 143 107
f 107 143 144
f 107 144 108
f 108 144 109
f 108 109 73
f 109 145 146
f 109 146 110
f 110 146 147
f 110 147 111
f 111 147 148
f 111 148 112
f 112 148 149
f 112 149 113
f 113 149 150
f 113 150 114
f 114 150 151
f 114 151 115
f 115 151 152
f 115 152 116
f 116 152 153
f 116 153 117
f 117 153 154
f 117 154 118
f 118 154 155
f 118 155 119
f 119 155 156
f 119 156 120
f 120 156 157
f 120 157 121
f 121 157 158
f 121 158 122
f 122 158 159
f 122 159 123
f 123 159 160
f 123 160 124
f 124 160 161
f 124 161 125
f 125 161 162
f 125 162 126
f 126 162 163
f 126 163 127
f 127 163 164
f 127 164 128
f 128 164 165
f 128 165 129
f 129 165 166
f 129 166 130
f 130 166 167
f 130 167 131
f 131 167 168
f 131 168 132
f 132 168 169
f 132 169 133
f 133 169 170
f 133 170 134
f 134 170 171
f 134 171 135
f 135 171 172
f 135 172 136
f 136 172 173
f 136 173 137
f 137 173 174
f 137 174 138
f 138 174 175
f 138 175 139
f 139 175 176
f 139 176 140
f 140 176 177
f 140 177 141
f 141 177 178
f 141 178 142
f 142 178 179
f 142 179 143
f 143 179 180
f 143 180 144
f 144 180 145
f 144 145 109
f 145 181 182
f 145 182 146
f 146 182 183
f 146 183 147
f 147 183 184
f 147 184 148
f 148 184 185
f 148 185 149
f 149 185 186
f 149 186 150
f 150 186 187
f 150 187 151
f 151 187 188
f 151 188 152
f 152 188 189
f 152 189 153
f 153 189 190
f 153 190 154
f 154 190 191
f 154 191 155
f 155 191 192
f 155 192 156
f 156 192 193
f 156 193 157
f 157 193 194
f 157 194 158
f 158 194 195
f 158 195 159
f 159 195 196
f 159 196 160
f 160 196 197
f 160 197 161
f 161 197 198
f 161 198 162
f 162 198 199
f 162 199 163
f 163 199 200
f 163 200 164
f 164 200 201
f 164 201 165
f 165 201 202
f 165 202 166
f 166 202 203
f 166 203 167
f 167 203 204
f 167 204 168
f 168 204 205
f 168 205 169
f 169 205 206
f 169 206 170
f 170 206 207
f 170 207 171
f 171 207 208
f 171 208 172
f 172 208 209
f 172 209 173
f 173 209 210
f 173 210 174
f 174 210 211
f 174 211 175
f 175 211 212
f 175 212 176
f 176 212 213
f 176 213 177
f 177 213 214
f 177 214 178
f 178 214 215
f 178 215 179
f 179 215 216
f 179 216 180
f 180 216 181
f 180 181 145
f 181 217 218
f 181 218 182
f 182 218 219
f 182 219 183
f 183 219 220
f 183 220 184
f 184 220 221
f 184 221 185
f 185 221 222
f 185 222 186
f 186 222 223
f 186 223 187
f 187 223 224
f 187 224 188
f 188 224 225
f 188 225 189
f 189 225 226
f 189 226 190
f 190 226 227
f 190 227 191
f 191 227 228
f 191 228 192
f 192 228 229
f 192 229 193
f 193 229 230
f 193 230 194
f 194 230 231
f 194 231 195
f 195 231 232
f 195 232 196
f 196 232 233
f 196 233 197
f 197 233 234
f 197 234 198
f 198 234 235
f 198 235 199
f 199 235 236
f 199 236 200
f 200 236 237
f 200 237 201
f 201 237 238
f 201 238 202
f 202 238 239
f 202 239 203
f 203 239 240
f 203 240 204
f 204 240 241
f 204 241 205
f 205 241 242
f 205 242 206
f 206 242 243
f 206 243 207
f 207 243 244
f 207 244 208
f 208 244 245
f 208 245 209
f 209 245 246
f 209 246 210
f 210 246 247
f 210 247 211
f 211 247 248
f 211 248 212
f 212 248 249
f 212 249 213
f 213 249 250
f 213 250 214
f 214 250 251
f 214 251 215
f 215 251 252
f 215 252 216
f 216 252 217
f 216 217 181
f 217 253 254
f 217 254 218
f 218 254 255
f 218 255 219
f 219 255 256
f 219 256 220
f 220 256 257
f 220 257 221
f 221 257 258
f 221 258 222
f 222 258 259
f 222 259 223
f 223 259 260
f 223 260 224
f 224 260 261
f 224 261 225
f 225 261 262
f 225 262 226
f 226 262 263
f 226 263 227
f 227 263 264
f 227 264 228
f 228 264 265
f 228 265 229
f 229 265 266
f 229 266 230
f 230 266 267
f 230 267 231
f 231 267 268
f 231 268 232
f 232 268 269
f 232 269 233
f 233 269 270
f 233 270 234
f 234 270 271
f 234 271 235
f 235 271 272
f 235 272 236
f 236 272 273
f 236 273 237
f 237 273 274
f 237 274 238
f 238 274 275
f 238 275 239
f 239 275 276
f 239 276 240
f 240 276 277
f 240 277 241
f 241 277 278
f 241 278 242
f 242 278 279
f 242 279 243
f 243 279 280
f 243 280 244
f 244 280 281
f 244 281 245
f 245 281 282
f 245 282 246
f 246 282 283
f 246 283 247
f 247 283 284
f 247 284 248
f 248 284 285
f 248 285 249
f 249 285 286
f 249 286 250
f 250 286 287
f 250 287 251
f 251 287 288
f 251 288 252
f 252 288 253
f 252 253 217
f 253 289 290
f 253 290 254
f 254 290 291
f 254 291 255
f 255 291 292
f 255 292 256
f 256 292 293
f 256 293 257
f 257 293 294
f 257 294 258
f 258 294 295
f 258 295 259
f 259 295 296
f 259 296 260
f 260 296 297
f 260 297 261
f 261 297 298
f 261 298 262
f 262 298 299
f 262 299 263
f 263 299 300
f 263 300 264
f 264 300 301
f 264 301 265
f 265 301 302
f 265 302 266
f 266 302 303
f 266 303 267
f 267 303 304
f 267 304 268
f 268 304 305
f 268 305 269
f 269 305 306
f 269 306 270
f 270 306 307
f 270 307 271
f 271 307 308
f 271 308 272
f 272 308 309
f 272 309 273
f 273 309 310
f 273 310 274
f 274 310 311
f 274 311 275
f 275 311 312
f 275 312 276
f 276 312 313
f 276 313 277
f 277 313 314
f 277 314 278
f 278 314 315
f 278 315 279
f 279 315 316
f 279 316 280
f 280 316 317
f 280 317 281
f 281 317 318
f 281 318 282
f 282 318 319
f 282 319 283
f 283 319 320
f 283 320 284
f 284 320 321
f 284 321 285
f 285 321 322
f 285 322 286
f 286 322 323
f 286 323 287
f 287 323 324
f 287 324 288
f 288 324 289
f 288 289 253
f 289 325 326
f 289 326 290
f 290 326 327
f 290 327 291
f 291 327 328
f 291 328 292
f 292 328 329
f 292 329 293
f 293 329 330
f 293 330 294
f 294 330 331
f 294 331 295
f 295 331 332
f 295 332 296
f 296 332 333
f 296 333 297
f 297 333 334
f 297 334 298
f 298 334 335
f 298 335 299
f 299 335 336
f 299 336 300
f 300 336 337
f 300 337 301
f 301 337 338
f 301 338 302
f 302 338 339
f 302 339 303
f 303 339 340
f 303 340 304
f 304 340 341
f 304 341 305
f 305 341 342
f 305 342 306
f 306 342 343
f 306 343 307
f 307 343 344
f 307 344 308
f 308 344 345
f 308 345 309
f 309 345 346
f 309 346 310
f 310 346 347
f 310 347 311
f 311 347 348
f 311 348 312
f 312 348 349
f 312 349 313
f 313 349 350
f 313 350 314
f 314 350 351
f 314 351 315
f 315 351 352
f 315 352 316
f 316 352 353
f 316 353 317
f 317 353 354
f 317 354 318
f 318 354 355
f 318 355 319
f 319 355 356
f 319 356 320
f 320 356 357
f 320 357 321
f 321 357 358
f 321 358 322
f 322 358 359
f 322 359 323
f 323 359 360
f 323 360 324
f 324 360 325
f 324 325 289
f 325 361 362
f 325 362 326
f 326 362 363
f 326 363 327
f 327 363 364
f 327 364 328
f 328 364 365
f 328 365 329
f 329 365 366
f 329 366 330
f 330 366 367
f 330 367 331
f 331 367 368
f 331 368 332
f 332 368 369
f 332 369 333
f 333 369 370
f 333 370 334
f 334 370 371
f 334 371 335
f 335 371 372
f 335 372 336
f 336 372 373
f 336 373 337
f 337 373 374
f 337 374 338
f 338 374 375
f 338 375 339
f 339 375 376
f 339 376 340
f 340 376 377
f 340 377 341
f 341 377 378
f 341 378 342
f 342 378 379
f 342 379 343
f 343 379 380
f 343 380 344
f 344 380 381
f 344 381 345
f 345 381 382
f 345 382 346
f 346 382 383
f 346 383 347
f 347 383 384
f 347 384 348
f 348 384 385
f 348 385 349
f 349 385 386
f 349 386 350
f 350 386 387
f 350 387 351
f 351 387 388
f 351 388 352
f 352 388 389
f 352 389 353
f 353 389 390
f 353 390 354
f 354 390 391
f 354 391 355
f 355 391 392
f 355 392 356
f 356 392 393
f 356 393 357
f 357 393 394
f 357 394 358
f 358 394 395
f 358 395 359
f 359 395 396
f 359 396 360
f 360 396 361
f 360 361 325
f 361 397 398
f 361 398 362
f 362 398 399
f 362 399 363
f 363 399 400
f 363 400 364
f 364 400 401
f 364 401 365
f 365 401 402
f 365 402 366
f 366 402 403
f 366 403 367
f 367 403 404
f 367 404 368
f 368 404 405
f 368 405 369
f 369 405 406
f 369 406 370
f 370 406 407
f 370 407 371
f 371 407 408
f 371 408 372
f 372 408 409
f 372 409 373
f 373 409 410
f 373 410 374
f 374 410 411
f 374 411 375
f 375 411 412
f 375 412 376
f 376 412 413
f 376 413 377
f 377 413 414
f 377 414 378
f 378 414 415
f 378 415 379
f 379 415 416
f 379 416 380
f 380 416 417
f 380 417 381
f 381 417 418
f 381 418 382
f 382 418 419
f 382 419 383
f 383 419 420
f 383 420 384
f 384 420 421
f 384 421 385
f 385 421 422
f 385 422 386
f 386 422 423
f 386 423 387
f 387 423 424
f 387 424 388
f 388 424 425
f 388 425 389
f 389 425 426
f 389 426 390
f 390 426 427
f 390 427 391
f 391 427 428
f 391 428 392
f 392 428 429
f 392 429 393
f 393 429 430
f 393 430 394
f 394 430 431
f 394 431 395
f 395 431 432
f 395 432 396
f 396 432 397
f 396 397 361
f 397 433 434
f 397 434 398
f 398 434 435
f 398 435 399
f 399 435 436
f 399 436 400
f 400 436 437
f 400 437 401
f 401 437 438
f 401 438 402
f 402 438 439
f 402 439 403
f 403 439 440
f 403 440 404
f 404 440 441
f 404 441 405
f 405 441 442
f 405 442 406
f 406 442 443
f 406 443 407
f 407 443 444
f 407 444 408
f 408 444 445
f 408 445 409
f 409 445 446
f 409 446 410
f 410 446 447
f 410 447 411
f 411 447 448
f 411 448 412
f 412 448 449
f 412 449 413
f 413 449 450
f 413 450 414
f 414 450 451
f 414 451 415
f 415 451 452
f 415 452 416
f 416 452 453
f 416 453 417
f 417 453 454
f 417 454 418
f 418 454 455
f 418 455 419
f 419 455 456
f 419 456 420
f 420 456 457
f 420 457 421
f 421 457 458
f 421 458 422
f 422 458 459
f 422 459 423
f 423 459 460
f 423 460 424
f 424 460 461
f 424 461 425
f 425 461 462
f 425 462 426
f 426 462 463
f 426 463 427
f 427 463 464
f 427 464 428
f 428 464 465
f 428 465 429
f 429 465 466
f 429 466 430
f 430 466 467
f 430 467 431
f 431 467 468
f 431 468 432
f 432 468 433
f 432 433 397
f 433 469 470
f 433 470 434
f 434 470 471
f 434 471 435
f 435 471 472
f 435 472 436
f 436 472 473
f 436 473 437
f 437 473 474
f 437 474 438
f 438 474 475
f 438 475 439
f 439 475 476
f 439 476 440
f 440 476 477
f 440 477 441
f 441 477 478
f 441 478 442
f 442 478 479
f 442 479 443
f 443 479 480
f 443 480 444
f 444 480 481
f 444 481 445
f 445 481 482
f 445 482 446
f 446 482 483
f 446 483 447
f 447 483 484
f 447 484 448
f 448 484 485
f 448 485 449
f 449 485 486
f 449 486 450
f 450 486 487
f 450 487 451
f 451 487 488
f 451 488 452
f 452 488 489
f 452 489 453
f 453 489 490
f 453 490 454
f 454 490 491
f 454 491 455
f 455 491 492
f 455 492 456
f 456 492 493
f 456 493 457
f 457 493 494
f 457 494 458
f 458 494 495
f 458 495 459
f 459 495 496
f 459 496 460
f 460 496 497
f 460 497 461
f 461 497 498
f 461 498 462
f 462 498 499
f 462 499 463
f 463 499 500
f 463 500 464
f 464 500 501
f 464 501 465
f 465 501 502
f 465 502 466
f 466 502 503
f 466 503 467
f 467 503 504
f 467 504 468
f 468 504 469
f 468 469 433
f 469 505 506
f 469 506 470
f 470 506 507
f 470 507 471
f 471 507 508
f 471 508 472
f 472 508 509
f 472 509 473
f 473 509 510
f 473 510 474
f 474 510 511
f 474 511 475
f 475 511 512
f 475 512 476
f 476 512 513
f 476 513 477
f 477 513 514
f 477 514 478
f 478 514 515
f 478 515 479
f 479 515 516
f 479 516 480
f 480 516 517
f 480 517 481
f 481 517 518
f 481 518 482
f 482 518 519
f 482 519 483
f 483 519 520
f 483 520 484
f 484 520 521
f 484 521 485
f 485 521 522
f 485 522 486
f 486 522 523
f 486 523 487
f 487 523 524
f 487 524 488
f 488 524 525
f 488 525 489
f 489 525 526
f 489 526 490
f 490 526 527
f 490 527 491
f 491 527 528
f 491 528 492
f 492 528 529
f 492 529 493
f 493 529 530
f 493 530 494
f 494 530 531
f 494 531 495
f 495 531 532
f 495 532 496
f 496 532 533
f 496 533 497
f 497 533 534
f 497 534 498
f 498 534 535
f 498 535 499
f 499 535 536
f 499 536 500
f 500 536 537
f 500 537 501
f 501 537 538
f 501 538 502
f 502 538 539
f 502 539 503
f 503 539 540
f 503 540 504
f 504 540 505
f 504 505 469
f 505 541 542
f 505 542 506
f 506 542 543
f 506 543 507
f 507 543 544
f 507 544 508
f 508 544 545
f 508 545 509
f 509 545 546
f 509 546 510
f 510 546 547
f 510 547 511
f 511 547 548
f 511 548 512
f 512 548 549
f 512 549 513
f 513 549 550
f 513 550 514
f 514 550 551
f 514 551 515
f 515 551 552
f 515 552 516
f 516 552 553
f 516 553 517
f 517 553 554
f 517 554 518
f 518 554 555
f 518 555 519
f 519 555 556
f 519 556 520
f 520 556 557
f 520 557 521
f 521 557 558
f 521 558 522
f 522 558 559
f 522 559 523
f 523 559 560
f 523 560 524
f 524 560 561
f 524 561 525
f 525 561 562
f 525 562 526
f 526 562 563
f 526 563 527
f 527 563 564
f 527 564 528
f 528 564 565
f 528 565 529
f 529 565 566
f 529 566 530
f 530 566 567
f 530 567 531
f 531 567 568
f 531 568 532
f 532 568 569
f 532 569 533
f 533 569 570
f 533 570 534
f 534 570 571
f 534 571 535
f 535 571 572
f 535 572 536
f 536 572 573
f 536 573 537
f 537 573 574
f 537 574 538
f 538 574 575
f 538 575 539
f 539 575 576
f 539 576 540
f 540 576 541
f 540 541 505
f 541 577 578
f 541 578 542
f 542 578 579
f 542 579 543
f 543 579 580
f 543 580 544
f 544 580 581
f 544 581 545
f 545 581 582
f 545 582 546
f 546 582 583
f 546 583 547
f 547 583 584
f 547 584 548
f 548 584 585
f 548 585 549
f 549 585 586
f 549 586 550
f 550 586 587
f 550 587 551
f 551 587 588
f 551 588 552
f 552 588 589
f 552 589 553
f 553 589 590
f 553 590 554
f 554 590 591
f 554 591 555
f 555 591 592
f 555 592 556
f 556 592 593
f 556 593 557
f 557 593 594
f 557 594 558
f 558 594 595
f 558 595 559
f 559 595 596
f 559 596 560
f 560 596 597
f 560 597 561
f 561 597 598
f 561 598 562
f 562 598 599
f 562 599 563
f 563 599 600
f 563 600 564
f 564 600 601
f 564 601 565
f 565 601 602
f 565 602 566
f 566 602 603
f 566 603 567
f 567 603 604
f 567 604 568
f 568 604 605
f 568 605 569
f 569 605 606
f 569 606 570
f 570 606 607
f 570 607 571
f 571 607 608
f 571 608 572
f 572 608 609
f 572 609 573
f 573 609 610
f 573 610 574
f 574 610 611
f 574 611 575
f 575 611 612
f 575 612 576
f 576 612 577
f 576 577 541
f 577 613 614
f 577 614 578
f 578 614 615
f 578 615 579
f 579 615 616
f 579 616 580
f 580 616 617
f 580 617 581
f 581 617 618
f 581 618 582
f 582 618 619
f 582 619 583
f 583 619 620
f 583 620 584
f 584 620 621
f 584 621 585
f 585 621 622
f 585 622 586
f 586 622 623
f 586 623 587
f 587 623 624
f 587 624 588
f 588 624 625
f 588 625 589
f 589 625 626
f 589 626 590
f 590 626 627
f 590 627 591
f 591 627 628
f 591 628 592
f 592 628 629
f 592 629 593
f 593 629 630
f 593 630 594
f 594 630 631
f 594 631 595
f 595 631 632
f 595 632 596
f 596 632 633
f 596 633 597
f 597 633 634
f 597 634 598
f 598 634 635
f 598 635 599
f 599 635 636
f 599 636 600
f 600 636 637
f 600 637 601
f 601 637 638
f 601 638 602
f 602 638 639
f 602 639 603
f 603 639 640
f 603 640 604
f 604 640 641
f 604 641 605
f 605 641 642
f 605 642 606
f 606 642 643
f 606 643 607
f 607 643 644
f 607 644 608
f 608 644 645
f 608 645 609
f 609 645 646
f 609 646 610
f 610 646 647
f 610 647 611
f 611 647 648
f 611 648 612
f 612 648 613
f 612 613 577
f 613 649 650
f 613 650 614
f 614 650 651
f 614 651 615
f 615 651 652
f 615 652 616
f 616 652 653
f 616 653 617
f 617 653 654
f 617 654 618
f 618 654 655
f 618 655 619
f 619 655 656
f 619 656 620
f 620 656 657
f 620 657 621
f 621 657 658
f 621 658 622
f 622 658 659
f 622 659 623
f 623 659 660
f 623 660 624
f 624 660 661
f 624 661 625
f 625 661 662
f 625 662 626
f 626 662 663
f 626 663 627
f 627 663 664
f 627 664 628
f 628 664 665
f 628 665 629
f 629 665 666
f 629 666 630
f 630 666 667
f 630 667 631
f 631 667 668
f 631 668 632
f 632 668 669
f 632 669 633
f 633 669 670
f 633 670 634
f 634 670 671
f 634 671 635
f 635 671 672
f 635 672 636
f 636 672 673
f 636 673 637
f 637 673 674
f 637 674 638
f 638 674 675
f 638 675 639
f 639 675 676
f 639 676 640
f 640 676 677
f 640 677 641
f 641 677 678
f 641 678 642
f 642 678 679
f 642 679 643
f 643 679 680
f 643 680 644
f 644 680 681
f 644 681 645
f 645 681 682
f 645 682 646
f 646 682 683
f 646 683 647
f 647 683 684
f 647 684 648
f 648 684 649
f 648 649 613
f 649 685 686
f 649 686 650
f 650 686 687
f 650 687 651
f 651 687 688
f 651 688 652
f 652 688 689
f 652 689 653
f 653 689 690
f 653 690 654
f 654 690 691
f 654 691 655
f 655 691 692
f 655 692 656
f 656 692 693
f 656 693 657
f 657 693 694
f 657 694 658
f 658 694 695
f 658 695 659
f 659 695 696
f 659 696 660
f 660 696 697
f 660 697 661
f 661 697 698
f 661 698 662
f 662 698 699
f 662 699 663
f 663 699 700
f 663 700 664
f 664 700 701
f 664 701 665
f 665 701 702
f 665 702 666
f 666 702 703
f 666 703 667
f 667 703 704
f 667 704 668
f 668 704 705
f 668 705 669
f 669 705 706
f 669 706 670
f 670 706 707
f 670 707 671
f 671 707 708
f 671 708 672
f 672 708 709
f 672 709 673
f 673 709 710
f 673 710 674
f 674 710 711
f 674 711 675
f 675 711 712
f 675 712 676
f 676 712 713
f 676 713 677
f 677 713 714
f 677 714 678
f 678 714 715
f 678 715 679
f 679 715 716
f 679 716 680
f 680 716 717
f 680 717 681
f 681 717 718
f 681 718 682
f 682 718 719
f 682 719 683
f 683 719 720
f 683 720 684
f 684 720 685
f 684 685 649
f 685 721 722
f 685 722 686
f 686 722 723
f 686 723 687
f 687 723 724
f 687 724 688
f 688 724 725
f 688 725 689
f 689 725 726
f 689 726 690
f 690 726 727
f 690 727 691
f 691 727 728
f 691 728 692
f 692 728 729
f 692 729 693
f 693 729 730
f 693 730 694
f 694 730 731
f 694 731 695
f 695 731 732
f 695 732 696
f 696 732 733
f 696 733 697
f 697 733 734
f 697 734 698
f 698 734 735
f 698 735 699
f 699 735 736
f 699 736 700
f 700 736 737
f 700 737 701
f 701 737 738
f 701 738 702
f 702 738 739
f 702 739 703
f 703 739 740
f 703 740 704
f 704 740 741
f 704 741 705
f 705 741 742
f 705 742 706
f 706 742 743
f 706 743 707
f 707 743 744
f 707 744 708
f 708 744 745
f 708 745 709
f 709 745 746
f 709 746 710
f 710 746 747
f 710 747 711
f 711 747 748
f 711 748 712
f 712 748 749
f 712 749 713
f 713 749 750
f 713 750 714
f 714 750 751
f 714 751 715
f 715 751 752
f 715 752 716
f 716 752 753
f 716 753 717
f 717 753 754
f 717 754 718
f 718 754 755
f 718 755 719
f 719 755 756
f 719 756 720
f 720 756 721
f 720 721 685
f 721 757 758
f 721 758 722
f 722 758 759
f 722 759 723
f 723 759 760
f 723 760 724
f 724 760 761
f 724 761 725
f 725 761 762
f 725 762 726
f 726 762 763
f 726 763 727
f 727 763 764
f 727 764 728
f 728 764 765
f 728 765 729
f 729 765 766
f 729 766 730
f 730 766 767
f 730 767 731
f 731 767 768
f 731 768 732
f 732 768 769
f 732 769 733
f 733 769 770
f 733 770 734
f 734 770 771
f 734 771 735
f 735 771 772
f 735 772 736
f 736 772 773
f 736 773 737
f 737 773 774
f 737 774 738
f 738 774 775
f 738 775 739
f 739 775 776
f 739 776 740
f 740 776 777
f 740 777 741
f 741 777 778
f 741 778 742
f 742 778 779
f 742 779 743
f 743 779 780
f 743 780 744
f 744 780 781
f 744 781 745
f 745 781 782
f 745 782 746
f 746 782 783
f 746 783 747
f 747 783 784
f 747 784 748
f 748 784 785
f 748 785 749
f 749 785 786
f 749 786 750
f 750 786 787
f 750 787 751
f 751 787 788
f 751 788 752
f 752 788 789
f 752 789 753
f 753 789 790
f 753 790 754
f 754 790 791
f 754 791 755
f 755 791 792
f 755 792 756
f 756 792 757
f 756 757 721
f 757 793 794
f 757 794 758
f 758 794 795
f 758 795 759
f 759 795 796
f 759 796 760
f 760 796 797
f 760 797 761
f 761 797 798
f 761 798 762
f 762 798 799
f 762 799 763
f 763 799 800
f 763 800 764
f 764 800 801
f 764 801 765
f 765 801 802
f 765 802 766
f 766 802 803
f 766 803 767
f 767 803 804
f 767 804 768
f 768 804 805
f 768 805 769
f 769 805 806
f 769 806 770
f 770 806 807
f 770 807 771
f 771 807 808
f 771 808 772
f 772 808 809
f 772 809 773
f 773 809 810
f 773 810 774
f 774 810 811
f 774 811 775
f 775 811 812
f 775 812 776
f 776 812 813
f 776 813 777
f 777 813 814
f 777 814 778
f 778 814 815
f 778 815 779
f 779 815 816
f 779 816 780
f 780 816 817
f 780 817 781
f 781 817 818
f 781 818 782
f 782 818 819
f 782 819 783
f 783 819 820
f 783 820 784
f 784 820 821
f 784 821 785
f 785 821 822
f 785 822 786
f 786 822 823
f 786 823 787
f 787 823 824
f 787 824 788
f 788 824 825
f 788 825 789
f 789 825 826
f 789 826 790
f 790 826 827
f 790 827 791
f 791 827 828
f 791 828 792
f 792 828 793
f 792 793 757
f 793 829 830
f 793 830 794
f 794 830 831
f 794 831 795
f 795 831 832
f 795 832 796
f 796 832 833
f 796 833 797
f 797 833 834
f 797 834 798
f 798 834 835
f 798 835 799
f 799 835 836
f 799 836 800
f 800 836 837
f 800 837 801
f 801 837 838
f 801 838 802
f 802 838 839
f 802 839 803
f 803 839 840
f 803 840 804
f 804 840 841
f 804 841 805
f 805 841 842
f 805 842 806
f 806 842 843
f 806 843 807
f 807 843 844
f 807 844 808
f 808 844 845
f 808 845 809
f 809 845 846
f 809 846 810
f 810 846 847
f 810 847 811
f 811 847 848
f 811 848 812
f 812 848 849
f 812 849 813
f 813 849 850
f 813 850 814
f 814 850 851
f 814 851 815
f 815 851 852
f 815 852 816
f 816 852 853
f 816 853 817
f 817 853 854
f 817 854 818
f 818 854 855
f 818 855 819
f 819 855 856
f 819 856 820
f 820 856 857
f 820 857 821
f 821 857 858
f 821 858 822
f 822 858 859
f 822 859 823
f 823 859 860
f 823 860 824
f 824 860 861
f 824 861 825
f 825 861 862
f 825 862 826
f 826 862 863
f 826 863 827
f 827 863 864
f 827 864 828
f 828 864 829
f 828 829 793
f 829 865 866
f 829 866 830
f 830 866 867
f 830 867 831
f 831 867 868
f 831 868 832
f 832 868 869
f 832 869 833
f 833 869 870
f 833 870 834
f 834 870 871
f 834 871 835
f 835 871 872
f 835 872 836
f 836 872 873
f 836 873 837
f 837 873 874
f 837 874 838
f 838 874 875
f 838 875 839
f 839 875 876
f 839 876 840
f 840 876 877
f 840 877 841
f 841 877 878
f 841 878 842
f 842 878 879
f 842 879 843
f 843 879 880
f 843 880 844
f 844 880 881
f 844 881 845
f 845 881 882
f 845 882 846
f 846 882 883
f 846 883 847
f 847 883 884
f 847 884 848
f 848 884 885
f 848 885 849
f 849 885 886
f 849 886 850
f 850 886 887
f 850 887 851
f 851 887 888
f 851 888 852
f 852 888 889
f 852 889 853
f 853 889 890
f 853 890 854
f 854 890 891
f 854 891 855
f 855 891 892
f 855 892 856
f 856 892 893
f 856 893 857
f 857 893 894
f 857 894 858
f 858 894 895
f 858 895 859
f 859 895 896
f 859 896 860
f 860 896 897
f 860 897 861
f 861 897 898
f 861 898 862
f 862 898 899
f 862 899 863
f 863 899 900
f 863 900 864
f 864 900 865
f 864 865 829
f 865 901 902
f 865 902 866
f 866 902 903
f 866 903 867
f 867 903 904
f 867 904 868
f 868 904 905
f 868 905 869
f 869 905 906
f 869 906 870
f 870 906 907
f 870 907 871
f 871 907 908
f 871 908 872
f 872 908 909
f 872 909 873
f 873 909 910
f 873 910 874
f 874 910 911
f 874 911 875
f 875 911 912
f 875 912 876
f 876 912 913
f 876 913 877
f 877 913 914
f 877 914 878
f 878 914 915
f 878 915 879
f 879 915 916
f 879 916 880
f 880 916 917
f 880 917 881
f 881 917 918
f 881 918 882
f 882 918 919
f 882 919 883
f 883 919 920
f 883 920 884
f 884 920 921
f 884 921 885
f 885 921 922
f 885 922 886
f 886 922 923
f 886 923 887
f 887 923 924
f 887 924 888
f 888 924 925
f 888 925 889
f 889 925 926
f 889 926 890
f 890 926 927
f 890 927 891
f 891 927 928
f 891 928 892
f 892 928 929
f 892 929 893
f 893 929 930
f 893 930 894
f 894 930 931
f 894 931 895
f 895 931 932
f 895 932 896
f 896 932 933
f 896 933 897
f 897 933 934
f 897 934 898
f 898 934 935
f 898 935 899
f 899 935 936
f 899 936 900
f 900 936 901
f 900 901 865
f 901 937 938
f 901 938 902
f 902 938 939
f 902 939 903
f 903 939 940
f 903 940 904
f 904 940 941
f 904 941 905
f 905 941 942
f 905 942 906
f 906 942 943
f 906 943 907
f 907 943 944
f 907 944 908
f 908 944 945
f 908 945 909
f 909 945 946
f 909 946 910
f 910 946 947
f 910 947 911
f 911 947 948
f 911 948 912
f 912 948 949
f 912 949 913
f 913 949 950
f 913 950 914
f 914 950 951
f 914 951 915
f 915 951 952
f 915 952 916
f 916 952 953
f 916 953 917
f 917 953 954
f 917 954 918
f 918 954 955
f 918 955 919
f 919 955 956
f 919 956 920
f 920 956 957
f 920 957 921
f 921 957 958
f 921 958 922
f 922 958 959
f 922 959 923
f 923 959 960
f 923 960 924
f 924 960 961
f 924 961 925
f 925 961 962
f 925 962 926
f 926 962 963
f 926 963 927
f 927 963 964
f 927 964 928
f 928 964 965
f 928 965 929
f 929 965 966
f 929 966 930
f 930 966 967
f 930 967 931
f 931 967 968
f 931 968 932
f 932 968 969
f 932 969 933
f 933 969 970
f 933 970 934
f 934 970 971
f 934 971 935
f 935 971 972
f 935 972 936
f 936 972 937
f 936 937 901
f 937 973 974
f 937 974 938
f 938 974 975
f 938 975 939
f 939 975 976
f 939 976 940
f 940 976 977
f 940 977 941
f 941 977 978
f 941 978 942
f 942 978 979
f 942 979 943
f 943 979 980
f 943 980 944
f 944 980 981
f 944 981 945
f 945 981 982
f 945 982 946
f 946 982 983
f 946 983 947
f 947 983 984
f 947 984 948
f 948 984 985
f 948 985 949
f 949 985 986
f 949 986 950
f 950 986 987
f 950 987 951
f 951 987 988
f 951 988 952
f 952 988 989
f 952 989 953
f 953 989 990
f 953 990 954
f 954 990 991
f 954 991 955
f 955 991 992
f 955 992 956
f 956 992 993
f 956 993 957
f 957 993 994
f 957 994 958
f 958 994 995
f 958 995 959
f 959 995 996
f 959 996 960
f 960 996 997
f 960 997 961
f 961 997 998
f 961 998 962
f 962 998 999
f 962 999 963
f 963 999 1000
f 963 1000 964
f 964 1000 1001
f 964 1001 965
f 965 1001 1002
f 965 1002 966
f 966 1002 1003
f 966 1003 967
f 967 1003 1004
f 967 1004 968
f 968 1004 1005
f 968 1005 969
f 969 1005 1006
f 969 1006 970
f 970 1006 1007
f 970 1007 971
f 971 1007 1008
f 971 1008 972
f 972 1008 973
f 972 973 937
f 973 1009 1010
f 973 1010 974
f 974 1010 1011
f 974 1011 975
f 975 1011 1012
f 975 1012 976
f 976 1012 1013
f 976 1013 977
f 977 1013 1014
f 977 1014 978
f 978 1014 1015
f 978 1015 979
f 979 1015 1016
f 979 1016 980
f 980 1016 1017
f 980 1017 981
f 981 1017 1018
f 981 1018 982
f 982 1018 1019
f 982 1019 983
f 983 1019 1020
f 983 1020 984
f 984 1020 1021
f 984 1021 985
f 985 1021 1022
f 985 1022 986
f 986 1022 1023
f 986 1023 987
f 987 1023 1024
f 987 1024 988
f 988 1024 1025
f 988 1025 989
f 989 1025 1026
f 989 1026 990
f 990 1026 1027
f 990 1027 991
f 991 1027 1028
f 991 1028 992
f 992 1028 1029
f 992 1029 993
f 993 1029 1030
f 993 1030 994
f 994 1030 1031
f 994 1031 995
f 995 1031 1032
f 995 1032 996
f 996 1032 1033
f 996 1033 997
f 997 1033 1034
f 997 1034 998
f 998 1034 1035
f 998 1035 999
f 999 1035 1036
f 999 1036 1000
f 1000 1036 1037
f 1000 1037 1001
f 1001 1037 1038
f 1001 1038 1002
f 1002 1038 1039
f 1002 1039 1003
f 1003 1039 1040
f 1003 1040 1004
f 1004 1040 1041
f 1004 1041 1005
f 1005 1041 1042
f 1005 1042 1006
f 1006 1042 1043
f 1006 1043 1007
f 1007 1043 1044
f 1007 1044 1008
f 1008 1044 1009
f 1008 1009 973
f 1009 1045 1046
f 1009 1046 1010
f 1010 1046 1047
f 1010 1047 1011
f 1011 1047 1048
f 1011 1048 1012
f 1012 1048 1049
f 1012 1049 1013
f 1013 1049 1050
f 1013 1050 1014
f 1014 1050 1051
f 1014 1051 1015
f 1015 1051 1052
f 1015 1052 1016
f 1016 1052 1053
f 1016 1053 1017
f 1017 1053 1054
f 1017 1054 1018
f 1018 1054 1055
f 1018 1055 1019
f 1019 1055 1056
f 1019 1056 1020
f 1020 1056 1057
f 1020 1057 1021
f 1021 1057 1058
f 1021 1058 1022
f 1022 1058 1059
f 1022 1059 1023
f 1023 1059 1060
f 1023 1060 1024
f 1024 1060 1061
f 1024 1061 1025
f 1025 1061 1062
f 1025 1062 1026
f 1026 1062 1063
f 1026 1063 1027
f 1027 1063 1064
f 1027 1064 1028
f 1028 1064 1065
f 1028 1065 1029
f 1029 1065 1066
f 1029 1066 1030
f 1030 1066 1067
f 1030 1067 1031
f 1031 1067 1068
f 1031 1068 1032
f 1032 1068 1069
f 1032 1069 1033
f 1033 1069 1070
f 1033 1070 1034
f 1034 1070 1071
f 1034 1071 1035
f 1035 1071 1072
f 1035 1072 1036
f 1036 1072 1073
f 1036 1073 1037
f 1037 1073 1074
f 1037 1074 1038
f 1038 1074 1075
f 1038 1075 1039
f 1039 1075 1076
f 1039 1076 1040
f 1040 1076 1077
f 1040 1077 1041
f 1041 1077 1078
f 1041 1078 1042
f 1042 1078 1079
f 1042 1079 1043
f 1043 1079 1080
f 1043 1080 1044
f 1044 1080 1045
f 1044 1045 1009
f 1045 1081 1082
f 1045 1082 1046
f 1046 1082 1083
f 1046 1083 1047
f 1047 1083 1084
f 1047 1084 1048
f 1048 1084 1085
f 1048 1085 1049
f 1049 1085 1086
f 1049 1086 1050
f 1050 1086 1087
f 1050 1087 1051
f 1051 1087 1088
f 1051 1088 1052
f 1052 1088 1089
f 1052 1089 1053
f 1053 1089 1090
f 1053 1090 1054
f 1054 1090 1091
f 1054 1091 1055
f 1055 1091 1092
f 1055 1092 1056
f 1056 1092 1093
f 1056 1093 1057
f 1057 1093 1094
f 1057 1094 1058
f 1058 1094 1095
f 1058 1095 1059
f 1059 1095 1096
f 1059 1096 1060
f 1060 1096 1097
f 1060 1097 1061
f 1061 1097 1098
f 1061 1098 1062
f 1062 1098 1099
f 1062 1099 1063
f 1063 1099 1100
f 1063 1100 1064
f 1064 1100 1101
f 1064 1101 1065
f 1065 1101 1102
f 1065 1102 1066
f 1066 1102 1103
f 1066 1103 1067
f 1067 1103 1104
f 1067 1104 1068
f 1068 1104 1105
f 1068 1105 1069
f 1069 1105 1106
f 1069 1106 1070
f 1070 1106 1107
f 1070 1107 1071
f 1071 1107 1108
f 1071 1108 1072
f 1072 1108 1109
f 1072 1109 1073
f 1073 1109 1110
f 1073 1110 1074
f 1074 1110 1111
f 1074 1111 1075
f 1075 1111 1112
f 1075 1112 1076
f 1076 1112 1113
f 1076 1113 1077
f 1077 1113 1114
f 1077 1114 1078
f 1078 1114 1115
f 1078 1115 1079
f 1079 1115 1116
f 1079 1116 1080
f 1080 1116 1081
f 1080 1081 1045
f 1081 1117 1118
f 1081 1118 1082
f 1082 1118 1119
f 1082 1119 1083
f 1083 1119 1120
f 1083 1120 1084
f 1084 1120 1121
f 1084 1121 1085
f 1085 1121 1122
f 1085 1122 1086
f 1086 1122 1123
f 1086 1123 1087
f 1087 1123 1124
f 1087 1124 1088
f 1088 1124 1125
f 1088 1125 1089
f 1089 1125 1126
f 1089 1126 1090
f 1090 1126 1127
f 1090 1127 1091
f 1091 1127 1128
f 1091 1128 1092
f 1092 1128 1129
f 1092 1129 1093
f 1093 1129 1130
f 1093 1130 1094
f 1094 1130 1131
f 1094 1131 1095
f 1095 1131 1132
f 1095 1132 1096
f 1096 1132 1133
f 1096 1133 1097
f 1097 1133 1134
f 1097 1134 1098
f 1098 1134 1135
f 1098 1135 1099
f 1099 1135 1136
f 1099 1136 1100
f 1100 1136 1137
f 1100 1137 1101
f 1101 1137 1138
f 1101 1138 1102
f 1102 1138 1139
f 1102 1139 1103
f 1103 1139 1140
f 1103 1140 1104
f 1104 1140 1141
f 1104 1141 1105
f 1105 1141 1142
f 1105 1142 1106
f 1106 1142 1143
f 1106 1143 1107
f 1107 1143 1144
f 1107 1144 1108
f 1108 1144 1145
f 1108 1145 1109
f 1109 1145 1146
f 1109 1146 1110
f 1110 1146 1147
f 1110 1147 1111
f 1111 1147 1148
f 1111 1148 1112
f 1112 1148 1149
f 1112 1149 1113
f 1113 1149 1150
f 1113 1150 1114
f 1114 1150 1151
f 1114 1151 1115
f 1115 1151 1152
f 1115 1152 1116
f 1116 1152 1117
f 1116 1117 1081
f 1117 1153 1154
f 1117 1154 1118
f 1118 1154 1155
f 1118 1155 1119
f 1119 1155 1156
f 1119 1156 1120
f 1120 1156 1157
f 1120 1157 1121
f 1121 1157 1158
f 1121 1158 1122
f 1122 1158 1159
f 1122 1159 1123
f 1123 1159 1160
f 1123 1160 1124
f 1124 1160 1161
f 1124 1161 1125
f 1125 1161 1162
f 1125 1162 1126
f 1126 1162 1163
f 1126 1163 1127
f 1127 1163 1164
f 1127 1164 1128
f 1128 1164 1165
f 1128 1165 1129
f 1129 1165 1166
f 1129 1166 1130
f 1130 1166 1167
f 1130 1167 1131
f 1131 1167 1168
f 1131 1168 1132
f 1132 1168 1169
f 1132 1169 1133
f 1133 1169 1170
f 1133 1170 1134
f 1134 1170 1171
f 1134 1171 1135
f 1135 1171 1172
f 1135 1172 1136
f 1136 1172 1173
f 1136 1173 1137
f 1137 1173 1174
f 1137 1174 1138
f 1138 1174 1175
f 1138 1175 1139
f 1139 1175 1176
f 1139 1176 1140
f 1140 1176 1177
f 1140 1177 1141
f 1141 1177 1178
f 1141 1178 1142
f 1142 1178 1179
f 1142 1179 1143
f 1143 1179 1180
f 1143 1180 1144
f 1144 1180 1181
f 1144 1181 1145
f 1145 1181 1182
f 1145 1182 1146
f 1146 1182 1183
f 1146 1183 1147
f 1147 1183 1184
f 1147 1184 1148
f 1148 1184 1185
f 1148 1185 1149
f 1149 1185 1186
f 1149 1186 1150
f 1150 1186 1187
f 1150 1187 1151
f 1151 1187 1188
f 1151 1188 1152
f 1152 1188 1153
f 1152 1153 1117
f 1153 1189 1190
f 1153 1190 1154
f 1154 1190 1191
f 1154 1191 1155
f 1155 1191 1192
f 1155 1192 1156
f 1156 1192 1193
f 1156 1193 1157
f 1157 1193 1194
f 1157 1194 1158
f 1158 1194 1195
f 1158 1195 1159
f 1159 1195 1196
f 1159 1196 1160
f 1160 1196 1197
f 1160 1197 1161
f 1161 1197 1198
f 1161 1198 1162
f 1162 1198 1199
f 1162 1199 1163
f 1163 1199 1200
f 1163 1200 1164
f 1164 1200 1201
f 1164 1201 1165
f 1165 1201 1202
f 1165 1202 1166
f 1166 1202 1203
f 1166 1203 1167
f 1167 1203 1204
f 1167 1204 1168
f 1168 1204 1205
f 1168 1205 1169
f 1169 1205 1206
f 1169 1206 1170
f 1170 1206 1207
f 1170 1207 1171
f 1171 1207 1208
f 1171 1208 1172
f 1172 1208 1209
f 1172 1209 1173
f 1173 1209 1210
f 1173 1210 1174
f 1174 1210 1211
f 1174 1211 1175
f 1175 1211 1212
f 1175 1212 1176
f 1176 1212 1213
f 1176 1213 1177
f 1177 1213 1214
f 1177 1214 1178
f 1178 1214 1215
f 1178 1215 1179
f 1179 1215 1216
f 1179 1216 1180
f 1180 1216 1217
f 1180 1217 1181
f 1181 1217 1218
f 1181 1218 1182
f 1182 1218 1219
f 1182 1219 1183
f 1183 1219 1220
f 1183 1220 1184
f 1184 1220 1221
f 1184 1221 1185
f 1185 1221 1222
f 1185 1222 1186
f 1186 1222 1223
f 1186 1223 1187
f 1187 1223 1224
f 1187 1224 1188
f 1188 1224 1189
f 1188 1189 1153
f 1189 1225 1226
f 1189 1226 1190
f 1190 1226 1227
f 1190 1227 1191
f 1191 1227 1228
f 1191 1228 1192
f 1192 1228 1229
f 1192 1229 1193
f 1193 1229 1230
f 1193 1230 1194
f 1194 1230 1231
f 1194 1231 1195
f 1195 1231 1232
f 1195 1232 1196
f 1196 1232 1233
f 1196 1233 1197
f 1197 1233 1234
f 1197 1234 1198
f 1198 1234 1235
f 1198 1235 1199
f 1199 1235 1236
f 1199 1236 1200
f 1200 1236 1237
f 1200 1237 1201
f 1201 1237 1238
f 1201 1238 1202
f 1202 1238 1239
f 1202 1239 1203
f 1203 1239 1240
f 1203 1240 1204
f 1204 1240 1241
f 1204 1241 1205
f 1205 1241 1242
f 1205 1242 1206
f 1206 1242 1243
f 1206 1243 1207
f 1207 1243 1244
f 1207 1244 1208
f 1208 1244 1245
f 1208 1245 1209
f 1209 1245 1246
f 1209 1246 1210
f 1210 1246 1247
f 1210 1247 1211
f 1211 1247 1248
f 1211 1248 1212
f 1212 1248 1249
f 1212 1249 1213
f 1213 1249 1250
f 1213 1250 1214
f 1214 1250 1251
f 1214 1251 1215
f 1215 1251 1252
f 1215 1252 1216
f 1216 1252 1253
f 1216 1253 1217
f 1217 1253 1254
f 1217 1254 1218
f 1218 1254 1255
f 1218 1255 1219
f 1219 1255 1256
f 1219 1256 1220
f 1220 1256 1257
f 1220 1257 1221
f 1221 1257 1258
f 1221 1258 1222
f 1222 1258 1259
f 1222 1259 1223
f 1223 1259 1260
f 1223 1260 1224
f 1224 1260 1225
f 1224 1225 1189
f 1225 1261 1262
f 1225 1262 1226
f 1226 1262 1263
f 1226 1263 1227
f 1227 1263 1264
f 1227 1264 1228
f 1228 1264 1265
f 1228 1265 1229
f 1229 1265 1266
f 1229 1266 1230
f 1230 1266 1267
f 1230 1267 1231
f 1231 1267 1268
f 1231 1268 1232
f 1232 1268 1269
f 1232 1269 1233
f 1233 1269 1270
f 1233 1270 1234
f 1234 1270 1271
f 1234 1271 1235
f 1235 1271 1272
f 1235 1272 1236
f 1236 1272 1273
f 1236 1273 1237
f 1237 1273 1274
f 1237 1274 1238
f 1238 1274 1275
f 1238 1275 1239
f 1239 1275 1276
f 1239 1276 1240
f 1240 1276 1277
f 1240 1277 1241
f 1241 1277 1278
f 1241 1278 1242
f 1242 1278 1279
f 1242 1279 1243
f 1243 1279 1280
f 1243 1280 1244
f 1244 1280 1281
f 1244 1281 1245
f 1245 1281 1282
f 1245 1282 1246
f 1246 1282 1283
f 1246 1283 1247
f 1247 1283 1284
f 1247 1284 1248
f 1248 1284 1285
f 1248 1285 1249
f 1249 1285 1286
f 1249 1286 1250
f 1250 1286 1287
f 1250 1287 1251
f 1251 1287 1288
f 1251 1288 1252
f 1252 1288 1289
f 1252 1289 1253
f 1253 1289 1290
f 1253 1290 1254
f 1254 1290 1291
f 1254 1291 1255
f 1255 1291 1292
f 1255 1292 1256
f 1256 1292 1293
f 1256 1293 1257
f 1257 1293 1294
f 1257 1294 1258
f 1258 1294 1295
f 1258 1295 1259
f 1259 1295 1296
f 1259 1296 1260
f 1260 1296 1261
f 1260 1261 1225
f 1261 1297 1298
f 1261 1298 1262
f 1262 1298 1299
f 1262 1299 1263
f 1263 1299 1300
f 1263 1300 1264
f 1264 1300 1301
f 1264 1301 1265
f 1265 1301 1302
f 1265 1302 1266
f 1266 1302 1303
f 1266 1303 1267
f 1267 1303 1304
f 1267 1304 1268
f 1268 1304 1305
f 1268 1305 1269
f 1269 1305 1306
f 1269 1306 1270
f 1270 1306 1307
f 1270 1307 1271
f 1271 1307 1308
f 1271 1308 1272
f 1272 1308 1309
f 1272 1309 1273
f 1273 1309 1310
f 1273 1310 1274
f 1274 1310 1311
f 1274 1311 1275
f 1275 1311 1312
f 1275 1312 1276
f 1276 1312 1313
f 1276 1313 1277
f 1277 1313 1314
f 1277 1314 1278
f 1278 1314 1315
f 1278 1315 1279
f 1279 1315 1316
f 1279 1316 1280
f 1280 1316 1317
f 1280 1317 1281
f 1281 1317 1318
f 1281 1318 1282
f 1282 1318 1319
f 1282 1319 1283
f 1283 1319 1320
f 1283 1320 1284
f 1284 1320 1321
f 1284 1321 1285
f 1285 1321 1322
f 1285 1322 1286
f 1286 1322 1323
f 1286 1323 1287
f 1287 1323 1324
f 1287 1324 1288
f 1288 1324 1325
f 1288 1325 1289
f 1289 1325 1326
f 1289 1326 1290
f 1290 1326 1327
f 1290 1327 1291
f 1291 1327 1328
f 1291 1328 1292
f 1292 1328 1329
f 1292 1329 1293
f 1293 1329 1330
f 1293 1330 1294
f 1294 1330 1331
f 1294 1331 1295
f 1295 1331 1332
f 1295 1332 1296
f 1296 1332 1297
f 1296 1297 1261
f 1297 1333 1334
f 1297 1334 1298
f 1298 1334 1335
f 1298 1335 1299
f 1299 1335 1336
f 1299 1336 1300
f 1300 1336 1337
f 1300 1337 1301
f 1301 1337 1338
f 1301 1338 1302
f 1302 1338 1339
f 1302 1339 1303
f 1303 1339 1340
f 1303 1340 1304
f 1304 1340 1341
f 1304 1341 1305
f 1305 1341 1342
f 1305 1342 1306
f 1306 1342 1343
f 1306 1343 1307
f 1307 1343 1344
f 1307 1344 1308
f 1308 1344 1345
f 1308 1345 1309
f 1309 1345 1346
f 1309 1346 1310
f 1310 1346 1347
f 1310 1347 1311
f 1311 1347 1348
f 1311 1348 1312
f 1312 1348 1349
f 1312 1349 1313
f 1313 1349 1350
f 1313 1350 1314
f 1314 1350 1351
f 1314 1351 1315
f 1315 1351 1352
f 1315 1352 1316
f 1316 1352 1353
f 1316 1353 1317
f 1317 1353 1354
f 1317 1354 1318
f 1318 1354 1355
f 1318 1355 1319
f 1319 1355 1356
f 1319 1356 1320
f 1320 1356 1357
f 1320 1357 1321
f 1321 1357 1358
f 1321 1358 1322
f 1322 1358 1359
f 1322 1359 1323
f 1323 1359 1360
f 1323 1360 1324
f 1324 1360 1361
f 1324 1361 1325
f 1325 1361 1362
f 1325 1362 1326
f 1326 1362 1363
f 1326 1363 1327
f 1327 1363 1364
f 1327 1364 1328
f 1328 1364 1365
f 1328 1365 1329
f 1329 1365 1366
f 1329 1366 1330
f 1330 1366 1367
f 1330 1367 1331
f 1331 1367 1368
f 1331 1368 1332
f 1332 1368 1333
f 1332 1333 1297
f 1333 1369 1370
f 1333 1370 1334
f 1334 1370 1371
f 1334 1371 1335
f 1335 1371 1372
f 1335 1372 1336
f 1336 1372 1373
f 1336 1373 1337
f 1337 1373 1374
f 1337 1374 1338
f 1338 1374 1375
f 1338 1375 1339
f 1339 1375 1376
f 1339 1376 1340
f 1340 1376 1377
f 1340 1377 1341
f 1341 1377 1378
f 1341 1378 1342
f 1342 1378 1379
f 1342 1379 1343
f 1343 1379 1380
f 1343 1380 1344
f 1344 1380 1381
f 1344 1381 1345
f 1345 1381 1382
f 1345 1382 1346
f 1346 1382 1383
f 1346 1383 1347
f 1347 1383 1384
f 1347 1384 1348
f 1348 1384 1385
f 1348 1385 1349
f 1349 1385 1386
f 1349 1386 1350
f 1350 1386 1387
f 1350 1387 1351
f 1351 1387 1388
f 1351 1388 1352
f 1352 1388 1389
f 1352 1389 1353
f 1353 1389 1390
f 1353 1390 1354
f 1354 1390 1391
f 1354 1391 1355
f 1355 1391 1392
f 1355 1392 1356
f 1356 1392 1393
f 1356 1393 1357
f 1357 1393 1394
f 1357 1394 1358
f 1358 1394 1395
f 1358 1395 1359
f 1359 1395 1396
f 1359 1396 1360
f 1360 1396 1397
f 1360 1397 1361
f 1361 1397 1398
f 1361 1398 1362
f 1362 1398 1399
f 1362 1399 1363
f 1363 1399 1400
f 1363 1400 1364
f 1364 1400 1401
f 1364 1401 1365
f 1365 1401 1402
f 1365 1402 1366
f 1366 1402 1403
f 1366 1403 1367
f 1367 1403 1404
f 1367 1404 1368
f 1368 1404 1369
f 1368 1369 1333
f 1369 1405 1406
f 1369 1406 1370
f 1370 1406 1407
f 1370 1407 1371
f 1371 1407 1408
f 1371 1408 1372
f 1372 1408 1409
f 1372 1409 1373
f 1373 1409 1410
f 1373 1410 1374
f 1374 1410 1411
f 1374 1411 1375
f 1375 1411 1412
f 1375 1412 1376
f 1376 1412 1413
f 1376 1413 1377
f 1377 1413 1414
f 1377 1414 1378
f 1378 1414 1415
f 1378 1415 1379
f 1379 1415 1416
f 1379 1416 1380
f 1380 1416 1417
f 1380 1417 1381
f 1381 1417 1418
f 1381 1418 1382
f 1382 1418 1419
f 1382 1419 1383
f 1383 1419 1420
f 1383 1420 1384
f 1384 1420 1421
f 1384 1421 1385
f 1385 1421 1422
f 1385 1422 1386
f 1386 1422 1423
f 1386 1423 1387
f 1387 1423 1424
f 1387 1424 1388
f 1388 1424 1425
f 1388 1425 1389
f 1389 1425 1426
f 1389 1426 1390
f 1390 1426 1427
f 1390 1427 1391
f 1391 1427 1428
f 1391 1428 1392
f 1392 1428 1429
f 1392 1429 1393
f 1393 1429 1430
f 1393 1430 1394
f 1394 1430 1431
f 1394 1431 1395
f 1395 1431 1432
f 1395 1432 1396
f 1396 1432 1433
f 1396 1433 1397
f 1397 1433 1434
f 1397 1434 1398
f 1398 1434 1435
f 1398 1435 1399
f 1399 1435 1436
f 1399 1436 1400
f 1400 1436 1437
f 1400 1437 1401
f 1401 1437 1438
f 1401 1438 1402
f 1402 1438 1439
f 1402 1439 1403
f 1403 1439 1440
f 1403 1440 1404
f 1404 1440 1405
f 1404 1405 1369
f 1405 1441 1442
f 1405 1442 1406
f 1406 1442 1443
f 1406 1443 1407
f 1407 1443 1444
f 1407 1444 1408
f 1408 1444 1445
f 1408 1445 1409
f 1409 1445 1446
f 1409 1446 1410
f 1410 1446 1447
f 1410 1447 1411
f 1411 1447 1448
f 1411 1448 1412
f 1412 1448 1449
f 1412 1449 1413
f 1413 1449 1450
f 1413 1450 1414
f 1414 1450 1451
f 1414 1451 1415
f 1415 1451 1452
f 1415 1452 1416
f 1416 1452 1453
f 1416 1453 1417
f 1417 1453 1454
f 1417 1454 1418
f 1418 1454 1455
f 1418 1455 1419
f 1419 1455 1456
f 1419 1456 1420
f 1420 1456 1457
f 1420 1457 1421
f 1421 1457 1458
f 1421 1458 1422
f 1422 1458 1459
f 1422 1459 1423
f 1423 1459 1460
f 1423 1460 1424
f 1424 1460 1461
f 1424 1461 1425
f 1425 1461 1462
f 1425 1462 1426
f 1426 1462 1463
f 1426 1463 1427
f 1427 1463 1464
f 1427 1464 1428
f 1428 1464 1465
f 1428 1465 1429
f 1429 1465 1466
f 1429 1466 1430
f 1430 1466 1467
f 1430 1467 1431
f 1431 1467 1468
f 1431 1468 1432
f 1432 1468 1469
f 1432 1469 1433
f 1433 1469 1470
f 1433 1470 1434
f 1434 1470 1471
f 1434 1471 1435
f 1435 1471 1472
f 1435 1472 1436
f 1436 1472 1473
f 1436 1473 1437
f 1437 1473 1474
f 1437 1474 1438
f 1438 1474 1475
f 1438 1475 1439
f 1439 1475 1476
f 1439 1476 1440
f 1440 1476 1441
f 1440 1441 1405
f 1441 1477 1478
f 1441 1478 1442
f 1442 1478 1479
f 1442 1479 1443
f 1443 1479 1480
f 1443 1480 1444
f 1444 1480 1481
f 1444 1481 1445
f 1445 1481 1482
f 1445 1482 1446
f 1446 1482 1483
f 1446 1483 1447
f 1447 1483 1484
f 1447 1484 1448
f 1448 1484 1485
f 1448 1485 1449
f 1449 1485 1486
f 1449 1486 1450
f 1450 1486 1487
f 1450 1487 1451
f 1451 1487 1488
f 1451 1488 1452
f 1452 1488 1489
f 1452 1489 1453
f 1453 1489 1490
f 1453 1490 1454
f 1454 1490 1491
f 1454 1491 1455
f 1455 1491 1492
f 1455 1492 1456
f 1456 1492 1493
f 1456 1493 1457
f 1457 1493 1494
f 1457 1494 1458
f 1458 1494 1495
f 1458 1495 1459
f 1459 1495 1496
f 1459 1496 1460
f 1460 1496 1497
f 1460 1497 1461
f 1461 1497 1498
f 1461 1498 1462
f 1462 1498 1499
f 1462 1499 1463
f 1463 1499 1500
f 1463 1500 1464
f 1464 1500 1501
f 1464 1501 1465
f 1465 1501 1502
f 1465 1502 1466
f 1466 1502 1503
f 1466 1503 1467
f 1467 1503 1504
f 1467 1504 1468
f 1468 1504 1505
f 1468 1505 1469
f 1469 1505 1506
f 1469 1506 1470
f 1470 1506 1507
f 1470 1507 1471
f 1471 1507 1508
f 1471 1508 1472
f 1472 1508 1509
f 1472 1509 1473
f 1473 1509 1510
f 1473 1510 1474
f 1474 1510 1511
f 1474 1511 1475
f 1475 1511 1512
f 1475 1512 1476
f 1476 1512 1477
f 1476 1477 1441
f 1477 1513 1514
f 1477 1514 1478
f 1478 1514 1515
f 1478 1515 1479
f 1479 1515 1516
f 1479 1516 1480
f 1480 1516 1517
f 1480 1517 1481
f 1481 1517 1518
f 1481 1518 1482
f 1482 1518 1519
f 1482 1519 1483
f 1483 1519 1520
f 1483 1520 1484
f 1484 1520 1521
f 1484 1521 1485
f 1485 1521 1522
f 1485 1522 1486
f 1486 1522 1523
f 1486 1523 1487
f 1487 1523 1524
f 1487 1524 1488
f 1488 1524 1525
f 1488 1525 1489
f 1489 1525 1526
f 1489 1526 1490
f 1490 1526 1527
f 1490 1527 1491
f 1491 1527 1528
f 1491 1528 1492
f 1492 1528 1529
f 1492 1529 1493
f 1493 1529 1530
f 1493 1530 1494
f 1494 1530 1531
f 1494 1531 1495
f 1495 1531 1532
f 1495 1532 1496
f 1496 1532 1533
f 1496 1533 1497
f 1497 1533 1534
f 1497 1534 1498
f 1498 1534 1535
f 1498 1535 1499
f 1499 1535 1536
f 1499 1536 1500
f 1500 1536 1537
f 1500 1537 1501
f 1501 1537 1538
f 1501 1538 1502
f 1502 1538 1539
f 1502 1539 1503
f 1503 1539 1540
f 1503 1540 1504
f 1504 1540 1541
f 1504 1541 1505
f 1505 1541 1542
f 1505 1542 1506
f 1506 1542 1543
f 1506 1543 1507
f 1507 1543 1544
f 1507 1544 1508
f 1508 1544 1545
f 1508 1545 1509
f 1509 1545 1546
f 1509 1546 1510
f 1510 1546 1547
f 1510 1547 1511
f 1511 1547 1548
f 1511 1548 1512
f 1512 1548 1513
f 1512 1513 1477
f 1513 1549 1550
f 1513 1550 1514
f 1514 1550 1551
f 1514 1551 1515
f 1515 1551 1552
f 1515 1552 1516
f 1516 1552 1553
f 1516 1553 1517
f 1517 1553 1554
f 1517 1554 1518
f 1518 1554 1555
f 1518 1555 1519
f 1519 1555 1556
f 1519 1556 1520
f 1520 1556 1557
f 1520 1557 1521
f 1521 1557 1558
f 1521 1558 1522
f 1522 1558 1559
f 1522 1559 1523
f 1523 1559 1560
f 1523 1560 1524
f 1524 1560 1561
f 1524 1561 1525
f 1525 1561 1562
f 1525 1562 1526
f 1526 1562 1563
f 1526 1563 1527
f 1527 1563 1564
f 1527 1564 1528
f 1528 1564 1565
f 1528 1565 1529
f 1529 1565 1566
f 1529 1566 1530
f 1530 1566 1567
f 1530 1567 1531
f 1531 1567 1568
f 1531 1568 1532
f 1532 1568 1569
f 1532 1569 1533
f 1533 1569 1570
f 1533 1570 1534
f 1534 1570 1571
f 1534 1571 1535
f 1535 1571 1572
f 1535 1572 1536
f 1536 1572 1573
f 1536 1573 1537
f 1537 1573 1574
f 1537 1574 1538
f 1538 1574 1575
f 1538 1575 1539
f 1539 1575 1576
f 1539 1576 1540
f 1540 1576 1577
f 1540 1577 1541
f 1541 1577 1578
f 1541 1578 1542
f 1542 1578 1579
f 1542 1579 1543
f 1543 1579 1580
f 1543 1580 1544
f 1544 1580 1581
f 1544 1581 1545
f 1545 1581 1582
f 1545 1582 1546
f 1546 1582 1583
f 1546 1583 1547
f 1547 1583 1584
f 1547 1584 1548
f 1548 1584 1549
f 1548 1549 1513
f 1549 1585 1586
f 1549 1586 1550
f 1550 1586 1587
f 1550 1587 1551
f 1551 1587 1588
f 1551 1588 1552
f 1552 1588 1589
f 1552 1589 1553
f 1553 1589 1590
f 1553 1590 1554
f 1554 1590 1591
f 1554 1591 1555
f 1555 1591 1592
f 1555 1592 1556
f 1556 1592 1593
f 1556 1593 1557
f 1557 1593 1594
f 1557 1594 1558
f 1558 1594 1595
f 1558 1595 1559
f 1559 1595 1596
f 1559 1596 1560
f 1560 1596 1597
f 1560 1597 1561
f 1561 1597 1598
f 1561 1598 1562
f 1562 1598 1599
f 1562 1599 1563
f 1563 1599 1600
f 1563 1600 1564
f 1564 1600 1601
f 1564 1601 1565
f 1565 1601 1602
f 1565 1602 1566
f 1566 1602 1603
f 1566 1603 1567
f 1567 1603 1604
f 1567 1604 1568
f 1568 1604 1605
f 1568 1605 1569
f 1569 1605 1606
f 1569 1606 1570
f 1570 1606 1607
f 1570 1607 1571
f 1571 1607 1608
f 1571 1608 1572
f 1572 1608 1609
f 1572 1609 1573
f 1573 1609 1610
f 1573 1610 1574
f 1574 1610 1611
f 1574 1611 1575
f 1575 1611 1612
f 1575 1612 1576
f 1576 1612 1613
f 1576 1613 1577
f 1577 1613 1614
f 1577 1614 1578
f 1578 1614 1615
f 1578 1615 1579
f 1579 1615 1616
f 1579 1616 1580
f 1580 1616 1617
f 1580 1617 1581
f 1581 1617 1618
f 1581 1618 1582
f 1582 1618 1619
f 1582 1619 1583
f 1583 1619 1620
f 1583 1620 1584
f 1584 1620 1585
f 1584 1585 1549
f 1585 1621 1622
f 1585 1622 1586
f 1586 1622 1623
f 1586 1623 1587
f 1587 1623 1624
f 1587 1624 1588
f 1588 1624 1625
f 1588 1625 1589
f 1589 1625 1626
f 1589 1626 1590
f 1590 1626 1627
f 1590 1627 1591
f 1591 1627 1628
f 1591 1628 1592
f 1592 1628 1629
f 1592 1629 1593
f 1593 1629 1630
f 1593 1630 1594
f 1594 1630 1631
f 1594 1631 1595
f 1595 1631 1632
f 1595 1632 1596
f 1596 1632 1633
f 1596 1633 1597
f 1597 1633 1634
f 1597 1634 1598
f 1598 1634 1635
f 1598 1635 1599
f 1599 1635 1636
f 1599 1636 1600
f 1600 1636 1637
f 1600 1637 1601
f 1601 1637 1638
f 1601 1638 1602
f 1602 1638 1639
f 1602 1639 1603
f 1603 1639 1640
f 1603 1640 1604
f 1604 1640 1641
f 1604 1641 1605
f 1605 1641 1642
f 1605 1642 1606
f 1606 1642 1643
f 1606 1643 1607
f 1607 1643 1644
f 1607 1644 1608
f 1608 1644 1645
f 1608 1645 1609
f 1609 1645 1646
f 1609 1646 1610
f 1610 1646 1647
f 1610 1647 1611
f 1611 1647 1648
f 1611 1648 1612
f 1612 1648 1649
f 1612 1649 1613
f 1613 1649 1650
f 1613 1650 1614
f 1614 1650 1651
f 1614 1651 1615
f 1615 1651 1652
f 1615 1652 1616
f 1616 1652 1653
f 1616 1653 1617
f 1617 1653 1654
f 1617 1654 1618
f 1618 1654 1655
f 1618 1655 1619
f 1619 1655 1656
f 1619 1656 1620
f 1620 1656 1621
f 1620 1621 1585
f 1621 1657 1658
f 1621 1658 1622
f 1622 1658 1659
f 1622 1659 1623
f 1623 1659 1660
f 1623 1660 1624
f 1624 1660 1661
f 1624 1661 1625
f 1625 1661 1662
f 1625 1662 1626
f 1626 1662 1663
f 1626 1663 1627
f 1627 1663 1664
f 1627 1664 1628
f 1628 1664 1665
f 1628 1665 1629
f 1629 1665 1666
f 1629 1666 1630
f 1630 1666 1667
f 1630 1667 1631
f 1631 1667 1668
f 1631 1668 1632
f 1632 1668 1669
f 1632 1669 1633
f 1633 1669 1670
f 1633 1670 1634
f 1634 1670 1671
f 1634 1671 1635
f 1635 1671 1672
f 1635 1672 1636
f 1636 1672 1673
f 1636 1673 1637
f 1637 1673 1674
f 1637 1674 1638
f 1638 1674 1675
f 1638 1675 1639
f 1639 1675 1676
f 1639 1676 1640
f 1640 1676 1677
f 1640 1677 1641
f 1641 1677 1678
f 1641 1678 1642
f 1642 1678 1679
f 1642 1679 1643
f 1643 1679 1680
f 1643 1680 1644
f 1644 1680 1681
f 1644 1681 1645
f 1645 1681 1682
f 1645 1682 1646
f 1646 1682 1683
f 1646 1683 1647
f 1647 1683 1684
f 1647 1684 1648
f 1648 1684 1685
f 1648 1685 1649
f 1649 1685 1686
f 1649 1686 1650
f 1650 1686 1687
f 1650 1687 1651
f 1651 1687 1688
f 1651 1688 1652
f 1652 1688 1689
f 1652 1689 1653
f 1653 1689 1690
f 1653 1690 1654
f 1654 1690 1691
f 1654 1691 1655
f 1655 1691 1692
f 1655 1692 1656
f 1656 1692 1657
f 1656 1657 1621
f 1657 1693 1694
f 1657 1694 1658
f 1658 1694 1695
f 1658 1695 1659
f 1659 1695 1696
f 1659 1696 1660
f 1660 1696 1697
f 1660 1697 1661
f 1661 1697 1698
f 1661 1698 1662
f 1662 1698 1699
f 1662 1699 1663
f 1663 1699 1700
f 1663 1700 1664
f 1664 1700 1701
f 1664 1701 1665
f 1665 1701 1702
f 1665 1702 1666
f 1666 1702 1703
f 1666 1703 1667
f 1667 1703 1704
f 1667 1704 1668
f 1668 1704 1705
f 1668 1705 1669
f 1669 1705 1706
f 1669 1706 1670
f 1670 1706 1707
f 1670 1707 1671
f 1671 1707 1708
f 1671 1708 1672
f 1672 1708 1709
f 1672 1709 1673
f 1673 1709 1710
f 1673 1710 1674
f 1674 1710 1711
f 1674 1711 1675
f 1675 1711 1712
f 1675 1712 1676
f 1676 1712 1713
f 1676 1713 1677
f 1677 1713 1714
f 1677 1714 1678
f 1678 1714 1715
f 1678 1715 1679
f 1679 1715 1716
f 1679 1716 1680
f 1680 1716 1717
f 1680 1717 1681
f 1681 1717 1718
f 1681 1718 1682
f 1682 1718 1719
f 1682 1719 1683
f 1683 1719 1720
f 1683 1720 1684
f 1684 1720 1721
f 1684 1721 1685
f 1685 1721 1722
f 1685 1722 1686
f 1686 1722 1723
f 1686 1723 1687
f 1687 1723 1724
f 1687 1724 1688
f 1688 1724 1725
f 1688 1725 1689
f 1689 1725 1726
f 1689 1726 1690
f 1690 1726 1727
f 1690 1727 1691
f 1691 1727 1728
f 1691 1728 1692
f 1692 1728 1693
f 1692 1693 1657
f 1693 1729 1730
f 1693 1730 1694
f 1694 1730 1731
f 1694 1731 1695
f 1695 1731 1732
f 1695 1732 1696
f 1696 1732 1733
f 1696 1733 1697
f 1697 1733 1734
f 1697 1734 1698
f 1698 1734 1735
f 1698 1735 1699
f 1699 1735 1736
f 1699 1736 1700
f 1700 1736 1737
f 1700 1737 1701
f 1701 1737 1738
f 1701 1738 1702
f 1702 1738 1739
f 1702 1739 1703
f 1703 1739 1740
f 1703 1740 1704
f 1704 1740 1741
f 1704 1741 1705
f 1705 1741 1742
f 1705 1742 1706
f 1706 1742 1743
f 1706 1743 1707
f 1707 1743 1744
f 1707 1744 1708
f 1708 1744 1745
f 1708 1745 1709
f 1709 1745 1746
f 1709 1746 1710
f 1710 1746 1747
f 1710 1747 1711
f 1711 1747 1748
f 1711 1748 1712
f 1712 1748 1749
f 1712 1749 1713
f 1713 1749 1750
f 1713 1750 1714
f 1714 1750 1751
f 1714 1751 1715
f 1715 1751 1752
f 1715 1752 1716
f 1716 1752 1753
f 1716 1753 1717
f 1717 1753 1754
f 1717 1754 1718
f 1718 1754 1755
f 1718 1755 1719
f 1719 1755 1756
f 1719 1756 1720
f 1720 1756 1757
f 1720 1757 1721
f 1721 1757 1758
f 1721 1758 1722
f 1722 1758 1759
f 1722 1759 1723
f 1723 1759 1760
f 1723 1760 1724
f 1724 1760 1761
f 1724 1761 1725
f 1725 1761 1762
f 1725 1762 1726
f 1726 1762 1763
f 1726 1763 1727
f 1727 1763 1764
f 1727 1764 1728
f 1728 1764 1729
f 1728 1729 1693
f 1729 1765 1766
f 1729 1766 1730
f 1730 1766 1767
f 1730 1767 1731
f 1731 1767 1768
f 1731 1768 1732
f 1732 1768 1769
f 1732 1769 1733
f 1733 1769 1770
f 1733 1770 1734
f 1734 1770 1771
f 1734 1771 1735
f 1735 1771 1772
f 1735 1772 1736
f 1736 1772 1773
f 1736 1773 1737
f 1737 1773 1774
f 1737 1774 1738
f 1738 1774 1775
f 1738 1775 1739
f 1739 1775 1776
f 1739 1776 1740
f 1740 1776 1777
f 1740 1777 1741
f 1741 1777 1778
f 1741 1778 1742
f 1742 1778 1779
f 1742 1779 1743
f 1743 1779 1780
f 1743 1780 1744
f 1744 1780 1781
f 1744 1781 1745
f 1745 1781 1782
f 1745 1782 1746
f 1746 1782 1783
f 1746 1783 1747
f 1747 1783 1784
f 1747 1784 1748
f 1748 1784 1785
f 1748 1785 1749
f 1749 1785 1786
f 1749 1786 1750
f 1750 1786 1787
f 1750 1787 1751
f 1751 1787 1788
f 1751 1788 1752
f 1752 1788 1789
f 1752 1789 1753
f 1753 1789 1790
f 1753 1790 1754
f 1754 1790 1791
f 1754 1791 1755
f 1755 1791 1792
f 1755 1792 1756
f 1756 1792 1793
f 1756 1793 1757
f 1757 1793 1794
f 1757 1794 1758
f 1758 1794 1795
f 1758 1795 1759
f 1759 1795 1796
f 1759 1796 1760
f 1760 1796 1797
f 1760 1797 1761
f 1761 1797 1798
f 1761 1798 1762
f 1762 1798 1799
f 1762 1799 1763
f 1763 1799 1800
f 1763 1800 1764
f 1764 1800 1765
f 1764 1765 1729
f 1765 1801 1802
f 1765 1802 1766
f 1766 1802 1803
f 1766 1803 1767
f 1767 1803 1804
f 1767 1804 1768
f 1768 1804 1805
f 1768 1805 1769
f 1769 1805 1806
f 1769 1806 1770
f 1770 1806 1807
f 1770 1807 1771
f 1771 1807 1808
f 1771 1808 1772
f 1772 1808 1809
f 1772 1809 1773
f 1773 1809 1810
f 1773 1810 1774
f 1774 1810 1811
f 1774 1811 1775
f 1775 1811 1812
f 1775 1812 1776
f 1776 1812 1813
f 1776 1813 1777
f 1777 1813 1814
f 1777 1814 1778
f 1778 1814 1815
f 1778 1815 1779
f 1779 1815 1816
f 1779 1816 1780
f 1780 1816 1817
f 1780 1817 1781
f 1781 1817 1818
f 1781 1818 1782
f 1782 1818 1819
f 1782 1819 1783
f 1783 1819 1820
f 1783 1820 1784
f 1784 1820 1821
f 1784 1821 1785
f 1785 1821 1822
f 1785 1822 1786
f 1786 1822 1823
f 1786 1823 1787
f 1787 1823 1824
f 1787 1824 1788
f 1788 1824 1825
f 1788 1825 1789
f 1789 1825 1826
f 1789 1826 1790
f 1790 1826 1827
f 1790 1827 1791
f 1791 1827 1828
f 1791 1828 1792
f 1792 1828 1829
f 1792 1829 1793
f 1793 1829 1830
f 1793 1830 1794
f 1794 1830 1831
f 1794 1831 1795
f 1795 1831 1832
f 1795 1832 1796
f 1796 1832 1833
f 1796 1833 1797
f 1797 1833 1834
f 1797 1834 1798
f 1798 1834 1835
f 1798 1835 1799
f 1799 1835 1836
f 1799 1836 1800
f 1800 1836 1801
f 1800 1801 1765
f 1801 1837 1838
f 1801 1838 1802
f 1802 1838 1839
f 1802 1839 1803
f 1803 1839 1840
f 1803 1840 1804
f 1804 1840 1841
f 1804 1841 1805
f 1805 1841 1842
f 1805 1842 1806
f 1806 1842 1843
f 1806 1843 1807
f 1807 1843 1844
f 1807 1844 1808
f 1808 1844 1845
f 1808 1845 1809
f 1809 1845 1846
f 1809 1846 1810
f 1810 1846 1847
f 1810 1847 1811
f 1811 1847 1848
f 1811 1848 1812
f 1812 1848 1849
f 1812 1849 1813
f 1813 1849 1850
f 1813 1850 1814
f 1814 1850 1851
f 1814 1851 1815
f 1815 1851 1852
f 1815 1852 1816
f 1816 1852 1853
f 1816 1853 1817
f 1817 1853 1854
f 1817 1854 1818
f 1818 1854 1855
f 1818 1855 1819
f 1819 1855 1856
f 1819 1856 1820
f 1820 1856 1857
f 1820 1857 1821
f 1821 1857 1858
f 1821 1858 1822
f 1822 1858 1859
f 1822 1859 1823
f 1823 1859 1860
f 1823 1860 1824
f 1824 1860 1861
f 1824 1861 1825
f 1825 1861 1862
f 1825 1862 1826
f 1826 1862 1863
f 1826 1863 1827
f 1827 1863 1864
f 1827 1864 1828
f 1828 1864 1865
f 1828 1865 1829
f 1829 1865 1866
f 1829 1866 1830
f 1830 1866 1867
f 1830 1867 1831
f 1831 1867 1868
f 1831 1868 1832
f 1832 1868 1869
f 1832 1869 1833
f 1833 1869 1870
f 1833 1870 1834
f 1834 1870 1871
f 1834 1871 1835
f 1835 1871 1872
f 1835 1872 1836
f 1836 1872 1837
f 1836 1837 1801
f 1837 1873 1874
f 1837 1874 1838
f 1838 1874 1875
f 1838 1875 1839
f 1839 1875 1876
f 1839 1876 1840
f 1840 1876 1877
f 1840 1877 1841
f 1841 1877 1878
f 1841 1878 1842
f 1842 1878 1879
f 1842 1879 1843
f 1843 1879 1880
f 1843 1880 1844
f 1844 1880 1881
f 1844 1881 1845
f 1845 1881 1882
f 1845 1882 1846
f 1846 1882 1883
f 1846 1883 1847
f 1847 1883 1884
f 1847 1884 1848
f 1848 1884 1885
f 1848 1885 1849
f 1849 1885 1886
f 1849 1886 1850
f 1850 1886 1887
f 1850 1887 1851
f 1851 1887 1888
f 1851 1888 1852
f 1852 1888 1889
f 1852 1889 1853
f 1853 1889 1890
f 1853 1890 1854
f 1854 1890 1891
f 1854 1891 1855
f 1855 1891 1892
f 1855 1892 1856
f 1856 1892 1893
f 1856 1893 1857
f 1857 1893 1894
f 1857 1894 1858
f 1858 1894 1895
f 1858 1895 1859
f 1859 1895 1896
f 1859 1896 1860
f 1860 1896 1897
f 1860 1897 1861
f 1861 1897 1898
f 1861 1898 1862
f 1862 1898 1899
f 1862 1899 1863
f 1863 1899 1900
f 1863 1900 1864
f 1864 1900 1901
f 1864 1901 1865
f 1865 1901 1902
f 1865 1902 1866
f 1866 1902 1903
f 1866 1903 1867
f 1867 1903 1904
f 1867 1904 1868
f 1868 1904 1905
f 1868 1905 1869
f 1869 1905 1906
f 1869 1906 1870
f 1870 1906 1907
f 1870 1907 1871
f 1871 1907 1908
f 1871 1908 1872
f 1872 1908 1873
f 1872 1873 1837
f 1873 1909 1910
f 1873 1910 1874
f 1874 1910 1911
f 1874 1911 1875
f 1875 1911 1912
f 1875 1912 1876
f 1876 1912 1913
f 1876 1913 1877
f 1877 1913 1914
f 1877 1914 1878
f 1878 1914 1915
f 1878 1915 1879
f 1879 1915 1916
f 1879 1916 1880
f 1880 1916 1917
f 1880 1917 1881
f 1881 1917 1918
f 1881 1918 1882
f 1882 1918 1919
f 1882 1919 1883
f 1883 1919 1920
f 1883 1920 1884
f 1884 1920 1921
f 1884 1921 1885
f 1885 1921 1922
f 1885 1922 1886
f 1886 1922 1923
f 1886 1923 1887
f 1887 1923 1924
f 1887 1924 1888
f 1888 1924 1925
f 1888 1925 1889
f 1889 1925 1926
f 1889 1926 1890
f 1890 1926 1927
f 1890 1927 1891
f 1891 1927 1928
f 1891 1928 1892
f 1892 1928 1929
f 1892 1929 1893
f 1893 1929 1930
f 1893 1930 1894
f 1894 1930 1931
f 1894 1931 1895
f 1895 1931 1932
f 1895 1932 1896
f 1896 1932 1933
f 1896 1933 1897
f 1897 1933 1934
f 1897 1934 1898
f 1898 1934 1935
f 1898 1935 1899
f 1899 1935 1936
f 1899 1936 1900
f 1900 1936 1937
f 1900 1937 1901
f 1901 1937 1938
f 1901 1938 1902
f 1902 1938 1939
f 1902 1939 1903
f 1903 1939 1940
f 1903 1940 1904
f 1904 1940 1941
f 1904 1941 1905
f 1905 1941 1942
f 1905 1942 1906
f 1906 1942 1943
f 1906 1943 1907
f 1907 1943 1944
f 1907 1944 1908
f 1908 1944 1909
f 1908 1909 1873
f 1909 1945 1946
f 1909 1946 1910
f 1910 1946 1947
f 1910 1947 1911
f 1911 1947 1948
f 1911 1948 1912
f 1912 1948 1949
f 1912 1949 1913
f 1913 1949 1950
f 1913 1950 1914
f 1914 1950 1951
f 1914 1951 1915
f 1915 1951 1952
f 1915 1952 1916
f 1916 1952 1953
f 1916 1953 1917
f 1917 1953 1954
f 1917 1954 1918
f 1918 1954 1955
f 1918 1955 1919
f 1919 1955 1956
f 1919 1956 1920
f 1920 1956 1957
f 1920 1957 1921
f 1921 1957 1958
f 1921 1958 1922
f 1922 1958 1959
f 1922 1959 1923
f 1923 1959 1960
f 1923 1960 1924
f 1924 1960 1961
f 1924 1961 1925
f 1925 1961 1962
f 1925 1962 1926
f 1926 1962 1963
f 1926 1963 1927
f 1927 1963 1964
f 1927 1964 1928
f 1928 1964 1965
f 1928 1965 1929
f 1929 1965 1966
f 1929 1966 1930
f 1930 1966 1967
f 1930 1967 1931
f 1931 1967 1968
f 1931 1968 1932
f 1932 1968 1969
f 1932 1969 1933
f 1933 1969 1970
f 1933 1970 1934
f 1934 1970 1971
f 1934 1971 1935
f 1935 1971 1972
f 1935 1972 1936
f 1936 1972 1973
f 1936 1973 1937
f 1937 1973 1974
f 1937 1974 1938
f 1938 1974 1975
f 1938 1975 1939
f 1939 1975 1976
f 1939 1976 1940
f 1940 1976 1977
f 1940 1977 1941
f 1941 1977 1978
f 1941 1978 1942
f 1942 1978 1979
f 1942 1979 1943
f 1943 1979 1980
f 1943 1980 1944
f 1944 1980 1945
f 1944 1945 1909
f 1945 1981 1982
f 1945 1982 1946
f 1946 1982 1983
f 1946 1983 1947
f 1947 1983 1984
f 1947 1984 1948
f 1948 1984 1985
f 1948 1985 1949
f 1949 1985 1986
f 1949 1986 1950
f 1950 1986 1987
f 1950 1987 1951
f 1951 1987 1988
f 1951 1988 1952
f 1952 1988 1989
f 1952 1989 1953
f 1953 1989 1990
f 1953 1990 1954
f 1954 1990 1991
f 1954 1991 1955
f 1955 1991 1992
f 1955 1992 1956
f 1956 1992 1993
f 1956 1993 1957
f 1957 1993 1994
f 1957 1994 1958
f 1958 1994 1995
f 1958 1995 1959
f 1959 1995 1996
f 1959 1996 1960
f 1960 1996 1997
f 1960 1997 1961
f 1961 1997 1998
f 1961 1998 1962
f 1962 1998 1999
f 1962 1999 1963
f 1963 1999 2000
f 1963 2000 1964
f 1964 2000 2001
f 1964 2001 1965
f 1965 2001 2002
f 1965 2002 1966
f 1966 2002 2003
f 1966 2003 1967
f 1967 2003 2004
f 1967 2004 1968
f 1968 2004 2005
f 1968 2005 1969
f 1969 2005 2006
f 1969 2006 1970
f 1970 2006 2007
f 1970 2007 1971
f 1971 2007 2008
f 1971 2008 1972
f 1972 2008 2009
f 1972 2009 1973
f 1973 2009 2010
f 1973 2010 1974
f 1974 2010 2011
f 1974 2011 1975
f 1975 2011 2012
f 1975 2012 1976
f 1976 2012 2013
f 1976 2013 1977
f 1977 2013 2014
f 1977 2014 1978
f 1978 2014 2015
f 1978 2015 1979
f 1979 2015 2016
f 1979 2016 1980
f 1980 2016 1981
f 1980 1981 1945
f 1981 2017 2018
f 1981 2018 1982
f 1982 2018 2019
f 1982 2019 1983
f 1983 2019 2020
f 1983 2020 1984
f 1984 2020 2021
f 1984 2021 1985
f 1985 2021 2022
f 1985 2022 1986
f 1986 2022 2023
f 1986 2023 1987
f 1987 2023 2024
f 1987 2024 1988
f 1988 2024 2025
f 1988 2025 1989
f 1989 2025 2026
f 1989 2026 1990
f 1990 2026 2027
f 1990 2027 1991
f 1991 2027 2028
f 1991 2028 1992
f 1992 2028 2029
f 1992 2029 1993
f 1993 2029 2030
f 1993 2030 1994
f 1994 2030 2031
f 1994 2031 1995
f 1995 2031 2032
f 1995 2032 1996
f 1996 2032 2033
f 1996 2033 1997
f 1997 2033 2034
f 1997 2034 1998
f 1998 2034 2035
f 1998 2035 1999
f 1999 2035 2036
f 1999 2036 2000
f 2000 2036 2037
f 2000 2037 2001
f 2001 2037 2038
f 2001 2038 2002
f 2002 2038 2039
f 2002 2039 2003
f 2003 2039 2040
f 2003 2040 2004
f 2004 2040 2041
f 2004 2041 2005
f 2005 2041 2042
f 2005 2042 2006
f 2006 2042 2043
f 2006 2043 2007
f 2007 2043 2044
f 2007 2044 2008
f 2008 2044 2045
f 2008 2045 2009
f 2009 2045 2046
f 2009 2046 2010
f 2010 2046 2047
f 2010 2047 2011
f 2011 2047 2048
f 2011 2048 2012
f 2012 2048 2049
f 2012 2049 2013
f 2013 2049 2050
f 2013 2050 2014
f 2014 2050 2051
f 2014 2051 2015
f 2015 2051 2052
f 2015 2052 2016
f 2016 2052 2017
f 2016 2017 1981
f 2017 2053 2054
f 2017 2054 2018
f 2018 2054 2055
f 2018 2055 2019
f 2019 2055 2056
f 2019 2056 2020
f 2020 2056 2057
f 2020 2057 2021
f 2021 2057 2058
f 2021 2058 2022
f 2022 2058 2059
f 2022 2059 2023
f 2023 2059 2060
f 2023 2060 2024
f 2024 2060 2061
f 2024 2061 2025
f 2025 2061 2062
f 2025 2062 2026
f 2026 2062 2063
f 2026 2063 2027
f 2027 2063 2064
f 2027 2064 2028
f 2028 2064 2065
f 2028 2065 2029
f 2029 2065 2066
f 2029 2066 2030
f 2030 2066 2067
f 2030 2067 2031
f 2031 2067 2068
f 2031 2068 2032
f 2032 2068 2069
f 2032 2069 2033
f 2033 2069 2070
f 2033 2070 2034
f 2034 2070 2071
f 2034 2071 2035
f 2035 2071 2072
f 2035 2072 2036
f 2036 2072 2073
f 2036 2073 2037
f 2037 2073 2074
f 2037 2074 2038
f 2038 2074 2075
f 2038 2075 2039
f 2039 2075 2076
f 2039 2076 2040
f 2040 2076 2077
f 2040 2077 2041
f 2041 2077 2078
f 2041 2078 2042
f 2042 2078 2079
f 2042 2079 2043
f 2043 2079 2080
f 2043 2080 2044
f 2044 2080 2081
f 2044 2081 2045
f 2045 2081 2082
f 2045 2082 2046
f 2046 2082 2083
f 2046 2083 2047
f 2047 2083 2084
f 2047 2084 2048
f 2048 2084 2085
f 2048 2085 2049
f 2049 2085 2086
f 2049 2086 2050
f 2050 2086 2087
f 2050 2087 2051
f 2051 2087 2088
f 2051 2088 2052
f 2052 2088 2053
f 2052 2053 2017
f 2053 2089 2090
f 2053 2090 2054
f 2054 2090 2091
f 2054 2091 2055
f 2055 2091 2092
f 2055 2092 2056
f 2056 2092 2093
f 2056 2093 2057
f 2057 2093 2094
f 2057 2094 2058
f 2058 2094 2095
f 2058 2095 2059
f 2059 2095 2096
f 2059 2096 2060
f 2060 2096 2097
f 2060 2097 2061
f 2061 2097 2098
f 2061 2098 2062
f 2062 2098 2099
f 2062 2099 2063
f 2063 2099 2100
f 2063 2100 2064
f 2064 2100 2101
f 2064 2101 2065
f 2065 2101 2102
f 2065 2102 2066
f 2066 2102 2103
f 2066 2103 2067
f 2067 2103 2104
f 2067 2104 2068
f 2068 2104 2105
f 2068 2105 2069
f 2069 2105 2106
f 2069 2106 2070
f 2070 2106 2107
f 2070 2107 2071
f 2071 2107 2108
f 2071 2108 2072
f 2072 2108 2109
f 2072 2109 2073
f 2073 2109 2110
f 2073 2110 2074
f 2074 2110 2111
f 2074 2111 2075
f 2075 2111 2112
f 2075 2112 2076
f 2076 2112 2113
f 2076 2113 2077
f 2077 2113 2114
f 2077 2114 2078
f 2078 2114 2115
f 2078 2115 2079
f 2079 2115 2116
f 2079 2116 2080
f 2080 2116 2117
f 2080 2117 2081
f 2081 2117 2118
f 2081 2118 2082
f 2082 2118 2119
f 2082 2119 2083
f 2083 2119 2120
f 2083 2120 2084
f 2084 2120 2121
f 2084 2121 2085
f 2085 2121 2122
f 2085 2122 2086
f 2086 2122 2123
f 2086 2123 2087
f 2087 2123 2124
f 2087 2124 2088
f 2088 2124 2089
f 2088 2089 2053
f 2089 2125 2126
f 2089 2126 2090
f 2090 2126 2127
f 2090 2127 2091
f 2091 2127 2128
f 2091 2128 2092
f 2092 2128 2129
f 2092 2129 2093
f 2093 2129 2130
f 2093 2130 2094
f 2094 2130 2131
f 2094 2131 2095
f 2095 2131 2132
f 2095 2132 2096
f 2096 2132 2133
f 2096 2133 2097
f 2097 2133 2134
f 2097 2134 2098
f 2098 2134 2135
f 2098 2135 2099
f 2099 2135 2136
f 2099 2136 2100
f 2100 2136 2137
f 2100 2137 2101
f 2101 2137 2138
f 2101 2138 2102
f 2102 2138 2139
f 2102 2139 2103
f 2103 2139 2140
f 2103 2140 2104
f 2104 2140 2141
f 2104 2141 2105
f 2105 2141 2142
f 2105 2142 2106
f 2106 2142 2143
f 2106 2143 2107
f 2107 2143 2144
f 2107 2144 2108
f 2108 2144 2145
f 2108 2145 2109
f 2109 2145 2146
f 2109 2146 2110
f 2110 2146 2147
f 2110 2147 2111
f 2111 2147 2148
f 2111 2148 2112
f 2112 2148 2149
f 2112 2149 2113
f 2113 2149 2150
f 2113 2150 2114
f 2114 2150 2151
f 2114 2151 2115
f 2115 2151 2152
f 2115 2152 2116
f 2116 2152 2153
f 2116 2153 2117
f 2117 2153 2154
f 2117 2154 2118
f 2118 2154 2155
f 2118 2155 2119
f 2119 2155 2156
f 2119 2156 2120
f 2120 2156 2157
f 2120 2157 2121
f 2121 2157 2158
f 2121 2158 2122
f 2122 2158 2159
f 2122 2159 2123
f 2123 2159 2160
f 2123 2160 2124
f 2124 2160 2125
f 2124 2125 2089
f 2125 2161 2162
f 2125 2162 2126
f 2126 2162 2163
f 2126 2163 2127
f 2127 2163 2164
f 2127 2164 2128
f 2128 2164 2165
f 2128 2165 2129
f 2129 2165 2166
f 2129 2166 2130
f 2130 2166 2167
f 2130 2167 2131
f 2131 2167 2168
f 2131 2168 2132
f 2132 2168 2169
f 2132 2169 2133
f 2133 2169 2170
f 2133 2170 2134
f 2134 2170 2171
f 2134 2171 2135
f 2135 2171 2172
f 2135 2172 2136
f 2136 2172 2173
f 2136 2173 2137
f 2137 2173 2174
f 2137 2174 2138
f 2138 2174 2175
f 2138 2175 2139
f 2139 2175 2176
f 2139 2176 2140
f 2140 2176 2177
f 2140 2177 2141
f 2141 2177 2178
f 2141 2178 2142
f 2142 2178 2179
f 2142 2179 2143
f 2143 2179 2180
f 2143 2180 2144
f 2144 2180 2181
f 2144 2181 2145
f 2145 2181 2182
f 2145 2182 2146
f 2146 2182 2183
f 2146 2183 2147
f 2147 2183 2184
f 2147 2184 2148
f 2148 2184 2185
f 2148 2185 2149
f 2149 2185 2186
f 2149 2186 2150
f 2150 2186 2187
f 2150 2187 2151
f 2151 2187 2188
f 2151 2188 2152
f 2152 2188 2189
f 2152 2189 2153
f 2153 2189 2190
f 2153 2190 2154
f 2154 2190 2191
f 2154 2191 2155
f 2155 2191 2192
f 2155 2192 2156
f 2156 2192 2193
f 2156 2193 2157
f 2157 2193 2194
f 2157 2194 2158
f 2158 2194 2195
f 2158 2195 2159
f 2159 2195 2196
f 2159 2196 2160
f 2160 2196 2161
f 2160 2161 2125
f 2161 2197 2198
f 2161 2198 2162
f 2162 2198 2199
f 2162 2199 2163
f 2163 2199 2200
f 2163 2200 2164
f 2164 2200 2201
f 2164 2201 2165
f 2165 2201 2202
f 2165 2202 2166
f 2166 2202 2203
f 2166 2203 2167
f 2167 2203 2204
f 2167 2204 2168
f 2168 2204 2205
f 2168 2205 2169
f 2169 2205 2206
f 2169 2206 2170
f 2170 2206 2207
f 2170 2207 2171
f 2171 2207 2208
f 2171 2208 2172
f 2172 2208 2209
f 2172 2209 2173
f 2173 2209 2210
f 2173 2210 2174
f 2174 2210 2211
f 2174 2211 2175
f 2175 2211 2212
f 2175 2212 2176
f 2176 2212 2213
f 2176 2213 2177
f 2177 2213 2214
f 2177 2214 2178
f 2178 2214 2215
f 2178 2215 2179
f 2179 2215 2216
f 2179 2216 2180
f 2180 2216 2217
f 2180 2217 2181
f 2181 2217 2218
f 2181 2218 2182
f 2182 2218 2219
f 2182 2219 2183
f 2183 2219 2220
f 2183 2220 2184
f 2184 2220 2221
f 2184 2221 2185
f 2185 2221 2222
f 2185 2222 2186
f 2186 2222 2223
f 2186 2223 2187
f 2187 2223 2224
f 2187 2224 2188
f 2188 2224 2225
f 2188 2225 2189
f 2189 2225 2226
f 2189 2226 2190
f 2190 2226 2227
f 2190 2227 2191
f 2191 2227 2228
f 2191 2228 2192
f 2192 2228 2229
f 2192 2229 2193
f 2193 2229 2230
f 2193 2230 2194
f 2194 2230 2231
f 2194 2231 2195
f 2195 2231 2232
f 2195 2232 2196
f 2196 2232 2197
f 2196 2197 2161
f 2197 2233 2234
f 2197 2234 2198
f 2198 2234 2235
f 2198 2235 2199
f 2199 2235 2236
f 2199 2236 2200
f 2200 2236 2237
f 2200 2237 2201
f 2201 2237 2238
f 2201 2238 2202
f 2202 2238 2239
f 2202 2239 2203
f 2203 2239 2240
f 2203 2240 2204
f 2204 2240 2241
f 2204 2241 2205
f 2205 2241 2242
f 2205 2242 2206
f 2206 2242 2243
f 2206 2243 2207
f 2207 2243 2244
f 2207 2244 2208
f 2208 2244 2245
f 2208 2245 2209
f 2209 2245 2246
f 2209 2246 2210
f 2210 2246 2247
f 2210 2247 2211
f 2211 2247 2248
f 2211 2248 2212
f 2212 2248 2249
f 2212 2249 2213
f 2213 2249 2250
f 2213 2250 2214
f 2214 2250 2251
f 2214 2251 2215
f 2215 2251 2252
f 2215 2252 2216
f 2216 2252 2253
f 2216 2253 2217
f 2217 2253 2254
f 2217 2254 2218
f 2218 2254 2255
f 2218 2255 2219
f 2219 2255 2256
f 2219 2256 2220
f 2220 2256 2257
f 2220 2257 2221
f 2221 2257 2258
f 2221 2258 2222
f 2222 2258 2259
f 2222 2259 2223
f 2223 2259 2260
f 2223 2260 2224
f 2224 2260 2261
f 2224 2261 2225
f 2225 2261 2262
f 2225 2262 2226
f 2226 2262 2263
f 2226 2263 2227
f 2227 2263 2264
f 2227 2264 2228
f 2228 2264 2265
f 2228 2265 2229
f 2229 2265 2266
f 2229 2266 2230
f 2230 2266 2267
f 2230 2267 2231
f 2231 2267 2268
f 2231 2268 2232
f 2232 2268 2233
f 2232 2233 2197
f 2233 2269 2270
f 2233 2270 2234
f 2234 2270 2271
f 2234 2271 2235
f 2235 2271 2272
f 2235 2272 2236
f 2236 2272 2273
f 2236 2273 2237
f 2237 2273 2274
f 2237 2274 2238
f 2238 2274 2275
f 2238 2275 2239
f 2239 2275 2276
f 2239 2276 2240
f 2240 2276 2277
f 2240 2277 2241
f 2241 2277 2278
f 2241 2278 2242
f 2242 2278 2279
f 2242 2279 2243
f 2243 2279 2280
f 2243 2280 2244
f 2244 2280 2281
f 2244 2281 2245
f 2245 2281 2282
f 2245 2282 2246
f 2246 2282 2283
f 2246 2283 2247
f 2247 2283 2284
f 2247 2284 2248
f 2248 2284 2285
f 2248 2285 2249
f 2249 2285 2286
f 2249 2286 2250
f 2250 2286 2287
f 2250 2287 2251
f 2251 2287 2288
f 2251 2288 2252
f 2252 2288 2289
f 2252 2289 2253
f 2253 2289 2290
f 2253 2290 2254
f 2254 2290 2291
f 2254 2291 2255
f 2255 2291 2292
f 2255 2292 2256
f 2256 2292 2293
f 2256 2293 2257
f 2257 2293 2294
f 2257 2294 2258
f 2258 2294 2295
f 2258 2295 2259
f 2259 2295 2296
f 2259 2296 2260
f 2260 2296 2297
f 2260 2297 2261
f 2261 2297 2298
f 2261 2298 2262
f 2262 2298 2299
f 2262 2299 2263
f 2263 2299 2300
f 2263 2300 2264
f 2264 2300 2301
f 2264 2301 2265
f 2265 2301 2302
f 2265 2302 2266
f 2266 2302 2303
f 2266 2303 2267
f 2267 2303 2304
f 2267 2304 2268
f 2268 2304 2269
f 2268 2269 2233
f 2269 2305 2306
f 2269 2306 2270
f 2270 2306 2307
f 2270 2307 2271
f 2271 2307 2308
f 2271 2308 2272
f 2272 2308 2309
f 2272 2309 2273
f 2273 2309 2310
f 2273 2310 2274
f 2274 2310 2311
f 2274 2311 2275
f 2275 2311 2312
f 2275 2312 2276
f 2276 2312 2313
f 2276 2313 2277
f 2277 2313 2314
f 2277 2314 2278
f 2278 2314 2315
f 2278 2315 2279
f 2279 2315 2316
f 2279 2316 2280
f 2280 2316 2317
f 2280 2317 2281
f 2281 2317 2318
f 2281 2318 2282
f 2282 2318 2319
f 2282 2319 2283
f 2283 2319 2320
f 2283 2320 2284
f 2284 2320 2321
f 2284 2321 2285
f 2285 2321 2322
f 2285 2322 2286
f 2286 2322 2323
f 2286 2323 2287
f 2287 2323 2324
f 2287 2324 2288
f 2288 2324 2325
f 2288 2325 2289
f 2289 2325 2326
f 2289 2326 2290
f 2290 2326 2327
f 2290 2327 2291
f 2291 2327 2328
f 2291 2328 2292
f 2292 2328 2329
f 2292 2329 2293
f 2293 2329 2330
f 2293 2330 2294
f 2294 2330 2331
f 2294 2331 2295
f 2295 2331 2332
f 2295 2332 2296
f 2296 2332 2333
f 2296 2333 2297
f 2297 2333 2334
f 2297 2334 2298
f 2298 2334 2335
f 2298 2335 2299
f 2299 2335 2336
f 2299 2336 2300
f 2300 2336 2337
f 2300 2337 2301
f 2301 2337 2338
f 2301 2338 2302
f 2302 2338 2339
f 2302 2339 2303
f 2303 2339 2340
f 2303 2340 2304
f 2304 2340 2305
f 2304 2305 2269
f 2305 2341 2342
f 2305 2342 2306
f 2306 2342 2343
f 2306 2343 2307
f 2307 2343 2344
f 2307 2344 2308
f 2308 2344 2345
f 2308 2345 2309
f 2309 2345 2346
f 2309 2346 2310
f 2310 2346 2347
f 2310 2347 2311
f 2311 2347 2348
f 2311 2348 2312
f 2312 2348 2349
f 2312 2349 2313
f 2313 2349 2350
f 2313 2350 2314
f 2314 2350 2351
f 2314 2351 2315
f 2315 2351 2352
f 2315 2352 2316
f 2316 2352 2353
f 2316 2353 2317
f 2317 2353 2354
f 2317 2354 2318
f 2318 2354 2355
f 2318 2355 2319
f 2319 2355 2356
f 2319 2356 2320
f 2320 2356 2357
f 2320 2357 2321
f 2321 2357 2358
f 2321 2358 2322
f 2322 2358 2359
f 2322 2359 2323
f 2323 2359 2360
f 2323 2360 2324
f 2324 2360 2361
f 2324 2361 2325
f 2325 2361 2362
f 2325 2362 2326
f 2326 2362 2363
f 2326 2363 2327
f 2327 2363 2364
f 2327 2364 2328
f 2328 2364 2365
f 2328 2365 2329
f 2329 2365 2366
f 2329 2366 2330
f 2330 2366 2367
f 2330 2367 2331
f 2331 2367 2368
f 2331 2368 2332
f 2332 2368 2369
f 2332 2369 2333
f 2333 2369 2370
f 2333 2370 2334
f 2334 2370 2371
f 2334 2371 2335
f 2335 2371 2372
f 2335 2372 2336
f 2336 2372 2373
f 2336 2373 2337
f 2337 2373 2374
f 2337 2374 2338
f 2338 2374 2375
f 2338 2375 2339
f 2339 2375 2376
f 2339 2376 2340
f 2340 2376 2341
f 2340 2341 2305
f 2341 2377 2378
f 2341 2378 2342
f 2342 2378 2379
f 2342 2379 2343
f 2343 2379 2380
f 2343 2380 2344
f 2344 2380 2381
f 2344 2381 2345
f 2345 2381 2382
f 2345 2382 2346
f 2346 2382 2383
f 2346 2383 2347
f 2347 2383 2384
f 2347 2384 2348
f 2348 2384 2385
f 2348 2385 2349
f 2349 2385 2386
f 2349 2386 2350
f 2350 2386 2387
f 2350 2387 2351
f 2351 2387 2388
f 2351 2388 2352
f 2352 2388 2389
f 2352 2389 2353
f 2353 2389 2390
f 2353 2390 2354
f 2354 2390 2391
f 2354 2391 2355
f 2355 2391 2392
f 2355 2392 2356
f 2356 2392 2393
f 2356 2393 2357
f 2357 2393 2394
f 2357 2394 2358
f 2358 2394 2395
f 2358 2395 2359
f 2359 2395 2396
f 2359 2396 2360
f 2360 2396 2397
f 2360 2397 2361
f 2361 2397 2398
f 2361 2398 2362
f 2362 2398 2399
f 2362 2399 2363
f 2363 2399 2400
f 2363 2400 2364
f 2364 2400 2401
f 2364 2401 2365
f 2365 2401 2402
f 2365 2402 2366
f 2366 2402 2403
f 2366 2403 2367
f 2367 2403 2404
f 2367 2404 2368
f 2368 2404 2405
f 2368 2405 2369
f 2369 2405 2406
f 2369 2406 2370
f 2370 2406 2407
f 2370 2407 2371
f 2371 2407 2408
f 2371 2408 2372
f 2372 2408 2409
f 2372 2409 2373
f 2373 2409 2410
f 2373 2410 2374
f 2374 2410 2411
f 2374 2411 2375
f 2375 2411 2412
f 2375 2412 2376
f 2376 2412 2377
f 2376 2377 2341
f 2377 2413 2414
f 2377 2414 2378
f 2378 2414 2415
f 2378 2415 2379
f 2379 2415 2416
f 2379 2416 2380
f 2380 2416 2417
f 2380 2417 2381
f 2381 2417 2418
f 2381 2418 2382
f 2382 2418 2419
f 2382 2419 2383
f 2383 2419 2420
f 2383 2420 2384
f 2384 2420 2421
f 2384 2421 2385
f 2385 2421 2422
f 2385 2422 2386
f 2386 2422 2423
f 2386 2423 2387
f 2387 2423 2424
f 2387 2424 2388
f 2388 2424 2425
f 2388 2425 2389
f 2389 2425 2426
f 2389 2426 2390
f 2390 2426 2427
f 2390 2427 2391
f 2391 2427 2428
f 2391 2428 2392
f 2392 2428 2429
f 2392 2429 2393
f 2393 2429 2430
f 2393 2430 2394
f 2394 2430 2431
f 2394 2431 2395
f 2395 2431 2432
f 2395 2432 2396
f 2396 2432 2433
f 2396 2433 2397
f 2397 2433 2434
f 2397 2434 2398
f 2398 2434 2435
f 2398 2435 2399
f 2399 2435 2436
f 2399 2436 2400
f 2400 2436 2437
f 2400 2437 2401
f 2401 2437 2438
f 2401 2438 2402
f 2402 2438 2439
f 2402 2439 2403
f 2403 2439 2440
f 2403 2440 2404
f 2404 2440 2441
f 2404 2441 2405
f 2405 2441 2442
f 2405 2442 2406
f 2406 2442 2443
f 2406 2443 2407
f 2407 2443 2444
f 2407 2444 2408
f 2408 2444 2445
f 2408 2445 2409
f 2409 2445 2446
f 2409 2446 2410
f 2410 2446 2447
f 2410 2447 2411
f 2411 2447 2448
f 2411 2448 2412
f 2412 2448 2413
f 2412 2413 2377
f 2413 2449 2450
f 2413 2450 2414
f 2414 2450 2451
f 2414 2451 2415
f 2415 2451 2452
f 2415 2452 2416
f 2416 2452 2453
f 2416 2453 2417
f 2417 2453 2454
f 2417 2454 2418
f 2418 2454 2455
f 2418 2455 2419
f 2419 2455 2456
f 2419 2456 2420
f 2420 2456 2457
f 2420 2457 2421
f 2421 2457 2458
f 2421 2458 2422
f 2422 2458 2459
f 2422 2459 2423
f 2423 2459 2460
f 2423 2460 2424
f 2424 2460 2461
f 2424 2461 2425
f 2425 2461 2462
f 2425 2462 2426
f 2426 2462 2463
f 2426 2463 2427
f 2427 2463 2464
f 2427 2464 2428
f 2428 2464 2465
f 2428 2465 2429
f 2429 2465 2466
f 2429 2466 2430
f 2430 2466 2467
f 2430 2467 2431
f 2431 2467 2468
f 2431 2468 2432
f 2432 2468 2469
f 2432 2469 2433
f 2433 2469 2470
f 2433 2470 2434
f 2434 2470 2471
f 2434 2471 2435
f 2435 2471 2472
f 2435 2472 2436
f 2436 2472 2473
f 2436 2473 2437
f 2437 2473 2474
f 2437 2474 2438
f 2438 2474 2475
f 2438 2475 2439
f 2439 2475 2476
f 2439 2476 2440
f 2440 2476 2477
f 2440 2477 2441
f 2441 2477 2478
f 2441 2478 2442
f 2442 2478 2479
f 2442 2479 2443
f 2443 2479 2480
f 2443 2480 2444
f 2444 2480 2481
f 2444 2481 2445
f 2445 2481 2482
f 2445 2482 2446
f 2446 2482 2483
f 2446 2483 2447
f 2447 2483 2484
f 2447 2484 2448
f 2448 2484 2449
f 2448 2449 2413
f 2449 2485 2486
f 2449 2486 2450
f 2450 2486 2487
f 2450 2487 2451
f 2451 2487 2488
f 2451 2488 2452
f 2452 2488 2489
f 2452 2489 2453
f 2453 2489 2490
f 2453 2490 2454
f 2454 2490 2491
f 2454 2491 2455
f 2455 2491 2492
f 2455 2492 2456
f 2456 2492 2493
f 2456 2493 2457
f 2457 2493 2494
f 2457 2494 2458
f 2458 2494 2495
f 2458 2495 2459
f 2459 2495 2496
f 2459 2496 2460
f 2460 2496 2497
f 2460 2497 2461
f 2461 2497 2498
f 2461 2498 2462
f 2462 2498 2499
f 2462 2499 2463
f 2463 2499 2500
f 2463 2500 2464
f 2464 2500 2501
f 2464 2501 2465
f 2465 2501 2502
f 2465 2502 2466
f 2466 2502 2503
f 2466 2503 2467
f 2467 2503 2504
f 2467 2504 2468
f 2468 2504 2505
f 2468 2505 2469
f 2469 2505 2506
f 2469 2506 2470
f 2470 2506 2507
f 2470 2507 2471
f 2471 2507 2508
f 2471 2508 2472
f 2472 2508 2509
f 2472 2509 2473
f 2473 2509 2510
f 2473 2510 2474
f 2474 2510 2511
f 2474 2511 2475
f 2475 2511 2512
f 2475 2512 2476
f 2476 2512 2513
f 2476 2513 2477
f 2477 2513 2514
f 2477 2514 2478
f 2478 2514 2515
f 2478 2515 2479
f 2479 2515 2516
f 2479 2516 2480
f 2480 2516 2517
f 2480 2517 2481
f 2481 2517 2518
f 2481 2518 2482
f 2482 2518 2519
f 2482 2519 2483
f 2483 2519 2520
f 2483 2520 2484
f 2484 2520 2485
f 2484 2485 2449
f 2485 2521 2522
f 2485 2522 2486
f 2486 2522 2523
f 2486 2523 2487
f 2487 2523 2524
f 2487 2524 2488
f 2488 2524 2525
f 2488 2525 2489
f 2489 2525 2526
f 2489 2526 2490
f 2490 2526 2527
f 2490 2527 2491
f 2491 2527 2528
f 2491 2528 2492
f 2492 2528 2529
f 2492 2529 2493
f 2493 2529 2530
f 2493 2530 2494
f 2494 2530 2531
f 2494 2531 2495
f 2495 2531 2532
f 2495 2532 2496
f 2496 2532 2533
f 2496 2533 2497
f 2497 2533 2534
f 2497 2534 2498
f 2498 2534 2535
f 2498 2535 2499
f 2499 2535 2536
f 2499 2536 2500
f 2500 2536 2537
f 2500 2537 2501
f 2501 2537 2538
f 2501 2538 2502
f 2502 2538 2539
f 2502 2539 2503
f 2503 2539 2540
f 2503 2540 2504
f 2504 2540 2541
f 2504 2541 2505
f 2505 2541 2542
f 2505 2542 2506
f 2506 2542 2543
f 2506 2543 2507
f 2507 2543 2544
f 2507 2544 2508
f 2508 2544 2545
f 2508 2545 2509
f 2509 2545 2546
f 2509 2546 2510
f 2510 2546 2547
f 2510 2547 2511
f 2511 2547 2548
f 2511 2548 2512
f 2512 2548 2549
f 2512 2549 2513
f 2513 2549 2550
f 2513 2550 2514
f 2514 2550 2551
f 2514 2551 2515
f 2515 2551 2552
f 2515 2552 2516
f 2516 2552 2553
f 2516 2553 2517
f 2517 2553 2554
f 2517 2554 2518
f 2518 2554 2555
f 2518 2555 2519
f 2519 2555 2556
f 2519 2556 2520
f 2520 2556 2521
f 2520 2521 2485
f 2521 2557 2558
f 2521 2558 2522
f 2522 2558 2559
f 2522 2559 2523
f 2523 2559 2560
f 2523 2560 2524
f 2524 2560 2561
f 2524 2561 2525
f 2525 2561 2562
f 2525 2562 2526
f 2526 2562 2563
f 2526 2563 2527
f 2527 2563 2564
f 2527 2564 2528
f 2528 2564 2565
f 2528 2565 2529
f 2529 2565 2566
f 2529 2566 2530
f 2530 2566 2567
f 2530 2567 2531
f 2531 2567 2568
f 2531 2568 2532
f 2532 2568 2569
f 2532 2569 2533
f 2533 2569 2570
f 2533 2570 2534
f 2534 2570 2571
f 2534 2571 2535
f 2535 2571 2572
f 2535 2572 2536
f 2536 2572 2573
f 2536 2573 2537
f 2537 2573 2574
f 2537 2574 2538
f 2538 2574 2575
f 2538 2575 2539
f 2539 2575 2576
f 2539 2576 2540
f 2540 2576 2577
f 2540 2577 2541
f 2541 2577 2578
f 2541 2578 2542
f 2542 2578 2579
f 2542 2579 2543
f 2543 2579 2580
f 2543 2580 2544
f 2544 2580 2581
f 2544 2581 2545
f 2545 2581 2582
f 2545 2582 2546
f 2546 2582 2583
f 2546 2583 2547
f 2547 2583 2584
f 2547 2584 2548
f 2548 2584 2585
f 2548 2585 2549
f 2549 2585 2586
f 2549 2586 2550
f 2550 2586 2587
f 2550 2587 2551
f 2551 2587 2588
f 2551 2588 2552
f 2552 2588 2589
f 2552 2589 2553
f 2553 2589 2590
f 2553 2590 2554
f 2554 2590 2591
f 2554 2591 2555
f 2555 2591 2592
f 2555 2592 2556
f 2556 2592 2557
f 2556 2557 2521
f 2557 2593 2594
f 2557 2594 2558
f 2558 2594 2595
f 2558 2595 2559
f 2559 2595 2596
f 2559 2596 2560
f 2560 2596 2597
f 2560 2597 2561
f 2561 2597 2598
f 2561 2598 2562
f 2562 2598 2599
f 2562 2599 2563
f 2563 2599 2600
f 2563 2600 2564
f 2564 2600 2601
f 2564 2601 2565
f 2565 2601 2602
f 2565 2602 2566
f 2566 2602 2603
f 2566 2603 2567
f 2567 2603 2604
f 2567 2604 2568
f 2568 2604 2605
f 2568 2605 2569
f 2569 2605 2606
f 2569 2606 2570
f 2570 2606 2607
f 2570 2607 2571
f 2571 2607 2608
f 2571 2608 2572
f 2572 2608 2609
f 2572 2609 2573
f 2573 2609 2610
f 2573 2610 2574
f 2574 2610 2611
f 2574 2611 2575
f 2575 2611 2612
f 2575 2612 2576
f 2576 2612 2613
f 2576 2613 2577
f 2577 2613 2614
f 2577 2614 2578
f 2578 2614 2615
f 2578 2615 2579
f 2579 2615 2616
f 2579 2616 2580
f 2580 2616 2617
f 2580 2617 2581
f 2581 2617 2618
f 2581 2618 2582
f 2582 2618 2619
f 2582 2619 2583
f 2583 2619 2620
f 2583 2620 2584
f 2584 2620 2621
f 2584 2621 2585
f 2585 2621 2622
f 2585 2622 2586
f 2586 2622 2623
f 2586 2623 2587
f 2587 2623 2624
f 2587 2624 2588
f 2588 2624 2625
f 2588 2625 2589
f 2589 2625 2626
f 2589 2626 2590
f 2590 2626 2627
f 2590 2627 2591
f 2591 2627 2628
f 2591 2628 2592
f 2592 2628 2593
f 2592 2593 2557
f 2593 2629 2630
f 2593 2630 2594
f 2594 2630 2631
f 2594 2631 2595
f 2595 2631 2632
f 2595 2632 2596
f 2596 2632 2633
f 2596 2633 2597
f 2597 2633 2634
f 2597 2634 2598
f 2598 2634 2635
f 2598 2635 2599
f 2599 2635 2636
f 2599 2636 2600
f 2600 2636 2637
f 2600 2637 2601
f 2601 2637 2638
f 2601 2638 2602
f 2602 2638 2639
f 2602 2639 2603
f 2603 2639 2640
f 2603 2640 2604
f 2604 2640 2641
f 2604 2641 2605
f 2605 2641 2642
f 2605 2642 2606
f 2606 2642 2643
f 2606 2643 2607
f 2607 2643 2644
f 2607 2644 2608
f 2608 2644 2645
f 2608 2645 2609
f 2609 2645 2646
f 2609 2646 2610
f 2610 2646 2647
f 2610 2647 2611
f 2611 2647 2648
f 2611 2648 2612
f 2612 2648 2649
f 2612 2649 2613
f 2613 2649 2650
f 2613 2650 2614
f 2614 2650 2651
f 2614 2651 2615
f 2615 2651 2652
f 2615 2652 2616
f 2616 2652 2653
f 2616 2653 2617
f 2617 2653 2654
f 2617 2654 2618
f 2618 2654 2655
f 2618 2655 2619
f 2619 2655 2656
f 2619 2656 2620
f 2620 2656 2657
f 2620 2657 2621
f 2621 2657 2658
f 2621 2658 2622
f 2622 2658 2659
f 2622 2659 2623
f 2623 2659 2660
f 2623 2660 2624
f 2624 2660 2661
f 2624 2661 2625
f 2625 2661 2662
f 2625 2662 2626
f 2626 2662 2663
f 2626 2663 2627
f 2627 2663 2664
f 2627 2664 2628
f 2628 2664 2629
f 2628 2629 2593
f 2629 2665 2666
f 2629 2666 2630
f 2630 2666 2667
f 2630 2667 2631
f 2631 2667 2668
f 2631 2668 2632
f 2632 2668 2669
f 2632 2669 2633
f 2633 2669 2670
f 2633 2670 2634
f 2634 2670 2671
f 2634 2671 2635
f 2635 2671 2672
f 2635 2672 2636
f 2636 2672 2673
f 2636 2673 2637
f 2637 2673 2674
f 2637 2674 2638
f 2638 2674 2675
f 2638 2675 2639
f 2639 2675 2676
f 2639 2676 2640
f 2640 2676 2677
f 2640 2677 2641
f 2641 2677 2678
f 2641 2678 2642
f 2642 2678 2679
f 2642 2679 2643
f 2643 2679 2680
f 2643 2680 2644
f 2644 2680 2681
f 2644 2681 2645
f 2645 2681 2682
f 2645 2682 2646
f 2646 2682 2683
f 2646 2683 2647
f 2647 2683 2684
f 2647 2684 2648
f 2648 2684 2685
f 2648 2685 2649
f 2649 2685 2686
f 2649 2686 2650
f 2650 2686 2687
f 2650 2687 2651
f 2651 2687 2688
f 2651 2688 2652
f 2652 2688 2689
f 2652 2689 2653
f 2653 2689 2690
f 2653 2690 2654
f 2654 2690 2691
f 2654 2691 2655
f 2655 2691 2692
f 2655 2692 2656
f 2656 2692 2693
f 2656 2693 2657
f 2657 2693 2694
f 2657 2694 2658
f 2658 2694 2695
f 2658 2695 2659
f 2659 2695 2696
f 2659 2696 2660
f 2660 2696 2697
f 2660 2697 2661
f 2661 2697 2698
f 2661 2698 2662
f 2662 2698 2699
f 2662 2699 2663
f 2663 2699 2700
f 2663 2700 2664
f 2664 2700 2665
f 2664 2665 2629
f 2665 2701 2702
f 2665 2702 2666
f 2666 2702 2703
f 2666 2703 2667
f 2667 2703 2704
f 2667 2704 2668
f 2668 2704 2705
f 2668 2705 2669
f 2669 2705 2706
f 2669 2706 2670
f 2670 2706 2707
f 2670 2707 2671
f 2671 2707 2708
f 2671 2708 2672
f 2672 2708 2709
f 2672 2709 2673
f 2673 2709 2710
f 2673 2710 2674
f 2674 2710 2711
f 2674 2711 2675
f 2675 2711 2712
f 2675 2712 2676
f 2676 2712 2713
f 2676 2713 2677
f 2677 2713 2714
f 2677 2714 2678
f 2678 2714 2715
f 2678 2715 2679
f 2679 2715 2716
f 2679 2716 2680
f 2680 2716 2717
f 2680 2717 2681
f 2681 2717 2718
f 2681 2718 2682
f 2682 2718 2719
f 2682 2719 2683
f 2683 2719 2720
f 2683 2720 2684
f 2684 2720 2721
f 2684 2721 2685
f 2685 2721 2722
f 2685 2722 2686
f 2686 2722 2723
f 2686 2723 2687
f 2687 2723 2724
f 2687 2724 2688
f 2688 2724 2725
f 2688 2725 2689
f 2689 2725 2726
f 2689 2726 2690
f 2690 2726 2727
f 2690 2727 2691
f 2691 2727 2728
f 2691 2728 2692
f 2692 2728 2729
f 2692 2729 2693
f 2693 2729 2730
f 2693 2730 2694
f 2694 2730 2731
f 2694 2731 2695
f 2695 2731 2732
f 2695 2732 2696
f 2696 2732 2733
f 2696 2733 2697
f 2697 2733 2734
f 2697 2734 2698
f 2698 2734 2735
f 2698 2735 2699
f 2699 2735 2736
f 2699 2736 2700
f 2700 2736 2701
f 2700 2701 2665
f 2701 2737 2738
f 2701 2738 2702
f 2702 2738 2739
f 2702 2739 2703
f 2703 2739 2740
f 2703 2740 2704
f 2704 2740 2741
f 2704 2741 2705
f 2705 2741 2742
f 2705 2742 2706
f 2706 2742 2743
f 2706 2743 2707
f 2707 2743 2744
f 2707 2744 2708
f 2708 2744 2745
f 2708 2745 2709
f 2709 2745 2746
f 2709 2746 2710
f 2710 2746 2747
f 2710 2747 2711
f 2711 2747 2748
f 2711 2748 2712
f 2712 2748 2749
f 2712 2749 2713
f 2713 2749 2750
f 2713 2750 2714
f 2714 2750 2751
f 2714 2751 2715
f 2715 2751 2752
f 2715 2752 2716
f 2716 2752 2753
f 2716 2753 2717
f 2717 2753 2754
f 2717 2754 2718
f 2718 2754 2755
f 2718 2755 2719
f 2719 2755 2756
f 2719 2756 2720
f 2720 2756 2757
f 2720 2757 2721
f 2721 2757 2758
f 2721 2758 2722
f 2722 2758 2759
f 2722 2759 2723
f 2723 2759 2760
f 2723 2760 2724
f 2724 2760 2761
f 2724 2761 2725
f 2725 2761 2762
f 2725 2762 2726
f 2726 2762 2763
f 2726 2763 2727
f 2727 2763 2764
f 2727 2764 2728
f 2728 2764 2765
f 2728 2765 2729
f 2729 2765 2766
f 2729 2766 2730
f 2730 2766 2767
f 2730 2767 2731
f 2731 2767 2768
f 2731 2768 2732
f 2732 2768 2769
f 2732 2769 2733
f 2733 2769 2770
f 2733 2770 2734
f 2734 2770 2771
f 2734 2771 2735
f 2735 2771 2772
f 2735 2772 2736
f 2736 2772 2737
f 2736 2737 2701
f 2737 2773 2774
f 2737 2774 2738
f 2738 2774 2775
f 2738 2775 2739
f 2739 2775 2776
f 2739 2776 2740
f 2740 2776 2777
f 2740 2777 2741
f 2741 2777 2778
f 2741 2778 2742
f 2742 2778 2779
f 2742 2779 2743
f 2743 2779 2780
f 2743 2780 2744
f 2744 2780 2781
f 2744 2781 2745
f 2745 2781 2782
f 2745 2782 2746
f 2746 2782 2783
f 2746 2783 2747
f 2747 2783 2784
f 2747 2784 2748
f 2748 2784 2785
f 2748 2785 2749
f 2749 2785 2786
f 2749 2786 2750
f 2750 2786 2787
f 2750 2787 2751
f 2751 2787 2788
f 2751 2788 2752
f 2752 2788 2789
f 2752 2789 2753
f 2753 2789 2790
f 2753 2790 2754
f 2754 2790 2791
f 2754 2791 2755
f 2755 2791 2792
f 2755 2792 2756
f 2756 2792 2793
f 2756 2793 2757
f 2757 2793 2794
f 2757 2794 2758
f 2758 2794 2795
f 2758 2795 2759
f 2759 2795 2796
f 2759 2796 2760
f 2760 2796 2797
f 2760 2797 2761
f 2761 2797 2798
f 2761 2798 2762
f 2762 2798 2799
f 2762 2799 2763
f 2763 2799 2800
f 2763 2800 2764
f 2764 2800 2801
f 2764 2801 2765
f 2765 2801 2802
f 2765 2802 2766
f 2766 2802 2803
f 2766 2803 2767
f 2767 2803 2804
f 2767 2804 2768
f 2768 2804 2805
f 2768 2805 2769
f 2769 2805 2806
f 2769 2806 2770
f 2770 2806 2807
f 2770 2807 2771
f 2771 2807 2808
f 2771 2808 2772
f 2772 2808 2773
f 2772 2773 2737
f 2773 2809 2810
f 2773 2810 2774
f 2774 2810 2811
f 2774 2811 2775
f 2775 2811 2812
f 2775 2812 2776
f 2776 2812 2813
f 2776 2813 2777
f 2777 2813 2814
f 2777 2814 2778
f 2778 2814 2815
f 2778 2815 2779
f 2779 2815 2816
f 2779 2816 2780
f 2780 2816 2817
f 2780 2817 2781
f 2781 2817 2818
f 2781 2818 2782
f 2782 2818 2819
f 2782 2819 2783
f 2783 2819 2820
f 2783 2820 2784
f 2784 2820 2821
f 2784 2821 2785
f 2785 2821 2822
f 2785 2822 2786
f 2786 2822 2823
f 2786 2823 2787
f 2787 2823 2824
f 2787 2824 2788
f 2788 2824 2825
f 2788 2825 2789
f 2789 2825 2826
f 2789 2826 2790
f 2790 2826 2827
f 2790 2827 2791
f 2791 2827 2828
f 2791 2828 2792
f 2792 2828 2829
f 2792 2829 2793
f 2793 2829 2830
f 2793 2830 2794
f 2794 2830 2831
f 2794 2831 2795
f 2795 2831 2832
f 2795 2832 2796
f 2796 2832 2833
f 2796 2833 2797
f 2797 2833 2834
f 2797 2834 2798
f 2798 2834 2835
f 2798 2835 2799
f 2799 2835 2836
f 2799 2836 2800
f 2800 2836 2837
f 2800 2837 2801
f 2801 2837 2838
f 2801 2838 2802
f 2802 2838 2839
f 2802 2839 2803
f 2803 2839 2840
f 2803 2840 2804
f 2804 2840 2841
f 2804 2841 2805
f 2805 2841 2842
f 2805 2842 2806
f 2806 2842 2843
f 2806 2843 2807
f 2807 2843 2844
f 2807 2844 2808
f 2808 2844 2809
f 2808 2809 2773
f 2809 2845 2846
f 2809 2846 2810
f 2810 2846 2847
f 2810 2847 2811
f 2811 2847 2848
f 2811 2848 2812
f 2812 2848 2849
f 2812 2849 2813
f 2813 2849 2850
f 2813 2850 2814
f 2814 2850 2851
f 2814 2851 2815
f 2815 2851 2852
f 2815 2852 2816
f 2816 2852 2853
f 2816 2853 2817
f 2817 2853 2854
f 2817 2854 2818
f 2818 2854 2855
f 2818 2855 2819
f 2819 2855 2856
f 2819 2856 2820
f 2820 2856 2857
f 2820 2857 2821
f 2821 2857 2858
f 2821 2858 2822
f 2822 2858 2859
f 2822 2859 2823
f 2823 2859 2860
f 2823 2860 2824
f 2824 2860 2861
f 2824 2861 2825
f 2825 2861 2862
f 2825 2862 2826
f 2826 2862 2863
f 2826 2863 2827
f 2827 2863 2864
f 2827 2864 2828
f 2828 2864 2865
f 2828 2865 2829
f 2829 2865 2866
f 2829 2866 2830
f 2830 2866 2867
f 2830 2867 2831
f 2831 2867 2868
f 2831 2868 2832
f 2832 2868 2869
f 2832 2869 2833
f 2833 2869 2870
f 2833 2870 2834
f 2834 2870 2871
f 2834 2871 2835
f 2835 2871 2872
f 2835 2872 2836
f 2836 2872 2873
f 2836 2873 2837
f 2837 2873 2874
f 2837 2874 2838
f 2838 2874 2875
f 2838 2875 2839
f 2839 2875 2876
f 2839 2876 2840
f 2840 2876 2877
f 2840 2877 2841
f 2841 2877 2878
f 2841 2878 2842
f 2842 2878 2879
f 2842 2879 2843
f 2843 2879 2880
f 2843 2880 2844
f 2844 2880 2845
f 2844 2845 2809
f 2845 2881 2882
f 2845 2882 2846
f 2846 2882 2883
f 2846 2883 2847
f 2847 2883 2884
f 2847 2884 2848
f 2848 2884 2885
f 2848 2885 2849
f 2849 2885 2886
f 2849 2886 2850
f 2850 2886 2887
f 2850 2887 2851
f 2851 2887 2888
f 2851 2888 2852
f 2852 2888 2889
f 2852 2889 2853
f 2853 2889 2890
f 2853 2890 2854
f 2854 2890 2891
f 2854 2891 2855
f 2855 2891 2892
f 2855 2892 2856
f 2856 2892 2893
f 2856 2893 2857
f 2857 2893 2894
f 2857 2894 2858
f 2858 2894 2895
f 2858 2895 2859
f 2859 2895 2896
f 2859 2896 2860
f 2860 2896 2897
f 2860 2897 2861
f 2861 2897 2898
f 2861 2898 2862
f 2862 2898 2899
f 2862 2899 2863
f 2863 2899 2900
f 2863 2900 2864
f 2864 2900 2901
f 2864 2901 2865
f 2865 2901 2902
f 2865 2902 2866
f 2866 2902 2903
f 2866 2903 2867
f 2867 2903 2904
f 2867 2904 2868
f 2868 2904 2905
f 2868 2905 2869
f 2869 2905 2906
f 2869 2906 2870
f 2870 2906 2907
f 2870 2907 2871
f 2871 2907 2908
f 2871 2908 2872
f 2872 2908 2909
f 2872 2909 2873
f 2873 2909 2910
f 2873 2910 2874
f 2874 2910 2911
f 2874 2911 2875
f 2875 2911 2912
f 2875 2912 2876
f 2876 2912 2913
f 2876 2913 2877
f 2877 2913 2914
f 2877 2914 2878
f 2878 2914 2915
f 2878 2915 2879
f 2879 2915 2916
f 2879 2916 2880
f 2880 2916 2881
f 2880 2881 2845
f 2881 2917 2918
f 2881 2918 2882
f 2882 2918 2919
f 2882 2919 2883
f 2883 2919 2920
f 2883 2920 2884
f 2884 2920 2921
f 2884 2921 2885
f 2885 2921 2922
f 2885 2922 2886
f 2886 2922 2923
f 2886 2923 2887
f 2887 2923 2924
f 2887 2924 2888
f 2888 2924 2925
f 2888 2925 2889
f 2889 2925 2926
f 2889 2926 2890
f 2890 2926 2927
f 2890 2927 2891
f 2891 2927 2928
f 2891 2928 2892
f 2892 2928 2929
f 2892 2929 2893
f 2893 2929 2930
f 2893 2930 2894
f 2894 2930 2931
f 2894 2931 2895
f 2895 2931 2932
f 2895 2932 2896
f 2896 2932 2933
f 2896 2933 2897
f 2897 2933 2934
f 2897 2934 2898
f 2898 2934 2935
f 2898 2935 2899
f 2899 2935 2936
f 2899 2936 2900
f 2900 2936 2937
f 2900 2937 2901
f 2901 2937 2938
f 2901 2938 2902
f 2902 2938 2939
f 2902 2939 2903
f 2903 2939 2940
f 2903 2940 2904
f 2904 2940 2941
f 2904 2941 2905
f 2905 2941 2942
f 2905 2942 2906
f 2906 2942 2943
f 2906 2943 2907
f 2907 2943 2944
f 2907 2944 2908
f 2908 2944 2945
f 2908 2945 2909
f 2909 2945 2946
f 2909 2946 2910
f 2910 2946 2947
f 2910 2947 2911
f 2911 2947 2948
f 2911 2948 2912
f 2912 2948 2949
f 2912 2949 2913
f 2913 2949 2950
f 2913 2950 2914
f 2914 2950 2951
f 2914 2951 2915
f 2915 2951 2952
f 2915 2952 2916
f 2916 2952 2917
f 2916 2917 2881
f 2917 2953 2954
f 2917 2954 2918
f 2918 2954 2955
f 2918 2955 2919
f 2919 2955 2956
f 2919 2956 2920
f 2920 2956 2957
f 2920 2957 2921
f 2921 2957 2958
f 2921 2958 2922
f 2922 2958 2959
f 2922 2959 2923
f 2923 2959 2960
f 2923 2960 2924
f 2924 2960 2961
f 2924 2961 2925
f 2925 2961 2962
f 2925 2962 2926
f 2926 2962 2963
f 2926 2963 2927
f 2927 2963 2964
f 2927 2964 2928
f 2928 2964 2965
f 2928 2965 2929
f 2929 2965 2966
f 2929 2966 2930
f 2930 2966 2967
f 2930 2967 2931
f 2931 2967 2968
f 2931 2968 2932
f 2932 2968 2969
f 2932 2969 2933
f 2933 2969 2970
f 2933 2970 2934
f 2934 2970 2971
f 2934 2971 2935
f 2935 2971 2972
f 2935 2972 2936
f 2936 2972 2973
f 2936 2973 2937
f 2937 2973 2974
f 2937 2974 2938
f 2938 2974 2975
f 2938 2975 2939
f 2939 2975 2976
f 2939 2976 2940
f 2940 2976 2977
f 2940 2977 2941
f 2941 2977 2978
f 2941 2978 2942
f 2942 2978 2979
f 2942 2979 2943
f 2943 2979 2980
f 2943 2980 2944
f 2944 2980 2981
f 2944 2981 2945
f 2945 2981 2982
f 2945 2982 2946
f 2946 2982 2983
f 2946 2983 2947
f 2947 2983 2984
f 2947 2984 2948
f 2948 2984 2985
f 2948 2985 2949
f 2949 2985 2986
f 2949 2986 2950
f 2950 2986 2987
f 2950 2987 2951
f 2951 2987 2988
f 2951 2988 2952
f 2952 2988 2953
f 2952 2953 2917
f 2953 2989 2990
f 2953 2990 2954
f 2954 2990 2991
f 2954 2991 2955
f 2955 2991 2992
f 2955 2992 2956
f 2956 2992 2993
f 2956 2993 2957
f 2957 2993 2994
f 2957 2994 2958
f 2958 2994 2995
f 2958 2995 2959
f 2959 2995 2996
f 2959 2996 2960
f 2960 2996 2997
f 2960 2997 2961
f 2961 2997 2998
f 2961 2998 2962
f 2962 2998 2999
f 2962 2999 2963
f 2963 2999 3000
f 2963 3000 2964
f 2964 3000 3001
f 2964 3001 2965
f 2965 3001 3002
f 2965 3002 2966
f 2966 3002 3003
f 2966 3003 2967
f 2967 3003 3004
f 2967 3004 2968
f 2968 3004 3005
f 2968 3005 2969
f 2969 3005 3006
f 2969 3006 2970
f 2970 3006 3007
f 2970 3007 2971
f 2971 3007 3008
f 2971 3008 2972
f 2972 3008 3009
f 2972 3009 2973
f 2973 3009 3010
f 2973 3010 2974
f 2974 3010 3011
f 2974 3011 2975
f 2975 3011 3012
f 2975 3012 2976
f 2976 3012 3013
f 2976 3013 2977
f 2977 3013 3014
f 2977 3014 2978
f 2978 3014 3015
f 2978 3015 2979
f 2979 3015 3016
f 2979 3016 2980
f 2980 3016 3017
f 2980 3017 2981
f 2981 3017 3018
f 2981 3018 2982
f 2982 3018 3019
f 2982 3019 2983
f 2983 3019 3020
f 2983 3020 2984
f 2984 3020 3021
f 2984 3021 2985
f 2985 3021 3022
f 2985 3022 2986
f 2986 3022 3023
f 2986 3023 2987
f 2987 3023 3024
f 2987 3024 2988
f 2988 3024 2989
f 2988 2989 2953
f 2989 3025 3026
f 2989 3026 2990
f 2990 3026 3027
f 2990 3027 2991
f 2991 3027 3028
f 2991 3028 2992
f 2992 3028 3029
f 2992 3029 2993
f 2993 3029 3030
f 2993 3030 2994
f 2994 3030 3031
f 2994 3031 2995
f 2995 3031 3032
f 2995 3032 2996
f 2996 3032 3033
f 2996 3033 2997
f 2997 3033 3034
f 2997 3034 2998
f 2998 3034 3035
f 2998 3035 2999
f 2999 3035 3036
f 2999 3036 3000
f 3000 3036 3037
f 3000 3037 3001
f 3001 3037 3038
f 3001 3038 3002
f 3002 3038 3039
f 3002 3039 3003
f 3003 3039 3040
f 3003 3040 3004
f 3004 3040 3041
f 3004 3041 3005
f 3005 3041 3042
f 3005 3042 3006
f 3006 3042 3043
f 3006 3043 3007
f 3007 3043 3044
f 3007 3044 3008
f 3008 3044 3045
f 3008 3045 3009
f 3009 3045 3046
f 3009 3046 3010
f 3010 3046 3047
f 3010 3047 3011
f 3011 3047 3048
f 3011 3048 3012
f 3012 3048 3049
f 3012 3049 3013
f 3013 3049 3050
f 3013 3050 3014
f 3014 3050 3051
f 3014 3051 3015
f 3015 3051 3052
f 3015 3052 3016
f 3016 3052 3053
f 3016 3053 3017
f 3017 3053 3054
f 3017 3054 3018
f 3018 3054 3055
f 3018 3055 3019
f 3019 3055 3056
f 3019 3056 3020
f 3020 3056 3057
f 3020 3057 3021
f 3021 3057 3058
f 3021 3058 3022
f 3022 3058 3059
f 3022 3059 3023
f 3023 3059 3060
f 3023 3060 3024
f 3024 3060 3025
f 3024 3025 2989
f 3025 3061 3062
f 3025 3062 3026
f 3026 3062 3063
f 3026 3063 3027
f 3027 3063 3064
f 3027 3064 3028
f 3028 3064 3065
f 3028 3065 3029
f 3029 3065 3066
f 3029 3066 3030
f 3030 3066 3067
f 3030 3067 3031
f 3031 3067 3068
f 3031 3068 3032
f 3032 3068 3069
f 3032 3069 3033
f 3033 3069 3070
f 3033 3070 3034
f 3034 3070 3071
f 3034 3071 3035
f 3035 3071 3072
f 3035 3072 3036
f 3036 3072 3073
f 3036 3073 3037
f 3037 3073 3074
f 3037 3074 3038
f 3038 3074 3075
f 3038 3075 3039
f 3039 3075 3076
f 3039 3076 3040
f 3040 3076 3077
f 3040 3077 3041
f 3041 3077 3078
f 3041 3078 3042
f 3042 3078 3079
f 3042 3079 3043
f 3043 3079 3080
f 3043 3080 3044
f 3044 3080 3081
f 3044 3081 3045
f 3045 3081 3082
f 3045 3082 3046
f 3046 3082 3083
f 3046 3083 3047
f 3047 3083 3084
f 3047 3084 3048
f 3048 3084 3085
f 3048 3085 3049
f 3049 3085 3086
f 3049 3086 3050
f 3050 3086 3087
f 3050 3087 3051
f 3051 3087 3088
f 3051 3088 3052
f 3052 3088 3089
f 3052 3089 3053
f 3053 3089 3090
f 3053 3090 3054
f 3054 3090 3091
f 3054 3091 3055
f 3055 3091 3092
f 3055 3092 3056
f 3056 3092 3093
f 3056 3093 3057
f 3057 3093 3094
f 3057 3094 3058
f 3058 3094 3095
f 3058 3095 3059
f 3059 3095 3096
f 3059 3096 3060
f 3060 3096 3061
f 3060 3061 3025
f 3061 3097 3098
f 3061 3098 3062
f 3062 3098 3099
f 3062 3099 3063
f 3063 3099 3100
f 3063 3100 3064
f 3064 3100 3101
f 3064 3101 3065
f 3065 3101 3102
f 3065 3102 3066
f 3066 3102 3103
f 3066 3103 3067
f 3067 3103 3104
f 3067 3104 3068
f 3068 3104 3105
f 3068 3105 3069
f 3069 3105 3106
f 3069 3106 3070
f 3070 3106 3107
f 3070 3107 3071
f 3071 3107 3108
f 3071 3108 3072
f 3072 3108 3109
f 3072 3109 3073
f 3073 3109 3110
f 3073 3110 3074
f 3074 3110 3111
f 3074 3111 3075
f 3075 3111 3112
f 3075 3112 3076
f 3076 3112 3113
f 3076 3113 3077
f 3077 3113 3114
f 3077 3114 3078
f 3078 3114 3115
f 3078 3115 3079
f 3079 3115 3116
f 3079 3116 3080
f 3080 3116 3117
f 3080 3117 3081
f 3081 3117 3118
f 3081 3118 3082
f 3082 3118 3119
f 3082 3119 3083
f 3083 3119 3120
f 3083 3120 3084
f 3084 3120 3121
f 3084 3121 3085
f 3085 3121 3122
f 3085 3122 3086
f 3086 3122 3123
f 3086 3123 3087
f 3087 3123 3124
f 3087 3124 3088
f 3088 3124 3125
f 3088 3125 3089
f 3089 3125 3126
f 3089 3126 3090
f 3090 3126 3127
f 3090 3127 3091
f 3091 3127 3128
f 3091 3128 3092
f 3092 3128 3129
f 3092 3129 3093
f 3093 3129 3130
f 3093 3130 3094
f 3094 3130 3131
f 3094 3131 3095
f 3095 3131 3132
f 3095 3132 3096
f 3096 3132 3097
f 3096 3097 3061
f 3097 3133 3134
f 3097 3134 3098
f 3098 3134 3135
f 3098 3135 3099
f 3099 3135 3136
f 3099 3136 3100
f 3100 3136 3137
f 3100 3137 3101
f 3101 3137 3138
f 3101 3138 3102
f 3102 3138 3139
f 3102 3139 3103
f 3103 3139 3140
f 3103 3140 3104
f 3104 3140 3141
f 3104 3141 3105
f 3105 3141 3142
f 3105 3142 3106
f 3106 3142 3143
f 3106 3143 3107
f 3107 3143 3144
f 3107 3144 3108
f 3108 3144 3145
f 3108 3145 3109
f 3109 3145 3146
f 3109 3146 3110
f 3110 3146 3147
f 3110 3147 3111
f 3111 3147 3148
f 3111 3148 3112
f 3112 3148 3149
f 3112 3149 3113
f 3113 3149 3150
f 3113 3150 3114
f 3114 3150 3151
f 3114 3151 3115
f 3115 3151 3152
f 3115 3152 3116
f 3116 3152 3153
f 3116 3153 3117
f 3117 3153 3154
f 3117 3154 3118
f 3118 3154 3155
f 3118 3155 3119
f 3119 3155 3156
f 3119 3156 3120
f 3120 3156 3157
f 3120 3157 3121
f 3121 3157 3158
f 3121 3158 3122
f 3122 3158 3159
f 3122 3159 3123
f 3123 3159 3160
f 3123 3160 3124
f 3124 3160 3161
f 3124 3161 3125
f 3125 3161 3162
f 3125 3162 3126
f 3126 3162 3163
f 3126 3163 3127
f 3127 3163 3164
f 3127 3164 3128
f 3128 3164 3165
f 3128 3165 3129
f 3129 3165 3166
f 3129 3166 3130
f 3130 3166 3167
f 3130 3167 3131
f 3131 3167 3168
f 3131 3168 3132
f 3132 3168 3133
f 3132 3133 3097
f 3133 3169 3170
f 3133 3170 3134
f 3134 3170 3171
f 3134 3171 3135
f 3135 3171 3172
f 3135 3172 3136
f 3136 3172 3173
f 3136 3173 3137
f 3137 3173 3174
f 3137 3174 3138
f 3138 3174 3175
f 3138 3175 3139
f 3139 3175 3176
f 3139 3176 3140
f 3140 3176 3177
f 3140 3177 3141
f 3141 3177 3178
f 3141 3178 3142
f 3142 3178 3179
f 3142 3179 3143
f 3143 3179 3180
f 3143 3180 3144
f 3144 3180 3181
f 3144 3181 3145
f 3145 3181 3182
f 3145 3182 3146
f 3146 3182 3183
f 3146 3183 3147
f 3147 3183 3184
f 3147 3184 3148
f 3148 3184 3185
f 3148 3185 3149
f 3149 3185 3186
f 3149 3186 3150
f 3150 3186 3187
f 3150 3187 3151
f 3151 3187 3188
f 3151 3188 3152
f 3152 3188 3189
f 3152 3189 3153
f 3153 3189 3190
f 3153 3190 3154
f 3154 3190 3191
f 3154 3191 3155
f 3155 3191 3192
f 3155 3192 3156
f 3156 3192 3193
f 3156 3193 3157
f 3157 3193 3194
f 3157 3194 3158
f 3158 3194 3195
f 3158 3195 3159
f 3159 3195 3196
f 3159 3196 3160
f 3160 3196 3197
f 3160 3197 3161
f 3161 3197 3198
f 3161 3198 3162
f 3162 3198 3199
f 3162 3199 3163
f 3163 3199 3200
f 3163 3200 3164
f 3164 3200 3201
f 3164 3201 3165
f 3165 3201 3202
f 3165 3202 3166
f 3166 3202 3203
f 3166 3203 3167
f 3167 3203 3204
f 3167 3204 3168
f 3168 3204 3169
f 3168 3169 3133
f 3169 3205 3206
f 3169 3206 3170
f 3170 3206 3207
f 3170 3207 3171
f 3171 3207 3208
f 3171 3208 3172
f 3172 3208 3209
f 3172 3209 3173
f 3173 3209 3210
f 3173 3210 3174
f 3174 3210 3211
f 3174 3211 3175
f 3175 3211 3212
f 3175 3212 3176
f 3176 3212 3213
f 3176 3213 3177
f 3177 3213 3214
f 3177 3214 3178
f 3178 3214 3215
f 3178 3215 3179
f 3179 3215 3216
f 3179 3216 3180
f 3180 3216 3217
f 3180 3217 3181
f 3181 3217 3218
f 3181 3218 3182
f 3182 3218 3219
f 3182 3219 3183
f 3183 3219 3220
f 3183 3220 3184
f 3184 3220 3221
f 3184 3221 3185
f 3185 3221 3222
f 3185 3222 3186
f 3186 3222 3223
f 3186 3223 3187
f 3187 3223 3224
f 3187 3224 3188
f 3188 3224 3225
f 3188 3225 3189
f 3189 3225 3226
f 3189 3226 3190
f 3190 3226 3227
f 3190 3227 3191
f 3191 3227 3228
f 3191 3228 3192
f 3192 3228 3229
f 3192 3229 3193
f 3193 3229 3230
f 3193 3230 3194
f 3194 3230 3231
f 3194 3231 3195
f 3195 3231 3232
f 3195 3232 3196
f 3196 3232 3233
f 3196 3233 3197
f 3197 3233 3234
f 3197 3234 3198
f 3198 3234 3235
f 3198 3235 3199
f 3199 3235 3236
f 3199 3236 3200
f 3200 3236 3237
f 3200 3237 3201
f 3201 3237 3238
f 3201 3238 3202
f 3202 3238 3239
f 3202 3239 3203
f 3203 3239 3240
f 3203 3240 3204
f 3204 3240 3205
f 3204 3205 3169
f 3205 3241 3242
f 3205 3242 3206
f 3206 3242 3243
f 3206 3243 3207
f 3207 3243 3244
f 3207 3244 3208
f 3208 3244 3245
f 3208 3245 3209
f 3209 3245 3246
f 3209 3246 3210
f 3210 3246 3247
f 3210 3247 3211
f 3211 3247 3248
f 3211 3248 3212
f 3212 3248 3249
f 3212 3249 3213
f 3213 3249 3250
f 3213 3250 3214
f 3214 3250 3251
f 3214 3251 3215
f 3215 3251 3252
f 3215 3252 3216
f 3216 3252 3253
f 3216 3253 3217
f 3217 3253 3254
f 3217 3254 3218
f 3218 3254 3255
f 3218 3255 3219
f 3219 3255 3256
f 3219 3256 3220
f 3220 3256 3257
f 3220 3257 3221
f 3221 3257 3258
f 3221 3258 3222
f 3222 3258 3259
f 3222 3259 3223
f 3223 3259 3260
f 3223 3260 3224
f 3224 3260 3261
f 3224 3261 3225
f 3225 3261 3262
f 3225 3262 3226
f 3226 3262 3263
f 3226 3263 3227
f 3227 3263 3264
f 3227 3264 3228
f 3228 3264 3265
f 3228 3265 3229
f 3229 3265 3266
f 3229 3266 3230
f 3230 3266 3267
f 3230 3267 3231
f 3231 3267 3268
f 3231 3268 3232
f 3232 3268 3269
f 3232 3269 3233
f 3233 3269 3270
f 3233 3270 3234
f 3234 3270 3271
f 3234 3271 3235
f 3235 3271 3272
f 3235 3272 3236
f 3236 3272 3273
f 3236 3273 3237
f 3237 3273 3274
f 3237 3274 3238
f 3238 3274 3275
f 3238 3275 3239
f 3239 3275 3276
f 3239 3276 3240
f 3240 3276 3241
f 3240 3241 3205
f 3241 3277 3278
f 3241 3278 3242
f 3242 3278 3279
f 3242 3279 3243
f 3243 3279 3280
f 3243 3280 3244
f 3244 3280 3281
f 3244 3281 3245
f 3245 3281 3282
f 3245 3282 3246
f 3246 3282 3283
f 3246 3283 3247
f 3247 3283 3284
f 3247 3284 3248
f 3248 3284 3285
f 3248 3285 3249
f 3249 3285 3286
f 3249 3286 3250
f 3250 3286 3287
f 3250 3287 3251
f 3251 3287 3288
f 3251 3288 3252
f 3252 3288 3289
f 3252 3289 3253
f 3253 3289 3290
f 3253 3290 3254
f 3254 3290 3291
f 3254 3291 3255
f 3255 3291 3292
f 3255 3292 3256
f 3256 3292 3293
f 3256 3293 3257
f 3257 3293 3294
f 3257 3294 3258
f 3258 3294 3295
f 3258 3295 3259
f 3259 3295 3296
f 3259 3296 3260
f 3260 3296 3297
f 3260 3297 3261
f 3261 3297 3298
f 3261 3298 3262
f 3262 3298 3299
f 3262 3299 3263
f 3263 3299 3300
f 3263 3300 3264
f 3264 3300 3301
f 3264 3301 3265
f 3265 3301 3302
f 3265 3302 3266
f 3266 3302 3303
f 3266 3303 3267
f 3267 3303 3304
f 3267 3304 3268
f 3268 3304 3305
f 3268 3305 3269
f 3269 3305 3306
f 3269 3306 3270
f 3270 3306 3307
f 3270 3307 3271
f 3271 3307 3308
f 3271 3308 3272
f 3272 3308 3309
f 3272 3309 3273
f 3273 3309 3310
f 3273 3310 3274
f 3274 3310 3311
f 3274 3311 3275
f 3275 3311 3312
f 3275 3312 3276
f 3276 3312 3277
f 3276 3277 3241
f 3277 3313 3314
f 3277 3314 3278
f 3278 3314 3315
f 3278 3315 3279
f 3279 3315 3316
f 3279 3316 3280
f 3280 3316 3317
f 3280 3317 3281
f 3281 3317 3318
f 3281 3318 3282
f 3282 3318 3319
f 3282 3319 3283
f 3283 3319 3320
f 3283 3320 3284
f 3284 3320 3321
f 3284 3321 3285
f 3285 3321 3322
f 3285 3322 3286
f 3286 3322 3323
f 3286 3323 3287
f 3287 3323 3324
f 3287 3324 3288
f 3288 3324 3325
f 3288 3325 3289
f 3289 3325 3326
f 3289 3326 3290
f 3290 3326 3327
f 3290 3327 3291
f 3291 3327 3328
f 3291 3328 3292
f 3292 3328 3329
f 3292 3329 3293
f 3293 3329 3330
f 3293 3330 3294
f 3294 3330 3331
f 3294 3331 3295
f 3295 3331 3332
f 3295 3332 3296
f 3296 3332 3333
f 3296 3333 3297
f 3297 3333 3334
f 3297 3334 3298
f 3298 3334 3335
f 3298 3335 3299
f 3299 3335 3336
f 3299 3336 3300
f 3300 3336 3337
f 3300 3337 3301
f 3301 3337 3338
f 3301 3338 3302
f 3302 3338 3339
f 3302 3339 3303
f 3303 3339 3340
f 3303 3340 3304
f 3304 3340 3341
f 3304 3341 3305
f 3305 3341 3342
f 3305 3342 3306
f 3306 3342 3343
f 3306 3343 3307
f 3307 3343 3344
f 3307 3344 3308
f 3308 3344 3345
f 3308 3345 3309
f 3309 3345 3346
f 3309 3346 3310
f 3310 3346 3347
f 3310 3347 3311
f 3311 3347 3348
f 3311 3348 3312
f 3312 3348 3313
f 3312 3313 3277
f 3313 3349 3350
f 3313 3350 3314
f 3314 3350 3351
f 3314 3351 3315
f 3315 3351 3352
f 3315 3352 3316
f 3316 3352 3353
f 3316 3353 3317
f 3317 3353 3354
f 3317 3354 3318
f 3318 3354 3355
f 3318 3355 3319
f 3319 3355 3356
f 3319 3356 3320
f 3320 3356 3357
f 3320 3357 3321
f 3321 3357 3358
f 3321 3358 3322
f 3322 3358 3359
f 3322 3359 3323
f 3323 3359 3360
f 3323 3360 3324
f 3324 3360 3361
f 3324 3361 3325
f 3325 3361 3362
f 3325 3362 3326
f 3326 3362 3363
f 3326 3363 3327
f 3327 3363 3364
f 3327 3364 3328
f 3328 3364 3365
f 3328 3365 3329
f 3329 3365 3366
f 3329 3366 3330
f 3330 3366 3367
f 3330 3367 3331
f 3331 3367 3368
f 3331 3368 3332
f 3332 3368 3369
f 3332 3369 3333
f 3333 3369 3370
f 3333 3370 3334
f 3334 3370 3371
f 3334 3371 3335
f 3335 3371 3372
f 3335 3372 3336
f 3336 3372 3373
f 3336 3373 3337
f 3337 3373 3374
f 3337 3374 3338
f 3338 3374 3375
f 3338 3375 3339
f 3339 3375 3376
f 3339 3376 3340
f 3340 3376 3377
f 3340 3377 3341
f 3341 3377 3378
f 3341 3378 3342
f 3342 3378 3379
f 3342 3379 3343
f 3343 3379 3380
f 3343 3380 3344
f 3344 3380 3381
f 3344 3381 3345
f 3345 3381 3382
f 3345 3382 3346
f 3346 3382 3383
f 3346 3383 3347
f 3347 3383 3384
f 3347 3384 3348
f 3348 3384 3349
f 3348 3349 3313
f 3349 3385 3386
f 3349 3386 3350
f 3350 3386 3387
f 3350 3387 3351
f 3351 3387 3388
f 3351 3388 3352
f 3352 3388 3389
f 3352 3389 3353
f 3353 3389 3390
f 3353 3390 3354
f 3354 3390 3391
f 3354 3391 3355
f 3355 3391 3392
f 3355 3392 3356
f 3356 3392 3393
f 3356 3393 3357
f 3357 3393 3394
f 3357 3394 3358
f 3358 3394 3395
f 3358 3395 3359
f 3359 3395 3396
f 3359 3396 3360
f 3360 3396 3397
f 3360 3397 3361
f 3361 3397 3398
f 3361 3398 3362
f 3362 3398 3399
f 3362 3399 3363
f 3363 3399 3400
f 3363 3400 3364
f 3364 3400 3401
f 3364 3401 3365
f 3365 3401 3402
f 3365 3402 3366
f 3366 3402 3403
f 3366 3403 3367
f 3367 3403 3404
f 3367 3404 3368
f 3368 3404 3405
f 3368 3405 3369
f 3369 3405 3406
f 3369 3406 3370
f 3370 3406 3407
f 3370 3407 3371
f 3371 3407 3408
f 3371 3408 3372
f 3372 3408 3409
f 3372 3409 3373
f 3373 3409 3410
f 3373 3410 3374
f 3374 3410 3411
f 3374 3411 3375
f 3375 3411 3412
f 3375 3412 3376
f 3376 3412 3413
f 3376 3413 3377
f 3377 3413 3414
f 3377 3414 3378
f 3378 3414 3415
f 3378 3415 3379
f 3379 3415 3416
f 3379 3416 3380
f 3380 3416 3417
f 3380 3417 3381
f 3381 3417 3418
f 3381 3418 3382
f 3382 3418 3419
f 3382 3419 3383
f 3383 3419 3420
f 3383 3420 3384
f 3384 3420 3385
f 3384 3385 3349
f 3385 3421 3422
f 3385 3422 3386
f 3386 3422 3423
f 3386 3423 3387
f 3387 3423 3424
f 3387 3424 3388
f 3388 3424 3425
f 3388 3425 3389
f 3389 3425 3426
f 3389 3426 3390
f 3390 3426 3427
f 3390 3427 3391
f 3391 3427 3428
f 3391 3428 3392
f 3392 3428 3429
f 3392 3429 3393
f 3393 3429 3430
f 3393 3430 3394
f 3394 3430 3431
f 3394 3431 3395
f 3395 3431 3432
f 3395 3432 3396
f 3396 3432 3433
f 3396 3433 3397
f 3397 3433 3434
f 3397 3434 3398
f 3398 3434 3435
f 3398 3435 3399
f 3399 3435 3436
f 3399 3436 3400
f 3400 3436 3437
f 3400 3437 3401
f 3401 3437 3438
f 3401 3438 3402
f 3402 3438 3439
f 3402 3439 3403
f 3403 3439 3440
f 3403 3440 3404
f 3404 3440 3441
f 3404 3441 3405
f 3405 3441 3442
f 3405 3442 3406
f 3406 3442 3443
f 3406 3443 3407
f 3407 3443 3444
f 3407 3444 3408
f 3408 3444 3445
f 3408 3445 3409
f 3409 3445 3446
f 3409 3446 3410
f 3410 3446 3447
f 3410 3447 3411
f 3411 3447 3448
f 3411 3448 3412
f 3412 3448 3449
f 3412 3449 3413
f 3413 3449 3450
f 3413 3450 3414
f 3414 3450 3451
f 3414 3451 3415
f 3415 3451 3452
f 3415 3452 3416
f 3416 3452 3453
f 3416 3453 3417
f 3417 3453 3454
f 3417 3454 3418
f 3418 3454 3455
f 3418 3455 3419
f 3419 3455 3456
f 3419 3456 3420
f 3420 3456 3421
f 3420 3421 3385
f 3421 3457 3458
f 3421 3458 3422
f 3422 3458 3459
f 3422 3459 3423
f 3423 3459 3460
f 3423 3460 3424
f 3424 3460 3461
f 3424 3461 3425
f 3425 3461 3462
f 3425 3462 3426
f 3426 3462 3463
f 3426 3463 3427
f 3427 3463 3464
f 3427 3464 3428
f 3428 3464 3465
f 3428 3465 3429
f 3429 3465 3466
f 3429 3466 3430
f 3430 3466 3467
f 3430 3467 3431
f 3431 3467 3468
f 3431 3468 3432
f 3432 3468 3469
f 3432 3469 3433
f 3433 3469 3470
f 3433 3470 3434
f 3434 3470 3471
f 3434 3471 3435
f 3435 3471 3472
f 3435 3472 3436
f 3436 3472 3473
f 3436 3473 3437
f 3437 3473 3474
f 3437 3474 3438
f 3438 3474 3475
f 3438 3475 3439
f 3439 3475 3476
f 3439 3476 3440
f 3440 3476 3477
f 3440 3477 3441
f 3441 3477 3478
f 3441 3478 3442
f 3442 3478 3479
f 3442 3479 3443
f 3443 3479 3480
f 3443 3480 3444
f 3444 3480 3481
f 3444 3481 3445
f 3445 3481 3482
f 3445 3482 3446
f 3446 3482 3483
f 3446 3483 3447
f 3447 3483 3484
f 3447 3484 3448
f 3448 3484 3485
f 3448 3485 3449
f 3449 3485 3486
f 3449 3486 3450
f 3450 3486 3487
f 3450 3487 3451
f 3451 3487 3488
f 3451 3488 3452
f 3452 3488 3489
f 3452 3489 3453
f 3453 3489 3490
f 3453 3490 3454
f 3454 3490 3491
f 3454 3491 3455
f 3455 3491 3492
f 3455 3492 3456
f 3456 3492 3457
f 3456 3457 3421
f 3457 3493 3494
f 3457 3494 3458
f 3458 3494 3495
f 3458 3495 3459
f 3459 3495 3496
f 3459 3496 3460
f 3460 3496 3497
f 3460 3497 3461
f 3461 3497 3498
f 3461 3498 3462
f 3462 3498 3499
f 3462 3499 3463
f 3463 3499 3500
f 3463 3500 3464
f 3464 3500 3501
f 3464 3501 3465
f 3465 3501 3502
f 3465 3502 3466
f 3466 3502 3503
f 3466 3503 3467
f 3467 3503 3504
f 3467 3504 3468
f 3468 3504 3505
f 3468 3505 3469
f 3469 3505 3506
f 3469 3506 3470
f 3470 3506 3507
f 3470 3507 3471
f 3471 3507 3508
f 3471 3508 3472
f 3472 3508 3509
f 3472 3509 3473
f 3473 3509 3510
f 3473 3510 3474
f 3474 3510 3511
f 3474 3511 3475
f 3475 3511 3512
f 3475 3512 3476
f 3476 3512 3513
f 3476 3513 3477
f 3477 3513 3514
f 3477 3514 3478
f 3478 3514 3515
f 3478 3515 3479
f 3479 3515 3516
f 3479 3516 3480
f 3480 3516 3517
f 3480 3517 3481
f 3481 3517 3518
f 3481 3518 3482
f 3482 3518 3519
f 3482 3519 3483
f 3483 3519 3520
f 3483 3520 3484
f 3484 3520 3521
f 3484 3521 3485
f 3485 3521 3522
f 3485 3522 3486
f 3486 3522 3523
f 3486 3523 3487
f 3487 3523 3524
f 3487 3524 3488
f 3488 3524 3525
f 3488 3525 3489
f 3489 3525 3526
f 3489 3526 3490
f 3490 3526 3527
f 3490 3527 3491
f 3491 3527 3528
f 3491 3528 3492
f 3492 3528 3493
f 3492 3493 3457
f 3493 3529 3530
f 3493 3530 3494
f 3494 3530 3531
f 3494 3531 3495
f 3495 3531 3532
f 3495 3532 3496
f 3496 3532 3533
f 3496 3533 3497
f 3497 3533 3534
f 3497 3534 3498
f 3498 3534 3535
f 3498 3535 3499
f 3499 3535 3536
f 3499 3536 3500
f 3500 3536 3537
f 3500 3537 3501
f 3501 3537 3538
f 3501 3538 3502
f 3502 3538 3539
f 3502 3539 3503
f 3503 3539 3540
f 3503 3540 3504
f 3504 3540 3541
f 3504 3541 3505
f 3505 3541 3542
f 3505 3542 3506
f 3506 3542 3543
f 3506 3543 3507
f 3507 3543 3544
f 3507 3544 3508
f 3508 3544 3545
f 3508 3545 3509
f 3509 3545 3546
f 3509 3546 3510
f 3510 3546 3547
f 3510 3547 3511
f 3511 3547 3548
f 3511 3548 3512
f 3512 3548 3549
f 3512 3549 3513
f 3513 3549 3550
f 3513 3550 3514
f 3514 3550 3551
f 3514 3551 3515
f 3515 3551 3552
f 3515 3552 3516
f 3516 3552 3553
f 3516 3553 3517
f 3517 3553 3554
f 3517 3554 3518
f 3518 3554 3555
f 3518 3555 3519
f 3519 3555 3556
f 3519 3556 3520
f 3520 3556 3557
f 3520 3557 3521
f 3521 3557 3558
f 3521 3558 3522
f 3522 3558 3559
f 3522 3559 3523
f 3523 3559 3560
f 3523 3560 3524
f 3524 3560 3561
f 3524 3561 3525
f 3525 3561 3562
f 3525 3562 3526
f 3526 3562 3563
f 3526 3563 3527
f 3527 3563 3564
f 3527 3564 3528
f 3528 3564 3529
f 3528 3529 3493
f 3529 3565 3566
f 3529 3566 3530
f 3530 3566 3567
f 3530 3567 3531
f 3531 3567 3568
f 3531 3568 3532
f 3532 3568 3569
f 3532 3569 3533
f 3533 3569 3570
f 3533 3570 3534
f 3534 3570 3571
f 3534 3571 3535
f 3535 3571 3572
f 3535 3572 3536
f 3536 3572 3573
f 3536 3573 3537
f 3537 3573 3574
f 3537 3574 3538
f 3538 3574 3575
f 3538 3575 3539
f 3539 3575 3576
f 3539 3576 3540
f 3540 3576 3577
f 3540 3577 3541
f 3541 3577 3578
f 3541 3578 3542
f 3542 3578 3579
f 3542 3579 3543
f 3543 3579 3580
f 3543 3580 3544
f 3544 3580 3581
f 3544 3581 3545
f 3545 3581 3582
f 3545 3582 3546
f 3546 3582 3583
f 3546 3583 3547
f 3547 3583 3584
f 3547 3584 3548
f 3548 3584 3585
f 3548 3585 3549
f 3549 3585 3586
f 3549 3586 3550
f 3550 3586 3587
f 3550 3587 3551
f 3551 3587 3588
f 3551 3588 3552
f 3552 3588 3589
f 3552 3589 3553
f 3553 3589 3590
f 3553 3590 3554
f 3554 3590 3591
f 3554 3591 3555
f 3555 3591 3592
f 3555 3592 3556
f 3556 3592 3593
f 3556 3593 3557
f 3557 3593 3594
f 3557 3594 3558
f 3558 3594 3595
f 3558 3595 3559
f 3559 3595 3596
f 3559 3596 3560
f 3560 3596 3597
f 3560 3597 3561
f 3561 3597 3598
f 3561 3598 3562
f 3562 3598 3599
f 3562 3599 3563
f 3563 3599 3600
f 3563 3600 3564
f 3564 3600 3565
f 3564 3565 3529
f 3565 3601 3602
f 3565 3602 3566
f 3566 3602 3603
f 3566 3603 3567
f 3567 3603 3604
f 3567 3604 3568
f 3568 3604 3605
f 3568 3605 3569
f 3569 3605 3606
f 3569 3606 3570
f 3570 3606 3607
f 3570 3607 3571
f 3571 3607 3608
f 3571 3608 3572
f 3572 3608 3609
f 3572 3609 3573
f 3573 3609 3610
f 3573 3610 3574
f 3574 3610 3611
f 3574 3611 3575
f 3575 3611 3612
f 3575 3612 3576
f 3576 3612 3613
f 3576 3613 3577
f 3577 3613 3614
f 3577 3614 3578
f 3578 3614 3615
f 3578 3615 3579
f 3579 3615 3616
f 3579 3616 3580
f 3580 3616 3617
f 3580 3617 3581
f 3581 3617 3618
f 3581 3618 3582
f 3582 3618 3619
f 3582 3619 3583
f 3583 3619 3620
f 3583 3620 3584
f 3584 3620 3621
f 3584 3621 3585
f 3585 3621 3622
f 3585 3622 3586
f 3586 3622 3623
f 3586 3623 3587
f 3587 3623 3624
f 3587 3624 3588
f 3588 3624 3625
f 3588 3625 3589
f 3589 3625 3626
f 3589 3626 3590
f 3590 3626 3627
f 3590 3627 3591
f 3591 3627 3628
f 3591 3628 3592
f 3592 3628 3629
f 3592 3629 3593
f 3593 3629 3630
f 3593 3630 3594
f 3594 3630 3631
f 3594 3631 3595
f 3595 3631 3632
f 3595 3632 3596
f 3596 3632 3633
f 3596 3633 3597
f 3597 3633 3634
f 3597 3634 3598
f 3598 3634 3635
f 3598 3635 3599
f 3599 3635 3636
f 3599 3636 3600
f 3600 3636 3601
f 3600 3601 3565
f 3601 3637 3638
f 3601 3638 3602
f 3602 3638 3639
f 3602 3639 3603
f 3603 3639 3640
f 3603 3640 3604
f 3604 3640 3641
f 3604 3641 3605
f 3605 3641 3642
f 3605 3642 3606
f 3606 3642 3643
f 3606 3643 3607
f 3607 3643 3644
f 3607 3644 3608
f 3608 3644 3645
f 3608 3645 3609
f 3609 3645 3646
f 3609 3646 3610
f 3610 3646 3647
f 3610 3647 3611
f 3611 3647 3648
f 3611 3648 3612
f 3612 3648 3649
f 3612 3649 3613
f 3613 3649 3650
f 3613 3650 3614
f 3614 3650 3651
f 3614 3651 3615
f 3615 3651 3652
f 3615 3652 3616
f 3616 3652 3653
f 3616 3653 3617
f 3617 3653 3654
f 3617 3654 3618
f 3618 3654 3655
f 3618 3655 3619
f 3619 3655 3656
f 3619 3656 3620
f 3620 3656 3657
f 3620 3657 3621
f 3621 3657 3658
f 3621 3658 3622
f 3622 3658 3659
f 3622 3659 3623
f 3623 3659 3660
f 3623 3660 3624
f 3624 3660 3661
f 3624 3661 3625
f 3625 3661 3662
f 3625 3662 3626
f 3626 3662 3663
f 3626 3663 3627
f 3627 3663 3664
f 3627 3664 3628
f 3628 3664 3665
f 3628 3665 3629
f 3629 3665 3666
f 3629 3666 3630
f 3630 3666 3667
f 3630 3667 3631
f 3631 3667 3668
f 3631 3668 3632
f 3632 3668 3669
f 3632 3669 3633
f 3633 3669 3670
f 3633 3670 3634
f 3634 3670 3671
f 3634 3671 3635
f 3635 3671 3672
f 3635 3672 3636
f 3636 3672 3637
f 3636 3637 3601
f 3637 3673 3674
f 3637 3674 3638
f 3638 3674 3675
f 3638 3675 3639
f 3639 3675 3676
f 3639 3676 3640
f 3640 3676 3677
f 3640 3677 3641
f 3641 3677 3678
f 3641 3678 3642
f 3642 3678 3679
f 3642 3679 3643
f 3643 3679 3680
f 3643 3680 3644
f 3644 3680 3681
f 3644 3681 3645
f 3645 3681 3682
f 3645 3682 3646
f 3646 3682 3683
f 3646 3683 3647
f 3647 3683 3684
f 3647 3684 3648
f 3648 3684 3685
f 3648 3685 3649
f 3649 3685 3686
f 3649 3686 3650
f 3650 3686 3687
f 3650 3687 3651
f 3651 3687 3688
f 3651 3688 3652
f 3652 3688 3689
f 3652 3689 3653
f 3653 3689 3690
f 3653 3690 3654
f 3654 3690 3691
f 3654 3691 3655
f 3655 3691 3692
f 3655 3692 3656
f 3656 3692 3693
f 3656 3693 3657
f 3657 3693 3694
f 3657 3694 3658
f 3658 3694 3695
f 3658 3695 3659
f 3659 3695 3696
f 3659 3696 3660
f 3660 3696 3697
f 3660 3697 3661
f 3661 3697 3698
f 3661 3698 3662
f 3662 3698 3699
f 3662 3699 3663
f 3663 3699 3700
f 3663 3700 3664
f 3664 3700 3701
f 3664 3701 3665
f 3665 3701 3702
f 3665 3702 3666
f 3666 3702 3703
f 3666 3703 3667
f 3667 3703 3704
f 3667 3704 3668
f 3668 3704 3705
f 3668 3705 3669
f 3669 3705 3706
f 3669 3706 3670
f 3670 3706 3707
f 3670 3707 3671
f 3671 3707 3708
f 3671 3708 3672
f 3672 3708 3673
f 3672 3673 3637
f 3673 3709 3710
f 3673 3710 3674
f 3674 3710 3711
f 3674 3711 3675
f 3675 3711 3712
f 3675 3712 3676
f 3676 3712 3713
f 3676 3713 3677
f 3677 3713 3714
f 3677 3714 3678
f 3678 3714 3715
f 3678 3715 3679
f 3679 3715 3716
f 3679 3716 3680
f 3680 3716 3717
f 3680 3717 3681
f 3681 3717 3718
f 3681 3718 3682
f 3682 3718 3719
f 3682 3719 3683
f 3683 3719 3720
f 3683 3720 3684
f 3684 3720 3721
f 3684 3721 3685
f 3685 3721 3722
f 3685 3722 3686
f 3686 3722 3723
f 3686 3723 3687
f 3687 3723 3724
f 3687 3724 3688
f 3688 3724 3725
f 3688 3725 3689
f 3689 3725 3726
f 3689 3726 3690
f 3690 3726 3727
f 3690 3727 3691
f 3691 3727 3728
f 3691 3728 3692
f 3692 3728 3729
f 3692 3729 3693
f 3693 3729 3730
f 3693 3730 3694
f 3694 3730 3731
f 3694 3731 3695
f 3695 3731 3732
f 3695 3732 3696
f 3696 3732 3733
f 3696 3733 3697
f 3697 3733 3734
f 3697 3734 3698
f 3698 3734 3735
f 3698 3735 3699
f 3699 3735 3736
f 3699 3736 3700
f 3700 3736 3737
f 3700 3737 3701
f 3701 3737 3738
f 3701 3738 3702
f 3702 3738 3739
f 3702 3739 3703
f 3703 3739 3740
f 3703 3740 3704
f 3704 3740 3741
f 3704 3741 3705
f 3705 3741 3742
f 3705 3742 3706
f 3706 3742 3743
f 3706 3743 3707
f 3707 3743 3744
f 3707 3744 3708
f 3708 3744 3709
f 3708 3709 3673
f 3709 3745 3746
f 3709 3746 3710
f 3710 3746 3747
f 3710 3747 3711
f 3711 3747 3748
f 3711 3748 3712
f 3712 3748 3749
f 3712 3749 3713
f 3713 3749 3750
f 3713 3750 3714
f 3714 3750 3751
f 3714 3751 3715
f 3715 3751 3752
f 3715 3752 3716
f 3716 3752 3753
f 3716 3753 3717
f 3717 3753 3754
f 3717 3754 3718
f 3718 3754 3755
f 3718 3755 3719
f 3719 3755 3756
f 3719 3756 3720
f 3720 3756 3757
f 3720 3757 3721
f 3721 3757 3758
f 3721 3758 3722
f 3722 3758 3759
f 3722 3759 3723
f 3723 3759 3760
f 3723 3760 3724
f 3724 3760 3761
f 3724 3761 3725
f 3725 3761 3762
f 3725 3762 3726
f 3726 3762 3763
f 3726 3763 3727
f 3727 3763 3764
f 3727 3764 3728
f 3728 3764 3765
f 3728 3765 3729
f 3729 3765 3766
f 3729 3766 3730
f 3730 3766 3767
f 3730 3767 3731
f 3731 3767 3768
f 3731 3768 3732
f 3732 3768 3769
f 3732 3769 3733
f 3733 3769 3770
f 3733 3770 3734
f 3734 3770 3771
f 3734 3771 3735
f 3735 3771 3772
f 3735 3772 3736
f 3736 3772 3773
f 3736 3773 3737
f 3737 3773 3774
f 3737 3774 3738
f 3738 3774 3775
f 3738 3775 3739
f 3739 3775 3776
f 3739 3776 3740
f 3740 3776 3777
f 3740 3777 3741
f 3741 3777 3778
f 3741 3778 3742
f 3742 3778 3779
f 3742 3779 3743
f 3743 3779 3780
f 3743 3780 3744
f 3744 3780 3745
f 3744 3745 3709
f 3745 3781 3782
f 3745 3782 3746
f 3746 3782 3783
f 3746 3783 3747
f 3747 3783 3784
f 3747 3784 3748
f 3748 3784 3785
f 3748 3785 3749
f 3749 3785 3786
f 3749 3786 3750
f 3750 3786 3787
f 3750 3787 3751
f 3751 3787 3788
f 3751 3788 3752
f 3752 3788 3789
f 3752 3789 3753
f 3753 3789 3790
f 3753 3790 3754
f 3754 3790 3791
f 3754 3791 3755
f 3755 3791 3792
f 3755 3792 3756
f 3756 3792 3793
f 3756 3793 3757
f 3757 3793 3794
f 3757 3794 3758
f 3758 3794 3795
f 3758 3795 3759
f 3759 3795 3796
f 3759 3796 3760
f 3760 3796 3797
f 3760 3797 3761
f 3761 3797 3798
f 3761 3798 3762
f 3762 3798 3799
f 3762 3799 3763
f 3763 3799 3800
f 3763 3800 3764
f 3764 3800 3801
f 3764 3801 3765
f 3765 3801 3802
f 3765 3802 3766
f 3766 3802 3803
f 3766 3803 3767
f 3767 3803 3804
f 3767 3804 3768
f 3768 3804 3805
f 3768 3805 3769
f 3769 3805 3806
f 3769 3806 3770
f 3770 3806 3807
f 3770 3807 3771
f 3771 3807 3808
f 3771 3808 3772
f 3772 3808 3809
f 3772 3809 3773
f 3773 3809 3810
f 3773 3810 3774
f 3774 3810 3811
f 3774 3811 3775
f 3775 3811 3812
f 3775 3812 3776
f 3776 3812 3813
f 3776 3813 3777
f 3777 3813 3814
f 3777 3814 3778
f 3778 3814 3815
f 3778 3815 3779
f 3779 3815 3816
f 3779 3816 3780
f 3780 3816 3781
f 3780 3781 3745
f 3781 3817 3818
f 3781 3818 3782
f 3782 3818 3819
f 3782 3819 3783
f 3783 3819 3820
f 3783 3820 3784
f 3784 3820 3821
f 3784 3821 3785
f 3785 3821 3822
f 3785 3822 3786
f 3786 3822 3823
f 3786 3823 3787
f 3787 3823 3824
f 3787 3824 3788
f 3788 3824 3825
f 3788 3825 3789
f 3789 3825 3826
f 3789 3826 3790
f 3790 3826 3827
f 3790 3827 3791
f 3791 3827 3828
f 3791 3828 3792
f 3792 3828 3829
f 3792 3829 3793
f 3793 3829 3830
f 3793 3830 3794
f 3794 3830 3831
f 3794 3831 3795
f 3795 3831 3832
f 3795 3832 3796
f 3796 3832 3833
f 3796 3833 3797
f 3797 3833 3834
f 3797 3834 3798
f 3798 3834 3835
f 3798 3835 3799
f 3799 3835 3836
f 3799 3836 3800
f 3800 3836 3837
f 3800 3837 3801
f 3801 3837 3838
f 3801 3838 3802
f 3802 3838 3839
f 3802 3839 3803
f 3803 3839 3840
f 3803 3840 3804
f 3804 3840 3841
f 3804 3841 3805
f 3805 3841 3842
f 3805 3842 3806
f 3806 3842 3843
f 3806 3843 3807
f 3807 3843 3844
f 3807 3844 3808
f 3808 3844 3845
f 3808 3845 3809
f 3809 3845 3846
f 3809 3846 3810
f 3810 3846 3847
f 3810 3847 3811
f 3811 3847 3848
f 3811 3848 3812
f 3812 3848 3849
f 3812 3849 3813
f 3813 3849 3850
f 3813 3850 3814
f 3814 3850 3851
f 3814 3851 3815
f 3815 3851 3852
f 3815 3852 3816
f 3816 3852 3817
f 3816 3817 3781
f 3817 3853 3854
f 3817 3854 3818
f 3818 3854 3855
f 3818 3855 3819
f 3819 3855 3856
f 3819 3856 3820
f 3820 3856 3857
f 3820 3857 3821
f 3821 3857 3858
f 3821 3858 3822
f 3822 3858 3859
f 3822 3859 3823
f 3823 3859 3860
f 3823 3860 3824
f 3824 3860 3861
f 3824 3861 3825
f 3825 3861 3862
f 3825 3862 3826
f 3826 3862 3863
f 3826 3863 3827
f 3827 3863 3864
f 3827 3864 3828
f 3828 3864 3865
f 3828 3865 3829
f 3829 3865 3866
f 3829 3866 3830
f 3830 3866 3867
f 3830 3867 3831
f 3831 3867 3868
f 3831 3868 3832
f 3832 3868 3869
f 3832 3869 3833
f 3833 3869 3870
f 3833 3870 3834
f 3834 3870 3871
f 3834 3871 3835
f 3835 3871 3872
f 3835 3872 3836
f 3836 3872 3873
f 3836 3873 3837
f 3837 3873 3874
f 3837 3874 3838
f 3838 3874 3875
f 3838 3875 3839
f 3839 3875 3876
f 3839 3876 3840
f 3840 3876 3877
f 3840 3877 3841
f 3841 3877 3878
f 3841 3878 3842
f 3842 3878 3879
f 3842 3879 3843
f 3843 3879 3880
f 3843 3880 3844
f 3844 3880 3881
f 3844 3881 3845
f 3845 3881 3882
f 3845 3882 3846
f 3846 3882 3883
f 3846 3883 3847
f 3847 3883 3884
f 3847 3884 3848
f 3848 3884 3885
f 3848 3885 3849
f 3849 3885 3886
f 3849 3886 3850
f 3850 3886 3887
f 3850 3887 3851
f 3851 3887 3888
f 3851 3888 3852
f 3852 3888 3853
f 3852 3853 3817
f 3853 3889 3890
f 3853 3890 3854
f 3854 3890 3891
f 3854 3891 3855
f 3855 3891 3892
f 3855 3892 3856
f 3856 3892 3893
f 3856 3893 3857
f 3857 3893 3894
f 3857 3894 3858
f 3858 3894 3895
f 3858 3895 3859
f 3859 3895 3896
f 3859 3896 3860
f 3860 3896 3897
f 3860 3897 3861
f 3861 3897 3898
f 3861 3898 3862
f 3862 3898 3899
f 3862 3899 3863
f 3863 3899 3900
f 3863 3900 3864
f 3864 3900 3901
f 3864 3901 3865
f 3865 3901 3902
f 3865 3902 3866
f 3866 3902 3903
f 3866 3903 3867
f 3867 3903 3904
f 3867 3904 3868
f 3868 3904 3905
f 3868 3905 3869
f 3869 3905 3906
f 3869 3906 3870
f 3870 3906 3907
f 3870 3907 3871
f 3871 3907 3908
f 3871 3908 3872
f 3872 3908 3909
f 3872 3909 3873
f 3873 3909 3910
f 3873 3910 3874
f 3874 3910 3911
f 3874 3911 3875
f 3875 3911 3912
f 3875 3912 3876
f 3876 3912 3913
f 3876 3913 3877
f 3877 3913 3914
f 3877 3914 3878
f 3878 3914 3915
f 3878 3915 3879
f 3879 3915 3916
f 3879 3916 3880
f 3880 3916 3917
f 3880 3917 3881
f 3881 3917 3918
f 3881 3918 3882
f 3882 3918 3919
f 3882 3919 3883
f 3883 3919 3920
f 3883 3920 3884
f 3884 3920 3921
f 3884 3921 3885
f 3885 3921 3922
f 3885 3922 3886
f 3886 3922 3923
f 3886 3923 3887
f 3887 3923 3924
f 3887 3924 3888
f 3888 3924 3889
f 3888 3889 3853
f 3889 3925 3926
f 3889 3926 3890
f 3890 3926 3927
f 3890 3927 3891
f 3891 3927 3928
f 3891 3928 3892
f 3892 3928 3929
f 3892 3929 3893
f 3893 3929 3930
f 3893 3930 3894
f 3894 3930 3931
f 3894 3931 3895
f 3895 3931 3932
f 3895 3932 3896
f 3896 3932 3933
f 3896 3933 3897
f 3897 3933 3934
f 3897 3934 3898
f 3898 3934 3935
f 3898 3935 3899
f 3899 3935 3936
f 3899 3936 3900
f 3900 3936 3937
f 3900 3937 3901
f 3901 3937 3938
f 3901 3938 3902
f 3902 3938 3939
f 3902 3939 3903
f 3903 3939 3940
f 3903 3940 3904
f 3904 3940 3941
f 3904 3941 3905
f 3905 3941 3942
f 3905 3942 3906
f 3906 3942 3943
f 3906 3943 3907
f 3907 3943 3944
f 3907 3944 3908
f 3908 3944 3945
f 3908 3945 3909
f 3909 3945 3946
f 3909 3946 3910
f 3910 3946 3947
f 3910 3947 3911
f 3911 3947 3948
f 3911 3948 3912
f 3912 3948 3949
f 3912 3949 3913
f 3913 3949 3950
f 3913 3950 3914
f 3914 3950 3951
f 3914 3951 3915
f 3915 3951 3952
f 3915 3952 3916
f 3916 3952 3953
f 3916 3953 3917
f 3917 3953 3954
f 3917 3954 3918
f 3918 3954 3955
f 3918 3955 3919
f 3919 3955 3956
f 3919 3956 3920
f 3920 3956 3957
f 3920 3957 3921
f 3921 3957 3958
f 3921 3958 3922
f 3922 3958 3959
f 3922 3959 3923
f 3923 3959 3960
f 3923 3960 3924
f 3924 3960 3925
f 3924 3925 3889
f 3925 3961 3962
f 3925 3962 3926
f 3926 3962 3963
f 3926 3963 3927
f 3927 3963 3964
f 3927 3964 3928
f 3928 3964 3965
f 3928 3965 3929
f 3929 3965 3966
f 3929 3966 3930
f 3930 3966 3967
f 3930 3967 3931
f 3931 3967 3968
f 3931 3968 3932
f 3932 3968 3969
f 3932 3969 3933
f 3933 3969 3970
f 3933 3970 3934
f 3934 3970 3971
f 3934 3971 3935
f 3935 3971 3972
f 3935 3972 3936
f 3936 3972 3973
f 3936 3973 3937
f 3937 3973 3974
f 3937 3974 3938
f 3938 3974 3975
f 3938 3975 3939
f 3939 3975 3976
f 3939 3976 3940
f 3940 3976 3977
f 3940 3977 3941
f 3941 3977 3978
f 3941 3978 3942
f 3942 3978 3979
f 3942 3979 3943
f 3943 3979 3980
f 3943 3980 3944
f 3944 3980 3981
f 3944 3981 3945
f 3945 3981 3982
f 3945 3982 3946
f 3946 3982 3983
f 3946 3983 3947
f 3947 3983 3984
f 3947 3984 3948
f 3948 3984 3985
f 3948 3985 3949
f 3949 3985 3986
f 3949 3986 3950
f 3950 3986 3987
f 3950 3987 3951
f 3951 3987 3988
f 3951 3988 3952
f 3952 3988 3989
f 3952 3989 3953
f 3953 3989 3990
f 3953 3990 3954
f 3954 3990 3991
f 3954 3991 3955
f 3955 3991 3992
f 3955 3992 3956
f 3956 3992 3993
f 3956 3993 3957
f 3957 3993 3994
f 3957 3994 3958
f 3958 3994 3995
f 3958 3995 3959
f 3959 3995 3996
f 3959 3996 3960
f 3960 3996 3961
f 3960 3961 3925
f 3961 3997 3998
f 3961 3998 3962
f 3962 3998 3999
f 3962 3999 3963
f 3963 3999 4000
f 3963 4000 3964
f 3964 4000 4001
f 3964 4001 3965
f 3965 4001 4002
f 3965 4002 3966
f 3966 4002 4003
f 3966 4003 3967
f 3967 4003 4004
f 3967 4004 3968
f 3968 4004 4005
f 3968 4005 3969
f 3969 4005 4006
f 3969 4006 3970
f 3970 4006 4007
f 3970 4007 3971
f 3971 4007 4008
f 3971 4008 3972
f 3972 4008 4009
f 3972 4009 3973
f 3973 4009 4010
f 3973 4010 3974
f 3974 4010 4011
f 3974 4011 3975
f 3975 4011 4012
f 3975 4012 3976
f 3976 4012 4013
f 3976 4013 3977
f 3977 4013 4014
f 3977 4014 3978
f 3978 4014 4015
f 3978 4015 3979
f 3979 4015 4016
f 3979 4016 3980
f 3980 4016 4017
f 3980 4017 3981
f 3981 4017 4018
f 3981 4018 3982
f 3982 4018 4019
f 3982 4019 3983
f 3983 4019 4020
f 3983 4020 3984
f 3984 4020 4021
f 3984 4021 3985
f 3985 4021 4022
f 3985 4022 3986
f 3986 4022 4023
f 3986 4023 3987
f 3987 4023 4024
f 3987 4024 3988
f 3988 4024 4025
f 3988 4025 3989
f 3989 4025 4026
f 3989 4026 3990
f 3990 4026 4027
f 3990 4027 3991
f 3991 4027 4028
f 3991 4028 3992
f 3992 4028 4029
f 3992 4029 3993
f 3993 4029 4030
f 3993 4030 3994
f 3994 4030 4031
f 3994 4031 3995
f 3995 4031 4032
f 3995 4032 3996
f 3996 4032 3997
f 3996 3997 3961
f 3997 4033 4034
f 3997 4034 3998
f 3998 4034 4035
f 3998 4035 3999
f 3999 4035 4036
f 3999 4036 4000
f 4000 4036 4037
f 4000 4037 4001
f 4001 4037 4038
f 4001 4038 4002
f 4002 4038 4039
f 4002 4039 4003
f 4003 4039 4040
f 4003 4040 4004
f 4004 4040 4041
f 4004 4041 4005
f 4005 4041 4042
f 4005 4042 4006
f 4006 4042 4043
f 4006 4043 4007
f 4007 4043 4044
f 4007 4044 4008
f 4008 4044 4045
f 4008 4045 4009
f 4009 4045 4046
f 4009 4046 4010
f 4010 4046 4047
f 4010 4047 4011
f 4011 4047 4048
f 4011 4048 4012
f 4012 4048 4049
f 4012 4049 4013
f 4013 4049 4050
f 4013 4050 4014
f 4014 4050 4051
f 4014 4051 4015
f 4015 4051 4052
f 4015 4052 4016
f 4016 4052 4053
f 4016 4053 4017
f 4017 4053 4054
f 4017 4054 4018
f 4018 4054 4055
f 4018 4055 4019
f 4019 4055 4056
f 4019 4056 4020
f 4020 4056 4057
f 4020 4057 4021
f 4021 4057 4058
f 4021 4058 4022
f 4022 4058 4059
f 4022 4059 4023
f 4023 4059 4060
f 4023 4060 4024
f 4024 4060 4061
f 4024 4061 4025
f 4025 4061 4062
f 4025 4062 4026
f 4026 4062 4063
f 4026 4063 4027
f 4027 4063 4064
f 4027 4064 4028
f 4028 4064 4065
f 4028 4065 4029
f 4029 4065 4066
f 4029 4066 4030
f 4030 4066 4067
f 4030 4067 4031
f 4031 4067 4068
f 4031 4068 4032
f 4032 4068 4033
f 4032 4033 3997
f 4033 4069 4070
f 4033 4070 4034
f 4034 4070 4071
f 4034 4071 4035
f 4035 4071 4072
f 4035 4072 4036
f 4036 4072 4073
f 4036 4073 4037
f 4037 4073 4074
f 4037 4074 4038
f 4038 4074 4075
f 4038 4075 4039
f 4039 4075 4076
f 4039 4076 4040
f 4040 4076 4077
f 4040 4077 4041
f 4041 4077 4078
f 4041 4078 4042
f 4042 4078 4079
f 4042 4079 4043
f 4043 4079 4080
f 4043 4080 4044
f 4044 4080 4081
f 4044 4081 4045
f 4045 4081 4082
f 4045 4082 4046
f 4046 4082 4083
f 4046 4083 4047
f 4047 4083 4084
f 4047 4084 4048
f 4048 4084 4085
f 4048 4085 4049
f 4049 4085 4086
f 4049 4086 4050
f 4050 4086 4087
f 4050 4087 4051
f 4051 4087 4088
f 4051 4088 4052
f 4052 4088 4089
f 4052 4089 4053
f 4053 4089 4090
f 4053 4090 4054
f 4054 4090 4091
f 4054 4091 4055
f 4055 4091 4092
f 4055 4092 4056
f 4056 4092 4093
f 4056 4093 4057
f 4057 4093 4094
f 4057 4094 4058
f 4058 4094 4095
f 4058 4095 4059
f 4059 4095 4096
f 4059 4096 4060
f 4060 4096 4097
f 4060 4097 4061
f 4061 4097 4098
f 4061 4098 4062
f 4062 4098 4099
f 4062 4099 4063
f 4063 4099 4100
f 4063 4100 4064
f 4064 4100 4101
f 4064 4101 4065
f 4065 4101 4102
f 4065 4102 4066
f 4066 4102 4103
f 4066 4103 4067
f 4067 4103 4104
f 4067 4104 4068
f 4068 4104 4069
f 4068 4069 4033
f 4069 4105 4106
f 4069 4106 4070
f 4070 4106 4107
f 4070 4107 4071
f 4071 4107 4108
f 4071 4108 4072
f 4072 4108 4109
f 4072 4109 4073
f 4073 4109 4110
f 4073 4110 4074
f 4074 4110 4111
f 4074 4111 4075
f 4075 4111 4112
f 4075 4112 4076
f 4076 4112 4113
f 4076 4113 4077
f 4077 4113 4114
f 4077 4114 4078
f 4078 4114 4115
f 4078 4115 4079
f 4079 4115 4116
f 4079 4116 4080
f 4080 4116 4117
f 4080 4117 4081
f 4081 4117 4118
f 4081 4118 4082
f 4082 4118 4119
f 4082 4119 4083
f 4083 4119 4120
f 4083 4120 4084
f 4084 4120 4121
f 4084 4121 4085
f 4085 4121 4122
f 4085 4122 4086
f 4086 4122 4123
f 4086 4123 4087
f 4087 4123 4124
f 4087 4124 4088
f 4088 4124 4125
f 4088 4125 4089
f 4089 4125 4126
f 4089 4126 4090
f 4090 4126 4127
f 4090 4127 4091
f 4091 4127 4128
f 4091 4128 4092
f 4092 4128 4129
f 4092 4129 4093
f 4093 4129 4130
f 4093 4130 4094
f 4094 4130 4131
f 4094 4131 4095
f 4095 4131 4132
f 4095 4132 4096
f 4096 4132 4133
f 4096 4133 4097
f 4097 4133 4134
f 4097 4134 4098
f 4098 4134 4135
f 4098 4135 4099
f 4099 4135 4136
f 4099 4136 4100
f 4100 4136 4137
f 4100 4137 4101
f 4101 4137 4138
f 4101 4138 4102
f 4102 4138 4139
f 4102 4139 4103
f 4103 4139 4140
f 4103 4140 4104
f 4104 4140 4105
f 4104 4105 4069
f 4105 4141 4142
f 4105 4142 4106
f 4106 4142 4143
f 4106 4143 4107
f 4107 4143 4144
f 4107 4144 4108
f 4108 4144 4145
f 4108 4145 4109
f 4109 4145 4146
f 4109 4146 4110
f 4110 4146 4147
f 4110 4147 4111
f 4111 4147 4148
f 4111 4148 4112
f 4112 4148 4149
f 4112 4149 4113
f 4113 4149 4150
f 4113 4150 4114
f 4114 4150 4151
f 4114 4151 4115
f 4115 4151 4152
f 4115 4152 4116
f 4116 4152 4153
f 4116 4153 4117
f 4117 4153 4154
f 4117 4154 4118
f 4118 4154 4155
f 4118 4155 4119
f 4119 4155 4156
f 4119 4156 4120
f 4120 4156 4157
f 4120 4157 4121
f 4121 4157 4158
f 4121 4158 4122
f 4122 4158 4159
f 4122 4159 4123
f 4123 4159 4160
f 4123 4160 4124
f 4124 4160 4161
f 4124 4161 4125
f 4125 4161 4162
f 4125 4162 4126
f 4126 4162 4163
f 4126 4163 4127
f 4127 4163 4164
f 4127 4164 4128
f 4128 4164 4165
f 4128 4165 4129
f 4129 4165 4166
f 4129 4166 4130
f 4130 4166 4167
f 4130 4167 4131
f 4131 4167 4168
f 4131 4168 4132
f 4132 4168 4169
f 4132 4169 4133
f 4133 4169 4170
f 4133 4170 4134
f 4134 4170 4171
f 4134 4171 4135
f 4135 4171 4172
f 4135 4172 4136
f 4136 4172 4173
f 4136 4173 4137
f 4137 4173 4174
f 4137 4174 4138
f 4138 4174 4175
f 4138 4175 4139
f 4139 4175 4176
f 4139 4176 4140
f 4140 4176 4141
f 4140 4141 4105
f 4141 4177 4178
f 4141 4178 4142
f 4142 4178 4179
f 4142 4179 4143
f 4143 4179 4180
f 4143 4180 4144
f 4144 4180 4181
f 4144 4181 4145
f 4145 4181 4182
f 4145 4182 4146
f 4146 4182 4183
f 4146 4183 4147
f 4147 4183 4184
f 4147 4184 4148
f 4148 4184 4185
f 4148 4185 4149
f 4149 4185 4186
f 4149 4186 4150
f 4150 4186 4187
f 4150 4187 4151
f 4151 4187 4188
f 4151 4188 4152
f 4152 4188 4189
f 4152 4189 4153
f 4153 4189 4190
f 4153 4190 4154
f 4154 4190 4191
f 4154 4191 4155
f 4155 4191 4192
f 4155 4192 4156
f 4156 4192 4193
f 4156 4193 4157
f 4157 4193 4194
f 4157 4194 4158
f 4158 4194 4195
f 4158 4195 4159
f 4159 4195 4196
f 4159 4196 4160
f 4160 4196 4197
f 4160 4197 4161
f 4161 4197 4198
f 4161 4198 4162
f 4162 4198 4199
f 4162 4199 4163
f 4163 4199 4200
f 4163 4200 4164
f 4164 4200 4201
f 4164 4201 4165
f 4165 4201 4202
f 4165 4202 4166
f 4166 4202 4203
f 4166 4203 4167
f 4167 4203 4204
f 4167 4204 4168
f 4168 4204 4205
f 4168 4205 4169
f 4169 4205 4206
f 4169 4206 4170
f 4170 4206 4207
f 4170 4207 4171
f 4171 4207 4208
f 4171 4208 4172
f 4172 4208 4209
f 4172 4209 4173
f 4173 4209 4210
f 4173 4210 4174
f 4174 4210 4211
f 4174 4211 4175
f 4175 4211 4212
f 4175 4212 4176
f 4176 4212 4177
f 4176 4177 4141
f 4177 4213 4214
f 4177 4214 4178
f 4178 4214 4215
f 4178 4215 4179
f 4179 4215 4216
f 4179 4216 4180
f 4180 4216 4217
f 4180 4217 4181
f 4181 4217 4218
f 4181 4218 4182
f 4182 4218 4219
f 4182 4219 4183
f 4183 4219 4220
f 4183 4220 4184
f 4184 4220 4221
f 4184 4221 4185
f 4185 4221 4222
f 4185 4222 4186
f 4186 4222 4223
f 4186 4223 4187
f 4187 4223 4224
f 4187 4224 4188
f 4188 4224 4225
f 4188 4225 4189
f 4189 4225 4226
f 4189 4226 4190
f 4190 4226 4227
f 4190 4227 4191
f 4191 4227 4228
f 4191 4228 4192
f 4192 4228 4229
f 4192 4229 4193
f 4193 4229 4230
f 4193 4230 4194
f 4194 4230 4231
f 4194 4231 4195
f 4195 4231 4232
f 4195 4232 4196
f 4196 4232 4233
f 4196 4233 4197
f 4197 4233 4234
f 4197 4234 4198
f 4198 4234 4235
f 4198 4235 4199
f 4199 4235 4236
f 4199 4236 4200
f 4200 4236 4237
f 4200 4237 4201
f 4201 4237 4238
f 4201 4238 4202
f 4202 4238 4239
f 4202 4239 4203
f 4203 4239 4240
f 4203 4240 4204
f 4204 4240 4241
f 4204 4241 4205
f 4205 4241 4242
f 4205 4242 4206
f 4206 4242 4243
f 4206 4243 4207
f 4207 4243 4244
f 4207 4244 4208
f 4208 4244 4245
f 4208 4245 4209
f 4209 4245 4246
f 4209 4246 4210
f 4210 4246 4247
f 4210 4247 4211
f 4211 4247 4248
f 4211 4248 4212
f 4212 4248 4213
f 4212 4213 4177
f 4213 4249 4250
f 4213 4250 4214
f 4214 4250 4251
f 4214 4251 4215
f 4215 4251 4252
f 4215 4252 4216
f 4216 4252 4253
f 4216 4253 4217
f 4217 4253 4254
f 4217 4254 4218
f 4218 4254 4255
f 4218 4255 4219
f 4219 4255 4256
f 4219 4256 4220
f 4220 4256 4257
f 4220 4257 4221
f 4221 4257 4258
f 4221 4258 4222
f 4222 4258 4259
f 4222 4259 4223
f 4223 4259 4260
f 4223 4260 4224
f 4224 4260 4261
f 4224 4261 4225
f 4225 4261 4262
f 4225 4262 4226
f 4226 4262 4263
f 4226 4263 4227
f 4227 4263 4264
f 4227 4264 4228
f 4228 4264 4265
f 4228 4265 4229
f 4229 4265 4266
f 4229 4266 4230
f 4230 4266 4267
f 4230 4267 4231
f 4231 4267 4268
f 4231 4268 4232
f 4232 4268 4269
f 4232 4269 4233
f 4233 4269 4270
f 4233 4270 4234
f 4234 4270 4271
f 4234 4271 4235
f 4235 4271 4272
f 4235 4272 4236
f 4236 4272 4273
f 4236 4273 4237
f 4237 4273 4274
f 4237 4274 4238
f 4238 4274 4275
f 4238 4275 4239
f 4239 4275 4276
f 4239 4276 4240
f 4240 4276 4277
f 4240 4277 4241
f 4241 4277 4278
f 4241 4278 4242
f 4242 4278 4279
f 4242 4279 4243
f 4243 4279 4280
f 4243 4280 4244
f 4244 4280 4281
f 4244 4281 4245
f 4245 4281 4282
f 4245 4282 4246
f 4246 4282 4283
f 4246 4283 4247
f 4247 4283 4284
f 4247 4284 4248
f 4248 4284 4249
f 4248 4249 4213
f 4249 4285 4286
f 4249 4286 4250
f 4250 4286 4287
f 4250 4287 4251
f 4251 4287 4288
f 4251 4288 4252
f 4252 4288 4289
f 4252 4289 4253
f 4253 4289 4290
f 4253 4290 4254
f 4254 4290 4291
f 4254 4291 4255
f 4255 4291 4292
f 4255 4292 4256
f 4256 4292 4293
f 4256 4293 4257
f 4257 4293 4294
f 4257 4294 4258
f 4258 4294 4295
f 4258 4295 4259
f 4259 4295 4296
f 4259 4296 4260
f 4260 4296 4297
f 4260 4297 4261
f 4261 4297 4298
f 4261 4298 4262
f 4262 4298 4299
f 4262 4299 4263
f 4263 4299 4300
f 4263 4300 4264
f 4264 4300 4301
f 4264 4301 4265
f 4265 4301 4302
f 4265 4302 4266
f 4266 4302 4303
f 4266 4303 4267
f 4267 4303 4304
f 4267 4304 4268
f 4268 4304 4305
f 4268 4305 4269
f 4269 4305 4306
f 4269 4306 4270
f 4270 4306 4307
f 4270 4307 4271
f 4271 4307 4308
f 4271 4308 4272
f 4272 4308 4309
f 4272 4309 4273
f 4273 4309 4310
f 4273 4310 4274
f 4274 4310 4311
f 4274 4311 4275
f 4275 4311 4312
f 4275 4312 4276
f 4276 4312 4313
f 4276 4313 4277
f 4277 4313 4314
f 4277 4314 4278
f 4278 4314 4315
f 4278 4315 4279
f 4279 4315 4316
f 4279 4316 4280
f 4280 4316 4317
f 4280 4317 4281
f 4281 4317 4318
f 4281 4318 4282
f 4282 4318 4319
f 4282 4319 4283
f 4283 4319 4320
f 4283 4320 4284
f 4284 4320 4285
f 4284 4285 4249
f 4285 4321 4322
f 4285 4322 4286
f 4286 4322 4323
f 4286 4323 4287
f 4287 4323 4324
f 4287 4324 4288
f 4288 4324 4325
f 4288 4325 4289
f 4289 4325 4326
f 4289 4326 4290
f 4290 4326 4327
f 4290 4327 4291
f 4291 4327 4328
f 4291 4328 4292
f 4292 4328 4329
f 4292 4329 4293
f 4293 4329 4330
f 4293 4330 4294
f 4294 4330 4331
f 4294 4331 4295
f 4295 4331 4332
f 4295 4332 4296
f 4296 4332 4333
f 4296 4333 4297
f 4297 4333 4334
f 4297 4334 4298
f 4298 4334 4335
f 4298 4335 4299
f 4299 4335 4336
f 4299 4336 4300
f 4300 4336 4337
f 4300 4337 4301
f 4301 4337 4338
f 4301 4338 4302
f 4302 4338 4339
f 4302 4339 4303
f 4303 4339 4340
f 4303 4340 4304
f 4304 4340 4341
f 4304 4341 4305
f 4305 4341 4342
f 4305 4342 4306
f 4306 4342 4343
f 4306 4343 4307
f 4307 4343 4344
f 4307 4344 4308
f 4308 4344 4345
f 4308 4345 4309
f 4309 4345 4346
f 4309 4346 4310
f 4310 4346 4347
f 4310 4347 4311
f 4311 4347 4348
f 4311 4348 4312
f 4312 4348 4349
f 4312 4349 4313
f 4313 4349 4350
f 4313 4350 4314
f 4314 4350 4351
f 4314 4351 4315
f 4315 4351 4352
f 4315 4352 4316
f 4316 4352 4353
f 4316 4353 4317
f 4317 4353 4354
f 4317 4354 4318
f 4318 4354 4355
f 4318 4355 4319
f 4319 4355 4356
f 4319 4356 4320
f 4320 4356 4321
f 4320 4321 4285
f 4321 4357 4358
f 4321 4358 4322
f 4322 4358 4359
f 4322 4359 4323
f 4323 4359 4360
f 4323 4360 4324
f 4324 4360 4361
f 4324 4361 4325
f 4325 4361 4362
f 4325 4362 4326
f 4326 4362 4363
f 4326 4363 4327
f 4327 4363 4364
f 4327 4364 4328
f 4328 4364 4365
f 4328 4365 4329
f 4329 4365 4366
f 4329 4366 4330
f 4330 4366 4367
f 4330 4367 4331
f 4331 4367 4368
f 4331 4368 4332
f 4332 4368 4369
f 4332 4369 4333
f 4333 4369 4370
f 4333 4370 4334
f 4334 4370 4371
f 4334 4371 4335
f 4335 4371 4372
f 4335 4372 4336
f 4336 4372 4373
f 4336 4373 4337
f 4337 4373 4374
f 4337 4374 4338
f 4338 4374 4375
f 4338 4375 4339
f 4339 4375 4376
f 4339 4376 4340
f 4340 4376 4377
f 4340 4377 4341
f 4341 4377 4378
f 4341 4378 4342
f 4342 4378 4379
f 4342 4379 4343
f 4343 4379 4380
f 4343 4380 4344
f 4344 4380 4381
f 4344 4381 4345
f 4345 4381 4382
f 4345 4382 4346
f 4346 4382 4383
f 4346 4383 4347
f 4347 4383 4384
f 4347 4384 4348
f 4348 4384 4385
f 4348 4385 4349
f 4349 4385 4386
f 4349 4386 4350
f 4350 4386 4387
f 4350 4387 4351
f 4351 4387 4388
f 4351 4388 4352
f 4352 4388 4389
f 4352 4389 4353
f 4353 4389 4390
f 4353 4390 4354
f 4354 4390 4391
f 4354 4391 4355
f 4355 4391 4392
f 4355 4392 4356
f 4356 4392 4357
f 4356 4357 4321
f 4357 4393 4394
f 4357 4394 4358
f 4358 4394 4395
f 4358 4395 4359
f 4359 4395 4396
f 4359 4396 4360
f 4360 4396 4397
f 4360 4397 4361
f 4361 4397 4398
f 4361 4398 4362
f 4362 4398 4399
f 4362 4399 4363
f 4363 4399 4400
f 4363 4400 4364
f 4364 4400 4401
f 4364 4401 4365
f 4365 4401 4402
f 4365 4402 4366
f 4366 4402 4403
f 4366 4403 4367
f 4367 4403 4404
f 4367 4404 4368
f 4368 4404 4405
f 4368 4405 4369
f 4369 4405 4406
f 4369 4406 4370
f 4370 4406 4407
f 4370 4407 4371
f 4371 4407 4408
f 4371 4408 4372
f 4372 4408 4409
f 4372 4409 4373
f 4373 4409 4410
f 4373 4410 4374
f 4374 4410 4411
f 4374 4411 4375
f 4375 4411 4412
f 4375 4412 4376
f 4376 4412 4413
f 4376 4413 4377
f 4377 4413 4414
f 4377 4414 4378
f 4378 4414 4415
f 4378 4415 4379
f 4379 4415 4416
f 4379 4416 4380
f 4380 4416 4417
f 4380 4417 4381
f 4381 4417 4418
f 4381 4418 4382
f 4382 4418 4419
f 4382 4419 4383
f 4383 4419 4420
f 4383 4420 4384
f 4384 4420 4421
f 4384 4421 4385
f 4385 4421 4422
f 4385 4422 4386
f 4386 4422 4423
f 4386 4423 4387
f 4387 4423 4424
f 4387 4424 4388
f 4388 4424 4425
f 4388 4425 4389
f 4389 4425 4426
f 4389 4426 4390
f 4390 4426 4427
f 4390 4427 4391
f 4391 4427 4428
f 4391 4428 4392
f 4392 4428 4393
f 4392 4393 4357
f 4393 4429 4430
f 4393 4430 4394
f 4394 4430 4431
f 4394 4431 4395
f 4395 4431 4432
f 4395 4432 4396
f 4396 4432 4433
f 4396 4433 4397
f 4397 4433 4434
f 4397 4434 4398
f 4398 4434 4435
f 4398 4435 4399
f 4399 4435 4436
f 4399 4436 4400
f 4400 4436 4437
f 4400 4437 4401
f 4401 4437 4438
f 4401 4438 4402
f 4402 4438 4439
f 4402 4439 4403
f 4403 4439 4440
f 4403 4440 4404
f 4404 4440 4441
f 4404 4441 4405
f 4405 4441 4442
f 4405 4442 4406
f 4406 4442 4443
f 4406 4443 4407
f 4407 4443 4444
f 4407 4444 4408
f 4408 4444 4445
f 4408 4445 4409
f 4409 4445 4446
f 4409 4446 4410
f 4410 4446 4447
f 4410 4447 4411
f 4411 4447 4448
f 4411 4448 4412
f 4412 4448 4449
f 4412 4449 4413
f 4413 4449 4450
f 4413 4450 4414
f 4414 4450 4451
f 4414 4451 4415
f 4415 4451 4452
f 4415 4452 4416
f 4416 4452 4453
f 4416 4453 4417
f 4417 4453 4454
f 4417 4454 4418
f 4418 4454 4455
f 4418 4455 4419
f 4419 4455 4456
f 4419 4456 4420
f 4420 4456 4457
f 4420 4457 4421
f 4421 4457 4458
f 4421 4458 4422
f 4422 4458 4459
f 4422 4459 4423
f 4423 4459 4460
f 4423 4460 4424
f 4424 4460 4461
f 4424 4461 4425
f 4425 4461 4462
f 4425 4462 4426
f 4426 4462 4463
f 4426 4463 4427
f 4427 4463 4464
f 4427 4464 4428
f 4428 4464 4429
f 4428 4429 4393
f 4429 4465 4466
f 4429 4466 4430
f 4430 4466 4467
f 4430 4467 4431
f 4431 4467 4468
f 4431 4468 4432
f 4432 4468 4469
f 4432 4469 4433
f 4433 4469 4470
f 4433 4470 4434
f 4434 4470 4471
f 4434 4471 4435
f 4435 4471 4472
f 4435 4472 4436
f 4436 4472 4473
f 4436 4473 4437
f 4437 4473 4474
f 4437 4474 4438
f 4438 4474 4475
f 4438 4475 4439
f 4439 4475 4476
f 4439 4476 4440
f 4440 4476 4477
f 4440 4477 4441
f 4441 4477 4478
f 4441 4478 4442
f 4442 4478 4479
f 4442 4479 4443
f 4443 4479 4480
f 4443 4480 4444
f 4444 4480 4481
f 4444 4481 4445
f 4445 4481 4482
f 4445 4482 4446
f 4446 4482 4483
f 4446 4483 4447
f 4447 4483 4484
f 4447 4484 4448
f 4448 4484 4485
f 4448 4485 4449
f 4449 4485 4486
f 4449 4486 4450
f 4450 4486 4487
f 4450 4487 4451
f 4451 4487 4488
f 4451 4488 4452
f 4452 4488 4489
f 4452 4489 4453
f 4453 4489 4490
f 4453 4490 4454
f 4454 4490 4491
f 4454 4491 4455
f 4455 4491 4492
f 4455 4492 4456
f 4456 4492 4493
f 4456 4493 4457
f 4457 4493 4494
f 4457 4494 4458
f 4458 4494 4495
f 4458 4495 4459
f 4459 4495 4496
f 4459 4496 4460
f 4460 4496 4497
f 4460 4497 4461
f 4461 4497 4498
f 4461 4498 4462
f 4462 4498 4499
f 4462 4499 4463
f 4463 4499 4500
f 4463 4500 4464
f 4464 4500 4465
f 4464 4465 4429
f 4465 4501 4502
f 4465 4502 4466
f 4466 4502 4503
f 4466 4503 4467
f 4467 4503 4504
f 4467 4504 4468
f 4468 4504 4505
f 4468 4505 4469
f 4469 4505 4506
f 4469 4506 4470
f 4470 4506 4507
f 4470 4507 4471
f 4471 4507 4508
f 4471 4508 4472
f 4472 4508 4509
f 4472 4509 4473
f 4473 4509 4510
f 4473 4510 4474
f 4474 4510 4511
f 4474 4511 4475
f 4475 4511 4512
f 4475 4512 4476
f 4476 4512 4513
f 4476 4513 4477
f 4477 4513 4514
f 4477 4514 4478
f 4478 4514 4515
f 4478 4515 4479
f 4479 4515 4516
f 4479 4516 4480
f 4480 4516 4517
f 4480 4517 4481
f 4481 4517 4518
f 4481 4518 4482
f 4482 4518 4519
f 4482 4519 4483
f 4483 4519 4520
f 4483 4520 4484
f 4484 4520 4521
f 4484 4521 4485
f 4485 4521 4522
f 4485 4522 4486
f 4486 4522 4523
f 4486 4523 4487
f 4487 4523 4524
f 4487 4524 4488
f 4488 4524 4525
f 4488 4525 4489
f 4489 4525 4526
f 4489 4526 4490
f 4490 4526 4527
f 4490 4527 4491
f 4491 4527 4528
f 4491 4528 4492
f 4492 4528 4529
f 4492 4529 4493
f 4493 4529 4530
f 4493 4530 4494
f 4494 4530 4531
f 4494 4531 4495
f 4495 4531 4532
f 4495 4532 4496
f 4496 4532 4533
f 4496 4533 4497
f 4497 4533 4534
f 4497 4534 4498
f 4498 4534 4535
f 4498 4535 4499
f 4499 4535 4536
f 4499 4536 4500
f 4500 4536 4501
f 4500 4501 4465
f 4501 4537 4538
f 4501 4538 4502
f 4502 4538 4539
f 4502 4539 4503
f 4503 4539 4540
f 4503 4540 4504
f 4504 4540 4541
f 4504 4541 4505
f 4505 4541 4542
f 4505 4542 4506
f 4506 4542 4543
f 4506 4543 4507
f 4507 4543 4544
f 4507 4544 4508
f 4508 4544 4545
f 4508 4545 4509
f 4509 4545 4546
f 4509 4546 4510
f 4510 4546 4547
f 4510 4547 4511
f 4511 4547 4548
f 4511 4548 4512
f 4512 4548 4549
f 4512 4549 4513
f 4513 4549 4550
f 4513 4550 4514
f 4514 4550 4551
f 4514 4551 4515
f 4515 4551 4552
f 4515 4552 4516
f 4516 4552 4553
f 4516 4553 4517
f 4517 4553 4554
f 4517 4554 4518
f 4518 4554 4555
f 4518 4555 4519
f 4519 4555 4556
f 4519 4556 4520
f 4520 4556 4557
f 4520 4557 4521
f 4521 4557 4558
f 4521 4558 4522
f 4522 4558 4559
f 4522 4559 4523
f 4523 4559 4560
f 4523 4560 4524
f 4524 4560 4561
f 4524 4561 4525
f 4525 4561 4562
f 4525 4562 4526
f 4526 4562 4563
f 4526 4563 4527
f 4527 4563 4564
f 4527 4564 4528
f 4528 4564 4565
f 4528 4565 4529
f 4529 4565 4566
f 4529 4566 4530
f 4530 4566 4567
f 4530 4567 4531
f 4531 4567 4568
f 4531 4568 4532
f 4532 4568 4569
f 4532 4569 4533
f 4533 4569 4570
f 4533 4570 4534
f 4534 4570 4571
f 4534 4571 4535
f 4535 4571 4572
f 4535 4572 4536
f 4536 4572 4537
f 4536 4537 4501
f 4537 4573 4574
f 4537 4574 4538
f 4538 4574 4575
f 4538 4575 4539
f 4539 4575 4576
f 4539 4576 4540
f 4540 4576 4577
f 4540 4577 4541
f 4541 4577 4578
f 4541 4578 4542
f 4542 4578 4579
f 4542 4579 4543
f 4543 4579 4580
f 4543 4580 4544
f 4544 4580 4581
f 4544 4581 4545
f 4545 4581 4582
f 4545 4582 4546
f 4546 4582 4583
f 4546 4583 4547
f 4547 4583 4584
f 4547 4584 4548
f 4548 4584 4585
f 4548 4585 4549
f 4549 4585 4586
f 4549 4586 4550
f 4550 4586 4587
f 4550 4587 4551
f 4551 4587 4588
f 4551 4588 4552
f 4552 4588 4589
f 4552 4589 4553
f 4553 4589 4590
f 4553 4590 4554
f 4554 4590 4591
f 4554 4591 4555
f 4555 4591 4592
f 4555 4592 4556
f 4556 4592 4593
f 4556 4593 4557
f 4557 4593 4594
f 4557 4594 4558
f 4558 4594 4595
f 4558 4595 4559
f 4559 4595 4596
f 4559 4596 4560
f 4560 4596 4597
f 4560 4597 4561
f 4561 4597 4598
f 4561 4598 4562
f 4562 4598 4599
f 4562 4599 4563
f 4563 4599 4600
f 4563 4600 4564
f 4564 4600 4601
f 4564 4601 4565
f 4565 4601 4602
f 4565 4602 4566
f 4566 4602 4603
f 4566 4603 4567
f 4567 4603 4604
f 4567 4604 4568
f 4568 4604 4605
f 4568 4605 4569
f 4569 4605 4606
f 4569 4606 4570
f 4570 4606 4607
f 4570 4607 4571
f 4571 4607 4608
f 4571 4608 4572
f 4572 4608 4573
f 4572 4573 4537
f 4573 4609 4610
f 4573 4610 4574
f 4574 4610 4611
f 4574 4611 4575
f 4575 4611 4612
f 4575 4612 4576
f 4576 4612 4613
f 4576 4613 4577
f 4577 4613 4614
f 4577 4614 4578
f 4578 4614 4615
f 4578 4615 4579
f 4579 4615 4616
f 4579 4616 4580
f 4580 4616 4617
f 4580 4617 4581
f 4581 4617 4618
f 4581 4618 4582
f 4582 4618 4619
f 4582 4619 4583
f 4583 4619 4620
f 4583 4620 4584
f 4584 4620 4621
f 4584 4621 4585
f 4585 4621 4622
f 4585 4622 4586
f 4586 4622 4623
f 4586 4623 4587
f 4587 4623 4624
f 4587 4624 4588
f 4588 4624 4625
f 4588 4625 4589
f 4589 4625 4626
f 4589 4626 4590
f 4590 4626 4627
f 4590 4627 4591
f 4591 4627 4628
f 4591 4628 4592
f 4592 4628 4629
f 4592 4629 4593
f 4593 4629 4630
f 4593 4630 4594
f 4594 4630 4631
f 4594 4631 4595
f 4595 4631 4632
f 4595 4632 4596
f 4596 4632 4633
f 4596 4633 4597
f 4597 4633 4634
f 4597 4634 4598
f 4598 4634 4635
f 4598 4635 4599
f 4599 4635 4636
f 4599 4636 4600
f 4600 4636 4637
f 4600 4637 4601
f 4601 4637 4638
f 4601 4638 4602
f 4602 4638 4639
f 4602 4639 4603
f 4603 4639 4640
f 4603 4640 4604
f 4604 4640 4641
f 4604 4641 4605
f 4605 4641 4642
f 4605 4642 4606
f 4606 4642 4643
f 4606 4643 4607
f 4607 4643 4644
f 4607 4644 4608
f 4608 4644 4609
f 4608 4609 4573
f 4609 4645 4646
f 4609 4646 4610
f 4610 4646 4647
f 4610 4647 4611
f 4611 4647 4648
f 4611 4648 4612
f 4612 4648 4649
f 4612 4649 4613
f 4613 4649 4650
f 4613 4650 4614
f 4614 4650 4651
f 4614 4651 4615
f 4615 4651 4652
f 4615 4652 4616
f 4616 4652 4653
f 4616 4653 4617
f 4617 4653 4654
f 4617 4654 4618
f 4618 4654 4655
f 4618 4655 4619
f 4619 4655 4656
f 4619 4656 4620
f 4620 4656 4657
f 4620 4657 4621
f 4621 4657 4658
f 4621 4658 4622
f 4622 4658 4659
f 4622 4659 4623
f 4623 4659 4660
f 4623 4660 4624
f 4624 4660 4661
f 4624 4661 4625
f 4625 4661 4662
f 4625 4662 4626
f 4626 4662 4663
f 4626 4663 4627
f 4627 4663 4664
f 4627 4664 4628
f 4628 4664 4665
f 4628 4665 4629
f 4629 4665 4666
f 4629 4666 4630
f 4630 4666 4667
f 4630 4667 4631
f 4631 4667 4668
f 4631 4668 4632
f 4632 4668 4669
f 4632 4669 4633
f 4633 4669 4670
f 4633 4670 4634
f 4634 4670 4671
f 4634 4671 4635
f 4635 4671 4672
f 4635 4672 4636
f 4636 4672 4673
f 4636 4673 4637
f 4637 4673 4674
f 4637 4674 4638
f 4638 4674 4675
f 4638 4675 4639
f 4639 4675 4676
f 4639 4676 4640
f 4640 4676 4677
f 4640 4677 4641
f 4641 4677 4678
f 4641 4678 4642
f 4642 4678 4679
f 4642 4679 4643
f 4643 4679 4680
f 4643 4680 4644
f 4644 4680 4645
f 4644 4645 4609
f 4645 4681 4682
f 4645 4682 4646
f 4646 4682 4683
f 4646 4683 4647
f 4647 4683 4684
f 4647 4684 4648
f 4648 4684 4685
f 4648 4685 4649
f 4649 4685 4686
f 4649 4686 4650
f 4650 4686 4687
f 4650 4687 4651
f 4651 4687 4688
f 4651 4688 4652
f 4652 4688 4689
f 4652 4689 4653
f 4653 4689 4690
f 4653 4690 4654
f 4654 4690 4691
f 4654 4691 4655
f 4655 4691 4692
f 4655 4692 4656
f 4656 4692 4693
f 4656 4693 4657
f 4657 4693 4694
f 4657 4694 4658
f 4658 4694 4695
f 4658 4695 4659
f 4659 4695 4696
f 4659 4696 4660
f 4660 4696 4697
f 4660 4697 4661
f 4661 4697 4698
f 4661 4698 4662
f 4662 4698 4699
f 4662 4699 4663
f 4663 4699 4700
f 4663 4700 4664
f 4664 4700 4701
f 4664 4701 4665
f 4665 4701 4702
f 4665 4702 4666
f 4666 4702 4703
f 4666 4703 4667
f 4667 4703 4704
f 4667 4704 4668
f 4668 4704 4705
f 4668 4705 4669
f 4669 4705 4706
f 4669 4706 4670
f 4670 4706 4707
f 4670 4707 4671
f 4671 4707 4708
f 4671 4708 4672
f 4672 4708 4709
f 4672 4709 4673
f 4673 4709 4710
f 4673 4710 4674
f 4674 4710 4711
f 4674 4711 4675
f 4675 4711 4712
f 4675 4712 4676
f 4676 4712 4713
f 4676 4713 4677
f 4677 4713 4714
f 4677 4714 4678
f 4678 4714 4715
f 4678 4715 4679
f 4679 4715 4716
f 4679 4716 4680
f 4680 4716 4681
f 4680 4681 4645
f 4681 4717 4718
f 4681 4718 4682
f 4682 4718 4719
f 4682 4719 4683
f 4683 4719 4720
f 4683 4720 4684
f 4684 4720 4721
f 4684 4721 4685
f 4685 4721 4722
f 4685 4722 4686
f 4686 4722 4723
f 4686 4723 4687
f 4687 4723 4724
f 4687 4724 4688
f 4688 4724 4725
f 4688 4725 4689
f 4689 4725 4726
f 4689 4726 4690
f 4690 4726 4727
f 4690 4727 4691
f 4691 4727 4728
f 4691 4728 4692
f 4692 4728 4729
f 4692 4729 4693
f 4693 4729 4730
f 4693 4730 4694
f 4694 4730 4731
f 4694 4731 4695
f 4695 4731 4732
f 4695 4732 4696
f 4696 4732 4733
f 4696 4733 4697
f 4697 4733 4734
f 4697 4734 4698
f 4698 4734 4735
f 4698 4735 4699
f 4699 4735 4736
f 4699 4736 4700
f 4700 4736 4737
f 4700 4737 4701
f 4701 4737 4738
f 4701 4738 4702
f 4702 4738 4739
f 4702 4739 4703
f 4703 4739 4740
f 4703 4740 4704
f 4704 4740 4741
f 4704 4741 4705
f 4705 4741 4742
f 4705 4742 4706
f 4706 4742 4743
f 4706 4743 4707
f 4707 4743 4744
f 4707 4744 4708
f 4708 4744 4745
f 4708 4745 4709
f 4709 4745 4746
f 4709 4746 4710
f 4710 4746 4747
f 4710 4747 4711
f 4711 4747 4748
f 4711 4748 4712
f 4712 4748 4749
f 4712 4749 4713
f 4713 4749 4750
f 4713 4750 4714
f 4714 4750 4751
f 4714 4751 4715
f 4715 4751 4752
f 4715 4752 4716
f 4716 4752 4717
f 4716 4717 4681
f 4717 4753 4754
f 4717 4754 4718
f 4718 4754 4755
f 4718 4755 4719
f 4719 4755 4756
f 4719 4756 4720
f 4720 4756 4757
f 4720 4757 4721
f 4721 4757 4758
f 4721 4758 4722
f 4722 4758 4759
f 4722 4759 4723
f 4723 4759 4760
f 4723 4760 4724
f 4724 4760 4761
f 4724 4761 4725
f 4725 4761 4762
f 4725 4762 4726
f 4726 4762 4763
f 4726 4763 4727
f 4727 4763 4764
f 4727 4764 4728
f 4728 4764 4765
f 4728 4765 4729
f 4729 4765 4766
f 4729 4766 4730
f 4730 4766 4767
f 4730 4767 4731
f 4731 4767 4768
f 4731 4768 4732
f 4732 4768 4769
f 4732 4769 4733
f 4733 4769 4770
f 4733 4770 4734
f 4734 4770 4771
f 4734 4771 4735
f 4735 4771 4772
f 4735 4772 4736
f 4736 4772 4773
f 4736 4773 4737
f 4737 4773 4774
f 4737 4774 4738
f 4738 4774 4775
f 4738 4775 4739
f 4739 4775 4776
f 4739 4776 4740
f 4740 4776 4777
f 4740 4777 4741
f 4741 4777 4778
f 4741 4778 4742
f 4742 4778 4779
f 4742 4779 4743
f 4743 4779 4780
f 4743 4780 4744
f 4744 4780 4781
f 4744 4781 4745
f 4745 4781 4782
f 4745 4782 4746
f 4746 4782 4783
f 4746 4783 4747
f 4747 4783 4784
f 4747 4784 4748
f 4748 4784 4785
f 4748 4785 4749
f 4749 4785 4786
f 4749 4786 4750
f 4750 4786 4787
f 4750 4787 4751
f 4751 4787 4788
f 4751 4788 4752
f 4752 4788 4753
f 4752 4753 4717
f 4753 4789 4790
f 4753 4790 4754
f 4754 4790 4791
f 4754 4791 4755
f 4755 4791 4792
f 4755 4792 4756
f 4756 4792 4793
f 4756 4793 4757
f 4757 4793 4794
f 4757 4794 4758
f 4758 4794 4795
f 4758 4795 4759
f 4759 4795 4796
f 4759 4796 4760
f 4760 4796 4797
f 4760 4797 4761
f 4761 4797 4798
f 4761 4798 4762
f 4762 4798 4799
f 4762 4799 4763
f 4763 4799 4800
f 4763 4800 4764
f 4764 4800 4801
f 4764 4801 4765
f 4765 4801 4802
f 4765 4802 4766
f 4766 4802 4803
f 4766 4803 4767
f 4767 4803 4804
f 4767 4804 4768
f 4768 4804 4805
f 4768 4805 4769
f 4769 4805 4806
f 4769 4806 4770
f 4770 4806 4807
f 4770 4807 4771
f 4771 4807 4808
f 4771 4808 4772
f 4772 4808 4809
f 4772 4809 4773
f 4773 4809 4810
f 4773 4810 4774
f 4774 4810 4811
f 4774 4811 4775
f 4775 4811 4812
f 4775 4812 4776
f 4776 4812 4813
f 4776 4813 4777
f 4777 4813 4814
f 4777 4814 4778
f 4778 4814 4815
f 4778 4815 4779
f 4779 4815 4816
f 4779 4816 4780
f 4780 4816 4817
f 4780 4817 4781
f 4781 4817 4818
f 4781 4818 4782
f 4782 4818 4819
f 4782 4819 4783
f 4783 4819 4820
f 4783 4820 4784
f 4784 4820 4821
f 4784 4821 4785
f 4785 4821 4822
f 4785 4822 4786
f 4786 4822 4823
f 4786 4823 4787
f 4787 4823 4824
f 4787 4824 4788
f 4788 4824 4789
f 4788 4789 4753
f 4789 4825 4826
f 4789 4826 4790
f 4790 4826 4827
f 4790 4827 4791
f 4791 4827 4828
f 4791 4828 4792
f 4792 4828 4829
f 4792 4829 4793
f 4793 4829 4830
f 4793 4830 4794
f 4794 4830 4831
f 4794 4831 4795
f 4795 4831 4832
f 4795 4832 4796
f 4796 4832 4833
f 4796 4833 4797
f 4797 4833 4834
f 4797 4834 4798
f 4798 4834 4835
f 4798 4835 4799
f 4799 4835 4836
f 4799 4836 4800
f 4800 4836 4837
f 4800 4837 4801
f 4801 4837 4838
f 4801 4838 4802
f 4802 4838 4839
f 4802 4839 4803
f 4803 4839 4840
f 4803 4840 4804
f 4804 4840 4841
f 4804 4841 4805
f 4805 4841 4842
f 4805 4842 4806
f 4806 4842 4843
f 4806 4843 4807
f 4807 4843 4844
f 4807 4844 4808
f 4808 4844 4845
f 4808 4845 4809
f 4809 4845 4846
f 4809 4846 4810
f 4810 4846 4847
f 4810 4847 4811
f 4811 4847 4848
f 4811 4848 4812
f 4812 4848 4849
f 4812 4849 4813
f 4813 4849 4850
f 4813 4850 4814
f 4814 4850 4851
f 4814 4851 4815
f 4815 4851 4852
f 4815 4852 4816
f 4816 4852 4853
f 4816 4853 4817
f 4817 4853 4854
f 4817 4854 4818
f 4818 4854 4855
f 4818 4855 4819
f 4819 4855 4856
f 4819 4856 4820
f 4820 4856 4857
f 4820 4857 4821
f 4821 4857 4858
f 4821 4858 4822
f 4822 4858 4859
f 4822 4859 4823
f 4823 4859 4860
f 4823 4860 4824
f 4824 4860 4825
f 4824 4825 4789
f 4825 4861 4862
f 4825 4862 4826
f 4826 4862 4863
f 4826 4863 4827
f 4827 4863 4864
f 4827 4864 4828
f 4828 4864 4865
f 4828 4865 4829
f 4829 4865 4866
f 4829 4866 4830
f 4830 4866 4867
f 4830 4867 4831
f 4831 4867 4868
f 4831 4868 4832
f 4832 4868 4869
f 4832 4869 4833
f 4833 4869 4870
f 4833 4870 4834
f 4834 4870 4871
f 4834 4871 4835
f 4835 4871 4872
f 4835 4872 4836
f 4836 4872 4873
f 4836 4873 4837
f 4837 4873 4874
f 4837 4874 4838
f 4838 4874 4875
f 4838 4875 4839
f 4839 4875 4876
f 4839 4876 4840
f 4840 4876 4877
f 4840 4877 4841
f 4841 4877 4878
f 4841 4878 4842
f 4842 4878 4879
f 4842 4879 4843
f 4843 4879 4880
f 4843 4880 4844
f 4844 4880 4881
f 4844 4881 4845
f 4845 4881 4882
f 4845 4882 4846
f 4846 4882 4883
f 4846 4883 4847
f 4847 4883 4884
f 4847 4884 4848
f 4848 4884 4885
f 4848 4885 4849
f 4849 4885 4886
f 4849 4886 4850
f 4850 4886 4887
f 4850 4887 4851
f 4851 4887 4888
f 4851 4888 4852
f 4852 4888 4889
f 4852 4889 4853
f 4853 4889 4890
f 4853 4890 4854
f 4854 4890 4891
f 4854 4891 4855
f 4855 4891 4892
f 4855 4892 4856
f 4856 4892 4893
f 4856 4893 4857
f 4857 4893 4894
f 4857 4894 4858
f 4858 4894 4895
f 4858 4895 4859
f 4859 4895 4896
f 4859 4896 4860
f 4860 4896 4861
f 4860 4861 4825
f 4861 4897 4898
f 4861 4898 4862
f 4862 4898 4899
f 4862 4899 4863
f 4863 4899 4900
f 4863 4900 4864
f 4864 4900 4901
f 4864 4901 4865
f 4865 4901 4902
f 4865 4902 4866
f 4866 4902 4903
f 4866 4903 4867
f 4867 4903 4904
f 4867 4904 4868
f 4868 4904 4905
f 4868 4905 4869
f 4869 4905 4906
f 4869 4906 4870
f 4870 4906 4907
f 4870 4907 4871
f 4871 4907 4908
f 4871 4908 4872
f 4872 4908 4909
f 4872 4909 4873
f 4873 4909 4910
f 4873 4910 4874
f 4874 4910 4911
f 4874 4911 4875
f 4875 4911 4912
f 4875 4912 4876
f 4876 4912 4913
f 4876 4913 4877
f 4877 4913 4914
f 4877 4914 4878
f 4878 4914 4915
f 4878 4915 4879
f 4879 4915 4916
f 4879 4916 4880
f 4880 4916 4917
f 4880 4917 4881
f 4881 4917 4918
f 4881 4918 4882
f 4882 4918 4919
f 4882 4919 4883
f 4883 4919 4920
f 4883 4920 4884
f 4884 4920 4921
f 4884 4921 4885
f 4885 4921 4922
f 4885 4922 4886
f 4886 4922 4923
f 4886 4923 4887
f 4887 4923 4924
f 4887 4924 4888
f 4888 4924 4925
f 4888 4925 4889
f 4889 4925 4926
f 4889 4926 4890
f 4890 4926 4927
f 4890 4927 4891
f 4891 4927 4928
f 4891 4928 4892
f 4892 4928 4929
f 4892 4929 4893
f 4893 4929 4930
f 4893 4930 4894
f 4894 4930 4931
f 4894 4931 4895
f 4895 4931 4932
f 4895 4932 4896
f 4896 4932 4897
f 4896 4897 4861
f 4897 4933 4934
f 4897 4934 4898
f 4898 4934 4935
f 4898 4935 4899
f 4899 4935 4936
f 4899 4936 4900
f 4900 4936 4937
f 4900 4937 4901
f 4901 4937 4938
f 4901 4938 4902
f 4902 4938 4939
f 4902 4939 4903
f 4903 4939 4940
f 4903 4940 4904
f 4904 4940 4941
f 4904 4941 4905
f 4905 4941 4942
f 4905 4942 4906
f 4906 4942 4943
f 4906 4943 4907
f 4907 4943 4944
f 4907 4944 4908
f 4908 4944 4945
f 4908 4945 4909
f 4909 4945 4946
f 4909 4946 4910
f 4910 4946 4947
f 4910 4947 4911
f 4911 4947 4948
f 4911 4948 4912
f 4912 4948 4949
f 4912 4949 4913
f 4913 4949 4950
f 4913 4950 4914
f 4914 4950 4951
f 4914 4951 4915
f 4915 4951 4952
f 4915 4952 4916
f 4916 4952 4953
f 4916 4953 4917
f 4917 4953 4954
f 4917 4954 4918
f 4918 4954 4955
f 4918 4955 4919
f 4919 4955 4956
f 4919 4956 4920
f 4920 4956 4957
f 4920 4957 4921
f 4921 4957 4958
f 4921 4958 4922
f 4922 4958 4959
f 4922 4959 4923
f 4923 4959 4960
f 4923 4960 4924
f 4924 4960 4961
f 4924 4961 4925
f 4925 4961 4962
f 4925 4962 4926
f 4926 4962 4963
f 4926 4963 4927
f 4927 4963 4964
f 4927 4964 4928
f 4928 4964 4965
f 4928 4965 4929
f 4929 4965 4966
f 4929 4966 4930
f 4930 4966 4967
f 4930 4967 4931
f 4931 4967 4968
f 4931 4968 4932
f 4932 4968 4933
f 4932 4933 4897
f 4933 4969 4970
f 4933 4970 4934
f 4934 4970 4971
f 4934 4971 4935
f 4935 4971 4972
f 4935 4972 4936
f 4936 4972 4973
f 4936 4973 4937
f 4937 4973 4974
f 4937 4974 4938
f 4938 4974 4975
f 4938 4975 4939
f 4939 4975 4976
f 4939 4976 4940
f 4940 4976 4977
f 4940 4977 4941
f 4941 4977 4978
f 4941 4978 4942
f 4942 4978 4979
f 4942 4979 4943
f 4943 4979 4980
f 4943 4980 4944
f 4944 4980 4981
f 4944 4981 4945
f 4945 4981 4982
f 4945 4982 4946
f 4946 4982 4983
f 4946 4983 4947
f 4947 4983 4984
f 4947 4984 4948
f 4948 4984 4985
f 4948 4985 4949
f 4949 4985 4986
f 4949 4986 4950
f 4950 4986 4987
f 4950 4987 4951
f 4951 4987 4988
f 4951 4988 4952
f 4952 4988 4989
f 4952 4989 4953
f 4953 4989 4990
f 4953 4990 4954
f 4954 4990 4991
f 4954 4991 4955
f 4955 4991 4992
f 4955 4992 4956
f 4956 4992 4993
f 4956 4993 4957
f 4957 4993 4994
f 4957 4994 4958
f 4958 4994 4995
f 4958 4995 4959
f 4959 4995 4996
f 4959 4996 4960
f 4960 4996 4997
f 4960 4997 4961
f 4961 4997 4998
f 4961 4998 4962
f 4962 4998 4999
f 4962 4999 4963
f 4963 4999 5000
f 4963 5000 4964
f 4964 5000 5001
f 4964 5001 4965
f 4965 5001 5002
f 4965 5002 4966
f 4966 5002 5003
f 4966 5003 4967
f 4967 5003 5004
f 4967 5004 4968
f 4968 5004 4969
f 4968 4969 4933
f 4969 5005 5006
f 4969 5006 4970
f 4970 5006 5007
f 4970 5007 4971
f 4971 5007 5008
f 4971 5008 4972
f 4972 5008 5009
f 4972 5009 4973
f 4973 5009 5010
f 4973 5010 4974
f 4974 5010 5011
f 4974 5011 4975
f 4975 5011 5012
f 4975 5012 4976
f 4976 5012 5013
f 4976 5013 4977
f 4977 5013 5014
f 4977 5014 4978
f 4978 5014 5015
f 4978 5015 4979
f 4979 5015 5016
f 4979 5016 4980
f 4980 5016 5017
f 4980 5017 4981
f 4981 5017 5018
f 4981 5018 4982
f 4982 5018 5019
f 4982 5019 4983
f 4983 5019 5020
f 4983 5020 4984
f 4984 5020 5021
f 4984 5021 4985
f 4985 5021 5022
f 4985 5022 4986
f 4986 5022 5023
f 4986 5023 4987
f 4987 5023 5024
f 4987 5024 4988
f 4988 5024 5025
f 4988 5025 4989
f 4989 5025 5026
f 4989 5026 4990
f 4990 5026 5027
f 4990 5027 4991
f 4991 5027 5028
f 4991 5028 4992
f 4992 5028 5029
f 4992 5029 4993
f 4993 5029 5030
f 4993 5030 4994
f 4994 5030 5031
f 4994 5031 4995
f 4995 5031 5032
f 4995 5032 4996
f 4996 5032 5033
f 4996 5033 4997
f 4997 5033 5034
f 4997 5034 4998
f 4998 5034 5035
f 4998 5035 4999
f 4999 5035 5036
f 4999 5036 5000
f 5000 5036 5037
f 5000 5037 5001
f 5001 5037 5038
f 5001 5038 5002
f 5002 5038 5039
f 5002 5039 5003
f 5003 5039 5040
f 5003 5040 5004
f 5004 5040 5005
f 5004 5005 4969
f 5005 5041 5042
f 5005 5042 5006
f 5006 5042 5043
f 5006 5043 5007
f 5007 5043 5044
f 5007 5044 5008
f 5008 5044 5045
f 5008 5045 5009
f 5009 5045 5046
f 5009 5046 5010
f 5010 5046 5047
f 5010 5047 5011
f 5011 5047 5048
f 5011 5048 5012
f 5012 5048 5049
f 5012 5049 5013
f 5013 5049 5050
f 5013 5050 5014
f 5014 5050 5051
f 5014 5051 5015
f 5015 5051 5052
f 5015 5052 5016
f 5016 5052 5053
f 5016 5053 5017
f 5017 5053 5054
f 5017 5054 5018
f 5018 5054 5055
f 5018 5055 5019
f 5019 5055 5056
f 5019 5056 5020
f 5020 5056 5057
f 5020 5057 5021
f 5021 5057 5058
f 5021 5058 5022
f 5022 5058 5059
f 5022 5059 5023
f 5023 5059 5060
f 5023 5060 5024
f 5024 5060 5061
f 5024 5061 5025
f 5025 5061 5062
f 5025 5062 5026
f 5026 5062 5063
f 5026 5063 5027
f 5027 5063 5064
f 5027 5064 5028
f 5028 5064 5065
f 5028 5065 5029
f 5029 5065 5066
f 5029 5066 5030
f 5030 5066 5067
f 5030 5067 5031
f 5031 5067 5068
f 5031 5068 5032
f 5032 5068 5069
f 5032 5069 5033
f 5033 5069 5070
f 5033 5070 5034
f 5034 5070 5071
f 5034 5071 5035
f 5035 5071 5072
f 5035 5072 5036
f 5036 5072 5073
f 5036 5073 5037
f 5037 5073 5074
f 5037 5074 5038
f 5038 5074 5075
f 5038 5075 5039
f 5039 5075 5076
f 5039 5076 5040
f 5040 5076 5041
f 5040 5041 5005
f 5041 5077 5078
f 5041 5078 5042
f 5042 5078 5079
f 5042 5079 5043
f 5043 5079 5080
f 5043 5080 5044
f 5044 5080 5081
f 5044 5081 5045
f 5045 5081 5082
f 5045 5082 5046
f 5046 5082 5083
f 5046 5083 5047
f 5047 5083 5084
f 5047 5084 5048
f 5048 5084 5085
f 5048 5085 5049
f 5049 5085 5086
f 5049 5086 5050
f 5050 5086 5087
f 5050 5087 5051
f 5051 5087 5088
f 5051 5088 5052
f 5052 5088 5089
f 5052 5089 5053
f 5053 5089 5090
f 5053 5090 5054
f 5054 5090 5091
f 5054 5091 5055
f 5055 5091 5092
f 5055 5092 5056
f 5056 5092 5093
f 5056 5093 5057
f 5057 5093 5094
f 5057 5094 5058
f 5058 5094 5095
f 5058 5095 5059
f 5059 5095 5096
f 5059 5096 5060
f 5060 5096 5097
f 5060 5097 5061
f 5061 5097 5098
f 5061 5098 5062
f 5062 5098 5099
f 5062 5099 5063
f 5063 5099 5100
f 5063 5100 5064
f 5064 5100 5101
f 5064 5101 5065
f 5065 5101 5102
f 5065 5102 5066
f 5066 5102 5103
f 5066 5103 5067
f 5067 5103 5104
f 5067 5104 5068
f 5068 5104 5105
f 5068 5105 5069
f 5069 5105 5106
f 5069 5106 5070
f 5070 5106 5107
f 5070 5107 5071
f 5071 5107 5108
f 5071 5108 5072
f 5072 5108 5109
f 5072 5109 5073
f 5073 5109 5110
f 5073 5110 5074
f 5074 5110 5111
f 5074 5111 5075
f 5075 5111 5112
f 5075 5112 5076
f 5076 5112 5077
f 5076 5077 5041
f 5077 5113 5114
f 5077 5114 5078
f 5078 5114 5115
f 5078 5115 5079
f 5079 5115 5116
f 5079 5116 5080
f 5080 5116 5117
f 5080 5117 5081
f 5081 5117 5118
f 5081 5118 5082
f 5082 5118 5119
f 5082 5119 5083
f 5083 5119 5120
f 5083 5120 5084
f 5084 5120 5121
f 5084 5121 5085
f 5085 5121 5122
f 5085 5122 5086
f 5086 5122 5123
f 5086 5123 5087
f 5087 5123 5124
f 5087 5124 5088
f 5088 5124 5125
f 5088 5125 5089
f 5089 5125 5126
f 5089 5126 5090
f 5090 5126 5127
f 5090 5127 5091
f 5091 5127 5128
f 5091 5128 5092
f 5092 5128 5129
f 5092 5129 5093
f 5093 5129 5130
f 5093 5130 5094
f 5094 5130 5131
f 5094 5131 5095
f 5095 5131 5132
f 5095 5132 5096
f 5096 5132 5133
f 5096 5133 5097
f 5097 5133 5134
f 5097 5134 5098
f 5098 5134 5135
f 5098 5135 5099
f 5099 5135 5136
f 5099 5136 5100
f 5100 5136 5137
f 5100 5137 5101
f 5101 5137 5138
f 5101 5138 5102
f 5102 5138 5139
f 5102 5139 5103
f 5103 5139 5140
f 5103 5140 5104
f 5104 5140 5141
f 5104 5141 5105
f 5105 5141 5142
f 5105 5142 5106
f 5106 5142 5143
f 5106 5143 5107
f 5107 5143 5144
f 5107 5144 5108
f 5108 5144 5145
f 5108 5145 5109
f 5109 5145 5146
f 5109 5146 5110
f 5110 5146 5147
f 5110 5147 5111
f 5111 5147 5148
f 5111 5148 5112
f 5112 5148 5113
f 5112 5113 5077
f 5113 5149 5150
f 5113 5150 5114
f 5114 5150 5151
f 5114 5151 5115
f 5115 5151 5152
f 5115 5152 5116
f 5116 5152 5153
f 5116 5153 5117
f 5117 5153 5154
f 5117 5154 5118
f 5118 5154 5155
f 5118 5155 5119
f 5119 5155 5156
f 5119 5156 5120
f 5120 5156 5157
f 5120 5157 5121
f 5121 5157 5158
f 5121 5158 5122
f 5122 5158 5159
f 5122 5159 5123
f 5123 5159 5160
f 5123 5160 5124
f 5124 5160 5161
f 5124 5161 5125
f 5125 5161 5162
f 5125 5162 5126
f 5126 5162 5163
f 5126 5163 5127
f 5127 5163 5164
f 5127 5164 5128
f 5128 5164 5165
f 5128 5165 5129
f 5129 5165 5166
f 5129 5166 5130
f 5130 5166 5167
f 5130 5167 5131
f 5131 5167 5168
f 5131 5168 5132
f 5132 5168 5169
f 5132 5169 5133
f 5133 5169 5170
f 5133 5170 5134
f 5134 5170 5171
f 5134 5171 5135
f 5135 5171 5172
f 5135 5172 5136
f 5136 5172 5173
f 5136 5173 5137
f 5137 5173 5174
f 5137 5174 5138
f 5138 5174 5175
f 5138 5175 5139
f 5139 5175 5176
f 5139 5176 5140
f 5140 5176 5177
f 5140 5177 5141
f 5141 5177 5178
f 5141 5178 5142
f 5142 5178 5179
f 5142 5179 5143
f 5143 5179 5180
f 5143 5180 5144
f 5144 5180 5181
f 5144 5181 5145
f 5145 5181 5182
f 5145 5182 5146
f 5146 5182 5183
f 5146 5183 5147
f 5147 5183 5184
f 5147 5184 5148
f 5148 5184 5149
f 5148 5149 5113
f 5149 5185 5186
f 5149 5186 5150
f 5150 5186 5187
f 5150 5187 5151
f 5151 5187 5188
f 5151 5188 5152
f 5152 5188 5189
f 5152 5189 5153
f 5153 5189 5190
f 5153 5190 5154
f 5154 5190 5191
f 5154 5191 5155
f 5155 5191 5192
f 5155 5192 5156
f 5156 5192 5193
f 5156 5193 5157
f 5157 5193 5194
f 5157 5194 5158
f 5158 5194 5195
f 5158 5195 5159
f 5159 5195 5196
f 5159 5196 5160
f 5160 5196 5197
f 5160 5197 5161
f 5161 5197 5198
f 5161 5198 5162
f 5162 5198 5199
f 5162 5199 5163
f 5163 5199 5200
f 5163 5200 5164
f 5164 5200 5201
f 5164 5201 5165
f 5165 5201 5202
f 5165 5202 5166
f 5166 5202 5203
f 5166 5203 5167
f 5167 5203 5204
f 5167 5204 5168
f 5168 5204 5205
f 5168 5205 5169
f 5169 5205 5206
f 5169 5206 5170
f 5170 5206 5207
f 5170 5207 5171
f 5171 5207 5208
f 5171 5208 5172
f 5172 5208 5209
f 5172 5209 5173
f 5173 5209 5210
f 5173 5210 5174
f 5174 5210 5211
f 5174 5211 5175
f 5175 5211 5212
f 5175 5212 5176
f 5176 5212 5213
f 5176 5213 5177
f 5177 5213 5214
f 5177 5214 5178
f 5178 5214 5215
f 5178 5215 5179
f 5179 5215 5216
f 5179 5216 5180
f 5180 5216 5217
f 5180 5217 5181
f 5181 5217 5218
f 5181 5218 5182
f 5182 5218 5219
f 5182 5219 5183
f 5183 5219 5220
f 5183 5220 5184
f 5184 5220 5185
f 5184 5185 5149
f 5185 5221 5222
f 5185 5222 5186
f 5186 5222 5223
f 5186 5223 5187
f 5187 5223 5224
f 5187 5224 5188
f 5188 5224 5225
f 5188 5225 5189
f 5189 5225 5226
f 5189 5226 5190
f 5190 5226 5227
f 5190 5227 5191
f 5191 5227 5228
f 5191 5228 5192
f 5192 5228 5229
f 5192 5229 5193
f 5193 5229 5230
f 5193 5230 5194
f 5194 5230 5231
f 5194 5231 5195
f 5195 5231 5232
f 5195 5232 5196
f 5196 5232 5233
f 5196 5233 5197
f 5197 5233 5234
f 5197 5234 5198
f 5198 5234 5235
f 5198 5235 5199
f 5199 5235 5236
f 5199 5236 5200
f 5200 5236 5237
f 5200 5237 5201
f 5201 5237 5238
f 5201 5238 5202
f 5202 5238 5239
f 5202 5239 5203
f 5203 5239 5240
f 5203 5240 5204
f 5204 5240 5241
f 5204 5241 5205
f 5205 5241 5242
f 5205 5242 5206
f 5206 5242 5243
f 5206 5243 5207
f 5207 5243 5244
f 5207 5244 5208
f 5208 5244 5245
f 5208 5245 5209
f 5209 5245 5246
f 5209 5246 5210
f 5210 5246 5247
f 5210 5247 5211
f 5211 5247 5248
f 5211 5248 5212
f 5212 5248 5249
f 5212 5249 5213
f 5213 5249 5250
f 5213 5250 5214
f 5214 5250 5251
f 5214 5251 5215
f 5215 5251 5252
f 5215 5252 5216
f 5216 5252 5253
f 5216 5253 5217
f 5217 5253 5254
f 5217 5254 5218
f 5218 5254 5255
f 5218 5255 5219
f 5219 5255 5256
f 5219 5256 5220
f 5220 5256 5221
f 5220 5221 5185
f 5221 5257 5258
f 5221 5258 5222
f 5222 5258 5259
f 5222 5259 5223
f 5223 5259 5260
f 5223 5260 5224
f 5224 5260 5261
f 5224 5261 5225
f 5225 5261 5262
f 5225 5262 5226
f 5226 5262 5263
f 5226 5263 5227
f 5227 5263 5264
f 5227 5264 5228
f 5228 5264 5265
f 5228 5265 5229
f 5229 5265 5266
f 5229 5266 5230
f 5230 5266 5267
f 5230 5267 5231
f 5231 5267 5268
f 5231 5268 5232
f 5232 5268 5269
f 5232 5269 5233
f 5233 5269 5270
f 5233 5270 5234
f 5234 5270 5271
f 5234 5271 5235
f 5235 5271 5272
f 5235 5272 5236
f 5236 5272 5273
f 5236 5273 5237
f 5237 5273 5274
f 5237 5274 5238
f 5238 5274 5275
f 5238 5275 5239
f 5239 5275 5276
f 5239 5276 5240
f 5240 5276 5277
f 5240 5277 5241
f 5241 5277 5278
f 5241 5278 5242
f 5242 5278 5279
f 5242 5279 5243
f 5243 5279 5280
f 5243 5280 5244
f 5244 5280 5281
f 5244 5281 5245
f 5245 5281 5282
f 5245 5282 5246
f 5246 5282 5283
f 5246 5283 5247
f 5247 5283 5284
f 5247 5284 5248
f 5248 5284 5285
f 5248 5285 5249
f 5249 5285 5286
f 5249 5286 5250
f 5250 5286 5287
f 5250 5287 5251
f 5251 5287 5288
f 5251 5288 5252
f 5252 5288 5289
f 5252 5289 5253
f 5253 5289 5290
f 5253 5290 5254
f 5254 5290 5291
f 5254 5291 5255
f 5255 5291 5292
f 5255 5292 5256
f 5256 5292 5257
f 5256 5257 5221
f 5257 5293 5294
f 5257 5294 5258
f 5258 5294 5295
f 5258 5295 5259
f 5259 5295 5296
f 5259 5296 5260
f 5260 5296 5297
f 5260 5297 5261
f 5261 5297 5298
f 5261 5298 5262
f 5262 5298 5299
f 5262 5299 5263
f 5263 5299 5300
f 5263 5300 5264
f 5264 5300 5301
f 5264 5301 5265
f 5265 5301 5302
f 5265 5302 5266
f 5266 5302 5303
f 5266 5303 5267
f 5267 5303 5304
f 5267 5304 5268
f 5268 5304 5305
f 5268 5305 5269
f 5269 5305 5306
f 5269 5306 5270
f 5270 5306 5307
f 5270 5307 5271
f 5271 5307 5308
f 5271 5308 5272
f 5272 5308 5309
f 5272 5309 5273
f 5273 5309 5310
f 5273 5310 5274
f 5274 5310 5311
f 5274 5311 5275
f 5275 5311 5312
f 5275 5312 5276
f 5276 5312 5313
f 5276 5313 5277
f 5277 5313 5314
f 5277 5314 5278
f 5278 5314 5315
f 5278 5315 5279
f 5279 5315 5316
f 5279 5316 5280
f 5280 5316 5317
f 5280 5317 5281
f 5281 5317 5318
f 5281 5318 5282
f 5282 5318 5319
f 5282 5319 5283
f 5283 5319 5320
f 5283 5320 5284
f 5284 5320 5321
f 5284 5321 5285
f 5285 5321 5322
f 5285 5322 5286
f 5286 5322 5323
f 5286 5323 5287
f 5287 5323 5324
f 5287 5324 5288
f 5288 5324 5325
f 5288 5325 5289
f 5289 5325 5326
f 5289 5326 5290
f 5290 5326 5327
f 5290 5327 5291
f 5291 5327 5328
f 5291 5328 5292
f 5292 5328 5293
f 5292 5293 5257
f 5293 5329 5330
f 5293 5330 5294
f 5294 5330 5331
f 5294 5331 5295
f 5295 5331 5332
f 5295 5332 5296
f 5296 5332 5333
f 5296 5333 5297
f 5297 5333 5334
f 5297 5334 5298
f 5298 5334 5335
f 5298 5335 5299
f 5299 5335 5336
f 5299 5336 5300
f 5300 5336 5337
f 5300 5337 5301
f 5301 5337 5338
f 5301 5338 5302
f 5302 5338 5339
f 5302 5339 5303
f 5303 5339 5340
f 5303 5340 5304
f 5304 5340 5341
f 5304 5341 5305
f 5305 5341 5342
f 5305 5342 5306
f 5306 5342 5343
f 5306 5343 5307
f 5307 5343 5344
f 5307 5344 5308
f 5308 5344 5345
f 5308 5345 5309
f 5309 5345 5346
f 5309 5346 5310
f 5310 5346 5347
f 5310 5347 5311
f 5311 5347 5348
f 5311 5348 5312
f 5312 5348 5349
f 5312 5349 5313
f 5313 5349 5350
f 5313 5350 5314
f 5314 5350 5351
f 5314 5351 5315
f 5315 5351 5352
f 5315 5352 5316
f 5316 5352 5353
f 5316 5353 5317
f 5317 5353 5354
f 5317 5354 5318
f 5318 5354 5355
f 5318 5355 5319
f 5319 5355 5356
f 5319 5356 5320
f 5320 5356 5357
f 5320 5357 5321
f 5321 5357 5358
f 5321 5358 5322
f 5322 5358 5359
f 5322 5359 5323
f 5323 5359 5360
f 5323 5360 5324
f 5324 5360 5361
f 5324 5361 5325
f 5325 5361 5362
f 5325 5362 5326
f 5326 5362 5363
f 5326 5363 5327
f 5327 5363 5364
f 5327 5364 5328
f 5328 5364 5329
f 5328 5329 5293
f 5329 5365 5366
f 5329 5366 5330
f 5330 5366 5367
f 5330 5367 5331
f 5331 5367 5368
f 5331 5368 5332
f 5332 5368 5369
f 5332 5369 5333
f 5333 5369 5370
f 5333 5370 5334
f 5334 5370 5371
f 5334 5371 5335
f 5335 5371 5372
f 5335 5372 5336
f 5336 5372 5373
f 5336 5373 5337
f 5337 5373 5374
f 5337 5374 5338
f 5338 5374 5375
f 5338 5375 5339
f 5339 5375 5376
f 5339 5376 5340
f 5340 5376 5377
f 5340 5377 5341
f 5341 5377 5378
f 5341 5378 5342
f 5342 5378 5379
f 5342 5379 5343
f 5343 5379 5380
f 5343 5380 5344
f 5344 5380 5381
f 5344 5381 5345
f 5345 5381 5382
f 5345 5382 5346
f 5346 5382 5383
f 5346 5383 5347
f 5347 5383 5384
f 5347 5384 5348
f 5348 5384 5385
f 5348 5385 5349
f 5349 5385 5386
f 5349 5386 5350
f 5350 5386 5387
f 5350 5387 5351
f 5351 5387 5388
f 5351 5388 5352
f 5352 5388 5389
f 5352 5389 5353
f 5353 5389 5390
f 5353 5390 5354
f 5354 5390 5391
f 5354 5391 5355
f 5355 5391 5392
f 5355 5392 5356
f 5356 5392 5393
f 5356 5393 5357
f 5357 5393 5394
f 5357 5394 5358
f 5358 5394 5395
f 5358 5395 5359
f 5359 5395 5396
f 5359 5396 5360
f 5360 5396 5397
f 5360 5397 5361
f 5361 5397 5398
f 5361 5398 5362
f 5362 5398 5399
f 5362 5399 5363
f 5363 5399 5400
f 5363 5400 5364
f 5364 5400 5365
f 5364 5365 5329
f 5365 5401 5402
f 5365 5402 5366
f 5366 5402 5403
f 5366 5403 5367
f 5367 5403 5404
f 5367 5404 5368
f 5368 5404 5405
f 5368 5405 5369
f 5369 5405 5406
f 5369 5406 5370
f 5370 5406 5407
f 5370 5407 5371
f 5371 5407 5408
f 5371 5408 5372
f 5372 5408 5409
f 5372 5409 5373
f 5373 5409 5410
f 5373 5410 5374
f 5374 5410 5411
f 5374 5411 5375
f 5375 5411 5412
f 5375 5412 5376
f 5376 5412 5413
f 5376 5413 5377
f 5377 5413 5414
f 5377 5414 5378
f 5378 5414 5415
f 5378 5415 5379
f 5379 5415 5416
f 5379 5416 5380
f 5380 5416 5417
f 5380 5417 5381
f 5381 5417 5418
f 5381 5418 5382
f 5382 5418 5419
f 5382 5419 5383
f 5383 5419 5420
f 5383 5420 5384
f 5384 5420 5421
f 5384 5421 5385
f 5385 5421 5422
f 5385 5422 5386
f 5386 5422 5423
f 5386 5423 5387
f 5387 5423 5424
f 5387 5424 5388
f 5388 5424 5425
f 5388 5425 5389
f 5389 5425 5426
f 5389 5426 5390
f 5390 5426 5427
f 5390 5427 5391
f 5391 5427 5428
f 5391 5428 5392
f 5392 5428 5429
f 5392 5429 5393
f 5393 5429 5430
f 5393 5430 5394
f 5394 5430 5431
f 5394 5431 5395
f 5395 5431 5432
f 5395 5432 5396
f 5396 5432 5433
f 5396 5433 5397
f 5397 5433 5434
f 5397 5434 5398
f 5398 5434 5435
f 5398 5435 5399
f 5399 5435 5436
f 5399 5436 5400
f 5400 5436 5401
f 5400 5401 5365
f 5401 5437 5438
f 5401 5438 5402
f 5402 5438 5439
f 5402 5439 5403
f 5403 5439 5440
f 5403 5440 5404
f 5404 5440 5441
f 5404 5441 5405
f 5405 5441 5442
f 5405 5442 5406
f 5406 5442 5443
f 5406 5443 5407
f 5407 5443 5444
f 5407 5444 5408
f 5408 5444 5445
f 5408 5445 5409
f 5409 5445 5446
f 5409 5446 5410
f 5410 5446 5447
f 5410 5447 5411
f 5411 5447 5448
f 5411 5448 5412
f 5412 5448 5449
f 5412 5449 5413
f 5413 5449 5450
f 5413 5450 5414
f 5414 5450 5451
f 5414 5451 5415
f 5415 5451 5452
f 5415 5452 5416
f 5416 5452 5453
f 5416 5453 5417
f 5417 5453 5454
f 5417 5454 5418
f 5418 5454 5455
f 5418 5455 5419
f 5419 5455 5456
f 5419 5456 5420
f 5420 5456 5457
f 5420 5457 5421
f 5421 5457 5458
f 5421 5458 5422
f 5422 5458 5459
f 5422 5459 5423
f 5423 5459 5460
f 5423 5460 5424
f 5424 5460 5461
f 5424 5461 5425
f 5425 5461 5462
f 5425 5462 5426
f 5426 5462 5463
f 5426 5463 5427
f 5427 5463 5464
f 5427 5464 5428
f 5428 5464 5465
f 5428 5465 5429
f 5429 5465 5466
f 5429 5466 5430
f 5430 5466 5467
f 5430 5467 5431
f 5431 5467 5468
f 5431 5468 5432
f 5432 5468 5469
f 5432 5469 5433
f 5433 5469 5470
f 5433 5470 5434
f 5434 5470 5471
f 5434 5471 5435
f 5435 5471 5472
f 5435 5472 5436
f 5436 5472 5437
f 5436 5437 5401
f 5437 5473 5474
f 5437 5474 5438
f 5438 5474 5475
f 5438 5475 5439
f 5439 5475 5476
f 5439 5476 5440
f 5440 5476 5477
f 5440 5477 5441
f 5441 5477 5478
f 5441 5478 5442
f 5442 5478 5479
f 5442 5479 5443
f 5443 5479 5480
f 5443 5480 5444
f 5444 5480 5481
f 5444 5481 5445
f 5445 5481 5482
f 5445 5482 5446
f 5446 5482 5483
f 5446 5483 5447
f 5447 5483 5484
f 5447 5484 5448
f 5448 5484 5485
f 5448 5485 5449
f 5449 5485 5486
f 5449 5486 5450
f 5450 5486 5487
f 5450 5487 5451
f 5451 5487 5488
f 5451 5488 5452
f 5452 5488 5489
f 5452 5489 5453
f 5453 5489 5490
f 5453 5490 5454
f 5454 5490 5491
f 5454 5491 5455
f 5455 5491 5492
f 5455 5492 5456
f 5456 5492 5493
f 5456 5493 5457
f 5457 5493 5494
f 5457 5494 5458
f 5458 5494 5495
f 5458 5495 5459
f 5459 5495 5496
f 5459 5496 5460
f 5460 5496 5497
f 5460 5497 5461
f 5461 5497 5498
f 5461 5498 5462
f 5462 5498 5499
f 5462 5499 5463
f 5463 5499 5500
f 5463 5500 5464
f 5464 5500 5501
f 5464 5501 5465
f 5465 5501 5502
f 5465 5502 5466
f 5466 5502 5503
f 5466 5503 5467
f 5467 5503 5504
f 5467 5504 5468
f 5468 5504 5505
f 5468 5505 5469
f 5469 5505 5506
f 5469 5506 5470
f 5470 5506 5507
f 5470 5507 5471
f 5471 5507 5508
f 5471 5508 5472
f 5472 5508 5473
f 5472 5473 5437
f 5473 5509 5510
f 5473 5510 5474
f 5474 5510 5511
f 5474 5511 5475
f 5475 5511 5512
f 5475 5512 5476
f 5476 5512 5513
f 5476 5513 5477
f 5477 5513 5514
f 5477 5514 5478
f 5478 5514 5515
f 5478 5515 5479
f 5479 5515 5516
f 5479 5516 5480
f 5480 5516 5517
f 5480 5517 5481
f 5481 5517 5518
f 5481 5518 5482
f 5482 5518 5519
f 5482 5519 5483
f 5483 5519 5520
f 5483 5520 5484
f 5484 5520 5521
f 5484 5521 5485
f 5485 5521 5522
f 5485 5522 5486
f 5486 5522 5523
f 5486 5523 5487
f 5487 5523 5524
f 5487 5524 5488
f 5488 5524 5525
f 5488 5525 5489
f 5489 5525 5526
f 5489 5526 5490
f 5490 5526 5527
f 5490 5527 5491
f 5491 5527 5528
f 5491 5528 5492
f 5492 5528 5529
f 5492 5529 5493
f 5493 5529 5530
f 5493 5530 5494
f 5494 5530 5531
f 5494 5531 5495
f 5495 5531 5532
f 5495 5532 5496
f 5496 5532 5533
f 5496 5533 5497
f 5497 5533 5534
f 5497 5534 5498
f 5498 5534 5535
f 5498 5535 5499
f 5499 5535 5536
f 5499 5536 5500
f 5500 5536 5537
f 5500 5537 5501
f 5501 5537 5538
f 5501 5538 5502
f 5502 5538 5539
f 5502 5539 5503
f 5503 5539 5540
f 5503 5540 5504
f 5504 5540 5541
f 5504 5541 5505
f 5505 5541 5542
f 5505 5542 5506
f 5506 5542 5543
f 5506 5543 5507
f 5507 5543 5544
f 5507 5544 5508
f 5508 5544 5509
f 5508 5509 5473
f 5509 5545 5546
f 5509 5546 5510
f 5510 5546 5547
f 5510 5547 5511
f 5511 5547 5548
f 5511 5548 5512
f 5512 5548 5549
f 5512 5549 5513
f 5513 5549 5550
f 5513 5550 5514
f 5514 5550 5551
f 5514 5551 5515
f 5515 5551 5552
f 5515 5552 5516
f 5516 5552 5553
f 5516 5553 5517
f 5517 5553 5554
f 5517 5554 5518
f 5518 5554 5555
f 5518 5555 5519
f 5519 5555 5556
f 5519 5556 5520
f 5520 5556 5557
f 5520 5557 5521
f 5521 5557 5558
f 5521 5558 5522
f 5522 5558 5559
f 5522 5559 5523
f 5523 5559 5560
f 5523 5560 5524
f 5524 5560 5561
f 5524 5561 5525
f 5525 5561 5562
f 5525 5562 5526
f 5526 5562 5563
f 5526 5563 5527
f 5527 5563 5564
f 5527 5564 5528
f 5528 5564 5565
f 5528 5565 5529
f 5529 5565 5566
f 5529 5566 5530
f 5530 5566 5567
f 5530 5567 5531
f 5531 5567 5568
f 5531 5568 5532
f 5532 5568 5569
f 5532 5569 5533
f 5533 5569 5570
f 5533 5570 5534
f 5534 5570 5571
f 5534 5571 5535
f 5535 5571 5572
f 5535 5572 5536
f 5536 5572 5573
f 5536 5573 5537
f 5537 5573 5574
f 5537 5574 5538
f 5538 5574 5575
f 5538 5575 5539
f 5539 5575 5576
f 5539 5576 5540
f 5540 5576 5577
f 5540 5577 5541
f 5541 5577 5578
f 5541 5578 5542
f 5542 5578 5579
f 5542 5579 5543
f 5543 5579 5580
f 5543 5580 5544
f 5544 5580 5545
f 5544 5545 5509
f 5545 5581 5582
f 5545 5582 5546
f 5546 5582 5583
f 5546 5583 5547
f 5547 5583 5584
f 5547 5584 5548
f 5548 5584 5585
f 5548 5585 5549
f 5549 5585 5586
f 5549 5586 5550
f 5550 5586 5587
f 5550 5587 5551
f 5551 5587 5588
f 5551 5588 5552
f 5552 5588 5589
f 5552 5589 5553
f 5553 5589 5590
f 5553 5590 5554
f 5554 5590 5591
f 5554 5591 5555
f 5555 5591 5592
f 5555 5592 5556
f 5556 5592 5593
f 5556 5593 5557
f 5557 5593 5594
f 5557 5594 5558
f 5558 5594 5595
f 5558 5595 5559
f 5559 5595 5596
f 5559 5596 5560
f 5560 5596 5597
f 5560 5597 5561
f 5561 5597 5598
f 5561 5598 5562
f 5562 5598 5599
f 5562 5599 5563
f 5563 5599 5600
f 5563 5600 5564
f 5564 5600 5601
f 5564 5601 5565
f 5565 5601 5602
f 5565 5602 5566
f 5566 5602 5603
f 5566 5603 5567
f 5567 5603 5604
f 5567 5604 5568
f 5568 5604 5605
f 5568 5605 5569
f 5569 5605 5606
f 5569 5606 5570
f 5570 5606 5607
f 5570 5607 5571
f 5571 5607 5608
f 5571 5608 5572
f 5572 5608 5609
f 5572 5609 5573
f 5573 5609 5610
f 5573 5610 5574
f 5574 5610 5611
f 5574 5611 5575
f 5575 5611 5612
f 5575 5612 5576
f 5576 5612 5613
f 5576 5613 5577
f 5577 5613 5614
f 5577 5614 5578
f 5578 5614 5615
f 5578 5615 5579
f 5579 5615 5616
f 5579 5616 5580
f 5580 5616 5581
f 5580 5581 5545
f 5581 5617 5618
f 5581 5618 5582
f 5582 5618 5619
f 5582 5619 5583
f 5583 5619 5620
f 5583 5620 5584
f 5584 5620 5621
f 5584 5621 5585
f 5585 5621 5622
f 5585 5622 5586
f 5586 5622 5623
f 5586 5623 5587
f 5587 5623 5624
f 5587 5624 5588
f 5588 5624 5625
f 5588 5625 5589
f 5589 5625 5626
f 5589 5626 5590
f 5590 5626 5627
f 5590 5627 5591
f 5591 5627 5628
f 5591 5628 5592
f 5592 5628 5629
f 5592 5629 5593
f 5593 5629 5630
f 5593 5630 5594
f 5594 5630 5631
f 5594 5631 5595
f 5595 5631 5632
f 5595 5632 5596
f 5596 5632 5633
f 5596 5633 5597
f 5597 5633 5634
f 5597 5634 5598
f 5598 5634 5635
f 5598 5635 5599
f 5599 5635 5636
f 5599 5636 5600
f 5600 5636 5637
f 5600 5637 5601
f 5601 5637 5638
f 5601 5638 5602
f 5602 5638 5639
f 5602 5639 5603
f 5603 5639 5640
f 5603 5640 5604
f 5604 5640 5641
f 5604 5641 5605
f 5605 5641 5642
f 5605 5642 5606
f 5606 5642 5643
f 5606 5643 5607
f 5607 5643 5644
f 5607 5644 5608
f 5608 5644 5645
f 5608 5645 5609
f 5609 5645 5646
f 5609 5646 5610
f 5610 5646 5647
f 5610 5647 5611
f 5611 5647 5648
f 5611 5648 5612
f 5612 5648 5649
f 5612 5649 5613
f 5613 5649 5650
f 5613 5650 5614
f 5614 5650 5651
f 5614 5651 5615
f 5615 5651 5652
f 5615 5652 5616
f 5616 5652 5617
f 5616 5617 5581
f 5617 5653 5654
f 5617 5654 5618
f 5618 5654 5655
f 5618 5655 5619
f 5619 5655 5656
f 5619 5656 5620
f 5620 5656 5657
f 5620 5657 5621
f 5621 5657 5658
f 5621 5658 5622
f 5622 5658 5659
f 5622 5659 5623
f 5623 5659 5660
f 5623 5660 5624
f 5624 5660 5661
f 5624 5661 5625
f 5625 5661 5662
f 5625 5662 5626
f 5626 5662 5663
f 5626 5663 5627
f 5627 5663 5664
f 5627 5664 5628
f 5628 5664 5665
f 5628 5665 5629
f 5629 5665 5666
f 5629 5666 5630
f 5630 5666 5667
f 5630 5667 5631
f 5631 5667 5668
f 5631 5668 5632
f 5632 5668 5669
f 5632 5669 5633
f 5633 5669 5670
f 5633 5670 5634
f 5634 5670 5671
f 5634 5671 5635
f 5635 5671 5672
f 5635 5672 5636
f 5636 5672 5673
f 5636 5673 5637
f 5637 5673 5674
f 5637 5674 5638
f 5638 5674 5675
f 5638 5675 5639
f 5639 5675 5676
f 5639 5676 5640
f 5640 5676 5677
f 5640 5677 5641
f 5641 5677 5678
f 5641 5678 5642
f 5642 5678 5679
f 5642 5679 5643
f 5643 5679 5680
f 5643 5680 5644
f 5644 5680 5681
f 5644 5681 5645
f 5645 5681 5682
f 5645 5682 5646
f 5646 5682 5683
f 5646 5683 5647
f 5647 5683 5684
f 5647 5684 5648
f 5648 5684 5685
f 5648 5685 5649
f 5649 5685 5686
f 5649 5686 5650
f 5650 5686 5687
f 5650 5687 5651
f 5651 5687 5688
f 5651 5688 5652
f 5652 5688 5653
f 5652 5653 5617
f 5653 5689 5690
f 5653 5690 5654
f 5654 5690 5691
f 5654 5691 5655
f 5655 5691 5692
f 5655 5692 5656
f 5656 5692 5693
f 5656 5693 5657
f 5657 5693 5694
f 5657 5694 5658
f 5658 5694 5695
f 5658 5695 5659
f 5659 5695 5696
f 5659 5696 5660
f 5660 5696 5697
f 5660 5697 5661
f 5661 5697 5698
f 5661 5698 5662
f 5662 5698 5699
f 5662 5699 5663
f 5663 5699 5700
f 5663 5700 5664
f 5664 5700 5701
f 5664 5701 5665
f 5665 5701 5702
f 5665 5702 5666
f 5666 5702 5703
f 5666 5703 5667
f 5667 5703 5704
f 5667 5704 5668
f 5668 5704 5705
f 5668 5705 5669
f 5669 5705 5706
f 5669 5706 5670
f 5670 5706 5707
f 5670 5707 5671
f 5671 5707 5708
f 5671 5708 5672
f 5672 5708 5709
f 5672 5709 5673
f 5673 5709 5710
f 5673 5710 5674
f 5674 5710 5711
f 5674 5711 5675
f 5675 5711 5712
f 5675 5712 5676
f 5676 5712 5713
f 5676 5713 5677
f 5677 5713 5714
f 5677 5714 5678
f 5678 5714 5715
f 5678 5715 5679
f 5679 5715 5716
f 5679 5716 5680
f 5680 5716 5717
f 5680 5717 5681
f 5681 5717 5718
f 5681 5718 5682
f 5682 5718 5719
f 5682 5719 5683
f 5683 5719 5720
f 5683 5720 5684
f 5684 5720 5721
f 5684 5721 5685
f 5685 5721 5722
f 5685 5722 5686
f 5686 5722 5723
f 5686 5723 5687
f 5687 5723 5724
f 5687 5724 5688
f 5688 5724 5689
f 5688 5689 5653
f 5689 5725 5726
f 5689 5726 5690
f 5690 5726 5727
f 5690 5727 5691
f 5691 5727 5728
f 5691 5728 5692
f 5692 5728 5729
f 5692 5729 5693
f 5693 5729 5730
f 5693 5730 5694
f 5694 5730 5731
f 5694 5731 5695
f 5695 5731 5732
f 5695 5732 5696
f 5696 5732 5733
f 5696 5733 5697
f 5697 5733 5734
f 5697 5734 5698
f 5698 5734 5735
f 5698 5735 5699
f 5699 5735 5736
f 5699 5736 5700
f 5700 5736 5737
f 5700 5737 5701
f 5701 5737 5738
f 5701 5738 5702
f 5702 5738 5739
f 5702 5739 5703
f 5703 5739 5740
f 5703 5740 5704
f 5704 5740 5741
f 5704 5741 5705
f 5705 5741 5742
f 5705 5742 5706
f 5706 5742 5743
f 5706 5743 5707
f 5707 5743 5744
f 5707 5744 5708
f 5708 5744 5745
f 5708 5745 5709
f 5709 5745 5746
f 5709 5746 5710
f 5710 5746 5747
f 5710 5747 5711
f 5711 5747 5748
f 5711 5748 5712
f 5712 5748 5749
f 5712 5749 5713
f 5713 5749 5750
f 5713 5750 5714
f 5714 5750 5751
f 5714 5751 5715
f 5715 5751 5752
f 5715 5752 5716
f 5716 5752 5753
f 5716 5753 5717
f 5717 5753 5754
f 5717 5754 5718
f 5718 5754 5755
f 5718 5755 5719
f 5719 5755 5756
f 5719 5756 5720
f 5720 5756 5757
f 5720 5757 5721
f 5721 5757 5758
f 5721 5758 5722
f 5722 5758 5759
f 5722 5759 5723
f 5723 5759 5760
f 5723 5760 5724
f 5724 5760 5725
f 5724 5725 5689
f 5725 5761 5762
f 5725 5762 5726
f 5726 5762 5763
f 5726 5763 5727
f 5727 5763 5764
f 5727 5764 5728
f 5728 5764 5765
f 5728 5765 5729
f 5729 5765 5766
f 5729 5766 5730
f 5730 5766 5767
f 5730 5767 5731
f 5731 5767 5768
f 5731 5768 5732
f 5732 5768 5769
f 5732 5769 5733
f 5733 5769 5770
f 5733 5770 5734
f 5734 5770 5771
f 5734 5771 5735
f 5735 5771 5772
f 5735 5772 5736
f 5736 5772 5773
f 5736 5773 5737
f 5737 5773 5774
f 5737 5774 5738
f 5738 5774 5775
f 5738 5775 5739
f 5739 5775 5776
f 5739 5776 5740
f 5740 5776 5777
f 5740 5777 5741
f 5741 5777 5778
f 5741 5778 5742
f 5742 5778 5779
f 5742 5779 5743
f 5743 5779 5780
f 5743 5780 5744
f 5744 5780 5781
f 5744 5781 5745
f 5745 5781 5782
f 5745 5782 5746
f 5746 5782 5783
f 5746 5783 5747
f 5747 5783 5784
f 5747 5784 5748
f 5748 5784 5785
f 5748 5785 5749
f 5749 5785 5786
f 5749 5786 5750
f 5750 5786 5787
f 5750 5787 5751
f 5751 5787 5788
f 5751 5788 5752
f 5752 5788 5789
f 5752 5789 5753
f 5753 5789 5790
f 5753 5790 5754
f 5754 5790 5791
f 5754 5791 5755
f 5755 5791 5792
f 5755 5792 5756
f 5756 5792 5793
f 5756 5793 5757
f 5757 5793 5794
f 5757 5794 5758
f 5758 5794 5795
f 5758 5795 5759
f 5759 5795 5796
f 5759 5796 5760
f 5760 5796 5761
f 5760 5761 5725
f 5761 5797 5798
f 5761 5798 5762
f 5762 5798 5799
f 5762 5799 5763
f 5763 5799 5800
f 5763 5800 5764
f 5764 5800 5801
f 5764 5801 5765
f 5765 5801 5802
f 5765 5802 5766
f 5766 5802 5803
f 5766 5803 5767
f 5767 5803 5804
f 5767 5804 5768
f 5768 5804 5805
f 5768 5805 5769
f 5769 5805 5806
f 5769 5806 5770
f 5770 5806 5807
f 5770 5807 5771
f 5771 5807 5808
f 5771 5808 5772
f 5772 5808 5809
f 5772 5809 5773
f 5773 5809 5810
f 5773 5810 5774
f 5774 5810 5811
f 5774 5811 5775
f 5775 5811 5812
f 5775 5812 5776
f 5776 5812 5813
f 5776 5813 5777
f 5777 5813 5814
f 5777 5814 5778
f 5778 5814 5815
f 5778 5815 5779
f 5779 5815 5816
f 5779 5816 5780
f 5780 5816 5817
f 5780 5817 5781
f 5781 5817 5818
f 5781 5818 5782
f 5782 5818 5819
f 5782 5819 5783
f 5783 5819 5820
f 5783 5820 5784
f 5784 5820 5821
f 5784 5821 5785
f 5785 5821 5822
f 5785 5822 5786
f 5786 5822 5823
f 5786 5823 5787
f 5787 5823 5824
f 5787 5824 5788
f 5788 5824 5825
f 5788 5825 5789
f 5789 5825 5826
f 5789 5826 5790
f 5790 5826 5827
f 5790 5827 5791
f 5791 5827 5828
f 5791 5828 5792
f 5792 5828 5829
f 5792 5829 5793
f 5793 5829 5830
f 5793 5830 5794
f 5794 5830 5831
f 5794 5831 5795
f 5795 5831 5832
f 5795 5832 5796
f 5796 5832 5797
f 5796 5797 5761
f 5797 5833 5834
f 5797 5834 5798
f 5798 5834 5835
f 5798 5835 5799
f 5799 5835 5836
f 5799 5836 5800
f 5800 5836 5837
f 5800 5837 5801
f 5801 5837 5838
f 5801 5838 5802
f 5802 5838 5839
f 5802 5839 5803
f 5803 5839 5840
f 5803 5840 5804
f 5804 5840 5841
f 5804 5841 5805
f 5805 5841 5842
f 5805 5842 5806
f 5806 5842 5843
f 5806 5843 5807
f 5807 5843 5844
f 5807 5844 5808
f 5808 5844 5845
f 5808 5845 5809
f 5809 5845 5846
f 5809 5846 5810
f 5810 5846 5847
f 5810 5847 5811
f 5811 5847 5848
f 5811 5848 5812
f 5812 5848 5849
f 5812 5849 5813
f 5813 5849 5850
f 5813 5850 5814
f 5814 5850 5851
f 5814 5851 5815
f 5815 5851 5852
f 5815 5852 5816
f 5816 5852 5853
f 5816 5853 5817
f 5817 5853 5854
f 5817 5854 5818
f 5818 5854 5855
f 5818 5855 5819
f 5819 5855 5856
f 5819 5856 5820
f 5820 5856 5857
f 5820 5857 5821
f 5821 5857 5858
f 5821 5858 5822
f 5822 5858 5859
f 5822 5859 5823
f 5823 5859 5860
f 5823 5860 5824
f 5824 5860 5861
f 5824 5861 5825
f 5825 5861 5862
f 5825 5862 5826
f 5826 5862 5863
f 5826 5863 5827
f 5827 5863 5864
f 5827 5864 5828
f 5828 5864 5865
f 5828 5865 5829
f 5829 5865 5866
f 5829 5866 5830
f 5830 5866 5867
f 5830 5867 5831
f 5831 5867 5868
f 5831 5868 5832
f 5832 5868 5833
f 5832 5833 5797
f 5833 5869 5870
f 5833 5870 5834
f 5834 5870 5871
f 5834 5871 5835
f 5835 5871 5872
f 5835 5872 5836
f 5836 5872 5873
f 5836 5873 5837
f 5837 5873 5874
f 5837 5874 5838
f 5838 5874 5875
f 5838 5875 5839
f 5839 5875 5876
f 5839 5876 5840
f 5840 5876 5877
f 5840 5877 5841
f 5841 5877 5878
f 5841 5878 5842
f 5842 5878 5879
f 5842 5879 5843
f 5843 5879 5880
f 5843 5880 5844
f 5844 5880 5881
f 5844 5881 5845
f 5845 5881 5882
f 5845 5882 5846
f 5846 5882 5883
f 5846 5883 5847
f 5847 5883 5884
f 5847 5884 5848
f 5848 5884 5885
f 5848 5885 5849
f 5849 5885 5886
f 5849 5886 5850
f 5850 5886 5887
f 5850 5887 5851
f 5851 5887 5888
f 5851 5888 5852
f 5852 5888 5889
f 5852 5889 5853
f 5853 5889 5890
f 5853 5890 5854
f 5854 5890 5891
f 5854 5891 5855
f 5855 5891 5892
f 5855 5892 5856
f 5856 5892 5893
f 5856 5893 5857
f 5857 5893 5894
f 5857 5894 5858
f 5858 5894 5895
f 5858 5895 5859
f 5859 5895 5896
f 5859 5896 5860
f 5860 5896 5897
f 5860 5897 5861
f 5861 5897 5898
f 5861 5898 5862
f 5862 5898 5899
f 5862 5899 5863
f 5863 5899 5900
f 5863 5900 5864
f 5864 5900 5901
f 5864 5901 5865
f 5865 5901 5902
f 5865 5902 5866
f 5866 5902 5903
f 5866 5903 5867
f 5867 5903 5904
f 5867 5904 5868
f 5868 5904 5869
f 5868 5869 5833
f 5869 5905 5906
f 5869 5906 5870
f 5870 5906 5907
f 5870 5907 5871
f 5871 5907 5908
f 5871 5908 5872
f 5872 5908 5909
f 5872 5909 5873
f 5873 5909 5910
f 5873 5910 5874
f 5874 5910 5911
f 5874 5911 5875
f 5875 5911 5912
f 5875 5912 5876
f 5876 5912 5913
f 5876 5913 5877
f 5877 5913 5914
f 5877 5914 5878
f 5878 5914 5915
f 5878 5915 5879
f 5879 5915 5916
f 5879 5916 5880
f 5880 5916 5917
f 5880 5917 5881
f 5881 5917 5918
f 5881 5918 5882
f 5882 5918 5919
f 5882 5919 5883
f 5883 5919 5920
f 5883 5920 5884
f 5884 5920 5921
f 5884 5921 5885
f 5885 5921 5922
f 5885 5922 5886
f 5886 5922 5923
f 5886 5923 5887
f 5887 5923 5924
f 5887 5924 5888
f 5888 5924 5925
f 5888 5925 5889
f 5889 5925 5926
f 5889 5926 5890
f 5890 5926 5927
f 5890 5927 5891
f 5891 5927 5928
f 5891 5928 5892
f 5892 5928 5929
f 5892 5929 5893
f 5893 5929 5930
f 5893 5930 5894
f 5894 5930 5931
f 5894 5931 5895
f 5895 5931 5932
f 5895 5932 5896
f 5896 5932 5933
f 5896 5933 5897
f 5897 5933 5934
f 5897 5934 5898
f 5898 5934 5935
f 5898 5935 5899
f 5899 5935 5936
f 5899 5936 5900
f 5900 5936 5937
f 5900 5937 5901
f 5901 5937 5938
f 5901 5938 5902
f 5902 5938 5939
f 5902 5939 5903
f 5903 5939 5940
f 5903 5940 5904
f 5904 5940 5905
f 5904 5905 5869
f 5905 5941 5942
f 5905 5942 5906
f 5906 5942 5943
f 5906 5943 5907
f 5907 5943 5944
f 5907 5944 5908
f 5908 5944 5945
f 5908 5945 5909
f 5909 5945 5946
f 5909 5946 5910
f 5910 5946 5947
f 5910 5947 5911
f 5911 5947 5948
f 5911 5948 5912
f 5912 5948 5949
f 5912 5949 5913
f 5913 5949 5950
f 5913 5950 5914
f 5914 5950 5951
f 5914 5951 5915
f 5915 5951 5952
f 5915 5952 5916
f 5916 5952 5953
f 5916 5953 5917
f 5917 5953 5954
f 5917 5954 5918
f 5918 5954 5955
f 5918 5955 5919
f 5919 5955 5956
f 5919 5956 5920
f 5920 5956 5957
f 5920 5957 5921
f 5921 5957 5958
f 5921 5958 5922
f 5922 5958 5959
f 5922 5959 5923
f 5923 5959 5960
f 5923 5960 5924
f 5924 5960 5961
f 5924 5961 5925
f 5925 5961 5962
f 5925 5962 5926
f 5926 5962 5963
f 5926 5963 5927
f 5927 5963 5964
f 5927 5964 5928
f 5928 5964 5965
f 5928 5965 5929
f 5929 5965 5966
f 5929 5966 5930
f 5930 5966 5967
f 5930 5967 5931
f 5931 5967 5968
f 5931 5968 5932
f 5932 5968 5969
f 5932 5969 5933
f 5933 5969 5970
f 5933 5970 5934
f 5934 5970 5971
f 5934 5971 5935
f 5935 5971 5972
f 5935 5972 5936
f 5936 5972 5973
f 5936 5973 5937
f 5937 5973 5974
f 5937 5974 5938
f 5938 5974 5975
f 5938 5975 5939
f 5939 5975 5976
f 5939 5976 5940
f 5940 5976 5941
f 5940 5941 5905
f 5941 5977 5978
f 5941 5978 5942
f 5942 5978 5979
f 5942 5979 5943
f 5943 5979 5980
f 5943 5980 5944
f 5944 5980 5981
f 5944 5981 5945
f 5945 5981 5982
f 5945 5982 5946
f 5946 5982 5983
f 5946 5983 5947
f 5947 5983 5984
f 5947 5984 5948
f 5948 5984 5985
f 5948 5985 5949
f 5949 5985 5986
f 5949 5986 5950
f 5950 5986 5987
f 5950 5987 5951
f 5951 5987 5988
f 5951 5988 5952
f 5952 5988 5989
f 5952 5989 5953
f 5953 5989 5990
f 5953 5990 5954
f 5954 5990 5991
f 5954 5991 5955
f 5955 5991 5992
f 5955 5992 5956
f 5956 5992 5993
f 5956 5993 5957
f 5957 5993 5994
f 5957 5994 5958
f 5958 5994 5995
f 5958 5995 5959
f 5959 5995 5996
f 5959 5996 5960
f 5960 5996 5997
f 5960 5997 5961
f 5961 5997 5998
f 5961 5998 5962
f 5962 5998 5999
f 5962 5999 5963
f 5963 5999 6000
f 5963 6000 5964
f 5964 6000 6001
f 5964 6001 5965
f 5965 6001 6002
f 5965 6002 5966
f 5966 6002 6003
f 5966 6003 5967
f 5967 6003 6004
f 5967 6004 5968
f 5968 6004 6005
f 5968 6005 5969
f 5969 6005 6006
f 5969 6006 5970
f 5970 6006 6007
f 5970 6007 5971
f 5971 6007 6008
f 5971 6008 5972
f 5972 6008 6009
f 5972 6009 5973
f 5973 6009 6010
f 5973 6010 5974
f 5974 6010 6011
f 5974 6011 5975
f 5975 6011 6012
f 5975 6012 5976
f 5976 6012 5977
f 5976 5977 5941
f 5977 6013 6014
f 5977 6014 5978
f 5978 6014 6015
f 5978 6015 5979
f 5979 6015 6016
f 5979 6016 5980
f 5980 6016 6017
f 5980 6017 5981
f 5981 6017 6018
f 5981 6018 5982
f 5982 6018 6019
f 5982 6019 5983
f 5983 6019 6020
f 5983 6020 5984
f 5984 6020 6021
f 5984 6021 5985
f 5985 6021 6022
f 5985 6022 5986
f 5986 6022 6023
f 5986 6023 5987
f 5987 6023 6024
f 5987 6024 5988
f 5988 6024 6025
f 5988 6025 5989
f 5989 6025 6026
f 5989 6026 5990
f 5990 6026 6027
f 5990 6027 5991
f 5991 6027 6028
f 5991 6028 5992
f 5992 6028 6029
f 5992 6029 5993
f 5993 6029 6030
f 5993 6030 5994
f 5994 6030 6031
f 5994 6031 5995
f 5995 6031 6032
f 5995 6032 5996
f 5996 6032 6033
f 5996 6033 5997
f 5997 6033 6034
f 5997 6034 5998
f 5998 6034 6035
f 5998 6035 5999
f 5999 6035 6036
f 5999 6036 6000
f 6000 6036 6037
f 6000 6037 6001
f 6001 6037 6038
f 6001 6038 6002
f 6002 6038 6039
f 6002 6039 6003
f 6003 6039 6040
f 6003 6040 6004
f 6004 6040 6041
f 6004 6041 6005
f 6005 6041 6042
f 6005 6042 6006
f 6006 6042 6043
f 6006 6043 6007
f 6007 6043 6044
f 6007 6044 6008
f 6008 6044 6045
f 6008 6045 6009
f 6009 6045 6046
f 6009 6046 6010
f 6010 6046 6047
f 6010 6047 6011
f 6011 6047 6048
f 6011 6048 6012
f 6012 6048 6013
f 6012 6013 5977
f 6013 6049 6050
f 6013 6050 6014
f 6014 6050 6051
f 6014 6051 6015
f 6015 6051 6052
f 6015 6052 6016
f 6016 6052 6053
f 6016 6053 6017
f 6017 6053 6054
f 6017 6054 6018
f 6018 6054 6055
f 6018 6055 6019
f 6019 6055 6056
f 6019 6056 6020
f 6020 6056 6057
f 6020 6057 6021
f 6021 6057 6058
f 6021 6058 6022
f 6022 6058 6059
f 6022 6059 6023
f 6023 6059 6060
f 6023 6060 6024
f 6024 6060 6061
f 6024 6061 6025
f 6025 6061 6062
f 6025 6062 6026
f 6026 6062 6063
f 6026 6063 6027
f 6027 6063 6064
f 6027 6064 6028
f 6028 6064 6065
f 6028 6065 6029
f 6029 6065 6066
f 6029 6066 6030
f 6030 6066 6067
f 6030 6067 6031
f 6031 6067 6068
f 6031 6068 6032
f 6032 6068 6069
f 6032 6069 6033
f 6033 6069 6070
f 6033 6070 6034
f 6034 6070 6071
f 6034 6071 6035
f 6035 6071 6072
f 6035 6072 6036
f 6036 6072 6073
f 6036 6073 6037
f 6037 6073 6074
f 6037 6074 6038
f 6038 6074 6075
f 6038 6075 6039
f 6039 6075 6076
f 6039 6076 6040
f 6040 6076 6077
f 6040 6077 6041
f 6041 6077 6078
f 6041 6078 6042
f 6042 6078 6079
f 6042 6079 6043
f 6043 6079 6080
f 6043 6080 6044
f 6044 6080 6081
f 6044 6081 6045
f 6045 6081 6082
f 6045 6082 6046
f 6046 6082 6083
f 6046 6083 6047
f 6047 6083 6084
f 6047 6084 6048
f 6048 6084 6049
f 6048 6049 6013
f 6049 6085 6086
f 6049 6086 6050
f 6050 6086 6087
f 6050 6087 6051
f 6051 6087 6088
f 6051 6088 6052
f 6052 6088 6089
f 6052 6089 6053
f 6053 6089 6090
f 6053 6090 6054
f 6054 6090 6091
f 6054 6091 6055
f 6055 6091 6092
f 6055 6092 6056
f 6056 6092 6093
f 6056 6093 6057
f 6057 6093 6094
f 6057 6094 6058
f 6058 6094 6095
f 6058 6095 6059
f 6059 6095 6096
f 6059 6096 6060
f 6060 6096 6097
f 6060 6097 6061
f 6061 6097 6098
f 6061 6098 6062
f 6062 6098 6099
f 6062 6099 6063
f 6063 6099 6100
f 6063 6100 6064
f 6064 6100 6101
f 6064 6101 6065
f 6065 6101 6102
f 6065 6102 6066
f 6066 6102 6103
f 6066 6103 6067
f 6067 6103 6104
f 6067 6104 6068
f 6068 6104 6105
f 6068 6105 6069
f 6069 6105 6106
f 6069 6106 6070
f 6070 6106 6107
f 6070 6107 6071
f 6071 6107 6108
f 6071 6108 6072
f 6072 6108 6109
f 6072 6109 6073
f 6073 6109 6110
f 6073 6110 6074
f 6074 6110 6111
f 6074 6111 6075
f 6075 6111 6112
f 6075 6112 6076
f 6076 6112 6113
f 6076 6113 6077
f 6077 6113 6114
f 6077 6114 6078
f 6078 6114 6115
f 6078 6115 6079
f 6079 6115 6116
f 6079 6116 6080
f 6080 6116 6117
f 6080 6117 6081
f 6081 6117 6118
f 6081 6118 6082
f 6082 6118 6119
f 6082 6119 6083
f 6083 6119 6120
f 6083 6120 6084
f 6084 6120 6085
f 6084 6085 6049
f 6085 6121 6122
f 6085 6122 6086
f 6086 6122 6123
f 6086 6123 6087
f 6087 6123 6124
f 6087 6124 6088
f 6088 6124 6125
f 6088 6125 6089
f 6089 6125 6126
f 6089 6126 6090
f 6090 6126 6127
f 6090 6127 6091
f 6091 6127 6128
f 6091 6128 6092
f 6092 6128 6129
f 6092 6129 6093
f 6093 6129 6130
f 6093 6130 6094
f 6094 6130 6131
f 6094 6131 6095
f 6095 6131 6132
f 6095 6132 6096
f 6096 6132 6133
f 6096 6133 6097
f 6097 6133 6134
f 6097 6134 6098
f 6098 6134 6135
f 6098 6135 6099
f 6099 6135 6136
f 6099 6136 6100
f 6100 6136 6137
f 6100 6137 6101
f 6101 6137 6138
f 6101 6138 6102
f 6102 6138 6139
f 6102 6139 6103
f 6103 6139 6140
f 6103 6140 6104
f 6104 6140 6141
f 6104 6141 6105
f 6105 6141 6142
f 6105 6142 6106
f 6106 6142 6143
f 6106 6143 6107
f 6107 6143 6144
f 6107 6144 6108
f 6108 6144 6145
f 6108 6145 6109
f 6109 6145 6146
f 6109 6146 6110
f 6110 6146 6147
f 6110 6147 6111
f 6111 6147 6148
f 6111 6148 6112
f 6112 6148 6149
f 6112 6149 6113
f 6113 6149 6150
f 6113 6150 6114
f 6114 6150 6151
f 6114 6151 6115
f 6115 6151 6152
f 6115 6152 6116
f 6116 6152 6153
f 6116 6153 6117
f 6117 6153 6154
f 6117 6154 6118
f 6118 6154 6155
f 6118 6155 6119
f 6119 6155 6156
f 6119 6156 6120
f 6120 6156 6121
f 6120 6121 6085
f 6121 6157 6158
f 6121 6158 6122
f 6122 6158 6159
f 6122 6159 6123
f 6123 6159 6160
f 6123 6160 6124
f 6124 6160 6161
f 6124 6161 6125
f 6125 6161 6162
f 6125 6162 6126
f 6126 6162 6163
f 6126 6163 6127
f 6127 6163 6164
f 6127 6164 6128
f 6128 6164 6165
f 6128 6165 6129
f 6129 6165 6166
f 6129 6166 6130
f 6130 6166 6167
f 6130 6167 6131
f 6131 6167 6168
f 6131 6168 6132
f 6132 6168 6169
f 6132 6169 6133
f 6133 6169 6170
f 6133 6170 6134
f 6134 6170 6171
f 6134 6171 6135
f 6135 6171 6172
f 6135 6172 6136
f 6136 6172 6173
f 6136 6173 6137
f 6137 6173 6174
f 6137 6174 6138
f 6138 6174 6175
f 6138 6175 6139
f 6139 6175 6176
f 6139 6176 6140
f 6140 6176 6177
f 6140 6177 6141
f 6141 6177 6178
f 6141 6178 6142
f 6142 6178 6179
f 6142 6179 6143
f 6143 6179 6180
f 6143 6180 6144
f 6144 6180 6181
f 6144 6181 6145
f 6145 6181 6182
f 6145 6182 6146
f 6146 6182 6183
f 6146 6183 6147
f 6147 6183 6184
f 6147 6184 6148
f 6148 6184 6185
f 6148 6185 6149
f 6149 6185 6186
f 6149 6186 6150
f 6150 6186 6187
f 6150 6187 6151
f 6151 6187 6188
f 6151 6188 6152
f 6152 6188 6189
f 6152 6189 6153
f 6153 6189 6190
f 6153 6190 6154
f 6154 6190 6191
f 6154 6191 6155
f 6155 6191 6192
f 6155 6192 6156
f 6156 6192 6157
f 6156 6157 6121
f 6157 6193 6194
f 6157 6194 6158
f 6158 6194 6195
f 6158 6195 6159
f 6159 6195 6196
f 6159 6196 6160
f 6160 6196 6197
f 6160 6197 6161
f 6161 6197 6198
f 6161 6198 6162
f 6162 6198 6199
f 6162 6199 6163
f 6163 6199 6200
f 6163 6200 6164
f 6164 6200 6201
f 6164 6201 6165
f 6165 6201 6202
f 6165 6202 6166
f 6166 6202 6203
f 6166 6203 6167
f 6167 6203 6204
f 6167 6204 6168
f 6168 6204 6205
f 6168 6205 6169
f 6169 6205 6206
f 6169 6206 6170
f 6170 6206 6207
f 6170 6207 6171
f 6171 6207 6208
f 6171 6208 6172
f 6172 6208 6209
f 6172 6209 6173
f 6173 6209 6210
f 6173 6210 6174
f 6174 6210 6211
f 6174 6211 6175
f 6175 6211 6212
f 6175 6212 6176
f 6176 6212 6213
f 6176 6213 6177
f 6177 6213 6214
f 6177 6214 6178
f 6178 6214 6215
f 6178 6215 6179
f 6179 6215 6216
f 6179 6216 6180
f 6180 6216 6217
f 6180 6217 6181
f 6181 6217 6218
f 6181 6218 6182
f 6182 6218 6219
f 6182 6219 6183
f 6183 6219 6220
f 6183 6220 6184
f 6184 6220 6221
f 6184 6221 6185
f 6185 6221 6222
f 6185 6222 6186
f 6186 6222 6223
f 6186 6223 6187
f 6187 6223 6224
f 6187 6224 6188
f 6188 6224 6225
f 6188 6225 6189
f 6189 6225 6226
f 6189 6226 6190
f 6190 6226 6227
f 6190 6227 6191
f 6191 6227 6228
f 6191 6228 6192
f 6192 6228 6193
f 6192 6193 6157
f 6193 6229 6230
f 6193 6230 6194
f 6194 6230 6231
f 6194 6231 6195
f 6195 6231 6232
f 6195 6232 6196
f 6196 6232 6233
f 6196 6233 6197
f 6197 6233 6234
f 6197 6234 6198
f 6198 6234 6235
f 6198 6235 6199
f 6199 6235 6236
f 6199 6236 6200
f 6200 6236 6237
f 6200 6237 6201
f 6201 6237 6238
f 6201 6238 6202
f 6202 6238 6239
f 6202 6239 6203
f 6203 6239 6240
f 6203 6240 6204
f 6204 6240 6241
f 6204 6241 6205
f 6205 6241 6242
f 6205 6242 6206
f 6206 6242 6243
f 6206 6243 6207
f 6207 6243 6244
f 6207 6244 6208
f 6208 6244 6245
f 6208 6245 6209
f 6209 6245 6246
f 6209 6246 6210
f 6210 6246 6247
f 6210 6247 6211
f 6211 6247 6248
f 6211 6248 6212
f 6212 6248 6249
f 6212 6249 6213
f 6213 6249 6250
f 6213 6250 6214
f 6214 6250 6251
f 6214 6251 6215
f 6215 6251 6252
f 6215 6252 6216
f 6216 6252 6253
f 6216 6253 6217
f 6217 6253 6254
f 6217 6254 6218
f 6218 6254 6255
f 6218 6255 6219
f 6219 6255 6256
f 6219 6256 6220
f 6220 6256 6257
f 6220 6257 6221
f 6221 6257 6258
f 6221 6258 6222
f 6222 6258 6259
f 6222 6259 6223
f 6223 6259 6260
f 6223 6260 6224
f 6224 6260 6261
f 6224 6261 6225
f 6225 6261 6262
f 6225 6262 6226
f 6226 6262 6263
f 6226 6263 6227
f 6227 6263 6264
f 6227 6264 6228
f 6228 6264 6229
f 6228 6229 6193
f 6229 6265 6266
f 6229 6266 6230
f 6230 6266 6267
f 6230 6267 6231
f 6231 6267 6268
f 6231 6268 6232
f 6232 6268 6269
f 6232 6269 6233
f 6233 6269 6270
f 6233 6270 6234
f 6234 6270 6271
f 6234 6271 6235
f 6235 6271 6272
f 6235 6272 6236
f 6236 6272 6273
f 6236 6273 6237
f 6237 6273 6274
f 6237 6274 6238
f 6238 6274 6275
f 6238 6275 6239
f 6239 6275 6276
f 6239 6276 6240
f 6240 6276 6277
f 6240 6277 6241
f 6241 6277 6278
f 6241 6278 6242
f 6242 6278 6279
f 6242 6279 6243
f 6243 6279 6280
f 6243 6280 6244
f 6244 6280 6281
f 6244 6281 6245
f 6245 6281 6282
f 6245 6282 6246
f 6246 6282 6283
f 6246 6283 6247
f 6247 6283 6284
f 6247 6284 6248
f 6248 6284 6285
f 6248 6285 6249
f 6249 6285 6286
f 6249 6286 6250
f 6250 6286 6287
f 6250 6287 6251
f 6251 6287 6288
f 6251 6288 6252
f 6252 6288 6289
f 6252 6289 6253
f 6253 6289 6290
f 6253 6290 6254
f 6254 6290 6291
f 6254 6291 6255
f 6255 6291 6292
f 6255 6292 6256
f 6256 6292 6293
f 6256 6293 6257
f 6257 6293 6294
f 6257 6294 6258
f 6258 6294 6295
f 6258 6295 6259
f 6259 6295 6296
f 6259 6296 6260
f 6260 6296 6297
f 6260 6297 6261
f 6261 6297 6298
f 6261 6298 6262
f 6262 6298 6299
f 6262 6299 6263
f 6263 6299 6300
f 6263 6300 6264
f 6264 6300 6265
f 6264 6265 6229
f 6265 6301 6302
f 6265 6302 6266
f 6266 6302 6303
f 6266 6303 6267
f 6267 6303 6304
f 6267 6304 6268
f 6268 6304 6305
f 6268 6305 6269
f 6269 6305 6306
f 6269 6306 6270
f 6270 6306 6307
f 6270 6307 6271
f 6271 6307 6308
f 6271 6308 6272
f 6272 6308 6309
f 6272 6309 6273
f 6273 6309 6310
f 6273 6310 6274
f 6274 6310 6311
f 6274 6311 6275
f 6275 6311 6312
f 6275 6312 6276
f 6276 6312 6313
f 6276 6313 6277
f 6277 6313 6314
f 6277 6314 6278
f 6278 6314 6315
f 6278 6315 6279
f 6279 6315 6316
f 6279 6316 6280
f 6280 6316 6317
f 6280 6317 6281
f 6281 6317 6318
f 6281 6318 6282
f 6282 6318 6319
f 6282 6319 6283
f 6283 6319 6320
f 6283 6320 6284
f 6284 6320 6321
f 6284 6321 6285
f 6285 6321 6322
f 6285 6322 6286
f 6286 6322 6323
f 6286 6323 6287
f 6287 6323 6324
f 6287 6324 6288
f 6288 6324 6325
f 6288 6325 6289
f 6289 6325 6326
f 6289 6326 6290
f 6290 6326 6327
f 6290 6327 6291
f 6291 6327 6328
f 6291 6328 6292
f 6292 6328 6329
f 6292 6329 6293
f 6293 6329 6330
f 6293 6330 6294
f 6294 6330 6331
f 6294 6331 6295
f 6295 6331 6332
f 6295 6332 6296
f 6296 6332 6333
f 6296 6333 6297
f 6297 6333 6334
f 6297 6334 6298
f 6298 6334 6335
f 6298 6335 6299
f 6299 6335 6336
f 6299 6336 6300
f 6300 6336 6301
f 6300 6301 6265
f 6301 6337 6338
f 6301 6338 6302
f 6302 6338 6339
f 6302 6339 6303
f 6303 6339 6340
f 6303 6340 6304
f 6304 6340 6341
f 6304 6341 6305
f 6305 6341 6342
f 6305 6342 6306
f 6306 6342 6343
f 6306 6343 6307
f 6307 6343 6344
f 6307 6344 6308
f 6308 6344 6345
f 6308 6345 6309
f 6309 6345 6346
f 6309 6346 6310
f 6310 6346 6347
f 6310 6347 6311
f 6311 6347 6348
f 6311 6348 6312
f 6312 6348 6349
f 6312 6349 6313
f 6313 6349 6350
f 6313 6350 6314
f 6314 6350 6351
f 6314 6351 6315
f 6315 6351 6352
f 6315 6352 6316
f 6316 6352 6353
f 6316 6353 6317
f 6317 6353 6354
f 6317 6354 6318
f 6318 6354 6355
f 6318 6355 6319
f 6319 6355 6356
f 6319 6356 6320
f 6320 6356 6357
f 6320 6357 6321
f 6321 6357 6358
f 6321 6358 6322
f 6322 6358 6359
f 6322 6359 6323
f 6323 6359 6360
f 6323 6360 6324
f 6324 6360 6361
f 6324 6361 6325
f 6325 6361 6362
f 6325 6362 6326
f 6326 6362 6363
f 6326 6363 6327
f 6327 6363 6364
f 6327 6364 6328
f 6328 6364 6365
f 6328 6365 6329
f 6329 6365 6366
f 6329 6366 6330
f 6330 6366 6367
f 6330 6367 6331
f 6331 6367 6368
f 6331 6368 6332
f 6332 6368 6369
f 6332 6369 6333
f 6333 6369 6370
f 6333 6370 6334
f 6334 6370 6371
f 6334 6371 6335
f 6335 6371 6372
f 6335 6372 6336
f 6336 6372 6337
f 6336 6337 6301
f 6337 6373 6374
f 6337 6374 6338
f 6338 6374 6375
f 6338 6375 6339
f 6339 6375 6376
f 6339 6376 6340
f 6340 6376 6377
f 6340 6377 6341
f 6341 6377 6378
f 6341 6378 6342
f 6342 6378 6379
f 6342 6379 6343
f 6343 6379 6380
f 6343 6380 6344
f 6344 6380 6381
f 6344 6381 6345
f 6345 6381 6382
f 6345 6382 6346
f 6346 6382 6383
f 6346 6383 6347
f 6347 6383 6384
f 6347 6384 6348
f 6348 6384 6385
f 6348 6385 6349
f 6349 6385 6386
f 6349 6386 6350
f 6350 6386 6387
f 6350 6387 6351
f 6351 6387 6388
f 6351 6388 6352
f 6352 6388 6389
f 6352 6389 6353
f 6353 6389 6390
f 6353 6390 6354
f 6354 6390 6391
f 6354 6391 6355
f 6355 6391 6392
f 6355 6392 6356
f 6356 6392 6393
f 6356 6393 6357
f 6357 6393 6394
f 6357 6394 6358
f 6358 6394 6395
f 6358 6395 6359
f 6359 6395 6396
f 6359 6396 6360
f 6360 6396 6397
f 6360 6397 6361
f 6361 6397 6398
f 6361 6398 6362
f 6362 6398 6399
f 6362 6399 6363
f 6363 6399 6400
f 6363 6400 6364
f 6364 6400 6401
f 6364 6401 6365
f 6365 6401 6402
f 6365 6402 6366
f 6366 6402 6403
f 6366 6403 6367
f 6367 6403 6404
f 6367 6404 6368
f 6368 6404 6405
f 6368 6405 6369
f 6369 6405 6406
f 6369 6406 6370
f 6370 6406 6407
f 6370 6407 6371
f 6371 6407 6408
f 6371 6408 6372
f 6372 6408 6373
f 6372 6373 6337
f 6373 6409 6410
f 6373 6410 6374
f 6374 6410 6411
f 6374 6411 6375
f 6375 6411 6412
f 6375 6412 6376
f 6376 6412 6413
f 6376 6413 6377
f 6377 6413 6414
f 6377 6414 6378
f 6378 6414 6415
f 6378 6415 6379
f 6379 6415 6416
f 6379 6416 6380
f 6380 6416 6417
f 6380 6417 6381
f 6381 6417 6418
f 6381 6418 6382
f 6382 6418 6419
f 6382 6419 6383
f 6383 6419 6420
f 6383 6420 6384
f 6384 6420 6421
f 6384 6421 6385
f 6385 6421 6422
f 6385 6422 6386
f 6386 6422 6423
f 6386 6423 6387
f 6387 6423 6424
f 6387 6424 6388
f 6388 6424 6425
f 6388 6425 6389
f 6389 6425 6426
f 6389 6426 6390
f 6390 6426 6427
f 6390 6427 6391
f 6391 6427 6428
f 6391 6428 6392
f 6392 6428 6429
f 6392 6429 6393
f 6393 6429 6430
f 6393 6430 6394
f 6394 6430 6431
f 6394 6431 6395
f 6395 6431 6432
f 6395 6432 6396
f 6396 6432 6433
f 6396 6433 6397
f 6397 6433 6434
f 6397 6434 6398
f 6398 6434 6435
f 6398 6435 6399
f 6399 6435 6436
f 6399 6436 6400
f 6400 6436 6437
f 6400 6437 6401
f 6401 6437 6438
f 6401 6438 6402
f 6402 6438 6439
f 6402 6439 6403
f 6403 6439 6440
f 6403 6440 6404
f 6404 6440 6441
f 6404 6441 6405
f 6405 6441 6442
f 6405 6442 6406
f 6406 6442 6443
f 6406 6443 6407
f 6407 6443 6444
f 6407 6444 6408
f 6408 6444 6409
f 6408 6409 6373
f 6409 6445 6446
f 6409 6446 6410
f 6410 6446 6447
f 6410 6447 6411
f 6411 6447 6448
f 6411 6448 6412
f 6412 6448 6449
f 6412 6449 6413
f 6413 6449 6450
f 6413 6450 6414
f 6414 6450 6451
f 6414 6451 6415
f 6415 6451 6452
f 6415 6452 6416
f 6416 6452 6453
f 6416 6453 6417
f 6417 6453 6454
f 6417 6454 6418
f 6418 6454 6455
f 6418 6455 6419
f 6419 6455 6456
f 6419 6456 6420
f 6420 6456 6457
f 6420 6457 6421
f 6421 6457 6458
f 6421 6458 6422
f 6422 6458 6459
f 6422 6459 6423
f 6423 6459 6460
f 6423 6460 6424
f 6424 6460 6461
f 6424 6461 6425
f 6425 6461 6462
f 6425 6462 6426
f 6426 6462 6463
f 6426 6463 6427
f 6427 6463 6464
f 6427 6464 6428
f 6428 6464 6465
f 6428 6465 6429
f 6429 6465 6466
f 6429 6466 6430
f 6430 6466 6467
f 6430 6467 6431
f 6431 6467 6468
f 6431 6468 6432
f 6432 6468 6469
f 6432 6469 6433
f 6433 6469 6470
f 6433 6470 6434
f 6434 6470 6471
f 6434 6471 6435
f 6435 6471 6472
f 6435 6472 6436
f 6436 6472 6473
f 6436 6473 6437
f 6437 6473 6474
f 6437 6474 6438
f 6438 6474 6475
f 6438 6475 6439
f 6439 6475 6476
f 6439 6476 6440
f 6440 6476 6477
f 6440 6477 6441
f 6441 6477 6478
f 6441 6478 6442
f 6442 6478 6479
f 6442 6479 6443
f 6443 6479 6480
f 6443 6480 6444
f 6444 6480 6445
f 6444 6445 6409
f 6445 6481 6482
f 6445 6482 6446
f 6446 6482 6483
f 6446 6483 6447
f 6447 6483 6484
f 6447 6484 6448
f 6448 6484 6485
f 6448 6485 6449
f 6449 6485 6486
f 6449 6486 6450
f 6450 6486 6487
f 6450 6487 6451
f 6451 6487 6488
f 6451 6488 6452
f 6452 6488 6489
f 6452 6489 6453
f 6453 6489 6490
f 6453 6490 6454
f 6454 6490 6491
f 6454 6491 6455
f 6455 6491 6492
f 6455 6492 6456
f 6456 6492 6493
f 6456 6493 6457
f 6457 6493 6494
f 6457 6494 6458
f 6458 6494 6495
f 6458 6495 6459
f 6459 6495 6496
f 6459 6496 6460
f 6460 6496 6497
f 6460 6497 6461
f 6461 6497 6498
f 6461 6498 6462
f 6462 6498 6499
f 6462 6499 6463
f 6463 6499 6500
f 6463 6500 6464
f 6464 6500 6501
f 6464 6501 6465
f 6465 6501 6502
f 6465 6502 6466
f 6466 6502 6503
f 6466 6503 6467
f 6467 6503 6504
f 6467 6504 6468
f 6468 6504 6505
f 6468 6505 6469
f 6469 6505 6506
f 6469 6506 6470
f 6470 6506 6507
f 6470 6507 6471
f 6471 6507 6508
f 6471 6508 6472
f 6472 6508 6509
f 6472 6509 6473
f 6473 6509 6510
f 6473 6510 6474
f 6474 6510 6511
f 6474 6511 6475
f 6475 6511 6512
f 6475 6512 6476
f 6476 6512 6513
f 6476 6513 6477
f 6477 6513 6514
f 6477 6514 6478
f 6478 6514 6515
f 6478 6515 6479
f 6479 6515 6516
f 6479 6516 6480
f 6480 6516 6481
f 6480 6481 6445
f 6481 6517 6518
f 6481 6518 6482
f 6482 6518 6519
f 6482 6519 6483
f 6483 6519 6520
f 6483 6520 6484
f 6484 6520 6521
f 6484 6521 6485
f 6485 6521 6522
f 6485 6522 6486
f 6486 6522 6523
f 6486 6523 6487
f 6487 6523 6524
f 6487 6524 6488
f 6488 6524 6525
f 6488 6525 6489
f 6489 6525 6526
f 6489 6526 6490
f 6490 6526 6527
f 6490 6527 6491
f 6491 6527 6528
f 6491 6528 6492
f 6492 6528 6529
f 6492 6529 6493
f 6493 6529 6530
f 6493 6530 6494
f 6494 6530 6531
f 6494 6531 6495
f 6495 6531 6532
f 6495 6532 6496
f 6496 6532 6533
f 6496 6533 6497
f 6497 6533 6534
f 6497 6534 6498
f 6498 6534 6535
f 6498 6535 6499
f 6499 6535 6536
f 6499 6536 6500
f 6500 6536 6537
f 6500 6537 6501
f 6501 6537 6538
f 6501 6538 6502
f 6502 6538 6539
f 6502 6539 6503
f 6503 6539 6540
f 6503 6540 6504
f 6504 6540 6541
f 6504 6541 6505
f 6505 6541 6542
f 6505 6542 6506
f 6506 6542 6543
f 6506 6543 6507
f 6507 6543 6544
f 6507 6544 6508
f 6508 6544 6545
f 6508 6545 6509
f 6509 6545 6546
f 6509 6546 6510
f 6510 6546 6547
f 6510 6547 6511
f 6511 6547 6548
f 6511 6548 6512
f 6512 6548 6549
f 6512 6549 6513
f 6513 6549 6550
f 6513 6550 6514
f 6514 6550 6551
f 6514 6551 6515
f 6515 6551 6552
f 6515 6552 6516
f 6516 6552 6517
f 6516 6517 6481
f 6517 6553 6554
f 6517 6554 6518
f 6518 6554 6555
f 6518 6555 6519
f 6519 6555 6556
f 6519 6556 6520
f 6520 6556 6557
f 6520 6557 6521
f 6521 6557 6558
f 6521 6558 6522
f 6522 6558 6559
f 6522 6559 6523
f 6523 6559 6560
f 6523 6560 6524
f 6524 6560 6561
f 6524 6561 6525
f 6525 6561 6562
f 6525 6562 6526
f 6526 6562 6563
f 6526 6563 6527
f 6527 6563 6564
f 6527 6564 6528
f 6528 6564 6565
f 6528 6565 6529
f 6529 6565 6566
f 6529 6566 6530
f 6530 6566 6567
f 6530 6567 6531
f 6531 6567 6568
f 6531 6568 6532
f 6532 6568 6569
f 6532 6569 6533
f 6533 6569 6570
f 6533 6570 6534
f 6534 6570 6571
f 6534 6571 6535
f 6535 6571 6572
f 6535 6572 6536
f 6536 6572 6573
f 6536 6573 6537
f 6537 6573 6574
f 6537 6574 6538
f 6538 6574 6575
f 6538 6575 6539
f 6539 6575 6576
f 6539 6576 6540
f 6540 6576 6577
f 6540 6577 6541
f 6541 6577 6578
f 6541 6578 6542
f 6542 6578 6579
f 6542 6579 6543
f 6543 6579 6580
f 6543 6580 6544
f 6544 6580 6581
f 6544 6581 6545
f 6545 6581 6582
f 6545 6582 6546
f 6546 6582 6583
f 6546 6583 6547
f 6547 6583 6584
f 6547 6584 6548
f 6548 6584 6585
f 6548 6585 6549
f 6549 6585 6586
f 6549 6586 6550
f 6550 6586 6587
f 6550 6587 6551
f 6551 6587 6588
f 6551 6588 6552
f 6552 6588 6553
f 6552 6553 6517
f 6553 6589 6590
f 6553 6590 6554
f 6554 6590 6591
f 6554 6591 6555
f 6555 6591 6592
f 6555 6592 6556
f 6556 6592 6593
f 6556 6593 6557
f 6557 6593 6594
f 6557 6594 6558
f 6558 6594 6595
f 6558 6595 6559
f 6559 6595 6596
f 6559 6596 6560
f 6560 6596 6597
f 6560 6597 6561
f 6561 6597 6598
f 6561 6598 6562
f 6562 6598 6599
f 6562 6599 6563
f 6563 6599 6600
f 6563 6600 6564
f 6564 6600 6601
f 6564 6601 6565
f 6565 6601 6602
f 6565 6602 6566
f 6566 6602 6603
f 6566 6603 6567
f 6567 6603 6604
f 6567 6604 6568
f 6568 6604 6605
f 6568 6605 6569
f 6569 6605 6606
f 6569 6606 6570
f 6570 6606 6607
f 6570 6607 6571
f 6571 6607 6608
f 6571 6608 6572
f 6572 6608 6609
f 6572 6609 6573
f 6573 6609 6610
f 6573 6610 6574
f 6574 6610 6611
f 6574 6611 6575
f 6575 6611 6612
f 6575 6612 6576
f 6576 6612 6613
f 6576 6613 6577
f 6577 6613 6614
f 6577 6614 6578
f 6578 6614 6615
f 6578 6615 6579
f 6579 6615 6616
f 6579 6616 6580
f 6580 6616 6617
f 6580 6617 6581
f 6581 6617 6618
f 6581 6618 6582
f 6582 6618 6619
f 6582 6619 6583
f 6583 6619 6620
f 6583 6620 6584
f 6584 6620 6621
f 6584 6621 6585
f 6585 6621 6622
f 6585 6622 6586
f 6586 6622 6623
f 6586 6623 6587
f 6587 6623 6624
f 6587 6624 6588
f 6588 6624 6589
f 6588 6589 6553
f 6589 6625 6626
f 6589 6626 6590
f 6590 6626 6627
f 6590 6627 6591
f 6591 6627 6628
f 6591 6628 6592
f 6592 6628 6629
f 6592 6629 6593
f 6593 6629 6630
f 6593 6630 6594
f 6594 6630 6631
f 6594 6631 6595
f 6595 6631 6632
f 6595 6632 6596
f 6596 6632 6633
f 6596 6633 6597
f 6597 6633 6634
f 6597 6634 6598
f 6598 6634 6635
f 6598 6635 6599
f 6599 6635 6636
f 6599 6636 6600
f 6600 6636 6637
f 6600 6637 6601
f 6601 6637 6638
f 6601 6638 6602
f 6602 6638 6639
f 6602 6639 6603
f 6603 6639 6640
f 6603 6640 6604
f 6604 6640 6641
f 6604 6641 6605
f 6605 6641 6642
f 6605 6642 6606
f 6606 6642 6643
f 6606 6643 6607
f 6607 6643 6644
f 6607 6644 6608
f 6608 6644 6645
f 6608 6645 6609
f 6609 6645 6646
f 6609 6646 6610
f 6610 6646 6647
f 6610 6647 6611
f 6611 6647 6648
f 6611 6648 6612
f 6612 6648 6649
f 6612 6649 6613
f 6613 6649 6650
f 6613 6650 6614
f 6614 6650 6651
f 6614 6651 6615
f 6615 6651 6652
f 6615 6652 6616
f 6616 6652 6653
f 6616 6653 6617
f 6617 6653 6654
f 6617 6654 6618
f 6618 6654 6655
f 6618 6655 6619
f 6619 6655 6656
f 6619 6656 6620
f 6620 6656 6657
f 6620 6657 6621
f 6621 6657 6658
f 6621 6658 6622
f 6622 6658 6659
f 6622 6659 6623
f 6623 6659 6660
f 6623 6660 6624
f 6624 6660 6625
f 6624 6625 6589
f 6625 6661 6662
f 6625 6662 6626
f 6626 6662 6663
f 6626 6663 6627
f 6627 6663 6664
f 6627 6664 6628
f 6628 6664 6665
f 6628 6665 6629
f 6629 6665 6666
f 6629 6666 6630
f 6630 6666 6667
f 6630 6667 6631
f 6631 6667 6668
f 6631 6668 6632
f 6632 6668 6669
f 6632 6669 6633
f 6633 6669 6670
f 6633 6670 6634
f 6634 6670 6671
f 6634 6671 6635
f 6635 6671 6672
f 6635 6672 6636
f 6636 6672 6673
f 6636 6673 6637
f 6637 6673 6674
f 6637 6674 6638
f 6638 6674 6675
f 6638 6675 6639
f 6639 6675 6676
f 6639 6676 6640
f 6640 6676 6677
f 6640 6677 6641
f 6641 6677 6678
f 6641 6678 6642
f 6642 6678 6679
f 6642 6679 6643
f 6643 6679 6680
f 6643 6680 6644
f 6644 6680 6681
f 6644 6681 6645
f 6645 6681 6682
f 6645 6682 6646
f 6646 6682 6683
f 6646 6683 6647
f 6647 6683 6684
f 6647 6684 6648
f 6648 6684 6685
f 6648 6685 6649
f 6649 6685 6686
f 6649 6686 6650
f 6650 6686 6687
f 6650 6687 6651
f 6651 6687 6688
f 6651 6688 6652
f 6652 6688 6689
f 6652 6689 6653
f 6653 6689 6690
f 6653 6690 6654
f 6654 6690 6691
f 6654 6691 6655
f 6655 6691 6692
f 6655 6692 6656
f 6656 6692 6693
f 6656 6693 6657
f 6657 6693 6694
f 6657 6694 6658
f 6658 6694 6695
f 6658 6695 6659
f 6659 6695 6696
f 6659 6696 6660
f 6660 6696 6661
f 6660 6661 6625
f 6661 6697 6698
f 6661 6698 6662
f 6662 6698 6699
f 6662 6699 6663
f 6663 6699 6700
f 6663 6700 6664
f 6664 6700 6701
f 6664 6701 6665
f 6665 6701 6702
f 6665 6702 6666
f 6666 6702 6703
f 6666 6703 6667
f 6667 6703 6704
f 6667 6704 6668
f 6668 6704 6705
f 6668 6705 6669
f 6669 6705 6706
f 6669 6706 6670
f 6670 6706 6707
f 6670 6707 6671
f 6671 6707 6708
f 6671 6708 6672
f 6672 6708 6709
f 6672 6709 6673
f 6673 6709 6710
f 6673 6710 6674
f 6674 6710 6711
f 6674 6711 6675
f 6675 6711 6712
f 6675 6712 6676
f 6676 6712 6713
f 6676 6713 6677
f 6677 6713 6714
f 6677 6714 6678
f 6678 6714 6715
f 6678 6715 6679
f 6679 6715 6716
f 6679 6716 6680
f 6680 6716 6717
f 6680 6717 6681
f 6681 6717 6718
f 6681 6718 6682
f 6682 6718 6719
f 6682 6719 6683
f 6683 6719 6720
f 6683 6720 6684
f 6684 6720 6721
f 6684 6721 6685
f 6685 6721 6722
f 6685 6722 6686
f 6686 6722 6723
f 6686 6723 6687
f 6687 6723 6724
f 6687 6724 6688
f 6688 6724 6725
f 6688 6725 6689
f 6689 6725 6726
f 6689 6726 6690
f 6690 6726 6727
f 6690 6727 6691
f 6691 6727 6728
f 6691 6728 6692
f 6692 6728 6729
f 6692 6729 6693
f 6693 6729 6730
f 6693 6730 6694
f 6694 6730 6731
f 6694 6731 6695
f 6695 6731 6732
f 6695 6732 6696
f 6696 6732 6697
f 6696 6697 6661
f 6697 6733 6734
f 6697 6734 6698
f 6698 6734 6735
f 6698 6735 6699
f 6699 6735 6736
f 6699 6736 6700
f 6700 6736 6737
f 6700 6737 6701
f 6701 6737 6738
f 6701 6738 6702
f 6702 6738 6739
f 6702 6739 6703
f 6703 6739 6740
f 6703 6740 6704
f 6704 6740 6741
f 6704 6741 6705
f 6705 6741 6742
f 6705 6742 6706
f 6706 6742 6743
f 6706 6743 6707
f 6707 6743 6744
f 6707 6744 6708
f 6708 6744 6745
f 6708 6745 6709
f 6709 6745 6746
f 6709 6746 6710
f 6710 6746 6747
f 6710 6747 6711
f 6711 6747 6748
f 6711 6748 6712
f 6712 6748 6749
f 6712 6749 6713
f 6713 6749 6750
f 6713 6750 6714
f 6714 6750 6751
f 6714 6751 6715
f 6715 6751 6752
f 6715 6752 6716
f 6716 6752 6753
f 6716 6753 6717
f 6717 6753 6754
f 6717 6754 6718
f 6718 6754 6755
f 6718 6755 6719
f 6719 6755 6756
f 6719 6756 6720
f 6720 6756 6757
f 6720 6757 6721
f 6721 6757 6758
f 6721 6758 6722
f 6722 6758 6759
f 6722 6759 6723
f 6723 6759 6760
f 6723 6760 6724
f 6724 6760 6761
f 6724 6761 6725
f 6725 6761 6762
f 6725 6762 6726
f 6726 6762 6763
f 6726 6763 6727
f 6727 6763 6764
f 6727 6764 6728
f 6728 6764 6765
f 6728 6765 6729
f 6729 6765 6766
f 6729 6766 6730
f 6730 6766 6767
f 6730 6767 6731
f 6731 6767 6768
f 6731 6768 6732
f 6732 6768 6733
f 6732 6733 6697
f 6733 6769 6770
f 6733 6770 6734
f 6734 6770 6771
f 6734 6771 6735
f 6735 6771 6772
f 6735 6772 6736
f 6736 6772 6773
f 6736 6773 6737
f 6737 6773 6774
f 6737 6774 6738
f 6738 6774 6775
f 6738 6775 6739
f 6739 6775 6776
f 6739 6776 6740
f 6740 6776 6777
f 6740 6777 6741
f 6741 6777 6778
f 6741 6778 6742
f 6742 6778 6779
f 6742 6779 6743
f 6743 6779 6780
f 6743 6780 6744
f 6744 6780 6781
f 6744 6781 6745
f 6745 6781 6782
f 6745 6782 6746
f 6746 6782 6783
f 6746 6783 6747
f 6747 6783 6784
f 6747 6784 6748
f 6748 6784 6785
f 6748 6785 6749
f 6749 6785 6786
f 6749 6786 6750
f 6750 6786 6787
f 6750 6787 6751
f 6751 6787 6788
f 6751 6788 6752
f 6752 6788 6789
f 6752 6789 6753
f 6753 6789 6790
f 6753 6790 6754
f 6754 6790 6791
f 6754 6791 6755
f 6755 6791 6792
f 6755 6792 6756
f 6756 6792 6793
f 6756 6793 6757
f 6757 6793 6794
f 6757 6794 6758
f 6758 6794 6795
f 6758 6795 6759
f 6759 6795 6796
f 6759 6796 6760
f 6760 6796 6797
f 6760 6797 6761
f 6761 6797 6798
f 6761 6798 6762
f 6762 6798 6799
f 6762 6799 6763
f 6763 6799 6800
f 6763 6800 6764
f 6764 6800 6801
f 6764 6801 6765
f 6765 6801 6802
f 6765 6802 6766
f 6766 6802 6803
f 6766 6803 6767
f 6767 6803 6804
f 6767 6804 6768
f 6768 6804 6769
f 6768 6769 6733
f 6769 6805 6806
f 6769 6806 6770
f 6770 6806 6807
f 6770 6807 6771
f 6771 6807 6808
f 6771 6808 6772
f 6772 6808 6809
f 6772 6809 6773
f 6773 6809 6810
f 6773 6810 6774
f 6774 6810 6811
f 6774 6811 6775
f 6775 6811 6812
f 6775 6812 6776
f 6776 6812 6813
f 6776 6813 6777
f 6777 6813 6814
f 6777 6814 6778
f 6778 6814 6815
f 6778 6815 6779
f 6779 6815 6816
f 6779 6816 6780
f 6780 6816 6817
f 6780 6817 6781
f 6781 6817 6818
f 6781 6818 6782
f 6782 6818 6819
f 6782 6819 6783
f 6783 6819 6820
f 6783 6820 6784
f 6784 6820 6821
f 6784 6821 6785
f 6785 6821 6822
f 6785 6822 6786
f 6786 6822 6823
f 6786 6823 6787
f 6787 6823 6824
f 6787 6824 6788
f 6788 6824 6825
f 6788 6825 6789
f 6789 6825 6826
f 6789 6826 6790
f 6790 6826 6827
f 6790 6827 6791
f 6791 6827 6828
f 6791 6828 6792
f 6792 6828 6829
f 6792 6829 6793
f 6793 6829 6830
f 6793 6830 6794
f 6794 6830 6831
f 6794 6831 6795
f 6795 6831 6832
f 6795 6832 6796
f 6796 6832 6833
f 6796 6833 6797
f 6797 6833 6834
f 6797 6834 6798
f 6798 6834 6835
f 6798 6835 6799
f 6799 6835 6836
f 6799 6836 6800
f 6800 6836 6837
f 6800 6837 6801
f 6801 6837 6838
f 6801 6838 6802
f 6802 6838 6839
f 6802 6839 6803
f 6803 6839 6840
f 6803 6840 6804
f 6804 6840 6805
f 6804 6805 6769
f 6805 6841 6842
f 6805 6842 6806
f 6806 6842 6843
f 6806 6843 6807
f 6807 6843 6844
f 6807 6844 6808
f 6808 6844 6845
f 6808 6845 6809
f 6809 6845 6846
f 6809 6846 6810
f 6810 6846 6847
f 6810 6847 6811
f 6811 6847 6848
f 6811 6848 6812
f 6812 6848 6849
f 6812 6849 6813
f 6813 6849 6850
f 6813 6850 6814
f 6814 6850 6851
f 6814 6851 6815
f 6815 6851 6852
f 6815 6852 6816
f 6816 6852 6853
f 6816 6853 6817
f 6817 6853 6854
f 6817 6854 6818
f 6818 6854 6855
f 6818 6855 6819
f 6819 6855 6856
f 6819 6856 6820
f 6820 6856 6857
f 6820 6857 6821
f 6821 6857 6858
f 6821 6858 6822
f 6822 6858 6859
f 6822 6859 6823
f 6823 6859 6860
f 6823 6860 6824
f 6824 6860 6861
f 6824 6861 6825
f 6825 6861 6862
f 6825 6862 6826
f 6826 6862 6863
f 6826 6863 6827
f 6827 6863 6864
f 6827 6864 6828
f 6828 6864 6865
f 6828 6865 6829
f 6829 6865 6866
f 6829 6866 6830
f 6830 6866 6867
f 6830 6867 6831
f 6831 6867 6868
f 6831 6868 6832
f 6832 6868 6869
f 6832 6869 6833
f 6833 6869 6870
f 6833 6870 6834
f 6834 6870 6871
f 6834 6871 6835
f 6835 6871 6872
f 6835 6872 6836
f 6836 6872 6873
f 6836 6873 6837
f 6837 6873 6874
f 6837 6874 6838
f 6838 6874 6875
f 6838 6875 6839
f 6839 6875 6876
f 6839 6876 6840
f 6840 6876 6841
f 6840 6841 6805
f 6841 6877 6878
f 6841 6878 6842
f 6842 6878 6879
f 6842 6879 6843
f 6843 6879 6880
f 6843 6880 6844
f 6844 6880 6881
f 6844 6881 6845
f 6845 6881 6882
f 6845 6882 6846
f 6846 6882 6883
f 6846 6883 6847
f 6847 6883 6884
f 6847 6884 6848
f 6848 6884 6885
f 6848 6885 6849
f 6849 6885 6886
f 6849 6886 6850
f 6850 6886 6887
f 6850 6887 6851
f 6851 6887 6888
f 6851 6888 6852
f 6852 6888 6889
f 6852 6889 6853
f 6853 6889 6890
f 6853 6890 6854
f 6854 6890 6891
f 6854 6891 6855
f 6855 6891 6892
f 6855 6892 6856
f 6856 6892 6893
f 6856 6893 6857
f 6857 6893 6894
f 6857 6894 6858
f 6858 6894 6895
f 6858 6895 6859
f 6859 6895 6896
f 6859 6896 6860
f 6860 6896 6897
f 6860 6897 6861
f 6861 6897 6898
f 6861 6898 6862
f 6862 6898 6899
f 6862 6899 6863
f 6863 6899 6900
f 6863 6900 6864
f 6864 6900 6901
f 6864 6901 6865
f 6865 6901 6902
f 6865 6902 6866
f 6866 6902 6903
f 6866 6903 6867
f 6867 6903 6904
f 6867 6904 6868
f 6868 6904 6905
f 6868 6905 6869
f 6869 6905 6906
f 6869 6906 6870
f 6870 6906 6907
f 6870 6907 6871
f 6871 6907 6908
f 6871 6908 6872
f 6872 6908 6909
f 6872 6909 6873
f 6873 6909 6910
f 6873 6910 6874
f 6874 6910 6911
f 6874 6911 6875
f 6875 6911 6912
f 6875 6912 6876
f 6876 6912 6877
f 6876 6877 6841
f 6877 6913 6914
f 6877 6914 6878
f 6878 6914 6915
f 6878 6915 6879
f 6879 6915 6916
f 6879 6916 6880
f 6880 6916 6917
f 6880 6917 6881
f 6881 6917 6918
f 6881 6918 6882
f 6882 6918 6919
f 6882 6919 6883
f 6883 6919 6920
f 6883 6920 6884
f 6884 6920 6921
f 6884 6921 6885
f 6885 6921 6922
f 6885 6922 6886
f 6886 6922 6923
f 6886 6923 6887
f 6887 6923 6924
f 6887 6924 6888
f 6888 6924 6925
f 6888 6925 6889
f 6889 6925 6926
f 6889 6926 6890
f 6890 6926 6927
f 6890 6927 6891
f 6891 6927 6928
f 6891 6928 6892
f 6892 6928 6929
f 6892 6929 6893
f 6893 6929 6930
f 6893 6930 6894
f 6894 6930 6931
f 6894 6931 6895
f 6895 6931 6932
f 6895 6932 6896
f 6896 6932 6933
f 6896 6933 6897
f 6897 6933 6934
f 6897 6934 6898
f 6898 6934 6935
f 6898 6935 6899
f 6899 6935 6936
f 6899 6936 6900
f 6900 6936 6937
f 6900 6937 6901
f 6901 6937 6938
f 6901 6938 6902
f 6902 6938 6939
f 6902 6939 6903
f 6903 6939 6940
f 6903 6940 6904
f 6904 6940 6941
f 6904 6941 6905
f 6905 6941 6942
f 6905 6942 6906
f 6906 6942 6943
f 6906 6943 6907
f 6907 6943 6944
f 6907 6944 6908
f 6908 6944 6945
f 6908 6945 6909
f 6909 6945 6946
f 6909 6946 6910
f 6910 6946 6947
f 6910 6947 6911
f 6911 6947 6948
f 6911 6948 6912
f 6912 6948 6913
f 6912 6913 6877
f 6913 6949 6950
f 6913 6950 6914
f 6914 6950 6951
f 6914 6951 6915
f 6915 6951 6952
f 6915 6952 6916
f 6916 6952 6953
f 6916 6953 6917
f 6917 6953 6954
f 6917 6954 6918
f 6918 6954 6955
f 6918 6955 6919
f 6919 6955 6956
f 6919 6956 6920
f 6920 6956 6957
f 6920 6957 6921
f 6921 6957 6958
f 6921 6958 6922
f 6922 6958 6959
f 6922 6959 6923
f 6923 6959 6960
f 6923 6960 6924
f 6924 6960 6961
f 6924 6961 6925
f 6925 6961 6962
f 6925 6962 6926
f 6926 6962 6963
f 6926 6963 6927
f 6927 6963 6964
f 6927 6964 6928
f 6928 6964 6965
f 6928 6965 6929
f 6929 6965 6966
f 6929 6966 6930
f 6930 6966 6967
f 6930 6967 6931
f 6931 6967 6968
f 6931 6968 6932
f 6932 6968 6969
f 6932 6969 6933
f 6933 6969 6970
f 6933 6970 6934
f 6934 6970 6971
f 6934 6971 6935
f 6935 6971 6972
f 6935 6972 6936
f 6936 6972 6973
f 6936 6973 6937
f 6937 6973 6974
f 6937 6974 6938
f 6938 6974 6975
f 6938 6975 6939
f 6939 6975 6976
f 6939 6976 6940
f 6940 6976 6977
f 6940 6977 6941
f 6941 6977 6978
f 6941 6978 6942
f 6942 6978 6979
f 6942 6979 6943
f 6943 6979 6980
f 6943 6980 6944
f 6944 6980 6981
f 6944 6981 6945
f 6945 6981 6982
f 6945 6982 6946
f 6946 6982 6983
f 6946 6983 6947
f 6947 6983 6984
f 6947 6984 6948
f 6948 6984 6949
f 6948 6949 6913
f 6949 6985 6986
f 6949 6986 6950
f 6950 6986 6987
f 6950 6987 6951
f 6951 6987 6988
f 6951 6988 6952
f 6952 6988 6989
f 6952 6989 6953
f 6953 6989 6990
f 6953 6990 6954
f 6954 6990 6991
f 6954 6991 6955
f 6955 6991 6992
f 6955 6992 6956
f 6956 6992 6993
f 6956 6993 6957
f 6957 6993 6994
f 6957 6994 6958
f 6958 6994 6995
f 6958 6995 6959
f 6959 6995 6996
f 6959 6996 6960
f 6960 6996 6997
f 6960 6997 6961
f 6961 6997 6998
f 6961 6998 6962
f 6962 6998 6999
f 6962 6999 6963
f 6963 6999 7000
f 6963 7000 6964
f 6964 7000 7001
f 6964 7001 6965
f 6965 7001 7002
f 6965 7002 6966
f 6966 7002 7003
f 6966 7003 6967
f 6967 7003 7004
f 6967 7004 6968
f 6968 7004 7005
f 6968 7005 6969
f 6969 7005 7006
f 6969 7006 6970
f 6970 7006 7007
f 6970 7007 6971
f 6971 7007 7008
f 6971 7008 6972
f 6972 7008 7009
f 6972 7009 6973
f 6973 7009 7010
f 6973 7010 6974
f 6974 7010 7011
f 6974 7011 6975
f 6975 7011 7012
f 6975 7012 6976
f 6976 7012 7013
f 6976 7013 6977
f 6977 7013 7014
f 6977 7014 6978
f 6978 7014 7015
f 6978 7015 6979
f 6979 7015 7016
f 6979 7016 6980
f 6980 7016 7017
f 6980 7017 6981
f 6981 7017 7018
f 6981 7018 6982
f 6982 7018 7019
f 6982 7019 6983
f 6983 7019 7020
f 6983 7020 6984
f 6984 7020 6985
f 6984 6985 6949
f 6985 7021 7022
f 6985 7022 6986
f 6986 7022 7023
f 6986 7023 6987
f 6987 7023 7024
f 6987 7024 6988
f 6988 7024 7025
f 6988 7025 6989
f 6989 7025 7026
f 6989 7026 6990
f 6990 7026 7027
f 6990 7027 6991
f 6991 7027 7028
f 6991 7028 6992
f 6992 7028 7029
f 6992 7029 6993
f 6993 7029 7030
f 6993 7030 6994
f 6994 7030 7031
f 6994 7031 6995
f 6995 7031 7032
f 6995 7032 6996
f 6996 7032 7033
f 6996 7033 6997
f 6997 7033 7034
f 6997 7034 6998
f 6998 7034 7035
f 6998 7035 6999
f 6999 7035 7036
f 6999 7036 7000
f 7000 7036 7037
f 7000 7037 7001
f 7001 7037 7038
f 7001 7038 7002
f 7002 7038 7039
f 7002 7039 7003
f 7003 7039 7040
f 7003 7040 7004
f 7004 7040 7041
f 7004 7041 7005
f 7005 7041 7042
f 7005 7042 7006
f 7006 7042 7043
f 7006 7043 7007
f 7007 7043 7044
f 7007 7044 7008
f 7008 7044 7045
f 7008 7045 7009
f 7009 7045 7046
f 7009 7046 7010
f 7010 7046 7047
f 7010 7047 7011
f 7011 7047 7048
f 7011 7048 7012
f 7012 7048 7049
f 7012 7049 7013
f 7013 7049 7050
f 7013 7050 7014
f 7014 7050 7051
f 7014 7051 7015
f 7015 7051 7052
f 7015 7052 7016
f 7016 7052 7053
f 7016 7053 7017
f 7017 7053 7054
f 7017 7054 7018
f 7018 7054 7055
f 7018 7055 7019
f 7019 7055 7056
f 7019 7056 7020
f 7020 7056 7021
f 7020 7021 6985
f 7021 7057 7058
f 7021 7058 7022
f 7022 7058 7059
f 7022 7059 7023
f 7023 7059 7060
f 7023 7060 7024
f 7024 7060 7061
f 7024 7061 7025
f 7025 7061 7062
f 7025 7062 7026
f 7026 7062 7063
f 7026 7063 7027
f 7027 7063 7064
f 7027 7064 7028
f 7028 7064 7065
f 7028 7065 7029
f 7029 7065 7066
f 7029 7066 7030
f 7030 7066 7067
f 7030 7067 7031
f 7031 7067 7068
f 7031 7068 7032
f 7032 7068 7069
f 7032 7069 7033
f 7033 7069 7070
f 7033 7070 7034
f 7034 7070 7071
f 7034 7071 7035
f 7035 7071 7072
f 7035 7072 7036
f 7036 7072 7073
f 7036 7073 7037
f 7037 7073 7074
f 7037 7074 7038
f 7038 7074 7075
f 7038 7075 7039
f 7039 7075 7076
f 7039 7076 7040
f 7040 7076 7077
f 7040 7077 7041
f 7041 7077 7078
f 7041 7078 7042
f 7042 7078 7079
f 7042 7079 7043
f 7043 7079 7080
f 7043 7080 7044
f 7044 7080 7081
f 7044 7081 7045
f 7045 7081 7082
f 7045 7082 7046
f 7046 7082 7083
f 7046 7083 7047
f 7047 7083 7084
f 7047 7084 7048
f 7048 7084 7085
f 7048 7085 7049
f 7049 7085 7086
f 7049 7086 7050
f 7050 7086 7087
f 7050 7087 7051
f 7051 7087 7088
f 7051 7088 7052
f 7052 7088 7089
f 7052 7089 7053
f 7053 7089 7090
f 7053 7090 7054
f 7054 7090 7091
f 7054 7091 7055
f 7055 7091 7092
f 7055 7092 7056
f 7056 7092 7057
f 7056 7057 7021
f 7057 7093 7094
f 7057 7094 7058
f 7058 7094 7095
f 7058 7095 7059
f 7059 7095 7096
f 7059 7096 7060
f 7060 7096 7097
f 7060 7097 7061
f 7061 7097 7098
f 7061 7098 7062
f 7062 7098 7099
f 7062 7099 7063
f 7063 7099 7100
f 7063 7100 7064
f 7064 7100 7101
f 7064 7101 7065
f 7065 7101 7102
f 7065 7102 7066
f 7066 7102 7103
f 7066 7103 7067
f 7067 7103 7104
f 7067 7104 7068
f 7068 7104 7105
f 7068 7105 7069
f 7069 7105 7106
f 7069 7106 7070
f 7070 7106 7107
f 7070 7107 7071
f 7071 7107 7108
f 7071 7108 7072
f 7072 7108 7109
f 7072 7109 7073
f 7073 7109 7110
f 7073 7110 7074
f 7074 7110 7111
f 7074 7111 7075
f 7075 7111 7112
f 7075 7112 7076
f 7076 7112 7113
f 7076 7113 7077
f 7077 7113 7114
f 7077 7114 7078
f 7078 7114 7115
f 7078 7115 7079
f 7079 7115 7116
f 7079 7116 7080
f 7080 7116 7117
f 7080 7117 7081
f 7081 7117 7118
f 7081 7118 7082
f 7082 7118 7119
f 7082 7119 7083
f 7083 7119 7120
f 7083 7120 7084
f 7084 7120 7121
f 7084 7121 7085
f 7085 7121 7122
f 7085 7122 7086
f 7086 7122 7123
f 7086 7123 7087
f 7087 7123 7124
f 7087 7124 7088
f 7088 7124 7125
f 7088 7125 7089
f 7089 7125 7126
f 7089 7126 7090
f 7090 7126 7127
f 7090 7127 7091
f 7091 7127 7128
f 7091 7128 7092
f 7092 7128 7093
f 7092 7093 7057
f 7093 7129 7130
f 7093 7130 7094
f 7094 7130 7131
f 7094 7131 7095
f 7095 7131 7132
f 7095 7132 7096
f 7096 7132 7133
f 7096 7133 7097
f 7097 7133 7134
f 7097 7134 7098
f 7098 7134 7135
f 7098 7135 7099
f 7099 7135 7136
f 7099 7136 7100
f 7100 7136 7137
f 7100 7137 7101
f 7101 7137 7138
f 7101 7138 7102
f 7102 7138 7139
f 7102 7139 7103
f 7103 7139 7140
f 7103 7140 7104
f 7104 7140 7141
f 7104 7141 7105
f 7105 7141 7142
f 7105 7142 7106
f 7106 7142 7143
f 7106 7143 7107
f 7107 7143 7144
f 7107 7144 7108
f 7108 7144 7145
f 7108 7145 7109
f 7109 7145 7146
f 7109 7146 7110
f 7110 7146 7147
f 7110 7147 7111
f 7111 7147 7148
f 7111 7148 7112
f 7112 7148 7149
f 7112 7149 7113
f 7113 7149 7150
f 7113 7150 7114
f 7114 7150 7151
f 7114 7151 7115
f 7115 7151 7152
f 7115 7152 7116
f 7116 7152 7153
f 7116 7153 7117
f 7117 7153 7154
f 7117 7154 7118
f 7118 7154 7155
f 7118 7155 7119
f 7119 7155 7156
f 7119 7156 7120
f 7120 7156 7157
f 7120 7157 7121
f 7121 7157 7158
f 7121 7158 7122
f 7122 7158 7159
f 7122 7159 7123
f 7123 7159 7160
f 7123 7160 7124
f 7124 7160 7161
f 7124 7161 7125
f 7125 7161 7162
f 7125 7162 7126
f 7126 7162 7163
f 7126 7163 7127
f 7127 7163 7164
f 7127 7164 7128
f 7128 7164 7129
f 7128 7129 7093
f 7129 7165 7166
f 7129 7166 7130
f 7130 7166 7167
f 7130 7167 7131
f 7131 7167 7168
f 7131 7168 7132
f 7132 7168 7169
f 7132 7169 7133
f 7133 7169 7170
f 7133 7170 7134
f 7134 7170 7171
f 7134 7171 7135
f 7135 7171 7172
f 7135 7172 7136
f 7136 7172 7173
f 7136 7173 7137
f 7137 7173 7174
f 7137 7174 7138
f 7138 7174 7175
f 7138 7175 7139
f 7139 7175 7176
f 7139 7176 7140
f 7140 7176 7177
f 7140 7177 7141
f 7141 7177 7178
f 7141 7178 7142
f 7142 7178 7179
f 7142 7179 7143
f 7143 7179 7180
f 7143 7180 7144
f 7144 7180 7181
f 7144 7181 7145
f 7145 7181 7182
f 7145 7182 7146
f 7146 7182 7183
f 7146 7183 7147
f 7147 7183 7184
f 7147 7184 7148
f 7148 7184 7185
f 7148 7185 7149
f 7149 7185 7186
f 7149 7186 7150
f 7150 7186 7187
f 7150 7187 7151
f 7151 7187 7188
f 7151 7188 7152
f 7152 7188 7189
f 7152 7189 7153
f 7153 7189 7190
f 7153 7190 7154
f 7154 7190 7191
f 7154 7191 7155
f 7155 7191 7192
f 7155 7192 7156
f 7156 7192 7193
f 7156 7193 7157
f 7157 7193 7194
f 7157 7194 7158
f 7158 7194 7195
f 7158 7195 7159
f 7159 7195 7196
f 7159 7196 7160
f 7160 7196 7197
f 7160 7197 7161
f 7161 7197 7198
f 7161 7198 7162
f 7162 7198 7199
f 7162 7199 7163
f 7163 7199 7200
f 7163 7200 7164
f 7164 7200 7165
f 7164 7165 7129
f 7165 7201 7202
f 7165 7202 7166
f 7166 7202 7203
f 7166 7203 7167
f 7167 7203 7204
f 7167 7204 7168
f 7168 7204 7205
f 7168 7205 7169
f 7169 7205 7206
f 7169 7206 7170
f 7170 7206 7207
f 7170 7207 7171
f 7171 7207 7208
f 7171 7208 7172
f 7172 7208 7209
f 7172 7209 7173
f 7173 7209 7210
f 7173 7210 7174
f 7174 7210 7211
f 7174 7211 7175
f 7175 7211 7212
f 7175 7212 7176
f 7176 7212 7213
f 7176 7213 7177
f 7177 7213 7214
f 7177 7214 7178
f 7178 7214 7215
f 7178 7215 7179
f 7179 7215 7216
f 7179 7216 7180
f 7180 7216 7217
f 7180 7217 7181
f 7181 7217 7218
f 7181 7218 7182
f 7182 7218 7219
f 7182 7219 7183
f 7183 7219 7220
f 7183 7220 7184
f 7184 7220 7221
f 7184 7221 7185
f 7185 7221 7222
f 7185 7222 7186
f 7186 7222 7223
f 7186 7223 7187
f 7187 7223 7224
f 7187 7224 7188
f 7188 7224 7225
f 7188 7225 7189
f 7189 7225 7226
f 7189 7226 7190
f 7190 7226 7227
f 7190 7227 7191
f 7191 7227 7228
f 7191 7228 7192
f 7192 7228 7229
f 7192 7229 7193
f 7193 7229 7230
f 7193 7230 7194
f 7194 7230 7231
f 7194 7231 7195
f 7195 7231 7232
f 7195 7232 7196
f 7196 7232 7233
f 7196 7233 7197
f 7197 7233 7234
f 7197 7234 7198
f 7198 7234 7235
f 7198 7235 7199
f 7199 7235 7236
f 7199 7236 7200
f 7200 7236 7201
f 7200 7201 7165
f 7201 7237 7238
f 7201 7238 7202
f 7202 7238 7239
f 7202 7239 7203
f 7203 7239 7240
f 7203 7240 7204
f 7204 7240 7241
f 7204 7241 7205
f 7205 7241 7242
f 7205 7242 7206
f 7206 7242 7243
f 7206 7243 7207
f 7207 7243 7244
f 7207 7244 7208
f 7208 7244 7245
f 7208 7245 7209
f 7209 7245 7246
f 7209 7246 7210
f 7210 7246 7247
f 7210 7247 7211
f 7211 7247 7248
f 7211 7248 7212
f 7212 7248 7249
f 7212 7249 7213
f 7213 7249 7250
f 7213 7250 7214
f 7214 7250 7251
f 7214 7251 7215
f 7215 7251 7252
f 7215 7252 7216
f 7216 7252 7253
f 7216 7253 7217
f 7217 7253 7254
f 7217 7254 7218
f 7218 7254 7255
f 7218 7255 7219
f 7219 7255 7256
f 7219 7256 7220
f 7220 7256 7257
f 7220 7257 7221
f 7221 7257 7258
f 7221 7258 7222
f 7222 7258 7259
f 7222 7259 7223
f 7223 7259 7260
f 7223 7260 7224
f 7224 7260 7261
f 7224 7261 7225
f 7225 7261 7262
f 7225 7262 7226
f 7226 7262 7263
f 7226 7263 7227
f 7227 7263 7264
f 7227 7264 7228
f 7228 7264 7265
f 7228 7265 7229
f 7229 7265 7266
f 7229 7266 7230
f 7230 7266 7267
f 7230 7267 7231
f 7231 7267 7268
f 7231 7268 7232
f 7232 7268 7269
f 7232 7269 7233
f 7233 7269 7270
f 7233 7270 7234
f 7234 7270 7271
f 7234 7271 7235
f 7235 7271 7272
f 7235 7272 7236
f 7236 7272 7237
f 7236 7237 7201
f 7237 7273 7274
f 7237 7274 7238
f 7238 7274 7275
f 7238 7275 7239
f 7239 7275 7276
f 7239 7276 7240
f 7240 7276 7277
f 7240 7277 7241
f 7241 7277 7278
f 7241 7278 7242
f 7242 7278 7279
f 7242 7279 7243
f 7243 7279 7280
f 7243 7280 7244
f 7244 7280 7281
f 7244 7281 7245
f 7245 7281 7282
f 7245 7282 7246
f 7246 7282 7283
f 7246 7283 7247
f 7247 7283 7284
f 7247 7284 7248
f 7248 7284 7285
f 7248 7285 7249
f 7249 7285 7286
f 7249 7286 7250
f 7250 7286 7287
f 7250 7287 7251
f 7251 7287 7288
f 7251 7288 7252
f 7252 7288 7289
f 7252 7289 7253
f 7253 7289 7290
f 7253 7290 7254
f 7254 7290 7291
f 7254 7291 7255
f 7255 7291 7292
f 7255 7292 7256
f 7256 7292 7293
f 7256 7293 7257
f 7257 7293 7294
f 7257 7294 7258
f 7258 7294 7295
f 7258 7295 7259
f 7259 7295 7296
f 7259 7296 7260
f 7260 7296 7297
f 7260 7297 7261
f 7261 7297 7298
f 7261 7298 7262
f 7262 7298 7299
f 7262 7299 7263
f 7263 7299 7300
f 7263 7300 7264
f 7264 7300 7301
f 7264 7301 7265
f 7265 7301 7302
f 7265 7302 7266
f 7266 7302 7303
f 7266 7303 7267
f 7267 7303 7304
f 7267 7304 7268
f 7268 7304 7305
f 7268 7305 7269
f 7269 7305 7306
f 7269 7306 7270
f 7270 7306 7307
f 7270 7307 7271
f 7271 7307 7308
f 7271 7308 7272
f 7272 7308 7273
f 7272 7273 7237
f 7273 7309 7310
f 7273 7310 7274
f 7274 7310 7311
f 7274 7311 7275
f 7275 7311 7312
f 7275 7312 7276
f 7276 7312 7313
f 7276 7313 7277
f 7277 7313 7314
f 7277 7314 7278
f 7278 7314 7315
f 7278 7315 7279
f 7279 7315 7316
f 7279 7316 7280
f 7280 7316 7317
f 7280 7317 7281
f 7281 7317 7318
f 7281 7318 7282
f 7282 7318 7319
f 7282 7319 7283
f 7283 7319 7320
f 7283 7320 7284
f 7284 7320 7321
f 7284 7321 7285
f 7285 7321 7322
f 7285 7322 7286
f 7286 7322 7323
f 7286 7323 7287
f 7287 7323 7324
f 7287 7324 7288
f 7288 7324 7325
f 7288 7325 7289
f 7289 7325 7326
f 7289 7326 7290
f 7290 7326 7327
f 7290 7327 7291
f 7291 7327 7328
f 7291 7328 7292
f 7292 7328 7329
f 7292 7329 7293
f 7293 7329 7330
f 7293 7330 7294
f 7294 7330 7331
f 7294 7331 7295
f 7295 7331 7332
f 7295 7332 7296
f 7296 7332 7333
f 7296 7333 7297
f 7297 7333 7334
f 7297 7334 7298
f 7298 7334 7335
f 7298 7335 7299
f 7299 7335 7336
f 7299 7336 7300
f 7300 7336 7337
f 7300 7337 7301
f 7301 7337 7338
f 7301 7338 7302
f 7302 7338 7339
f 7302 7339 7303
f 7303 7339 7340
f 7303 7340 7304
f 7304 7340 7341
f 7304 7341 7305
f 7305 7341 7342
f 7305 7342 7306
f 7306 7342 7343
f 7306 7343 7307
f 7307 7343 7344
f 7307 7344 7308
f 7308 7344 7309
f 7308 7309 7273
f 7309 7345 7346
f 7309 7346 7310
f 7310 7346 7347
f 7310 7347 7311
f 7311 7347 7348
f 7311 7348 7312
f 7312 7348 7349
f 7312 7349 7313
f 7313 7349 7350
f 7313 7350 7314
f 7314 7350 7351
f 7314 7351 7315
f 7315 7351 7352
f 7315 7352 7316
f 7316 7352 7353
f 7316 7353 7317
f 7317 7353 7354
f 7317 7354 7318
f 7318 7354 7355
f 7318 7355 7319
f 7319 7355 7356
f 7319 7356 7320
f 7320 7356 7357
f 7320 7357 7321
f 7321 7357 7358
f 7321 7358 7322
f 7322 7358 7359
f 7322 7359 7323
f 7323 7359 7360
f 7323 7360 7324
f 7324 7360 7361
f 7324 7361 7325
f 7325 7361 7362
f 7325 7362 7326
f 7326 7362 7363
f 7326 7363 7327
f 7327 7363 7364
f 7327 7364 7328
f 7328 7364 7365
f 7328 7365 7329
f 7329 7365 7366
f 7329 7366 7330
f 7330 7366 7367
f 7330 7367 7331
f 7331 7367 7368
f 7331 7368 7332
f 7332 7368 7369
f 7332 7369 7333
f 7333 7369 7370
f 7333 7370 7334
f 7334 7370 7371
f 7334 7371 7335
f 7335 7371 7372
f 7335 7372 7336
f 7336 7372 7373
f 7336 7373 7337
f 7337 7373 7374
f 7337 7374 7338
f 7338 7374 7375
f 7338 7375 7339
f 7339 7375 7376
f 7339 7376 7340
f 7340 7376 7377
f 7340 7377 7341
f 7341 7377 7378
f 7341 7378 7342
f 7342 7378 7379
f 7342 7379 7343
f 7343 7379 7380
f 7343 7380 7344
f 7344 7380 7345
f 7344 7345 7309
f 7345 7381 7382
f 7345 7382 7346
f 7346 7382 7383
f 7346 7383 7347
f 7347 7383 7384
f 7347 7384 7348
f 7348 7384 7385
f 7348 7385 7349
f 7349 7385 7386
f 7349 7386 7350
f 7350 7386 7387
f 7350 7387 7351
f 7351 7387 7388
f 7351 7388 7352
f 7352 7388 7389
f 7352 7389 7353
f 7353 7389 7390
f 7353 7390 7354
f 7354 7390 7391
f 7354 7391 7355
f 7355 7391 7392
f 7355 7392 7356
f 7356 7392 7393
f 7356 7393 7357
f 7357 7393 7394
f 7357 7394 7358
f 7358 7394 7395
f 7358 7395 7359
f 7359 7395 7396
f 7359 7396 7360
f 7360 7396 7397
f 7360 7397 7361
f 7361 7397 7398
f 7361 7398 7362
f 7362 7398 7399
f 7362 7399 7363
f 7363 7399 7400
f 7363 7400 7364
f 7364 7400 7401
f 7364 7401 7365
f 7365 7401 7402
f 7365 7402 7366
f 7366 7402 7403
f 7366 7403 7367
f 7367 7403 7404
f 7367 7404 7368
f 7368 7404 7405
f 7368 7405 7369
f 7369 7405 7406
f 7369 7406 7370
f 7370 7406 7407
f 7370 7407 7371
f 7371 7407 7408
f 7371 7408 7372
f 7372 7408 7409
f 7372 7409 7373
f 7373 7409 7410
f 7373 7410 7374
f 7374 7410 7411
f 7374 7411 7375
f 7375 7411 7412
f 7375 7412 7376
f 7376 7412 7413
f 7376 7413 7377
f 7377 7413 7414
f 7377 7414 7378
f 7378 7414 7415
f 7378 7415 7379
f 7379 7415 7416
f 7379 7416 7380
f 7380 7416 7381
f 7380 7381 7345
f 7381 7417 7418
f 7381 7418 7382
f 7382 7418 7419
f 7382 7419 7383
f 7383 7419 7420
f 7383 7420 7384
f 7384 7420 7421
f 7384 7421 7385
f 7385 7421 7422
f 7385 7422 7386
f 7386 7422 7423
f 7386 7423 7387
f 7387 7423 7424
f 7387 7424 7388
f 7388 7424 7425
f 7388 7425 7389
f 7389 7425 7426
f 7389 7426 7390
f 7390 7426 7427
f 7390 7427 7391
f 7391 7427 7428
f 7391 7428 7392
f 7392 7428 7429
f 7392 7429 7393
f 7393 7429 7430
f 7393 7430 7394
f 7394 7430 7431
f 7394 7431 7395
f 7395 7431 7432
f 7395 7432 7396
f 7396 7432 7433
f 7396 7433 7397
f 7397 7433 7434
f 7397 7434 7398
f 7398 7434 7435
f 7398 7435 7399
f 7399 7435 7436
f 7399 7436 7400
f 7400 7436 7437
f 7400 7437 7401
f 7401 7437 7438
f 7401 7438 7402
f 7402 7438 7439
f 7402 7439 7403
f 7403 7439 7440
f 7403 7440 7404
f 7404 7440 7441
f 7404 7441 7405
f 7405 7441 7442
f 7405 7442 7406
f 7406 7442 7443
f 7406 7443 7407
f 7407 7443 7444
f 7407 7444 7408
f 7408 7444 7445
f 7408 7445 7409
f 7409 7445 7446
f 7409 7446 7410
f 7410 7446 7447
f 7410 7447 7411
f 7411 7447 7448
f 7411 7448 7412
f 7412 7448 7449
f 7412 7449 7413
f 7413 7449 7450
f 7413 7450 7414
f 7414 7450 7451
f 7414 7451 7415
f 7415 7451 7452
f 7415 7452 7416
f 7416 7452 7417
f 7416 7417 7381
f 7417 7453 7454
f 7417 7454 7418
f 7418 7454 7455
f 7418 7455 7419
f 7419 7455 7456
f 7419 7456 7420
f 7420 7456 7457
f 7420 7457 7421
f 7421 7457 7458
f 7421 7458 7422
f 7422 7458 7459
f 7422 7459 7423
f 7423 7459 7460
f 7423 7460 7424
f 7424 7460 7461
f 7424 7461 7425
f 7425 7461 7462
f 7425 7462 7426
f 7426 7462 7463
f 7426 7463 7427
f 7427 7463 7464
f 7427 7464 7428
f 7428 7464 7465
f 7428 7465 7429
f 7429 7465 7466
f 7429 7466 7430
f 7430 7466 7467
f 7430 7467 7431
f 7431 7467 7468
f 7431 7468 7432
f 7432 7468 7469
f 7432 7469 7433
f 7433 7469 7470
f 7433 7470 7434
f 7434 7470 7471
f 7434 7471 7435
f 7435 7471 7472
f 7435 7472 7436
f 7436 7472 7473
f 7436 7473 7437
f 7437 7473 7474
f 7437 7474 7438
f 7438 7474 7475
f 7438 7475 7439
f 7439 7475 7476
f 7439 7476 7440
f 7440 7476 7477
f 7440 7477 7441
f 7441 7477 7478
f 7441 7478 7442
f 7442 7478 7479
f 7442 7479 7443
f 7443 7479 7480
f 7443 7480 7444
f 7444 7480 7481
f 7444 7481 7445
f 7445 7481 7482
f 7445 7482 7446
f 7446 7482 7483
f 7446 7483 7447
f 7447 7483 7484
f 7447 7484 7448
f 7448 7484 7485
f 7448 7485 7449
f 7449 7485 7486
f 7449 7486 7450
f 7450 7486 7487
f 7450 7487 7451
f 7451 7487 7488
f 7451 7488 7452
f 7452 7488 7453
f 7452 7453 7417
f 7453 7489 7490
f 7453 7490 7454
f 7454 7490 7491
f 7454 7491 7455
f 7455 7491 7492
f 7455 7492 7456
f 7456 7492 7493
f 7456 7493 7457
f 7457 7493 7494
f 7457 7494 7458
f 7458 7494 7495
f 7458 7495 7459
f 7459 7495 7496
f 7459 7496 7460
f 7460 7496 7497
f 7460 7497 7461
f 7461 7497 7498
f 7461 7498 7462
f 7462 7498 7499
f 7462 7499 7463
f 7463 7499 7500
f 7463 7500 7464
f 7464 7500 7501
f 7464 7501 7465
f 7465 7501 7502
f 7465 7502 7466
f 7466 7502 7503
f 7466 7503 7467
f 7467 7503 7504
f 7467 7504 7468
f 7468 7504 7505
f 7468 7505 7469
f 7469 7505 7506
f 7469 7506 7470
f 7470 7506 7507
f 7470 7507 7471
f 7471 7507 7508
f 7471 7508 7472
f 7472 7508 7509
f 7472 7509 7473
f 7473 7509 7510
f 7473 7510 7474
f 7474 7510 7511
f 7474 7511 7475
f 7475 7511 7512
f 7475 7512 7476
f 7476 7512 7513
f 7476 7513 7477
f 7477 7513 7514
f 7477 7514 7478
f 7478 7514 7515
f 7478 7515 7479
f 7479 7515 7516
f 7479 7516 7480
f 7480 7516 7517
f 7480 7517 7481
f 7481 7517 7518
f 7481 7518 7482
f 7482 7518 7519
f 7482 7519 7483
f 7483 7519 7520
f 7483 7520 7484
f 7484 7520 7521
f 7484 7521 7485
f 7485 7521 7522
f 7485 7522 7486
f 7486 7522 7523
f 7486 7523 7487
f 7487 7523 7524
f 7487 7524 7488
f 7488 7524 7489
f 7488 7489 7453
f 7489 7525 7526
f 7489 7526 7490
f 7490 7526 7527
f 7490 7527 7491
f 7491 7527 7528
f 7491 7528 7492
f 7492 7528 7529
f 7492 7529 7493
f 7493 7529 7530
f 7493 7530 7494
f 7494 7530 7531
f 7494 7531 7495
f 7495 7531 7532
f 7495 7532 7496
f 7496 7532 7533
f 7496 7533 7497
f 7497 7533 7534
f 7497 7534 7498
f 7498 7534 7535
f 7498 7535 7499
f 7499 7535 7536
f 7499 7536 7500
f 7500 7536 7537
f 7500 7537 7501
f 7501 7537 7538
f 7501 7538 7502
f 7502 7538 7539
f 7502 7539 7503
f 7503 7539 7540
f 7503 7540 7504
f 7504 7540 7541
f 7504 7541 7505
f 7505 7541 7542
f 7505 7542 7506
f 7506 7542 7543
f 7506 7543 7507
f 7507 7543 7544
f 7507 7544 7508
f 7508 7544 7545
f 7508 7545 7509
f 7509 7545 7546
f 7509 7546 7510
f 7510 7546 7547
f 7510 7547 7511
f 7511 7547 7548
f 7511 7548 7512
f 7512 7548 7549
f 7512 7549 7513
f 7513 7549 7550
f 7513 7550 7514
f 7514 7550 7551
f 7514 7551 7515
f 7515 7551 7552
f 7515 7552 7516
f 7516 7552 7553
f 7516 7553 7517
f 7517 7553 7554
f 7517 7554 7518
f 7518 7554 7555
f 7518 7555 7519
f 7519 7555 7556
f 7519 7556 7520
f 7520 7556 7557
f 7520 7557 7521
f 7521 7557 7558
f 7521 7558 7522
f 7522 7558 7559
f 7522 7559 7523
f 7523 7559 7560
f 7523 7560 7524
f 7524 7560 7525
f 7524 7525 7489
f 7525 7561 7562
f 7525 7562 7526
f 7526 7562 7563
f 7526 7563 7527
f 7527 7563 7564
f 7527 7564 7528
f 7528 7564 7565
f 7528 7565 7529
f 7529 7565 7566
f 7529 7566 7530
f 7530 7566 7567
f 7530 7567 7531
f 7531 7567 7568
f 7531 7568 7532
f 7532 7568 7569
f 7532 7569 7533
f 7533 7569 7570
f 7533 7570 7534
f 7534 7570 7571
f 7534 7571 7535
f 7535 7571 7572
f 7535 7572 7536
f 7536 7572 7573
f 7536 7573 7537
f 7537 7573 7574
f 7537 7574 7538
f 7538 7574 7575
f 7538 7575 7539
f 7539 7575 7576
f 7539 7576 7540
f 7540 7576 7577
f 7540 7577 7541
f 7541 7577 7578
f 7541 7578 7542
f 7542 7578 7579
f 7542 7579 7543
f 7543 7579 7580
f 7543 7580 7544
f 7544 7580 7581
f 7544 7581 7545
f 7545 7581 7582
f 7545 7582 7546
f 7546 7582 7583
f 7546 7583 7547
f 7547 7583 7584
f 7547 7584 7548
f 7548 7584 7585
f 7548 7585 7549
f 7549 7585 7586
f 7549 7586 7550
f 7550 7586 7587
f 7550 7587 7551
f 7551 7587 7588
f 7551 7588 7552
f 7552 7588 7589
f 7552 7589 7553
f 7553 7589 7590
f 7553 7590 7554
f 7554 7590 7591
f 7554 7591 7555
f 7555 7591 7592
f 7555 7592 7556
f 7556 7592 7593
f 7556 7593 7557
f 7557 7593 7594
f 7557 7594 7558
f 7558 7594 7595
f 7558 7595 7559
f 7559 7595 7596
f 7559 7596 7560
f 7560 7596 7561
f 7560 7561 7525
f 7561 7597 7598
f 7561 7598 7562
f 7562 7598 7599
f 7562 7599 7563
f 7563 7599 7600
f 7563 7600 7564
f 7564 7600 7601
f 7564 7601 7565
f 7565 7601 7602
f 7565 7602 7566
f 7566 7602 7603
f 7566 7603 7567
f 7567 7603 7604
f 7567 7604 7568
f 7568 7604 7605
f 7568 7605 7569
f 7569 7605 7606
f 7569 7606 7570
f 7570 7606 7607
f 7570 7607 7571
f 7571 7607 7608
f 7571 7608 7572
f 7572 7608 7609
f 7572 7609 7573
f 7573 7609 7610
f 7573 7610 7574
f 7574 7610 7611
f 7574 7611 7575
f 7575 7611 7612
f 7575 7612 7576
f 7576 7612 7613
f 7576 7613 7577
f 7577 7613 7614
f 7577 7614 7578
f 7578 7614 7615
f 7578 7615 7579
f 7579 7615 7616
f 7579 7616 7580
f 7580 7616 7617
f 7580 7617 7581
f 7581 7617 7618
f 7581 7618 7582
f 7582 7618 7619
f 7582 7619 7583
f 7583 7619 7620
f 7583 7620 7584
f 7584 7620 7621
f 7584 7621 7585
f 7585 7621 7622
f 7585 7622 7586
f 7586 7622 7623
f 7586 7623 7587
f 7587 7623 7624
f 7587 7624 7588
f 7588 7624 7625
f 7588 7625 7589
f 7589 7625 7626
f 7589 7626 7590
f 7590 7626 7627
f 7590 7627 7591
f 7591 7627 7628
f 7591 7628 7592
f 7592 7628 7629
f 7592 7629 7593
f 7593 7629 7630
f 7593 7630 7594
f 7594 7630 7631
f 7594 7631 7595
f 7595 7631 7632
f 7595 7632 7596
f 7596 7632 7597
f 7596 7597 7561
f 7597 7633 7634
f 7597 7634 7598
f 7598 7634 7635
f 7598 7635 7599
f 7599 7635 7636
f 7599 7636 7600
f 7600 7636 7637
f 7600 7637 7601
f 7601 7637 7638
f 7601 7638 7602
f 7602 7638 7639
f 7602 7639 7603
f 7603 7639 7640
f 7603 7640 7604
f 7604 7640 7641
f 7604 7641 7605
f 7605 7641 7642
f 7605 7642 7606
f 7606 7642 7643
f 7606 7643 7607
f 7607 7643 7644
f 7607 7644 7608
f 7608 7644 7645
f 7608 7645 7609
f 7609 7645 7646
f 7609 7646 7610
f 7610 7646 7647
f 7610 7647 7611
f 7611 7647 7648
f 7611 7648 7612
f 7612 7648 7649
f 7612 7649 7613
f 7613 7649 7650
f 7613 7650 7614
f 7614 7650 7651
f 7614 7651 7615
f 7615 7651 7652
f 7615 7652 7616
f 7616 7652 7653
f 7616 7653 7617
f 7617 7653 7654
f 7617 7654 7618
f 7618 7654 7655
f 7618 7655 7619
f 7619 7655 7656
f 7619 7656 7620
f 7620 7656 7657
f 7620 7657 7621
f 7621 7657 7658
f 7621 7658 7622
f 7622 7658 7659
f 7622 7659 7623
f 7623 7659 7660
f 7623 7660 7624
f 7624 7660 7661
f 7624 7661 7625
f 7625 7661 7662
f 7625 7662 7626
f 7626 7662 7663
f 7626 7663 7627
f 7627 7663 7664
f 7627 7664 7628
f 7628 7664 7665
f 7628 7665 7629
f 7629 7665 7666
f 7629 7666 7630
f 7630 7666 7667
f 7630 7667 7631
f 7631 7667 7668
f 7631 7668 7632
f 7632 7668 7633
f 7632 7633 7597
f 7633 7669 7670
f 7633 7670 7634
f 7634 7670 7671
f 7634 7671 7635
f 7635 7671 7672
f 7635 7672 7636
f 7636 7672 7673
f 7636 7673 7637
f 7637 7673 7674
f 7637 7674 7638
f 7638 7674 7675
f 7638 7675 7639
f 7639 7675 7676
f 7639 7676 7640
f 7640 7676 7677
f 7640 7677 7641
f 7641 7677 7678
f 7641 7678 7642
f 7642 7678 7679
f 7642 7679 7643
f 7643 7679 7680
f 7643 7680 7644
f 7644 7680 7681
f 7644 7681 7645
f 7645 7681 7682
f 7645 7682 7646
f 7646 7682 7683
f 7646 7683 7647
f 7647 7683 7684
f 7647 7684 7648
f 7648 7684 7685
f 7648 7685 7649
f 7649 7685 7686
f 7649 7686 7650
f 7650 7686 7687
f 7650 7687 7651
f 7651 7687 7688
f 7651 7688 7652
f 7652 7688 7689
f 7652 7689 7653
f 7653 7689 7690
f 7653 7690 7654
f 7654 7690 7691
f 7654 7691 7655
f 7655 7691 7692
f 7655 7692 7656
f 7656 7692 7693
f 7656 7693 7657
f 7657 7693 7694
f 7657 7694 7658
f 7658 7694 7695
f 7658 7695 7659
f 7659 7695 7696
f 7659 7696 7660
f 7660 7696 7697
f 7660 7697 7661
f 7661 7697 7698
f 7661 7698 7662
f 7662 7698 7699
f 7662 7699 7663
f 7663 7699 7700
f 7663 7700 7664
f 7664 7700 7701
f 7664 7701 7665
f 7665 7701 7702
f 7665 7702 7666
f 7666 7702 7703
f 7666 7703 7667
f 7667 7703 7704
f 7667 7704 7668
f 7668 7704 7669
f 7668 7669 7633
f 7669 7705 7706
f 7669 7706 7670
f 7670 7706 7707
f 7670 7707 7671
f 7671 7707 7708
f 7671 7708 7672
f 7672 7708 7709
f 7672 7709 7673
f 7673 7709 7710
f 7673 7710 7674
f 7674 7710 7711
f 7674 7711 7675
f 7675 7711 7712
f 7675 7712 7676
f 7676 7712 7713
f 7676 7713 7677
f 7677 7713 7714
f 7677 7714 7678
f 7678 7714 7715
f 7678 7715 7679
f 7679 7715 7716
f 7679 7716 7680
f 7680 7716 7717
f 7680 7717 7681
f 7681 7717 7718
f 7681 7718 7682
f 7682 7718 7719
f 7682 7719 7683
f 7683 7719 7720
f 7683 7720 7684
f 7684 7720 7721
f 7684 7721 7685
f 7685 7721 7722
f 7685 7722 7686
f 7686 7722 7723
f 7686 7723 7687
f 7687 7723 7724
f 7687 7724 7688
f 7688 7724 7725
f 7688 7725 7689
f 7689 7725 7726
f 7689 7726 7690
f 7690 7726 7727
f 7690 7727 7691
f 7691 7727 7728
f 7691 7728 7692
f 7692 7728 7729
f 7692 7729 7693
f 7693 7729 7730
f 7693 7730 7694
f 7694 7730 7731
f 7694 7731 7695
f 7695 7731 7732
f 7695 7732 7696
f 7696 7732 7733
f 7696 7733 7697
f 7697 7733 7734
f 7697 7734 7698
f 7698 7734 7735
f 7698 7735 7699
f 7699 7735 7736
f 7699 7736 7700
f 7700 7736 7737
f 7700 7737 7701
f 7701 7737 7738
f 7701 7738 7702
f 7702 7738 7739
f 7702 7739 7703
f 7703 7739 7740
f 7703 7740 7704
f 7704 7740 7705
f 7704 7705 7669
f 7705 7741 7742
f 7705 7742 7706
f 7706 7742 7743
f 7706 7743 7707
f 7707 7743 7744
f 7707 7744 7708
f 7708 7744 7745
f 7708 7745 7709
f 7709 7745 7746
f 7709 7746 7710
f 7710 7746 7747
f 7710 7747 7711
f 7711 7747 7748
f 7711 7748 7712
f 7712 7748 7749
f 7712 7749 7713
f 7713 7749 7750
f 7713 7750 7714
f 7714 7750 7751
f 7714 7751 7715
f 7715 7751 7752
f 7715 7752 7716
f 7716 7752 7753
f 7716 7753 7717
f 7717 7753 7754
f 7717 7754 7718
f 7718 7754 7755
f 7718 7755 7719
f 7719 7755 7756
f 7719 7756 7720
f 7720 7756 7757
f 7720 7757 7721
f 7721 7757 7758
f 7721 7758 7722
f 7722 7758 7759
f 7722 7759 7723
f 7723 7759 7760
f 7723 7760 7724
f 7724 7760 7761
f 7724 7761 7725
f 7725 7761 7762
f 7725 7762 7726
f 7726 7762 7763
f 7726 7763 7727
f 7727 7763 7764
f 7727 7764 7728
f 7728 7764 7765
f 7728 7765 7729
f 7729 7765 7766
f 7729 7766 7730
f 7730 7766 7767
f 7730 7767 7731
f 7731 7767 7768
f 7731 7768 7732
f 7732 7768 7769
f 7732 7769 7733
f 7733 7769 7770
f 7733 7770 7734
f 7734 7770 7771
f 7734 7771 7735
f 7735 7771 7772
f 7735 7772 7736
f 7736 7772 7773
f 7736 7773 7737
f 7737 7773 7774
f 7737 7774 7738
f 7738 7774 7775
f 7738 7775 7739
f 7739 7775 7776
f 7739 7776 7740
f 7740 7776 7741
f 7740 7741 7705
f 7741 7777 7778
f 7741 7778 7742
f 7742 7778 7779
f 7742 7779 7743
f 7743 7779 7780
f 7743 7780 7744
f 7744 7780 7781
f 7744 7781 7745
f 7745 7781 7782
f 7745 7782 7746
f 7746 7782 7783
f 7746 7783 7747
f 7747 7783 7784
f 7747 7784 7748
f 7748 7784 7785
f 7748 7785 7749
f 7749 7785 7786
f 7749 7786 7750
f 7750 7786 7787
f 7750 7787 7751
f 7751 7787 7788
f 7751 7788 7752
f 7752 7788 7789
f 7752 7789 7753
f 7753 7789 7790
f 7753 7790 7754
f 7754 7790 7791
f 7754 7791 7755
f 7755 7791 7792
f 7755 7792 7756
f 7756 7792 7793
f 7756 7793 7757
f 7757 7793 7794
f 7757 7794 7758
f 7758 7794 7795
f 7758 7795 7759
f 7759 7795 7796
f 7759 7796 7760
f 7760 7796 7797
f 7760 7797 7761
f 7761 7797 7798
f 7761 7798 7762
f 7762 7798 7799
f 7762 7799 7763
f 7763 7799 7800
f 7763 7800 7764
f 7764 7800 7801
f 7764 7801 7765
f 7765 7801 7802
f 7765 7802 7766
f 7766 7802 7803
f 7766 7803 7767
f 7767 7803 7804
f 7767 7804 7768
f 7768 7804 7805
f 7768 7805 7769
f 7769 7805 7806
f 7769 7806 7770
f 7770 7806 7807
f 7770 7807 7771
f 7771 7807 7808
f 7771 7808 7772
f 7772 7808 7809
f 7772 7809 7773
f 7773 7809 7810
f 7773 7810 7774
f 7774 7810 7811
f 7774 7811 7775
f 7775 7811 7812
f 7775 7812 7776
f 7776 7812 7777
f 7776 7777 7741
f 7777 7813 7814
f 7777 7814 7778
f 7778 7814 7815
f 7778 7815 7779
f 7779 7815 7816
f 7779 7816 7780
f 7780 7816 7817
f 7780 7817 7781
f 7781 7817 7818
f 7781 7818 7782
f 7782 7818 7819
f 7782 7819 7783
f 7783 7819 7820
f 7783 7820 7784
f 7784 7820 7821
f 7784 7821 7785
f 7785 7821 7822
f 7785 7822 7786
f 7786 7822 7823
f 7786 7823 7787
f 7787 7823 7824
f 7787 7824 7788
f 7788 7824 7825
f 7788 7825 7789
f 7789 7825 7826
f 7789 7826 7790
f 7790 7826 7827
f 7790 7827 7791
f 7791 7827 7828
f 7791 7828 7792
f 7792 7828 7829
f 7792 7829 7793
f 7793 7829 7830
f 7793 7830 7794
f 7794 7830 7831
f 7794 7831 7795
f 7795 7831 7832
f 7795 7832 7796
f 7796 7832 7833
f 7796 7833 7797
f 7797 7833 7834
f 7797 7834 7798
f 7798 7834 7835
f 7798 7835 7799
f 7799 7835 7836
f 7799 7836 7800
f 7800 7836 7837
f 7800 7837 7801
f 7801 7837 7838
f 7801 7838 7802
f 7802 7838 7839
f 7802 7839 7803
f 7803 7839 7840
f 7803 7840 7804
f 7804 7840 7841
f 7804 7841 7805
f 7805 7841 7842
f 7805 7842 7806
f 7806 7842 7843
f 7806 7843 7807
f 7807 7843 7844
f 7807 7844 7808
f 7808 7844 7845
f 7808 7845 7809
f 7809 7845 7846
f 7809 7846 7810
f 7810 7846 7847
f 7810 7847 7811
f 7811 7847 7848
f 7811 7848 7812
f 7812 7848 7813
f 7812 7813 7777
f 7813 7849 7850
f 7813 7850 7814
f 7814 7850 7851
f 7814 7851 7815
f 7815 7851 7852
f 7815 7852 7816
f 7816 7852 7853
f 7816 7853 7817
f 7817 7853 7854
f 7817 7854 7818
f 7818 7854 7855
f 7818 7855 7819
f 7819 7855 7856
f 7819 7856 7820
f 7820 7856 7857
f 7820 7857 7821
f 7821 7857 7858
f 7821 7858 7822
f 7822 7858 7859
f 7822 7859 7823
f 7823 7859 7860
f 7823 7860 7824
f 7824 7860 7861
f 7824 7861 7825
f 7825 7861 7862
f 7825 7862 7826
f 7826 7862 7863
f 7826 7863 7827
f 7827 7863 7864
f 7827 7864 7828
f 7828 7864 7865
f 7828 7865 7829
f 7829 7865 7866
f 7829 7866 7830
f 7830 7866 7867
f 7830 7867 7831
f 7831 7867 7868
f 7831 7868 7832
f 7832 7868 7869
f 7832 7869 7833
f 7833 7869 7870
f 7833 7870 7834
f 7834 7870 7871
f 7834 7871 7835
f 7835 7871 7872
f 7835 7872 7836
f 7836 7872 7873
f 7836 7873 7837
f 7837 7873 7874
f 7837 7874 7838
f 7838 7874 7875
f 7838 7875 7839
f 7839 7875 7876
f 7839 7876 7840
f 7840 7876 7877
f 7840 7877 7841
f 7841 7877 7878
f 7841 7878 7842
f 7842 7878 7879
f 7842 7879 7843
f 7843 7879 7880
f 7843 7880 7844
f 7844 7880 7881
f 7844 7881 7845
f 7845 7881 7882
f 7845 7882 7846
f 7846 7882 7883
f 7846 7883 7847
f 7847 7883 7884
f 7847 7884 7848
f 7848 7884 7849
f 7848 7849 7813
f 7849 7885 7886
f 7849 7886 7850
f 7850 7886 7887
f 7850 7887 7851
f 7851 7887 7888
f 7851 7888 7852
f 7852 7888 7889
f 7852 7889 7853
f 7853 7889 7890
f 7853 7890 7854
f 7854 7890 7891
f 7854 7891 7855
f 7855 7891 7892
f 7855 7892 7856
f 7856 7892 7893
f 7856 7893 7857
f 7857 7893 7894
f 7857 7894 7858
f 7858 7894 7895
f 7858 7895 7859
f 7859 7895 7896
f 7859 7896 7860
f 7860 7896 7897
f 7860 7897 7861
f 7861 7897 7898
f 7861 7898 7862
f 7862 7898 7899
f 7862 7899 7863
f 7863 7899 7900
f 7863 7900 7864
f 7864 7900 7901
f 7864 7901 7865
f 7865 7901 7902
f 7865 7902 7866
f 7866 7902 7903
f 7866 7903 7867
f 7867 7903 7904
f 7867 7904 7868
f 7868 7904 7905
f 7868 7905 7869
f 7869 7905 7906
f 7869 7906 7870
f 7870 7906 7907
f 7870 7907 7871
f 7871 7907 7908
f 7871 7908 7872
f 7872 7908 7909
f 7872 7909 7873
f 7873 7909 7910
f 7873 7910 7874
f 7874 7910 7911
f 7874 7911 7875
f 7875 7911 7912
f 7875 7912 7876
f 7876 7912 7913
f 7876 7913 7877
f 7877 7913 7914
f 7877 7914 7878
f 7878 7914 7915
f 7878 7915 7879
f 7879 7915 7916
f 7879 7916 7880
f 7880 7916 7917
f 7880 7917 7881
f 7881 7917 7918
f 7881 7918 7882
f 7882 7918 7919
f 7882 7919 7883
f 7883 7919 7920
f 7883 7920 7884
f 7884 7920 7885
f 7884 7885 7849
f 7885 7921 7922
f 7885 7922 7886
f 7886 7922 7923
f 7886 7923 7887
f 7887 7923 7924
f 7887 7924 7888
f 7888 7924 7925
f 7888 7925 7889
f 7889 7925 7926
f 7889 7926 7890
f 7890 7926 7927
f 7890 7927 7891
f 7891 7927 7928
f 7891 7928 7892
f 7892 7928 7929
f 7892 7929 7893
f 7893 7929 7930
f 7893 7930 7894
f 7894 7930 7931
f 7894 7931 7895
f 7895 7931 7932
f 7895 7932 7896
f 7896 7932 7933
f 7896 7933 7897
f 7897 7933 7934
f 7897 7934 7898
f 7898 7934 7935
f 7898 7935 7899
f 7899 7935 7936
f 7899 7936 7900
f 7900 7936 7937
f 7900 7937 7901
f 7901 7937 7938
f 7901 7938 7902
f 7902 7938 7939
f 7902 7939 7903
f 7903 7939 7940
f 7903 7940 7904
f 7904 7940 7941
f 7904 7941 7905
f 7905 7941 7942
f 7905 7942 7906
f 7906 7942 7943
f 7906 7943 7907
f 7907 7943 7944
f 7907 7944 7908
f 7908 7944 7945
f 7908 7945 7909
f 7909 7945 7946
f 7909 7946 7910
f 7910 7946 7947
f 7910 7947 7911
f 7911 7947 7948
f 7911 7948 7912
f 7912 7948 7949
f 7912 7949 7913
f 7913 7949 7950
f 7913 7950 7914
f 7914 7950 7951
f 7914 7951 7915
f 7915 7951 7952
f 7915 7952 7916
f 7916 7952 7953
f 7916 7953 7917
f 7917 7953 7954
f 7917 7954 7918
f 7918 7954 7955
f 7918 7955 7919
f 7919 7955 7956
f 7919 7956 7920
f 7920 7956 7921
f 7920 7921 7885
f 7921 7957 7958
f 7921 7958 7922
f 7922 7958 7959
f 7922 7959 7923
f 7923 7959 7960
f 7923 7960 7924
f 7924 7960 7961
f 7924 7961 7925
f 7925 7961 7962
f 7925 7962 7926
f 7926 7962 7963
f 7926 7963 7927
f 7927 7963 7964
f 7927 7964 7928
f 7928 7964 7965
f 7928 7965 7929
f 7929 7965 7966
f 7929 7966 7930
f 7930 7966 7967
f 7930 7967 7931
f 7931 7967 7968
f 7931 7968 7932
f 7932 7968 7969
f 7932 7969 7933
f 7933 7969 7970
f 7933 7970 7934
f 7934 7970 7971
f 7934 7971 7935
f 7935 7971 7972
f 7935 7972 7936
f 7936 7972 7973
f 7936 7973 7937
f 7937 7973 7974
f 7937 7974 7938
f 7938 7974 7975
f 7938 7975 7939
f 7939 7975 7976
f 7939 7976 7940
f 7940 7976 7977
f 7940 7977 7941
f 7941 7977 7978
f 7941 7978 7942
f 7942 7978 7979
f 7942 7979 7943
f 7943 7979 7980
f 7943 7980 7944
f 7944 7980 7981
f 7944 7981 7945
f 7945 7981 7982
f 7945 7982 7946
f 7946 7982 7983
f 7946 7983 7947
f 7947 7983 7984
f 7947 7984 7948
f 7948 7984 7985
f 7948 7985 7949
f 7949 7985 7986
f 7949 7986 7950
f 7950 7986 7987
f 7950 7987 7951
f 7951 7987 7988
f 7951 7988 7952
f 7952 7988 7989
f 7952 7989 7953
f 7953 7989 7990
f 7953 7990 7954
f 7954 7990 7991
f 7954 7991 7955
f 7955 7991 7992
f 7955 7992 7956
f 7956 7992 7957
f 7956 7957 7921
f 7957 7993 7994
f 7957 7994 7958
f 7958 7994 7995
f 7958 7995 7959
f 7959 7995 7996
f 7959 7996 7960
f 7960 7996 7997
f 7960 7997 7961
f 7961 7997 7998
f 7961 7998 7962
f 7962 7998 7999
f 7962 7999 7963
f 7963 7999 8000
f 7963 8000 7964
f 7964 8000 8001
f 7964 8001 7965
f 7965 8001 8002
f 7965 8002 7966
f 7966 8002 8003
f 7966 8003 7967
f 7967 8003 8004
f 7967 8004 7968
f 7968 8004 8005
f 7968 8005 7969
f 7969 8005 8006
f 7969 8006 7970
f 7970 8006 8007
f 7970 8007 7971
f 7971 8007 8008
f 7971 8008 7972
f 7972 8008 8009
f 7972 8009 7973
f 7973 8009 8010
f 7973 8010 7974
f 7974 8010 8011
f 7974 8011 7975
f 7975 8011 8012
f 7975 8012 7976
f 7976 8012 8013
f 7976 8013 7977
f 7977 8013 8014
f 7977 8014 7978
f 7978 8014 8015
f 7978 8015 7979
f 7979 8015 8016
f 7979 8016 7980
f 7980 8016 8017
f 7980 8017 7981
f 7981 8017 8018
f 7981 8018 7982
f 7982 8018 8019
f 7982 8019 7983
f 7983 8019 8020
f 7983 8020 7984
f 7984 8020 8021
f 7984 8021 7985
f 7985 8021 8022
f 7985 8022 7986
f 7986 8022 8023
f 7986 8023 7987
f 7987 8023 8024
f 7987 8024 7988
f 7988 8024 8025
f 7988 8025 7989
f 7989 8025 8026
f 7989 8026 7990
f 7990 8026 8027
f 7990 8027 7991
f 7991 8027 8028
f 7991 8028 7992
f 7992 8028 7993
f 7992 7993 7957
f 7993 8029 8030
f 7993 8030 7994
f 7994 8030 8031
f 7994 8031 7995
f 7995 8031 8032
f 7995 8032 7996
f 7996 8032 8033
f 7996 8033 7997
f 7997 8033 8034
f 7997 8034 7998
f 7998 8034 8035
f 7998 8035 7999
f 7999 8035 8036
f 7999 8036 8000
f 8000 8036 8037
f 8000 8037 8001
f 8001 8037 8038
f 8001 8038 8002
f 8002 8038 8039
f 8002 8039 8003
f 8003 8039 8040
f 8003 8040 8004
f 8004 8040 8041
f 8004 8041 8005
f 8005 8041 8042
f 8005 8042 8006
f 8006 8042 8043
f 8006 8043 8007
f 8007 8043 8044
f 8007 8044 8008
f 8008 8044 8045
f 8008 8045 8009
f 8009 8045 8046
f 8009 8046 8010
f 8010 8046 8047
f 8010 8047 8011
f 8011 8047 8048
f 8011 8048 8012
f 8012 8048 8049
f 8012 8049 8013
f 8013 8049 8050
f 8013 8050 8014
f 8014 8050 8051
f 8014 8051 8015
f 8015 8051 8052
f 8015 8052 8016
f 8016 8052 8053
f 8016 8053 8017
f 8017 8053 8054
f 8017 8054 8018
f 8018 8054 8055
f 8018 8055 8019
f 8019 8055 8056
f 8019 8056 8020
f 8020 8056 8057
f 8020 8057 8021
f 8021 8057 8058
f 8021 8058 8022
f 8022 8058 8059
f 8022 8059 8023
f 8023 8059 8060
f 8023 8060 8024
f 8024 8060 8061
f 8024 8061 8025
f 8025 8061 8062
f 8025 8062 8026
f 8026 8062 8063
f 8026 8063 8027
f 8027 8063 8064
f 8027 8064 8028
f 8028 8064 8029
f 8028 8029 7993
f 8029 8065 8066
f 8029 8066 8030
f 8030 8066 8067
f 8030 8067 8031
f 8031 8067 8068
f 8031 8068 8032
f 8032 8068 8069
f 8032 8069 8033
f 8033 8069 8070
f 8033 8070 8034
f 8034 8070 8071
f 8034 8071 8035
f 8035 8071 8072
f 8035 8072 8036
f 8036 8072 8073
f 8036 8073 8037
f 8037 8073 8074
f 8037 8074 8038
f 8038 8074 8075
f 8038 8075 8039
f 8039 8075 8076
f 8039 8076 8040
f 8040 8076 8077
f 8040 8077 8041
f 8041 8077 8078
f 8041 8078 8042
f 8042 8078 8079
f 8042 8079 8043
f 8043 8079 8080
f 8043 8080 8044
f 8044 8080 8081
f 8044 8081 8045
f 8045 8081 8082
f 8045 8082 8046
f 8046 8082 8083
f 8046 8083 8047
f 8047 8083 8084
f 8047 8084 8048
f 8048 8084 8085
f 8048 8085 8049
f 8049 8085 8086
f 8049 8086 8050
f 8050 8086 8087
f 8050 8087 8051
f 8051 8087 8088
f 8051 8088 8052
f 8052 8088 8089
f 8052 8089 8053
f 8053 8089 8090
f 8053 8090 8054
f 8054 8090 8091
f 8054 8091 8055
f 8055 8091 8092
f 8055 8092 8056
f 8056 8092 8093
f 8056 8093 8057
f 8057 8093 8094
f 8057 8094 8058
f 8058 8094 8095
f 8058 8095 8059
f 8059 8095 8096
f 8059 8096 8060
f 8060 8096 8097
f 8060 8097 8061
f 8061 8097 8098
f 8061 8098 8062
f 8062 8098 8099
f 8062 8099 8063
f 8063 8099 8100
f 8063 8100 8064
f 8064 8100 8065
f 8064 8065 8029
f 8065 8101 8102
f 8065 8102 8066
f 8066 8102 8103
f 8066 8103 8067
f 8067 8103 8104
f 8067 8104 8068
f 8068 8104 8105
f 8068 8105 8069
f 8069 8105 8106
f 8069 8106 8070
f 8070 8106 8107
f 8070 8107 8071
f 8071 8107 8108
f 8071 8108 8072
f 8072 8108 8109
f 8072 8109 8073
f 8073 8109 8110
f 8073 8110 8074
f 8074 8110 8111
f 8074 8111 8075
f 8075 8111 8112
f 8075 8112 8076
f 8076 8112 8113
f 8076 8113 8077
f 8077 8113 8114
f 8077 8114 8078
f 8078 8114 8115
f 8078 8115 8079
f 8079 8115 8116
f 8079 8116 8080
f 8080 8116 8117
f 8080 8117 8081
f 8081 8117 8118
f 8081 8118 8082
f 8082 8118 8119
f 8082 8119 8083
f 8083 8119 8120
f 8083 8120 8084
f 8084 8120 8121
f 8084 8121 8085
f 8085 8121 8122
f 8085 8122 8086
f 8086 8122 8123
f 8086 8123 8087
f 8087 8123 8124
f 8087 8124 8088
f 8088 8124 8125
f 8088 8125 8089
f 8089 8125 8126
f 8089 8126 8090
f 8090 8126 8127
f 8090 8127 8091
f 8091 8127 8128
f 8091 8128 8092
f 8092 8128 8129
f 8092 8129 8093
f 8093 8129 8130
f 8093 8130 8094
f 8094 8130 8131
f 8094 8131 8095
f 8095 8131 8132
f 8095 8132 8096
f 8096 8132 8133
f 8096 8133 8097
f 8097 8133 8134
f 8097 8134 8098
f 8098 8134 8135
f 8098 8135 8099
f 8099 8135 8136
f 8099 8136 8100
f 8100 8136 8101
f 8100 8101 8065
f 8101 8137 8138
f 8101 8138 8102
f 8102 8138 8139
f 8102 8139 8103
f 8103 8139 8140
f 8103 8140 8104
f 8104 8140 8141
f 8104 8141 8105
f 8105 8141 8142
f 8105 8142 8106
f 8106 8142 8143
f 8106 8143 8107
f 8107 8143 8144
f 8107 8144 8108
f 8108 8144 8145
f 8108 8145 8109
f 8109 8145 8146
f 8109 8146 8110
f 8110 8146 8147
f 8110 8147 8111
f 8111 8147 8148
f 8111 8148 8112
f 8112 8148 8149
f 8112 8149 8113
f 8113 8149 8150
f 8113 8150 8114
f 8114 8150 8151
f 8114 8151 8115
f 8115 8151 8152
f 8115 8152 8116
f 8116 8152 8153
f 8116 8153 8117
f 8117 8153 8154
f 8117 8154 8118
f 8118 8154 8155
f 8118 8155 8119
f 8119 8155 8156
f 8119 8156 8120
f 8120 8156 8157
f 8120 8157 8121
f 8121 8157 8158
f 8121 8158 8122
f 8122 8158 8159
f 8122 8159 8123
f 8123 8159 8160
f 8123 8160 8124
f 8124 8160 8161
f 8124 8161 8125
f 8125 8161 8162
f 8125 8162 8126
f 8126 8162 8163
f 8126 8163 8127
f 8127 8163 8164
f 8127 8164 8128
f 8128 8164 8165
f 8128 8165 8129
f 8129 8165 8166
f 8129 8166 8130
f 8130 8166 8167
f 8130 8167 8131
f 8131 8167 8168
f 8131 8168 8132
f 8132 8168 8169
f 8132 8169 8133
f 8133 8169 8170
f 8133 8170 8134
f 8134 8170 8171
f 8134 8171 8135
f 8135 8171 8172
f 8135 8172 8136
f 8136 8172 8137
f 8136 8137 8101
f 8137 8173 8174
f 8137 8174 8138
f 8138 8174 8175
f 8138 8175 8139
f 8139 8175 8176
f 8139 8176 8140
f 8140 8176 8177
f 8140 8177 8141
f 8141 8177 8178
f 8141 8178 8142
f 8142 8178 8179
f 8142 8179 8143
f 8143 8179 8180
f 8143 8180 8144
f 8144 8180 8181
f 8144 8181 8145
f 8145 8181 8182
f 8145 8182 8146
f 8146 8182 8183
f 8146 8183 8147
f 8147 8183 8184
f 8147 8184 8148
f 8148 8184 8185
f 8148 8185 8149
f 8149 8185 8186
f 8149 8186 8150
f 8150 8186 8187
f 8150 8187 8151
f 8151 8187 8188
f 8151 8188 8152
f 8152 8188 8189
f 8152 8189 8153
f 8153 8189 8190
f 8153 8190 8154
f 8154 8190 8191
f 8154 8191 8155
f 8155 8191 8192
f 8155 8192 8156
f 8156 8192 8193
f 8156 8193 8157
f 8157 8193 8194
f 8157 8194 8158
f 8158 8194 8195
f 8158 8195 8159
f 8159 8195 8196
f 8159 8196 8160
f 8160 8196 8197
f 8160 8197 8161
f 8161 8197 8198
f 8161 8198 8162
f 8162 8198 8199
f 8162 8199 8163
f 8163 8199 8200
f 8163 8200 8164
f 8164 8200 8201
f 8164 8201 8165
f 8165 8201 8202
f 8165 8202 8166
f 8166 8202 8203
f 8166 8203 8167
f 8167 8203 8204
f 8167 8204 8168
f 8168 8204 8205
f 8168 8205 8169
f 8169 8205 8206
f 8169 8206 8170
f 8170 8206 8207
f 8170 8207 8171
f 8171 8207 8208
f 8171 8208 8172
f 8172 8208 8173
f 8172 8173 8137
f 8173 8209 8210
f 8173 8210 8174
f 8174 8210 8211
f 8174 8211 8175
f 8175 8211 8212
f 8175 8212 8176
f 8176 8212 8213
f 8176 8213 8177
f 8177 8213 8214
f 8177 8214 8178
f 8178 8214 8215
f 8178 8215 8179
f 8179 8215 8216
f 8179 8216 8180
f 8180 8216 8217
f 8180 8217 8181
f 8181 8217 8218
f 8181 8218 8182
f 8182 8218 8219
f 8182 8219 8183
f 8183 8219 8220
f 8183 8220 8184
f 8184 8220 8221
f 8184 8221 8185
f 8185 8221 8222
f 8185 8222 8186
f 8186 8222 8223
f 8186 8223 8187
f 8187 8223 8224
f 8187 8224 8188
f 8188 8224 8225
f 8188 8225 8189
f 8189 8225 8226
f 8189 8226 8190
f 8190 8226 8227
f 8190 8227 8191
f 8191 8227 8228
f 8191 8228 8192
f 8192 8228 8229
f 8192 8229 8193
f 8193 8229 8230
f 8193 8230 8194
f 8194 8230 8231
f 8194 8231 8195
f 8195 8231 8232
f 8195 8232 8196
f 8196 8232 8233
f 8196 8233 8197
f 8197 8233 8234
f 8197 8234 8198
f 8198 8234 8235
f 8198 8235 8199
f 8199 8235 8236
f 8199 8236 8200
f 8200 8236 8237
f 8200 8237 8201
f 8201 8237 8238
f 8201 8238 8202
f 8202 8238 8239
f 8202 8239 8203
f 8203 8239 8240
f 8203 8240 8204
f 8204 8240 8241
f 8204 8241 8205
f 8205 8241 8242
f 8205 8242 8206
f 8206 8242 8243
f 8206 8243 8207
f 8207 8243 8244
f 8207 8244 8208
f 8208 8244 8209
f 8208 8209 8173
f 8209 8245 8246
f 8209 8246 8210
f 8210 8246 8247
f 8210 8247 8211
f 8211 8247 8248
f 8211 8248 8212
f 8212 8248 8249
f 8212 8249 8213
f 8213 8249 8250
f 8213 8250 8214
f 8214 8250 8251
f 8214 8251 8215
f 8215 8251 8252
f 8215 8252 8216
f 8216 8252 8253
f 8216 8253 8217
f 8217 8253 8254
f 8217 8254 8218
f 8218 8254 8255
f 8218 8255 8219
f 8219 8255 8256
f 8219 8256 8220
f 8220 8256 8257
f 8220 8257 8221
f 8221 8257 8258
f 8221 8258 8222
f 8222 8258 8259
f 8222 8259 8223
f 8223 8259 8260
f 8223 8260 8224
f 8224 8260 8261
f 8224 8261 8225
f 8225 8261 8262
f 8225 8262 8226
f 8226 8262 8263
f 8226 8263 8227
f 8227 8263 8264
f 8227 8264 8228
f 8228 8264 8265
f 8228 8265 8229
f 8229 8265 8266
f 8229 8266 8230
f 8230 8266 8267
f 8230 8267 8231
f 8231 8267 8268
f 8231 8268 8232
f 8232 8268 8269
f 8232 8269 8233
f 8233 8269 8270
f 8233 8270 8234
f 8234 8270 8271
f 8234 8271 8235
f 8235 8271 8272
f 8235 8272 8236
f 8236 8272 8273
f 8236 8273 8237
f 8237 8273 8274
f 8237 8274 8238
f 8238 8274 8275
f 8238 8275 8239
f 8239 8275 8276
f 8239 8276 8240
f 8240 8276 8277
f 8240 8277 8241
f 8241 8277 8278
f 8241 8278 8242
f 8242 8278 8279
f 8242 8279 8243
f 8243 8279 8280
f 8243 8280 8244
f 8244 8280 8245
f 8244 8245 8209
f 8245 8281 8282
f 8245 8282 8246
f 8246 8282 8283
f 8246 8283 8247
f 8247 8283 8284
f 8247 8284 8248
f 8248 8284 8285
f 8248 8285 8249
f 8249 8285 8286
f 8249 8286 8250
f 8250 8286 8287
f 8250 8287 8251
f 8251 8287 8288
f 8251 8288 8252
f 8252 8288 8289
f 8252 8289 8253
f 8253 8289 8290
f 8253 8290 8254
f 8254 8290 8291
f 8254 8291 8255
f 8255 8291 8292
f 8255 8292 8256
f 8256 8292 8293
f 8256 8293 8257
f 8257 8293 8294
f 8257 8294 8258
f 8258 8294 8295
f 8258 8295 8259
f 8259 8295 8296
f 8259 8296 8260
f 8260 8296 8297
f 8260 8297 8261
f 8261 8297 8298
f 8261 8298 8262
f 8262 8298 8299
f 8262 8299 8263
f 8263 8299 8300
f 8263 8300 8264
f 8264 8300 8301
f 8264 8301 8265
f 8265 8301 8302
f 8265 8302 8266
f 8266 8302 8303
f 8266 8303 8267
f 8267 8303 8304
f 8267 8304 8268
f 8268 8304 8305
f 8268 8305 8269
f 8269 8305 8306
f 8269 8306 8270
f 8270 8306 8307
f 8270 8307 8271
f 8271 8307 8308
f 8271 8308 8272
f 8272 8308 8309
f 8272 8309 8273
f 8273 8309 8310
f 8273 8310 8274
f 8274 8310 8311
f 8274 8311 8275
f 8275 8311 8312
f 8275 8312 8276
f 8276 8312 8313
f 8276 8313 8277
f 8277 8313 8314
f 8277 8314 8278
f 8278 8314 8315
f 8278 8315 8279
f 8279 8315 8316
f 8279 8316 8280
f 8280 8316 8281
f 8280 8281 8245
f 8281 8317 8318
f 8281 8318 8282
f 8282 8318 8319
f 8282 8319 8283
f 8283 8319 8320
f 8283 8320 8284
f 8284 8320 8321
f 8284 8321 8285
f 8285 8321 8322
f 8285 8322 8286
f 8286 8322 8323
f 8286 8323 8287
f 8287 8323 8324
f 8287 8324 8288
f 8288 8324 8325
f 8288 8325 8289
f 8289 8325 8326
f 8289 8326 8290
f 8290 8326 8327
f 8290 8327 8291
f 8291 8327 8328
f 8291 8328 8292
f 8292 8328 8329
f 8292 8329 8293
f 8293 8329 8330
f 8293 8330 8294
f 8294 8330 8331
f 8294 8331 8295
f 8295 8331 8332
f 8295 8332 8296
f 8296 8332 8333
f 8296 8333 8297
f 8297 8333 8334
f 8297 8334 8298
f 8298 8334 8335
f 8298 8335 8299
f 8299 8335 8336
f 8299 8336 8300
f 8300 8336 8337
f 8300 8337 8301
f 8301 8337 8338
f 8301 8338 8302
f 8302 8338 8339
f 8302 8339 8303
f 8303 8339 8340
f 8303 8340 8304
f 8304 8340 8341
f 8304 8341 8305
f 8305 8341 8342
f 8305 8342 8306
f 8306 8342 8343
f 8306 8343 8307
f 8307 8343 8344
f 8307 8344 8308
f 8308 8344 8345
f 8308 8345 8309
f 8309 8345 8346
f 8309 8346 8310
f 8310 8346 8347
f 8310 8347 8311
f 8311 8347 8348
f 8311 8348 8312
f 8312 8348 8349
f 8312 8349 8313
f 8313 8349 8350
f 8313 8350 8314
f 8314 8350 8351
f 8314 8351 8315
f 8315 8351 8352
f 8315 8352 8316
f 8316 8352 8317
f 8316 8317 8281
f 8317 8353 8354
f 8317 8354 8318
f 8318 8354 8355
f 8318 8355 8319
f 8319 8355 8356
f 8319 8356 8320
f 8320 8356 8357
f 8320 8357 8321
f 8321 8357 8358
f 8321 8358 8322
f 8322 8358 8359
f 8322 8359 8323
f 8323 8359 8360
f 8323 8360 8324
f 8324 8360 8361
f 8324 8361 8325
f 8325 8361 8362
f 8325 8362 8326
f 8326 8362 8363
f 8326 8363 8327
f 8327 8363 8364
f 8327 8364 8328
f 8328 8364 8365
f 8328 8365 8329
f 8329 8365 8366
f 8329 8366 8330
f 8330 8366 8367
f 8330 8367 8331
f 8331 8367 8368
f 8331 8368 8332
f 8332 8368 8369
f 8332 8369 8333
f 8333 8369 8370
f 8333 8370 8334
f 8334 8370 8371
f 8334 8371 8335
f 8335 8371 8372
f 8335 8372 8336
f 8336 8372 8373
f 8336 8373 8337
f 8337 8373 8374
f 8337 8374 8338
f 8338 8374 8375
f 8338 8375 8339
f 8339 8375 8376
f 8339 8376 8340
f 8340 8376 8377
f 8340 8377 8341
f 8341 8377 8378
f 8341 8378 8342
f 8342 8378 8379
f 8342 8379 8343
f 8343 8379 8380
f 8343 8380 8344
f 8344 8380 8381
f 8344 8381 8345
f 8345 8381 8382
f 8345 8382 8346
f 8346 8382 8383
f 8346 8383 8347
f 8347 8383 8384
f 8347 8384 8348
f 8348 8384 8385
f 8348 8385 8349
f 8349 8385 8386
f 8349 8386 8350
f 8350 8386 8387
f 8350 8387 8351
f 8351 8387 8388
f 8351 8388 8352
f 8352 8388 8353
f 8352 8353 8317
f 8353 8389 8390
f 8353 8390 8354
f 8354 8390 8391
f 8354 8391 8355
f 8355 8391 8392
f 8355 8392 8356
f 8356 8392 8393
f 8356 8393 8357
f 8357 8393 8394
f 8357 8394 8358
f 8358 8394 8395
f 8358 8395 8359
f 8359 8395 8396
f 8359 8396 8360
f 8360 8396 8397
f 8360 8397 8361
f 8361 8397 8398
f 8361 8398 8362
f 8362 8398 8399
f 8362 8399 8363
f 8363 8399 8400
f 8363 8400 8364
f 8364 8400 8401
f 8364 8401 8365
f 8365 8401 8402
f 8365 8402 8366
f 8366 8402 8403
f 8366 8403 8367
f 8367 8403 8404
f 8367 8404 8368
f 8368 8404 8405
f 8368 8405 8369
f 8369 8405 8406
f 8369 8406 8370
f 8370 8406 8407
f 8370 8407 8371
f 8371 8407 8408
f 8371 8408 8372
f 8372 8408 8409
f 8372 8409 8373
f 8373 8409 8410
f 8373 8410 8374
f 8374 8410 8411
f 8374 8411 8375
f 8375 8411 8412
f 8375 8412 8376
f 8376 8412 8413
f 8376 8413 8377
f 8377 8413 8414
f 8377 8414 8378
f 8378 8414 8415
f 8378 8415 8379
f 8379 8415 8416
f 8379 8416 8380
f 8380 8416 8417
f 8380 8417 8381
f 8381 8417 8418
f 8381 8418 8382
f 8382 8418 8419
f 8382 8419 8383
f 8383 8419 8420
f 8383 8420 8384
f 8384 8420 8421
f 8384 8421 8385
f 8385 8421 8422
f 8385 8422 8386
f 8386 8422 8423
f 8386 8423 8387
f 8387 8423 8424
f 8387 8424 8388
f 8388 8424 8389
f 8388 8389 8353
f 8389 8425 8426
f 8389 8426 8390
f 8390 8426 8427
f 8390 8427 8391
f 8391 8427 8428
f 8391 8428 8392
f 8392 8428 8429
f 8392 8429 8393
f 8393 8429 8430
f 8393 8430 8394
f 8394 8430 8431
f 8394 8431 8395
f 8395 8431 8432
f 8395 8432 8396
f 8396 8432 8433
f 8396 8433 8397
f 8397 8433 8434
f 8397 8434 8398
f 8398 8434 8435
f 8398 8435 8399
f 8399 8435 8436
f 8399 8436 8400
f 8400 8436 8437
f 8400 8437 8401
f 8401 8437 8438
f 8401 8438 8402
f 8402 8438 8439
f 8402 8439 8403
f 8403 8439 8440
f 8403 8440 8404
f 8404 8440 8441
f 8404 8441 8405
f 8405 8441 8442
f 8405 8442 8406
f 8406 8442 8443
f 8406 8443 8407
f 8407 8443 8444
f 8407 8444 8408
f 8408 8444 8445
f 8408 8445 8409
f 8409 8445 8446
f 8409 8446 8410
f 8410 8446 8447
f 8410 8447 8411
f 8411 8447 8448
f 8411 8448 8412
f 8412 8448 8449
f 8412 8449 8413
f 8413 8449 8450
f 8413 8450 8414
f 8414 8450 8451
f 8414 8451 8415
f 8415 8451 8452
f 8415 8452 8416
f 8416 8452 8453
f 8416 8453 8417
f 8417 8453 8454
f 8417 8454 8418
f 8418 8454 8455
f 8418 8455 8419
f 8419 8455 8456
f 8419 8456 8420
f 8420 8456 8457
f 8420 8457 8421
f 8421 8457 8458
f 8421 8458 8422
f 8422 8458 8459
f 8422 8459 8423
f 8423 8459 8460
f 8423 8460 8424
f 8424 8460 8425
f 8424 8425 8389
f 8425 8461 8462
f 8425 8462 8426
f 8426 8462 8463
f 8426 8463 8427
f 8427 8463 8464
f 8427 8464 8428
f 8428 8464 8465
f 8428 8465 8429
f 8429 8465 8466
f 8429 8466 8430
f 8430 8466 8467
f 8430 8467 8431
f 8431 8467 8468
f 8431 8468 8432
f 8432 8468 8469
f 8432 8469 8433
f 8433 8469 8470
f 8433 8470 8434
f 8434 8470 8471
f 8434 8471 8435
f 8435 8471 8472
f 8435 8472 8436
f 8436 8472 8473
f 8436 8473 8437
f 8437 8473 8474
f 8437 8474 8438
f 8438 8474 8475
f 8438 8475 8439
f 8439 8475 8476
f 8439 8476 8440
f 8440 8476 8477
f 8440 8477 8441
f 8441 8477 8478
f 8441 8478 8442
f 8442 8478 8479
f 8442 8479 8443
f 8443 8479 8480
f 8443 8480 8444
f 8444 8480 8481
f 8444 8481 8445
f 8445 8481 8482
f 8445 8482 8446
f 8446 8482 8483
f 8446 8483 8447
f 8447 8483 8484
f 8447 8484 8448
f 8448 8484 8485
f 8448 8485 8449
f 8449 8485 8486
f 8449 8486 8450
f 8450 8486 8487
f 8450 8487 8451
f 8451 8487 8488
f 8451 8488 8452
f 8452 8488 8489
f 8452 8489 8453
f 8453 8489 8490
f 8453 8490 8454
f 8454 8490 8491
f 8454 8491 8455
f 8455 8491 8492
f 8455 8492 8456
f 8456 8492 8493
f 8456 8493 8457
f 8457 8493 8494
f 8457 8494 8458
f 8458 8494 8495
f 8458 8495 8459
f 8459 8495 8496
f 8459 8496 8460
f 8460 8496 8461
f 8460 8461 8425
f 8461 8497 8498
f 8461 8498 8462
f 8462 8498 8499
f 8462 8499 8463
f 8463 8499 8500
f 8463 8500 8464
f 8464 8500 8501
f 8464 8501 8465
f 8465 8501 8502
f 8465 8502 8466
f 8466 8502 8503
f 8466 8503 8467
f 8467 8503 8504
f 8467 8504 8468
f 8468 8504 8505
f 8468 8505 8469
f 8469 8505 8506
f 8469 8506 8470
f 8470 8506 8507
f 8470 8507 8471
f 8471 8507 8508
f 8471 8508 8472
f 8472 8508 8509
f 8472 8509 8473
f 8473 8509 8510
f 8473 8510 8474
f 8474 8510 8511
f 8474 8511 8475
f 8475 8511 8512
f 8475 8512 8476
f 8476 8512 8513
f 8476 8513 8477
f 8477 8513 8514
f 8477 8514 8478
f 8478 8514 8515
f 8478 8515 8479
f 8479 8515 8516
f 8479 8516 8480
f 8480 8516 8517
f 8480 8517 8481
f 8481 8517 8518
f 8481 8518 8482
f 8482 8518 8519
f 8482 8519 8483
f 8483 8519 8520
f 8483 8520 8484
f 8484 8520 8521
f 8484 8521 8485
f 8485 8521 8522
f 8485 8522 8486
f 8486 8522 8523
f 8486 8523 8487
f 8487 8523 8524
f 8487 8524 8488
f 8488 8524 8525
f 8488 8525 8489
f 8489 8525 8526
f 8489 8526 8490
f 8490 8526 8527
f 8490 8527 8491
f 8491 8527 8528
f 8491 8528 8492
f 8492 8528 8529
f 8492 8529 8493
f 8493 8529 8530
f 8493 8530 8494
f 8494 8530 8531
f 8494 8531 8495
f 8495 8531 8532
f 8495 8532 8496
f 8496 8532 8497
f 8496 8497 8461
f 8497 8533 8534
f 8497 8534 8498
f 8498 8534 8535
f 8498 8535 8499
f 8499 8535 8536
f 8499 8536 8500
f 8500 8536 8537
f 8500 8537 8501
f 8501 8537 8538
f 8501 8538 8502
f 8502 8538 8539
f 8502 8539 8503
f 8503 8539 8540
f 8503 8540 8504
f 8504 8540 8541
f 8504 8541 8505
f 8505 8541 8542
f 8505 8542 8506
f 8506 8542 8543
f 8506 8543 8507
f 8507 8543 8544
f 8507 8544 8508
f 8508 8544 8545
f 8508 8545 8509
f 8509 8545 8546
f 8509 8546 8510
f 8510 8546 8547
f 8510 8547 8511
f 8511 8547 8548
f 8511 8548 8512
f 8512 8548 8549
f 8512 8549 8513
f 8513 8549 8550
f 8513 8550 8514
f 8514 8550 8551
f 8514 8551 8515
f 8515 8551 8552
f 8515 8552 8516
f 8516 8552 8553
f 8516 8553 8517
f 8517 8553 8554
f 8517 8554 8518
f 8518 8554 8555
f 8518 8555 8519
f 8519 8555 8556
f 8519 8556 8520
f 8520 8556 8557
f 8520 8557 8521
f 8521 8557 8558
f 8521 8558 8522
f 8522 8558 8559
f 8522 8559 8523
f 8523 8559 8560
f 8523 8560 8524
f 8524 8560 8561
f 8524 8561 8525
f 8525 8561 8562
f 8525 8562 8526
f 8526 8562 8563
f 8526 8563 8527
f 8527 8563 8564
f 8527 8564 8528
f 8528 8564 8565
f 8528 8565 8529
f 8529 8565 8566
f 8529 8566 8530
f 8530 8566 8567
f 8530 8567 8531
f 8531 8567 8568
f 8531 8568 8532
f 8532 8568 8533
f 8532 8533 8497
f 8533 8569 8570
f 8533 8570 8534
f 8534 8570 8571
f 8534 8571 8535
f 8535 8571 8572
f 8535 8572 8536
f 8536 8572 8573
f 8536 8573 8537
f 8537 8573 8574
f 8537 8574 8538
f 8538 8574 8575
f 8538 8575 8539
f 8539 8575 8576
f 8539 8576 8540
f 8540 8576 8577
f 8540 8577 8541
f 8541 8577 8578
f 8541 8578 8542
f 8542 8578 8579
f 8542 8579 8543
f 8543 8579 8580
f 8543 8580 8544
f 8544 8580 8581
f 8544 8581 8545
f 8545 8581 8582
f 8545 8582 8546
f 8546 8582 8583
f 8546 8583 8547
f 8547 8583 8584
f 8547 8584 8548
f 8548 8584 8585
f 8548 8585 8549
f 8549 8585 8586
f 8549 8586 8550
f 8550 8586 8587
f 8550 8587 8551
f 8551 8587 8588
f 8551 8588 8552
f 8552 8588 8589
f 8552 8589 8553
f 8553 8589 8590
f 8553 8590 8554
f 8554 8590 8591
f 8554 8591 8555
f 8555 8591 8592
f 8555 8592 8556
f 8556 8592 8593
f 8556 8593 8557
f 8557 8593 8594
f 8557 8594 8558
f 8558 8594 8595
f 8558 8595 8559
f 8559 8595 8596
f 8559 8596 8560
f 8560 8596 8597
f 8560 8597 8561
f 8561 8597 8598
f 8561 8598 8562
f 8562 8598 8599
f 8562 8599 8563
f 8563 8599 8600
f 8563 8600 8564
f 8564 8600 8601
f 8564 8601 8565
f 8565 8601 8602
f 8565 8602 8566
f 8566 8602 8603
f 8566 8603 8567
f 8567 8603 8604
f 8567 8604 8568
f 8568 8604 8569
f 8568 8569 8533
f 8569 8605 8606
f 8569 8606 8570
f 8570 8606 8607
f 8570 8607 8571
f 8571 8607 8608
f 8571 8608 8572
f 8572 8608 8609
f 8572 8609 8573
f 8573 8609 8610
f 8573 8610 8574
f 8574 8610 8611
f 8574 8611 8575
f 8575 8611 8612
f 8575 8612 8576
f 8576 8612 8613
f 8576 8613 8577
f 8577 8613 8614
f 8577 8614 8578
f 8578 8614 8615
f 8578 8615 8579
f 8579 8615 8616
f 8579 8616 8580
f 8580 8616 8617
f 8580 8617 8581
f 8581 8617 8618
f 8581 8618 8582
f 8582 8618 8619
f 8582 8619 8583
f 8583 8619 8620
f 8583 8620 8584
f 8584 8620 8621
f 8584 8621 8585
f 8585 8621 8622
f 8585 8622 8586
f 8586 8622 8623
f 8586 8623 8587
f 8587 8623 8624
f 8587 8624 8588
f 8588 8624 8625
f 8588 8625 8589
f 8589 8625 8626
f 8589 8626 8590
f 8590 8626 8627
f 8590 8627 8591
f 8591 8627 8628
f 8591 8628 8592
f 8592 8628 8629
f 8592 8629 8593
f 8593 8629 8630
f 8593 8630 8594
f 8594 8630 8631
f 8594 8631 8595
f 8595 8631 8632
f 8595 8632 8596
f 8596 8632 8633
f 8596 8633 8597
f 8597 8633 8634
f 8597 8634 8598
f 8598 8634 8635
f 8598 8635 8599
f 8599 8635 8636
f 8599 8636 8600
f 8600 8636 8637
f 8600 8637 8601
f 8601 8637 8638
f 8601 8638 8602
f 8602 8638 8639
f 8602 8639 8603
f 8603 8639 8640
f 8603 8640 8604
f 8604 8640 8605
f 8604 8605 8569
f 8605 8641 8642
f 8605 8642 8606
f 8606 8642 8643
f 8606 8643 8607
f 8607 8643 8644
f 8607 8644 8608
f 8608 8644 8645
f 8608 8645 8609
f 8609 8645 8646
f 8609 8646 8610
f 8610 8646 8647
f 8610 8647 8611
f 8611 8647 8648
f 8611 8648 8612
f 8612 8648 8649
f 8612 8649 8613
f 8613 8649 8650
f 8613 8650 8614
f 8614 8650 8651
f 8614 8651 8615
f 8615 8651 8652
f 8615 8652 8616
f 8616 8652 8653
f 8616 8653 8617
f 8617 8653 8654
f 8617 8654 8618
f 8618 8654 8655
f 8618 8655 8619
f 8619 8655 8656
f 8619 8656 8620
f 8620 8656 8657
f 8620 8657 8621
f 8621 8657 8658
f 8621 8658 8622
f 8622 8658 8659
f 8622 8659 8623
f 8623 8659 8660
f 8623 8660 8624
f 8624 8660 8661
f 8624 8661 8625
f 8625 8661 8662
f 8625 8662 8626
f 8626 8662 8663
f 8626 8663 8627
f 8627 8663 8664
f 8627 8664 8628
f 8628 8664 8665
f 8628 8665 8629
f 8629 8665 8666
f 8629 8666 8630
f 8630 8666 8667
f 8630 8667 8631
f 8631 8667 8668
f 8631 8668 8632
f 8632 8668 8669
f 8632 8669 8633
f 8633 8669 8670
f 8633 8670 8634
f 8634 8670 8671
f 8634 8671 8635
f 8635 8671 8672
f 8635 8672 8636
f 8636 8672 8673
f 8636 8673 8637
f 8637 8673 8674
f 8637 8674 8638
f 8638 8674 8675
f 8638 8675 8639
f 8639 8675 8676
f 8639 8676 8640
f 8640 8676 8641
f 8640 8641 8605
f 8641 8677 8678
f 8641 8678 8642
f 8642 8678 8679
f 8642 8679 8643
f 8643 8679 8680
f 8643 8680 8644
f 8644 8680 8681
f 8644 8681 8645
f 8645 8681 8682
f 8645 8682 8646
f 8646 8682 8683
f 8646 8683 8647
f 8647 8683 8684
f 8647 8684 8648
f 8648 8684 8685
f 8648 8685 8649
f 8649 8685 8686
f 8649 8686 8650
f 8650 8686 8687
f 8650 8687 8651
f 8651 8687 8688
f 8651 8688 8652
f 8652 8688 8689
f 8652 8689 8653
f 8653 8689 8690
f 8653 8690 8654
f 8654 8690 8691
f 8654 8691 8655
f 8655 8691 8692
f 8655 8692 8656
f 8656 8692 8693
f 8656 8693 8657
f 8657 8693 8694
f 8657 8694 8658
f 8658 8694 8695
f 8658 8695 8659
f 8659 8695 8696
f 8659 8696 8660
f 8660 8696 8697
f 8660 8697 8661
f 8661 8697 8698
f 8661 8698 8662
f 8662 8698 8699
f 8662 8699 8663
f 8663 8699 8700
f 8663 8700 8664
f 8664 8700 8701
f 8664 8701 8665
f 8665 8701 8702
f 8665 8702 8666
f 8666 8702 8703
f 8666 8703 8667
f 8667 8703 8704
f 8667 8704 8668
f 8668 8704 8705
f 8668 8705 8669
f 8669 8705 8706
f 8669 8706 8670
f 8670 8706 8707
f 8670 8707 8671
f 8671 8707 8708
f 8671 8708 8672
f 8672 8708 8709
f 8672 8709 8673
f 8673 8709 8710
f 8673 8710 8674
f 8674 8710 8711
f 8674 8711 8675
f 8675 8711 8712
f 8675 8712 8676
f 8676 8712 8677
f 8676 8677 8641
f 8677 8713 8714
f 8677 8714 8678
f 8678 8714 8715
f 8678 8715 8679
f 8679 8715 8716
f 8679 8716 8680
f 8680 8716 8717
f 8680 8717 8681
f 8681 8717 8718
f 8681 8718 8682
f 8682 8718 8719
f 8682 8719 8683
f 8683 8719 8720
f 8683 8720 8684
f 8684 8720 8721
f 8684 8721 8685
f 8685 8721 8722
f 8685 8722 8686
f 8686 8722 8723
f 8686 8723 8687
f 8687 8723 8724
f 8687 8724 8688
f 8688 8724 8725
f 8688 8725 8689
f 8689 8725 8726
f 8689 8726 8690
f 8690 8726 8727
f 8690 8727 8691
f 8691 8727 8728
f 8691 8728 8692
f 8692 8728 8729
f 8692 8729 8693
f 8693 8729 8730
f 8693 8730 8694
f 8694 8730 8731
f 8694 8731 8695
f 8695 8731 8732
f 8695 8732 8696
f 8696 8732 8733
f 8696 8733 8697
f 8697 8733 8734
f 8697 8734 8698
f 8698 8734 8735
f 8698 8735 8699
f 8699 8735 8736
f 8699 8736 8700
f 8700 8736 8737
f 8700 8737 8701
f 8701 8737 8738
f 8701 8738 8702
f 8702 8738 8739
f 8702 8739 8703
f 8703 8739 8740
f 8703 8740 8704
f 8704 8740 8741
f 8704 8741 8705
f 8705 8741 8742
f 8705 8742 8706
f 8706 8742 8743
f 8706 8743 8707
f 8707 8743 8744
f 8707 8744 8708
f 8708 8744 8745
f 8708 8745 8709
f 8709 8745 8746
f 8709 8746 8710
f 8710 8746 8747
f 8710 8747 8711
f 8711 8747 8748
f 8711 8748 8712
f 8712 8748 8713
f 8712 8713 8677
f 8713 8749 8750
f 8713 8750 8714
f 8714 8750 8751
f 8714 8751 8715
f 8715 8751 8752
f 8715 8752 8716
f 8716 8752 8753
f 8716 8753 8717
f 8717 8753 8754
f 8717 8754 8718
f 8718 8754 8755
f 8718 8755 8719
f 8719 8755 8756
f 8719 8756 8720
f 8720 8756 8757
f 8720 8757 8721
f 8721 8757 8758
f 8721 8758 8722
f 8722 8758 8759
f 8722 8759 8723
f 8723 8759 8760
f 8723 8760 8724
f 8724 8760 8761
f 8724 8761 8725
f 8725 8761 8762
f 8725 8762 8726
f 8726 8762 8763
f 8726 8763 8727
f 8727 8763 8764
f 8727 8764 8728
f 8728 8764 8765
f 8728 8765 8729
f 8729 8765 8766
f 8729 8766 8730
f 8730 8766 8767
f 8730 8767 8731
f 8731 8767 8768
f 8731 8768 8732
f 8732 8768 8769
f 8732 8769 8733
f 8733 8769 8770
f 8733 8770 8734
f 8734 8770 8771
f 8734 8771 8735
f 8735 8771 8772
f 8735 8772 8736
f 8736 8772 8773
f 8736 8773 8737
f 8737 8773 8774
f 8737 8774 8738
f 8738 8774 8775
f 8738 8775 8739
f 8739 8775 8776
f 8739 8776 8740
f 8740 8776 8777
f 8740 8777 8741
f 8741 8777 8778
f 8741 8778 8742
f 8742 8778 8779
f 8742 8779 8743
f 8743 8779 8780
f 8743 8780 8744
f 8744 8780 8781
f 8744 8781 8745
f 8745 8781 8782
f 8745 8782 8746
f 8746 8782 8783
f 8746 8783 8747
f 8747 8783 8784
f 8747 8784 8748
f 8748 8784 8749
f 8748 8749 8713
f 8749 8785 8786
f 8749 8786 8750
f 8750 8786 8787
f 8750 8787 8751
f 8751 8787 8788
f 8751 8788 8752
f 8752 8788 8789
f 8752 8789 8753
f 8753 8789 8790
f 8753 8790 8754
f 8754 8790 8791
f 8754 8791 8755
f 8755 8791 8792
f 8755 8792 8756
f 8756 8792 8793
f 8756 8793 8757
f 8757 8793 8794
f 8757 8794 8758
f 8758 8794 8795
f 8758 8795 8759
f 8759 8795 8796
f 8759 8796 8760
f 8760 8796 8797
f 8760 8797 8761
f 8761 8797 8798
f 8761 8798 8762
f 8762 8798 8799
f 8762 8799 8763
f 8763 8799 8800
f 8763 8800 8764
f 8764 8800 8801
f 8764 8801 8765
f 8765 8801 8802
f 8765 8802 8766
f 8766 8802 8803
f 8766 8803 8767
f 8767 8803 8804
f 8767 8804 8768
f 8768 8804 8805
f 8768 8805 8769
f 8769 8805 8806
f 8769 8806 8770
f 8770 8806 8807
f 8770 8807 8771
f 8771 8807 8808
f 8771 8808 8772
f 8772 8808 8809
f 8772 8809 8773
f 8773 8809 8810
f 8773 8810 8774
f 8774 8810 8811
f 8774 8811 8775
f 8775 8811 8812
f 8775 8812 8776
f 8776 8812 8813
f 8776 8813 8777
f 8777 8813 8814
f 8777 8814 8778
f 8778 8814 8815
f 8778 8815 8779
f 8779 8815 8816
f 8779 8816 8780
f 8780 8816 8817
f 8780 8817 8781
f 8781 8817 8818
f 8781 8818 8782
f 8782 8818 8819
f 8782 8819 8783
f 8783 8819 8820
f 8783 8820 8784
f 8784 8820 8785
f 8784 8785 8749
f 8785 8821 8822
f 8785 8822 8786
f 8786 8822 8823
f 8786 8823 8787
f 8787 8823 8824
f 8787 8824 8788
f 8788 8824 8825
f 8788 8825 8789
f 8789 8825 8826
f 8789 8826 8790
f 8790 8826 8827
f 8790 8827 8791
f 8791 8827 8828
f 8791 8828 8792
f 8792 8828 8829
f 8792 8829 8793
f 8793 8829 8830
f 8793 8830 8794
f 8794 8830 8831
f 8794 8831 8795
f 8795 8831 8832
f 8795 8832 8796
f 8796 8832 8833
f 8796 8833 8797
f 8797 8833 8834
f 8797 8834 8798
f 8798 8834 8835
f 8798 8835 8799
f 8799 8835 8836
f 8799 8836 8800
f 8800 8836 8837
f 8800 8837 8801
f 8801 8837 8838
f 8801 8838 8802
f 8802 8838 8839
f 8802 8839 8803
f 8803 8839 8840
f 8803 8840 8804
f 8804 8840 8841
f 8804 8841 8805
f 8805 8841 8842
f 8805 8842 8806
f 8806 8842 8843
f 8806 8843 8807
f 8807 8843 8844
f 8807 8844 8808
f 8808 8844 8845
f 8808 8845 8809
f 8809 8845 8846
f 8809 8846 8810
f 8810 8846 8847
f 8810 8847 8811
f 8811 8847 8848
f 8811 8848 8812
f 8812 8848 8849
f 8812 8849 8813
f 8813 8849 8850
f 8813 8850 8814
f 8814 8850 8851
f 8814 8851 8815
f 8815 8851 8852
f 8815 8852 8816
f 8816 8852 8853
f 8816 8853 8817
f 8817 8853 8854
f 8817 8854 8818
f 8818 8854 8855
f 8818 8855 8819
f 8819 8855 8856
f 8819 8856 8820
f 8820 8856 8821
f 8820 8821 8785
f 8821 8857 8858
f 8821 8858 8822
f 8822 8858 8859
f 8822 8859 8823
f 8823 8859 8860
f 8823 8860 8824
f 8824 8860 8861
f 8824 8861 8825
f 8825 8861 8862
f 8825 8862 8826
f 8826 8862 8863
f 8826 8863 8827
f 8827 8863 8864
f 8827 8864 8828
f 8828 8864 8865
f 8828 8865 8829
f 8829 8865 8866
f 8829 8866 8830
f 8830 8866 8867
f 8830 8867 8831
f 8831 8867 8868
f 8831 8868 8832
f 8832 8868 8869
f 8832 8869 8833
f 8833 8869 8870
f 8833 8870 8834
f 8834 8870 8871
f 8834 8871 8835
f 8835 8871 8872
f 8835 8872 8836
f 8836 8872 8873
f 8836 8873 8837
f 8837 8873 8874
f 8837 8874 8838
f 8838 8874 8875
f 8838 8875 8839
f 8839 8875 8876
f 8839 8876 8840
f 8840 8876 8877
f 8840 8877 8841
f 8841 8877 8878
f 8841 8878 8842
f 8842 8878 8879
f 8842 8879 8843
f 8843 8879 8880
f 8843 8880 8844
f 8844 8880 8881
f 8844 8881 8845
f 8845 8881 8882
f 8845 8882 8846
f 8846 8882 8883
f 8846 8883 8847
f 8847 8883 8884
f 8847 8884 8848
f 8848 8884 8885
f 8848 8885 8849
f 8849 8885 8886
f 8849 8886 8850
f 8850 8886 8887
f 8850 8887 8851
f 8851 8887 8888
f 8851 8888 8852
f 8852 8888 8889
f 8852 8889 8853
f 8853 8889 8890
f 8853 8890 8854
f 8854 8890 8891
f 8854 8891 8855
f 8855 8891 8892
f 8855 8892 8856
f 8856 8892 8857
f 8856 8857 8821
f 8857 8893 8894
f 8857 8894 8858
f 8858 8894 8895
f 8858 8895 8859
f 8859 8895 8896
f 8859 8896 8860
f 8860 8896 8897
f 8860 8897 8861
f 8861 8897 8898
f 8861 8898 8862
f 8862 8898 8899
f 8862 8899 8863
f 8863 8899 8900
f 8863 8900 8864
f 8864 8900 8901
f 8864 8901 8865
f 8865 8901 8902
f 8865 8902 8866
f 8866 8902 8903
f 8866 8903 8867
f 8867 8903 8904
f 8867 8904 8868
f 8868 8904 8905
f 8868 8905 8869
f 8869 8905 8906
f 8869 8906 8870
f 8870 8906 8907
f 8870 8907 8871
f 8871 8907 8908
f 8871 8908 8872
f 8872 8908 8909
f 8872 8909 8873
f 8873 8909 8910
f 8873 8910 8874
f 8874 8910 8911
f 8874 8911 8875
f 8875 8911 8912
f 8875 8912 8876
f 8876 8912 8913
f 8876 8913 8877
f 8877 8913 8914
f 8877 8914 8878
f 8878 8914 8915
f 8878 8915 8879
f 8879 8915 8916
f 8879 8916 8880
f 8880 8916 8917
f 8880 8917 8881
f 8881 8917 8918
f 8881 8918 8882
f 8882 8918 8919
f 8882 8919 8883
f 8883 8919 8920
f 8883 8920 8884
f 8884 8920 8921
f 8884 8921 8885
f 8885 8921 8922
f 8885 8922 8886
f 8886 8922 8923
f 8886 8923 8887
f 8887 8923 8924
f 8887 8924 8888
f 8888 8924 8925
f 8888 8925 8889
f 8889 8925 8926
f 8889 8926 8890
f 8890 8926 8927
f 8890 8927 8891
f 8891 8927 8928
f 8891 8928 8892
f 8892 8928 8893
f 8892 8893 8857
f 8893 8929 8930
f 8893 8930 8894
f 8894 8930 8931
f 8894 8931 8895
f 8895 8931 8932
f 8895 8932 8896
f 8896 8932 8933
f 8896 8933 8897
f 8897 8933 8934
f 8897 8934 8898
f 8898 8934 8935
f 8898 8935 8899
f 8899 8935 8936
f 8899 8936 8900
f 8900 8936 8937
f 8900 8937 8901
f 8901 8937 8938
f 8901 8938 8902
f 8902 8938 8939
f 8902 8939 8903
f 8903 8939 8940
f 8903 8940 8904
f 8904 8940 8941
f 8904 8941 8905
f 8905 8941 8942
f 8905 8942 8906
f 8906 8942 8943
f 8906 8943 8907
f 8907 8943 8944
f 8907 8944 8908
f 8908 8944 8945
f 8908 8945 8909
f 8909 8945 8946
f 8909 8946 8910
f 8910 8946 8947
f 8910 8947 8911
f 8911 8947 8948
f 8911 8948 8912
f 8912 8948 8949
f 8912 8949 8913
f 8913 8949 8950
f 8913 8950 8914
f 8914 8950 8951
f 8914 8951 8915
f 8915 8951 8952
f 8915 8952 8916
f 8916 8952 8953
f 8916 8953 8917
f 8917 8953 8954
f 8917 8954 8918
f 8918 8954 8955
f 8918 8955 8919
f 8919 8955 8956
f 8919 8956 8920
f 8920 8956 8957
f 8920 8957 8921
f 8921 8957 8958
f 8921 8958 8922
f 8922 8958 8959
f 8922 8959 8923
f 8923 8959 8960
f 8923 8960 8924
f 8924 8960 8961
f 8924 8961 8925
f 8925 8961 8962
f 8925 8962 8926
f 8926 8962 8963
f 8926 8963 8927
f 8927 8963 8964
f 8927 8964 8928
f 8928 8964 8929
f 8928 8929 8893
f 8929 8965 8966
f 8929 8966 8930
f 8930 8966 8967
f 8930 8967 8931
f 8931 8967 8968
f 8931 8968 8932
f 8932 8968 8969
f 8932 8969 8933
f 8933 8969 8970
f 8933 8970 8934
f 8934 8970 8971
f 8934 8971 8935
f 8935 8971 8972
f 8935 8972 8936
f 8936 8972 8973
f 8936 8973 8937
f 8937 8973 8974
f 8937 8974 8938
f 8938 8974 8975
f 8938 8975 8939
f 8939 8975 8976
f 8939 8976 8940
f 8940 8976 8977
f 8940 8977 8941
f 8941 8977 8978
f 8941 8978 8942
f 8942 8978 8979
f 8942 8979 8943
f 8943 8979 8980
f 8943 8980 8944
f 8944 8980 8981
f 8944 8981 8945
f 8945 8981 8982
f 8945 8982 8946
f 8946 8982 8983
f 8946 8983 8947
f 8947 8983 8984
f 8947 8984 8948
f 8948 8984 8985
f 8948 8985 8949
f 8949 8985 8986
f 8949 8986 8950
f 8950 8986 8987
f 8950 8987 8951
f 8951 8987 8988
f 8951 8988 8952
f 8952 8988 8989
f 8952 8989 8953
f 8953 8989 8990
f 8953 8990 8954
f 8954 8990 8991
f 8954 8991 8955
f 8955 8991 8992
f 8955 8992 8956
f 8956 8992 8993
f 8956 8993 8957
f 8957 8993 8994
f 8957 8994 8958
f 8958 8994 8995
f 8958 8995 8959
f 8959 8995 8996
f 8959 8996 8960
f 8960 8996 8997
f 8960 8997 8961
f 8961 8997 8998
f 8961 8998 8962
f 8962 8998 8999
f 8962 8999 8963
f 8963 8999 9000
f 8963 9000 8964
f 8964 9000 8965
f 8964 8965 8929
f 8965 9001 9002
f 8965 9002 8966
f 8966 9002 9003
f 8966 9003 8967
f 8967 9003 9004
f 8967 9004 8968
f 8968 9004 9005
f 8968 9005 8969
f 8969 9005 9006
f 8969 9006 8970
f 8970 9006 9007
f 8970 9007 8971
f 8971 9007 9008
f 8971 9008 8972
f 8972 9008 9009
f 8972 9009 8973
f 8973 9009 9010
f 8973 9010 8974
f 8974 9010 9011
f 8974 9011 8975
f 8975 9011 9012
f 8975 9012 8976
f 8976 9012 9013
f 8976 9013 8977
f 8977 9013 9014
f 8977 9014 8978
f 8978 9014 9015
f 8978 9015 8979
f 8979 9015 9016
f 8979 9016 8980
f 8980 9016 9017
f 8980 9017 8981
f 8981 9017 9018
f 8981 9018 8982
f 8982 9018 9019
f 8982 9019 8983
f 8983 9019 9020
f 8983 9020 8984
f 8984 9020 9021
f 8984 9021 8985
f 8985 9021 9022
f 8985 9022 8986
f 8986 9022 9023
f 8986 9023 8987
f 8987 9023 9024
f 8987 9024 8988
f 8988 9024 9025
f 8988 9025 8989
f 8989 9025 9026
f 8989 9026 8990
f 8990 9026 9027
f 8990 9027 8991
f 8991 9027 9028
f 8991 9028 8992
f 8992 9028 9029
f 8992 9029 8993
f 8993 9029 9030
f 8993 9030 8994
f 8994 9030 9031
f 8994 9031 8995
f 8995 9031 9032
f 8995 9032 8996
f 8996 9032 9033
f 8996 9033 8997
f 8997 9033 9034
f 8997 9034 8998
f 8998 9034 9035
f 8998 9035 8999
f 8999 9035 9036
f 8999 9036 9000
f 9000 9036 9001
f 9000 9001 8965
f 9001 9037 9038
f 9001 9038 9002
f 9002 9038 9039
f 9002 9039 9003
f 9003 9039 9040
f 9003 9040 9004
f 9004 9040 9041
f 9004 9041 9005
f 9005 9041 9042
f 9005 9042 9006
f 9006 9042 9043
f 9006 9043 9007
f 9007 9043 9044
f 9007 9044 9008
f 9008 9044 9045
f 9008 9045 9009
f 9009 9045 9046
f 9009 9046 9010
f 9010 9046 9047
f 9010 9047 9011
f 9011 9047 9048
f 9011 9048 9012
f 9012 9048 9049
f 9012 9049 9013
f 9013 9049 9050
f 9013 9050 9014
f 9014 9050 9051
f 9014 9051 9015
f 9015 9051 9052
f 9015 9052 9016
f 9016 9052 9053
f 9016 9053 9017
f 9017 9053 9054
f 9017 9054 9018
f 9018 9054 9055
f 9018 9055 9019
f 9019 9055 9056
f 9019 9056 9020
f 9020 9056 9057
f 9020 9057 9021
f 9021 9057 9058
f 9021 9058 9022
f 9022 9058 9059
f 9022 9059 9023
f 9023 9059 9060
f 9023 9060 9024
f 9024 9060 9061
f 9024 9061 9025
f 9025 9061 9062
f 9025 9062 9026
f 9026 9062 9063
f 9026 9063 9027
f 9027 9063 9064
f 9027 9064 9028
f 9028 9064 9065
f 9028 9065 9029
f 9029 9065 9066
f 9029 9066 9030
f 9030 9066 9067
f 9030 9067 9031
f 9031 9067 9068
f 9031 9068 9032
f 9032 9068 9069
f 9032 9069 9033
f 9033 9069 9070
f 9033 9070 9034
f 9034 9070 9071
f 9034 9071 9035
f 9035 9071 9072
f 9035 9072 9036
f 9036 9072 9037
f 9036 9037 9001
f 9037 9073 9074
f 9037 9074 9038
f 9038 9074 9075
f 9038 9075 9039
f 9039 9075 9076
f 9039 9076 9040
f 9040 9076 9077
f 9040 9077 9041
f 9041 9077 9078
f 9041 9078 9042
f 9042 9078 9079
f 9042 9079 9043
f 9043 9079 9080
f 9043 9080 9044
f 9044 9080 9081
f 9044 9081 9045
f 9045 9081 9082
f 9045 9082 9046
f 9046 9082 9083
f 9046 9083 9047
f 9047 9083 9084
f 9047 9084 9048
f 9048 9084 9085
f 9048 9085 9049
f 9049 9085 9086
f 9049 9086 9050
f 9050 9086 9087
f 9050 9087 9051
f 9051 9087 9088
f 9051 9088 9052
f 9052 9088 9089
f 9052 9089 9053
f 9053 9089 9090
f 9053 9090 9054
f 9054 9090 9091
f 9054 9091 9055
f 9055 9091 9092
f 9055 9092 9056
f 9056 9092 9093
f 9056 9093 9057
f 9057 9093 9094
f 9057 9094 9058
f 9058 9094 9095
f 9058 9095 9059
f 9059 9095 9096
f 9059 9096 9060
f 9060 9096 9097
f 9060 9097 9061
f 9061 9097 9098
f 9061 9098 9062
f 9062 9098 9099
f 9062 9099 9063
f 9063 9099 9100
f 9063 9100 9064
f 9064 9100 9101
f 9064 9101 9065
f 9065 9101 9102
f 9065 9102 9066
f 9066 9102 9103
f 9066 9103 9067
f 9067 9103 9104
f 9067 9104 9068
f 9068 9104 9105
f 9068 9105 9069
f 9069 9105 9106
f 9069 9106 9070
f 9070 9106 9107
f 9070 9107 9071
f 9071 9107 9108
f 9071 9108 9072
f 9072 9108 9073
f 9072 9073 9037
f 9073 9109 9110
f 9073 9110 9074
f 9074 9110 9111
f 9074 9111 9075
f 9075 9111 9112
f 9075 9112 9076
f 9076 9112 9113
f 9076 9113 9077
f 9077 9113 9114
f 9077 9114 9078
f 9078 9114 9115
f 9078 9115 9079
f 9079 9115 9116
f 9079 9116 9080
f 9080 9116 9117
f 9080 9117 9081
f 9081 9117 9118
f 9081 9118 9082
f 9082 9118 9119
f 9082 9119 9083
f 9083 9119 9120
f 9083 9120 9084
f 9084 9120 9121
f 9084 9121 9085
f 9085 9121 9122
f 9085 9122 9086
f 9086 9122 9123
f 9086 9123 9087
f 9087 9123 9124
f 9087 9124 9088
f 9088 9124 9125
f 9088 9125 9089
f 9089 9125 9126
f 9089 9126 9090
f 9090 9126 9127
f 9090 9127 9091
f 9091 9127 9128
f 9091 9128 9092
f 9092 9128 9129
f 9092 9129 9093
f 9093 9129 9130
f 9093 9130 9094
f 9094 9130 9131
f 9094 9131 9095
f 9095 9131 9132
f 9095 9132 9096
f 9096 9132 9133
f 9096 9133 9097
f 9097 9133 9134
f 9097 9134 9098
f 9098 9134 9135
f 9098 9135 9099
f 9099 9135 9136
f 9099 9136 9100
f 9100 9136 9137
f 9100 9137 9101
f 9101 9137 9138
f 9101 9138 9102
f 9102 9138 9139
f 9102 9139 9103
f 9103 9139 9140
f 9103 9140 9104
f 9104 9140 9141
f 9104 9141 9105
f 9105 9141 9142
f 9105 9142 9106
f 9106 9142 9143
f 9106 9143 9107
f 9107 9143 9144
f 9107 9144 9108
f 9108 9144 9109
f 9108 9109 9073
f 9109 9145 9146
f 9109 9146 9110
f 9110 9146 9147
f 9110 9147 9111
f 9111 9147 9148
f 9111 9148 9112
f 9112 9148 9149
f 9112 9149 9113
f 9113 9149 9150
f 9113 9150 9114
f 9114 9150 9151
f 9114 9151 9115
f 9115 9151 9152
f 9115 9152 9116
f 9116 9152 9153
f 9116 9153 9117
f 9117 9153 9154
f 9117 9154 9118
f 9118 9154 9155
f 9118 9155 9119
f 9119 9155 9156
f 9119 9156 9120
f 9120 9156 9157
f 9120 9157 9121
f 9121 9157 9158
f 9121 9158 9122
f 9122 9158 9159
f 9122 9159 9123
f 9123 9159 9160
f 9123 9160 9124
f 9124 9160 9161
f 9124 9161 9125
f 9125 9161 9162
f 9125 9162 9126
f 9126 9162 9163
f 9126 9163 9127
f 9127 9163 9164
f 9127 9164 9128
f 9128 9164 9165
f 9128 9165 9129
f 9129 9165 9166
f 9129 9166 9130
f 9130 9166 9167
f 9130 9167 9131
f 9131 9167 9168
f 9131 9168 9132
f 9132 9168 9169
f 9132 9169 9133
f 9133 9169 9170
f 9133 9170 9134
f 9134 9170 9171
f 9134 9171 9135
f 9135 9171 9172
f 9135 9172 9136
f 9136 9172 9173
f 9136 9173 9137
f 9137 9173 9174
f 9137 9174 9138
f 9138 9174 9175
f 9138 9175 9139
f 9139 9175 9176
f 9139 9176 9140
f 9140 9176 9177
f 9140 9177 9141
f 9141 9177 9178
f 9141 9178 9142
f 9142 9178 9179
f 9142 9179 9143
f 9143 9179 9180
f 9143 9180 9144
f 9144 9180 9145
f 9144 9145 9109
f 9145 9181 9182
f 9145 9182 9146
f 9146 9182 9183
f 9146 9183 9147
f 9147 9183 9184
f 9147 9184 9148
f 9148 9184 9185
f 9148 9185 9149
f 9149 9185 9186
f 9149 9186 9150
f 9150 9186 9187
f 9150 9187 9151
f 9151 9187 9188
f 9151 9188 9152
f 9152 9188 9189
f 9152 9189 9153
f 9153 9189 9190
f 9153 9190 9154
f 9154 9190 9191
f 9154 9191 9155
f 9155 9191 9192
f 9155 9192 9156
f 9156 9192 9193
f 9156 9193 9157
f 9157 9193 9194
f 9157 9194 9158
f 9158 9194 9195
f 9158 9195 9159
f 9159 9195 9196
f 9159 9196 9160
f 9160 9196 9197
f 9160 9197 9161
f 9161 9197 9198
f 9161 9198 9162
f 9162 9198 9199
f 9162 9199 9163
f 9163 9199 9200
f 9163 9200 9164
f 9164 9200 9201
f 9164 9201 9165
f 9165 9201 9202
f 9165 9202 9166
f 9166 9202 9203
f 9166 9203 9167
f 9167 9203 9204
f 9167 9204 9168
f 9168 9204 9205
f 9168 9205 9169
f 9169 9205 9206
f 9169 9206 9170
f 9170 9206 9207
f 9170 9207 9171
f 9171 9207 9208
f 9171 9208 9172
f 9172 9208 9209
f 9172 9209 9173
f 9173 9209 9210
f 9173 9210 9174
f 9174 9210 9211
f 9174 9211 9175
f 9175 9211 9212
f 9175 9212 9176
f 9176 9212 9213
f 9176 9213 9177
f 9177 9213 9214
f 9177 9214 9178
f 9178 9214 9215
f 9178 9215 9179
f 9179 9215 9216
f 9179 9216 9180
f 9180 9216 9181
f 9180 9181 9145
f 9181 9217 9218
f 9181 9218 9182
f 9182 9218 9219
f 9182 9219 9183
f 9183 9219 9220
f 9183 9220 9184
f 9184 9220 9221
f 9184 9221 9185
f 9185 9221 9222
f 9185 9222 9186
f 9186 9222 9223
f 9186 9223 9187
f 9187 9223 9224
f 9187 9224 9188
f 9188 9224 9225
f 9188 9225 9189
f 9189 9225 9226
f 9189 9226 9190
f 9190 9226 9227
f 9190 9227 9191
f 9191 9227 9228
f 9191 9228 9192
f 9192 9228 9229
f 9192 9229 9193
f 9193 9229 9230
f 9193 9230 9194
f 9194 9230 9231
f 9194 9231 9195
f 9195 9231 9232
f 9195 9232 9196
f 9196 9232 9233
f 9196 9233 9197
f 9197 9233 9234
f 9197 9234 9198
f 9198 9234 9235
f 9198 9235 9199
f 9199 9235 9236
f 9199 9236 9200
f 9200 9236 9237
f 9200 9237 9201
f 9201 9237 9238
f 9201 9238 9202
f 9202 9238 9239
f 9202 9239 9203
f 9203 9239 9240
f 9203 9240 9204
f 9204 9240 9241
f 9204 9241 9205
f 9205 9241 9242
f 9205 9242 9206
f 9206 9242 9243
f 9206 9243 9207
f 9207 9243 9244
f 9207 9244 9208
f 9208 9244 9245
f 9208 9245 9209
f 9209 9245 9246
f 9209 9246 9210
f 9210 9246 9247
f 9210 9247 9211
f 9211 9247 9248
f 9211 9248 9212
f 9212 9248 9249
f 9212 9249 9213
f 9213 9249 9250
f 9213 9250 9214
f 9214 9250 9251
f 9214 9251 9215
f 9215 9251 9252
f 9215 9252 9216
f 9216 9252 9217
f 9216 9217 9181
f 9217 9253 9254
f 9217 9254 9218
f 9218 9254 9255
f 9218 9255 9219
f 9219 9255 9256
f 9219 9256 9220
f 9220 9256 9257
f 9220 9257 9221
f 9221 9257 9258
f 9221 9258 9222
f 9222 9258 9259
f 9222 9259 9223
f 9223 9259 9260
f 9223 9260 9224
f 9224 9260 9261
f 9224 9261 9225
f 9225 9261 9262
f 9225 9262 9226
f 9226 9262 9263
f 9226 9263 9227
f 9227 9263 9264
f 9227 9264 9228
f 9228 9264 9265
f 9228 9265 9229
f 9229 9265 9266
f 9229 9266 9230
f 9230 9266 9267
f 9230 9267 9231
f 9231 9267 9268
f 9231 9268 9232
f 9232 9268 9269
f 9232 9269 9233
f 9233 9269 9270
f 9233 9270 9234
f 9234 9270 9271
f 9234 9271 9235
f 9235 9271 9272
f 9235 9272 9236
f 9236 9272 9273
f 9236 9273 9237
f 9237 9273 9274
f 9237 9274 9238
f 9238 9274 9275
f 9238 9275 9239
f 9239 9275 9276
f 9239 9276 9240
f 9240 9276 9277
f 9240 9277 9241
f 9241 9277 9278
f 9241 9278 9242
f 9242 9278 9279
f 9242 9279 9243
f 9243 9279 9280
f 9243 9280 9244
f 9244 9280 9281
f 9244 9281 9245
f 9245 9281 9282
f 9245 9282 9246
f 9246 9282 9283
f 9246 9283 9247
f 9247 9283 9284
f 9247 9284 9248
f 9248 9284 9285
f 9248 9285 9249
f 9249 9285 9286
f 9249 9286 9250
f 9250 9286 9287
f 9250 9287 9251
f 9251 9287 9288
f 9251 9288 9252
f 9252 9288 9253
f 9252 9253 9217
f 9253 9289 9290
f 9253 9290 9254
f 9254 9290 9291
f 9254 9291 9255
f 9255 9291 9292
f 9255 9292 9256
f 9256 9292 9293
f 9256 9293 9257
f 9257 9293 9294
f 9257 9294 9258
f 9258 9294 9295
f 9258 9295 9259
f 9259 9295 9296
f 9259 9296 9260
f 9260 9296 9297
f 9260 9297 9261
f 9261 9297 9298
f 9261 9298 9262
f 9262 9298 9299
f 9262 9299 9263
f 9263 9299 9300
f 9263 9300 9264
f 9264 9300 9301
f 9264 9301 9265
f 9265 9301 9302
f 9265 9302 9266
f 9266 9302 9303
f 9266 9303 9267
f 9267 9303 9304
f 9267 9304 9268
f 9268 9304 9305
f 9268 9305 9269
f 9269 9305 9306
f 9269 9306 9270
f 9270 9306 9307
f 9270 9307 9271
f 9271 9307 9308
f 9271 9308 9272
f 9272 9308 9309
f 9272 9309 9273
f 9273 9309 9310
f 9273 9310 9274
f 9274 9310 9311
f 9274 9311 9275
f 9275 9311 9312
f 9275 9312 9276
f 9276 9312 9313
f 9276 9313 9277
f 9277 9313 9314
f 9277 9314 9278
f 9278 9314 9315
f 9278 9315 9279
f 9279 9315 9316
f 9279 9316 9280
f 9280 9316 9317
f 9280 9317 9281
f 9281 9317 9318
f 9281 9318 9282
f 9282 9318 9319
f 9282 9319 9283
f 9283 9319 9320
f 9283 9320 9284
f 9284 9320 9321
f 9284 9321 9285
f 9285 9321 9322
f 9285 9322 9286
f 9286 9322 9323
f 9286 9323 9287
f 9287 9323 9324
f 9287 9324 9288
f 9288 9324 9289
f 9288 9289 9253
f 9289 9325 9326
f 9289 9326 9290
f 9290 9326 9327
f 9290 9327 9291
f 9291 9327 9328
f 9291 9328 9292
f 9292 9328 9329
f 9292 9329 9293
f 9293 9329 9330
f 9293 9330 9294
f 9294 9330 9331
f 9294 9331 9295
f 9295 9331 9332
f 9295 9332 9296
f 9296 9332 9333
f 9296 9333 9297
f 9297 9333 9334
f 9297 9334 9298
f 9298 9334 9335
f 9298 9335 9299
f 9299 9335 9336
f 9299 9336 9300
f 9300 9336 9337
f 9300 9337 9301
f 9301 9337 9338
f 9301 9338 9302
f 9302 9338 9339
f 9302 9339 9303
f 9303 9339 9340
f 9303 9340 9304
f 9304 9340 9341
f 9304 9341 9305
f 9305 9341 9342
f 9305 9342 9306
f 9306 9342 9343
f 9306 9343 9307
f 9307 9343 9344
f 9307 9344 9308
f 9308 9344 9345
f 9308 9345 9309
f 9309 9345 9346
f 9309 9346 9310
f 9310 9346 9347
f 9310 9347 9311
f 9311 9347 9348
f 9311 9348 9312
f 9312 9348 9349
f 9312 9349 9313
f 9313 9349 9350
f 9313 9350 9314
f 9314 9350 9351
f 9314 9351 9315
f 9315 9351 9352
f 9315 9352 9316
f 9316 9352 9353
f 9316 9353 9317
f 9317 9353 9354
f 9317 9354 9318
f 9318 9354 9355
f 9318 9355 9319
f 9319 9355 9356
f 9319 9356 9320
f 9320 9356 9357
f 9320 9357 9321
f 9321 9357 9358
f 9321 9358 9322
f 9322 9358 9359
f 9322 9359 9323
f 9323 9359 9360
f 9323 9360 9324
f 9324 9360 9325
f 9324 9325 9289
f 9325 9361 9362
f 9325 9362 9326
f 9326 9362 9363
f 9326 9363 9327
f 9327 9363 9364
f 9327 9364 9328
f 9328 9364 9365
f 9328 9365 9329
f 9329 9365 9366
f 9329 9366 9330
f 9330 9366 9367
f 9330 9367 9331
f 9331 9367 9368
f 9331 9368 9332
f 9332 9368 9369
f 9332 9369 9333
f 9333 9369 9370
f 9333 9370 9334
f 9334 9370 9371
f 9334 9371 9335
f 9335 9371 9372
f 9335 9372 9336
f 9336 9372 9373
f 9336 9373 9337
f 9337 9373 9374
f 9337 9374 9338
f 9338 9374 9375
f 9338 9375 9339
f 9339 9375 9376
f 9339 9376 9340
f 9340 9376 9377
f 9340 9377 9341
f 9341 9377 9378
f 9341 9378 9342
f 9342 9378 9379
f 9342 9379 9343
f 9343 9379 9380
f 9343 9380 9344
f 9344 9380 9381
f 9344 9381 9345
f 9345 9381 9382
f 9345 9382 9346
f 9346 9382 9383
f 9346 9383 9347
f 9347 9383 9384
f 9347 9384 9348
f 9348 9384 9385
f 9348 9385 9349
f 9349 9385 9386
f 9349 9386 9350
f 9350 9386 9387
f 9350 9387 9351
f 9351 9387 9388
f 9351 9388 9352
f 9352 9388 9389
f 9352 9389 9353
f 9353 9389 9390
f 9353 9390 9354
f 9354 9390 9391
f 9354 9391 9355
f 9355 9391 9392
f 9355 9392 9356
f 9356 9392 9393
f 9356 9393 9357
f 9357 9393 9394
f 9357 9394 9358
f 9358 9394 9395
f 9358 9395 9359
f 9359 9395 9396
f 9359 9396 9360
f 9360 9396 9361
f 9360 9361 9325
f 9361 9397 9398
f 9361 9398 9362
f 9362 9398 9399
f 9362 9399 9363
f 9363 9399 9400
f 9363 9400 9364
f 9364 9400 9401
f 9364 9401 9365
f 9365 9401 9402
f 9365 9402 9366
f 9366 9402 9403
f 9366 9403 9367
f 9367 9403 9404
f 9367 9404 9368
f 9368 9404 9405
f 9368 9405 9369
f 9369 9405 9406
f 9369 9406 9370
f 9370 9406 9407
f 9370 9407 9371
f 9371 9407 9408
f 9371 9408 9372
f 9372 9408 9409
f 9372 9409 9373
f 9373 9409 9410
f 9373 9410 9374
f 9374 9410 9411
f 9374 9411 9375
f 9375 9411 9412
f 9375 9412 9376
f 9376 9412 9413
f 9376 9413 9377
f 9377 9413 9414
f 9377 9414 9378
f 9378 9414 9415
f 9378 9415 9379
f 9379 9415 9416
f 9379 9416 9380
f 9380 9416 9417
f 9380 9417 9381
f 9381 9417 9418
f 9381 9418 9382
f 9382 9418 9419
f 9382 9419 9383
f 9383 9419 9420
f 9383 9420 9384
f 9384 9420 9421
f 9384 9421 9385
f 9385 9421 9422
f 9385 9422 9386
f 9386 9422 9423
f 9386 9423 9387
f 9387 9423 9424
f 9387 9424 9388
f 9388 9424 9425
f 9388 9425 9389
f 9389 9425 9426
f 9389 9426 9390
f 9390 9426 9427
f 9390 9427 9391
f 9391 9427 9428
f 9391 9428 9392
f 9392 9428 9429
f 9392 9429 9393
f 9393 9429 9430
f 9393 9430 9394
f 9394 9430 9431
f 9394 9431 9395
f 9395 9431 9432
f 9395 9432 9396
f 9396 9432 9397
f 9396 9397 9361
f 9397 9433 9434
f 9397 9434 9398
f 9398 9434 9435
f 9398 9435 9399
f 9399 9435 9436
f 9399 9436 9400
f 9400 9436 9437
f 9400 9437 9401
f 9401 9437 9438
f 9401 9438 9402
f 9402 9438 9439
f 9402 9439 9403
f 9403 9439 9440
f 9403 9440 9404
f 9404 9440 9441
f 9404 9441 9405
f 9405 9441 9442
f 9405 9442 9406
f 9406 9442 9443
f 9406 9443 9407
f 9407 9443 9444
f 9407 9444 9408
f 9408 9444 9445
f 9408 9445 9409
f 9409 9445 9446
f 9409 9446 9410
f 9410 9446 9447
f 9410 9447 9411
f 9411 9447 9448
f 9411 9448 9412
f 9412 9448 9449
f 9412 9449 9413
f 9413 9449 9450
f 9413 9450 9414
f 9414 9450 9451
f 9414 9451 9415
f 9415 9451 9452
f 9415 9452 9416
f 9416 9452 9453
f 9416 9453 9417
f 9417 9453 9454
f 9417 9454 9418
f 9418 9454 9455
f 9418 9455 9419
f 9419 9455 9456
f 9419 9456 9420
f 9420 9456 9457
f 9420 9457 9421
f 9421 9457 9458
f 9421 9458 9422
f 9422 9458 9459
f 9422 9459 9423
f 9423 9459 9460
f 9423 9460 9424
f 9424 9460 9461
f 9424 9461 9425
f 9425 9461 9462
f 9425 9462 9426
f 9426 9462 9463
f 9426 9463 9427
f 9427 9463 9464
f 9427 9464 9428
f 9428 9464 9465
f 9428 9465 9429
f 9429 9465 9466
f 9429 9466 9430
f 9430 9466 9467
f 9430 9467 9431
f 9431 9467 9468
f 9431 9468 9432
f 9432 9468 9433
f 9432 9433 9397
f 9433 9469 9470
f 9433 9470 9434
f 9434 9470 9471
f 9434 9471 9435
f 9435 9471 9472
f 9435 9472 9436
f 9436 9472 9473
f 9436 9473 9437
f 9437 9473 9474
f 9437 9474 9438
f 9438 9474 9475
f 9438 9475 9439
f 9439 9475 9476
f 9439 9476 9440
f 9440 9476 9477
f 9440 9477 9441
f 9441 9477 9478
f 9441 9478 9442
f 9442 9478 9479
f 9442 9479 9443
f 9443 9479 9480
f 9443 9480 9444
f 9444 9480 9481
f 9444 9481 9445
f 9445 9481 9482
f 9445 9482 9446
f 9446 9482 9483
f 9446 9483 9447
f 9447 9483 9484
f 9447 9484 9448
f 9448 9484 9485
f 9448 9485 9449
f 9449 9485 9486
f 9449 9486 9450
f 9450 9486 9487
f 9450 9487 9451
f 9451 9487 9488
f 9451 9488 9452
f 9452 9488 9489
f 9452 9489 9453
f 9453 9489 9490
f 9453 9490 9454
f 9454 9490 9491
f 9454 9491 9455
f 9455 9491 9492
f 9455 9492 9456
f 9456 9492 9493
f 9456 9493 9457
f 9457 9493 9494
f 9457 9494 9458
f 9458 9494 9495
f 9458 9495 9459
f 9459 9495 9496
f 9459 9496 9460
f 9460 9496 9497
f 9460 9497 9461
f 9461 9497 9498
f 9461 9498 9462
f 9462 9498 9499
f 9462 9499 9463
f 9463 9499 9500
f 9463 9500 9464
f 9464 9500 9501
f 9464 9501 9465
f 9465 9501 9502
f 9465 9502 9466
f 9466 9502 9503
f 9466 9503 9467
f 9467 9503 9504
f 9467 9504 9468
f 9468 9504 9469
f 9468 9469 9433
f 9469 9505 9506
f 9469 9506 9470
f 9470 9506 9507
f 9470 9507 9471
f 9471 9507 9508
f 9471 9508 9472
f 9472 9508 9509
f 9472 9509 9473
f 9473 9509 9510
f 9473 9510 9474
f 9474 9510 9511
f 9474 9511 9475
f 9475 9511 9512
f 9475 9512 9476
f 9476 9512 9513
f 9476 9513 9477
f 9477 9513 9514
f 9477 9514 9478
f 9478 9514 9515
f 9478 9515 9479
f 9479 9515 9516
f 9479 9516 9480
f 9480 9516 9517
f 9480 9517 9481
f 9481 9517 9518
f 9481 9518 9482
f 9482 9518 9519
f 9482 9519 9483
f 9483 9519 9520
f 9483 9520 9484
f 9484 9520 9521
f 9484 9521 9485
f 9485 9521 9522
f 9485 9522 9486
f 9486 9522 9523
f 9486 9523 9487
f 9487 9523 9524
f 9487 9524 9488
f 9488 9524 9525
f 9488 9525 9489
f 9489 9525 9526
f 9489 9526 9490
f 9490 9526 9527
f 9490 9527 9491
f 9491 9527 9528
f 9491 9528 9492
f 9492 9528 9529
f 9492 9529 9493
f 9493 9529 9530
f 9493 9530 9494
f 9494 9530 9531
f 9494 9531 9495
f 9495 9531 9532
f 9495 9532 9496
f 9496 9532 9533
f 9496 9533 9497
f 9497 9533 9534
f 9497 9534 9498
f 9498 9534 9535
f 9498 9535 9499
f 9499 9535 9536
f 9499 9536 9500
f 9500 9536 9537
f 9500 9537 9501
f 9501 9537 9538
f 9501 9538 9502
f 9502 9538 9539
f 9502 9539 9503
f 9503 9539 9540
f 9503 9540 9504
f 9504 9540 9505
f 9504 9505 9469
f 9505 9541 9542
f 9505 9542 9506
f 9506 9542 9543
f 9506 9543 9507
f 9507 9543 9544
f 9507 9544 9508
f 9508 9544 9545
f 9508 9545 9509
f 9509 9545 9546
f 9509 9546 9510
f 9510 9546 9547
f 9510 9547 9511
f 9511 9547 9548
f 9511 9548 9512
f 9512 9548 9549
f 9512 9549 9513
f 9513 9549 9550
f 9513 9550 9514
f 9514 9550 9551
f 9514 9551 9515
f 9515 9551 9552
f 9515 9552 9516
f 9516 9552 9553
f 9516 9553 9517
f 9517 9553 9554
f 9517 9554 9518
f 9518 9554 9555
f 9518 9555 9519
f 9519 9555 9556
f 9519 9556 9520
f 9520 9556 9557
f 9520 9557 9521
f 9521 9557 9558
f 9521 9558 9522
f 9522 9558 9559
f 9522 9559 9523
f 9523 9559 9560
f 9523 9560 9524
f 9524 9560 9561
f 9524 9561 9525
f 9525 9561 9562
f 9525 9562 9526
f 9526 9562 9563
f 9526 9563 9527
f 9527 9563 9564
f 9527 9564 9528
f 9528 9564 9565
f 9528 9565 9529
f 9529 9565 9566
f 9529 9566 9530
f 9530 9566 9567
f 9530 9567 9531
f 9531 9567 9568
f 9531 9568 9532
f 9532 9568 9569
f 9532 9569 9533
f 9533 9569 9570
f 9533 9570 9534
f 9534 9570 9571
f 9534 9571 9535
f 9535 9571 9572
f 9535 9572 9536
f 9536 9572 9573
f 9536 9573 9537
f 9537 9573 9574
f 9537 9574 9538
f 9538 9574 9575
f 9538 9575 9539
f 9539 9575 9576
f 9539 9576 9540
f 9540 9576 9541
f 9540 9541 9505
f 9541 9577 9578
f 9541 9578 9542
f 9542 9578 9579
f 9542 9579 9543
f 9543 9579 9580
f 9543 9580 9544
f 9544 9580 9581
f 9544 9581 9545
f 9545 9581 9582
f 9545 9582 9546
f 9546 9582 9583
f 9546 9583 9547
f 9547 9583 9584
f 9547 9584 9548
f 9548 9584 9585
f 9548 9585 9549
f 9549 9585 9586
f 9549 9586 9550
f 9550 9586 9587
f 9550 9587 9551
f 9551 9587 9588
f 9551 9588 9552
f 9552 9588 9589
f 9552 9589 9553
f 9553 9589 9590
f 9553 9590 9554
f 9554 9590 9591
f 9554 9591 9555
f 9555 9591 9592
f 9555 9592 9556
f 9556 9592 9593
f 9556 9593 9557
f 9557 9593 9594
f 9557 9594 9558
f 9558 9594 9595
f 9558 9595 9559
f 9559 9595 9596
f 9559 9596 9560
f 9560 9596 9597
f 9560 9597 9561
f 9561 9597 9598
f 9561 9598 9562
f 9562 9598 9599
f 9562 9599 9563
f 9563 9599 9600
f 9563 9600 9564
f 9564 9600 9601
f 9564 9601 9565
f 9565 9601 9602
f 9565 9602 9566
f 9566 9602 9603
f 9566 9603 9567
f 9567 9603 9604
f 9567 9604 9568
f 9568 9604 9605
f 9568 9605 9569
f 9569 9605 9606
f 9569 9606 9570
f 9570 9606 9607
f 9570 9607 9571
f 9571 9607 9608
f 9571 9608 9572
f 9572 9608 9609
f 9572 9609 9573
f 9573 9609 9610
f 9573 9610 9574
f 9574 9610 9611
f 9574 9611 9575
f 9575 9611 9612
f 9575 9612 9576
f 9576 9612 9577
f 9576 9577 9541
f 9577 9613 9614
f 9577 9614 9578
f 9578 9614 9615
f 9578 9615 9579
f 9579 9615 9616
f 9579 9616 9580
f 9580 9616 9617
f 9580 9617 9581
f 9581 9617 9618
f 9581 9618 9582
f 9582 9618 9619
f 9582 9619 9583
f 9583 9619 9620
f 9583 9620 9584
f 9584 9620 9621
f 9584 9621 9585
f 9585 9621 9622
f 9585 9622 9586
f 9586 9622 9623
f 9586 9623 9587
f 9587 9623 9624
f 9587 9624 9588
f 9588 9624 9625
f 9588 9625 9589
f 9589 9625 9626
f 9589 9626 9590
f 9590 9626 9627
f 9590 9627 9591
f 9591 9627 9628
f 9591 9628 9592
f 9592 9628 9629
f 9592 9629 9593
f 9593 9629 9630
f 9593 9630 9594
f 9594 9630 9631
f 9594 9631 9595
f 9595 9631 9632
f 9595 9632 9596
f 9596 9632 9633
f 9596 9633 9597
f 9597 9633 9634
f 9597 9634 9598
f 9598 9634 9635
f 9598 9635 9599
f 9599 9635 9636
f 9599 9636 9600
f 9600 9636 9637
f 9600 9637 9601
f 9601 9637 9638
f 9601 9638 9602
f 9602 9638 9639
f 9602 9639 9603
f 9603 9639 9640
f 9603 9640 9604
f 9604 9640 9641
f 9604 9641 9605
f 9605 9641 9642
f 9605 9642 9606
f 9606 9642 9643
f 9606 9643 9607
f 9607 9643 9644
f 9607 9644 9608
f 9608 9644 9645
f 9608 9645 9609
f 9609 9645 9646
f 9609 9646 9610
f 9610 9646 9647
f 9610 9647 9611
f 9611 9647 9648
f 9611 9648 9612
f 9612 9648 9613
f 9612 9613 9577
f 9613 9649 9650
f 9613 9650 9614
f 9614 9650 9651
f 9614 9651 9615
f 9615 9651 9652
f 9615 9652 9616
f 9616 9652 9653
f 9616 9653 9617
f 9617 9653 9654
f 9617 9654 9618
f 9618 9654 9655
f 9618 9655 9619
f 9619 9655 9656
f 9619 9656 9620
f 9620 9656 9657
f 9620 9657 9621
f 9621 9657 9658
f 9621 9658 9622
f 9622 9658 9659
f 9622 9659 9623
f 9623 9659 9660
f 9623 9660 9624
f 9624 9660 9661
f 9624 9661 9625
f 9625 9661 9662
f 9625 9662 9626
f 9626 9662 9663
f 9626 9663 9627
f 9627 9663 9664
f 9627 9664 9628
f 9628 9664 9665
f 9628 9665 9629
f 9629 9665 9666
f 9629 9666 9630
f 9630 9666 9667
f 9630 9667 9631
f 9631 9667 9668
f 9631 9668 9632
f 9632 9668 9669
f 9632 9669 9633
f 9633 9669 9670
f 9633 9670 9634
f 9634 9670 9671
f 9634 9671 9635
f 9635 9671 9672
f 9635 9672 9636
f 9636 9672 9673
f 9636 9673 9637
f 9637 9673 9674
f 9637 9674 9638
f 9638 9674 9675
f 9638 9675 9639
f 9639 9675 9676
f 9639 9676 9640
f 9640 9676 9677
f 9640 9677 9641
f 9641 9677 9678
f 9641 9678 9642
f 9642 9678 9679
f 9642 9679 9643
f 9643 9679 9680
f 9643 9680 9644
f 9644 9680 9681
f 9644 9681 9645
f 9645 9681 9682
f 9645 9682 9646
f 9646 9682 9683
f 9646 9683 9647
f 9647 9683 9684
f 9647 9684 9648
f 9648 9684 9649
f 9648 9649 9613
f 9649 9685 9686
f 9649 9686 9650
f 9650 9686 9687
f 9650 9687 9651
f 9651 9687 9688
f 9651 9688 9652
f 9652 9688 9689
f 9652 9689 9653
f 9653 9689 9690
f 9653 9690 9654
f 9654 9690 9691
f 9654 9691 9655
f 9655 9691 9692
f 9655 9692 9656
f 9656 9692 9693
f 9656 9693 9657
f 9657 9693 9694
f 9657 9694 9658
f 9658 9694 9695
f 9658 9695 9659
f 9659 9695 9696
f 9659 9696 9660
f 9660 9696 9697
f 9660 9697 9661
f 9661 9697 9698
f 9661 9698 9662
f 9662 9698 9699
f 9662 9699 9663
f 9663 9699 9700
f 9663 9700 9664
f 9664 9700 9701
f 9664 9701 9665
f 9665 9701 9702
f 9665 9702 9666
f 9666 9702 9703
f 9666 9703 9667
f 9667 9703 9704
f 9667 9704 9668
f 9668 9704 9705
f 9668 9705 9669
f 9669 9705 9706
f 9669 9706 9670
f 9670 9706 9707
f 9670 9707 9671
f 9671 9707 9708
f 9671 9708 9672
f 9672 9708 9709
f 9672 9709 9673
f 9673 9709 9710
f 9673 9710 9674
f 9674 9710 9711
f 9674 9711 9675
f 9675 9711 9712
f 9675 9712 9676
f 9676 9712 9713
f 9676 9713 9677
f 9677 9713 9714
f 9677 9714 9678
f 9678 9714 9715
f 9678 9715 9679
f 9679 9715 9716
f 9679 9716 9680
f 9680 9716 9717
f 9680 9717 9681
f 9681 9717 9718
f 9681 9718 9682
f 9682 9718 9719
f 9682 9719 9683
f 9683 9719 9720
f 9683 9720 9684
f 9684 9720 9685
f 9684 9685 9649
f 9685 9721 9722
f 9685 9722 9686
f 9686 9722 9723
f 9686 9723 9687
f 9687 9723 9724
f 9687 9724 9688
f 9688 9724 9725
f 9688 9725 9689
f 9689 9725 9726
f 9689 9726 9690
f 9690 9726 9727
f 9690 9727 9691
f 9691 9727 9728
f 9691 9728 9692
f 9692 9728 9729
f 9692 9729 9693
f 9693 9729 9730
f 9693 9730 9694
f 9694 9730 9731
f 9694 9731 9695
f 9695 9731 9732
f 9695 9732 9696
f 9696 9732 9733
f 9696 9733 9697
f 9697 9733 9734
f 9697 9734 9698
f 9698 9734 9735
f 9698 9735 9699
f 9699 9735 9736
f 9699 9736 9700
f 9700 9736 9737
f 9700 9737 9701
f 9701 9737 9738
f 9701 9738 9702
f 9702 9738 9739
f 9702 9739 9703
f 9703 9739 9740
f 9703 9740 9704
f 9704 9740 9741
f 9704 9741 9705
f 9705 9741 9742
f 9705 9742 9706
f 9706 9742 9743
f 9706 9743 9707
f 9707 9743 9744
f 9707 9744 9708
f 9708 9744 9745
f 9708 9745 9709
f 9709 9745 9746
f 9709 9746 9710
f 9710 9746 9747
f 9710 9747 9711
f 9711 9747 9748
f 9711 9748 9712
f 9712 9748 9749
f 9712 9749 9713
f 9713 9749 9750
f 9713 9750 9714
f 9714 9750 9751
f 9714 9751 9715
f 9715 9751 9752
f 9715 9752 9716
f 9716 9752 9753
f 9716 9753 9717
f 9717 9753 9754
f 9717 9754 9718
f 9718 9754 9755
f 9718 9755 9719
f 9719 9755 9756
f 9719 9756 9720
f 9720 9756 9721
f 9720 9721 9685
f 9721 9757 9758
f 9721 9758 9722
f 9722 9758 9759
f 9722 9759 9723
f 9723 9759 9760
f 9723 9760 9724
f 9724 9760 9761
f 9724 9761 9725
f 9725 9761 9762
f 9725 9762 9726
f 9726 9762 9763
f 9726 9763 9727
f 9727 9763 9764
f 9727 9764 9728
f 9728 9764 9765
f 9728 9765 9729
f 9729 9765 9766
f 9729 9766 9730
f 9730 9766 9767
f 9730 9767 9731
f 9731 9767 9768
f 9731 9768 9732
f 9732 9768 9769
f 9732 9769 9733
f 9733 9769 9770
f 9733 9770 9734
f 9734 9770 9771
f 9734 9771 9735
f 9735 9771 9772
f 9735 9772 9736
f 9736 9772 9773
f 9736 9773 9737
f 9737 9773 9774
f 9737 9774 9738
f 9738 9774 9775
f 9738 9775 9739
f 9739 9775 9776
f 9739 9776 9740
f 9740 9776 9777
f 9740 9777 9741
f 9741 9777 9778
f 9741 9778 9742
f 9742 9778 9779
f 9742 9779 9743
f 9743 9779 9780
f 9743 9780 9744
f 9744 9780 9781
f 9744 9781 9745
f 9745 9781 9782
f 9745 9782 9746
f 9746 9782 9783
f 9746 9783 9747
f 9747 9783 9784
f 9747 9784 9748
f 9748 9784 9785
f 9748 9785 9749
f 9749 9785 9786
f 9749 9786 9750
f 9750 9786 9787
f 9750 9787 9751
f 9751 9787 9788
f 9751 9788 9752
f 9752 9788 9789
f 9752 9789 9753
f 9753 9789 9790
f 9753 9790 9754
f 9754 9790 9791
f 9754 9791 9755
f 9755 9791 9792
f 9755 9792 9756
f 9756 9792 9757
f 9756 9757 9721
f 9757 9793 9794
f 9757 9794 9758
f 9758 9794 9795
f 9758 9795 9759
f 9759 9795 9796
f 9759 9796 9760
f 9760 9796 9797
f 9760 9797 9761
f 9761 9797 9798
f 9761 9798 9762
f 9762 9798 9799
f 9762 9799 9763
f 9763 9799 9800
f 9763 9800 9764
f 9764 9800 9801
f 9764 9801 9765
f 9765 9801 9802
f 9765 9802 9766
f 9766 9802 9803
f 9766 9803 9767
f 9767 9803 9804
f 9767 9804 9768
f 9768 9804 9805
f 9768 9805 9769
f 9769 9805 9806
f 9769 9806 9770
f 9770 9806 9807
f 9770 9807 9771
f 9771 9807 9808
f 9771 9808 9772
f 9772 9808 9809
f 9772 9809 9773
f 9773 9809 9810
f 9773 9810 9774
f 9774 9810 9811
f 9774 9811 9775
f 9775 9811 9812
f 9775 9812 9776
f 9776 9812 9813
f 9776 9813 9777
f 9777 9813 9814
f 9777 9814 9778
f 9778 9814 9815
f 9778 9815 9779
f 9779 9815 9816
f 9779 9816 9780
f 9780 9816 9817
f 9780 9817 9781
f 9781 9817 9818
f 9781 9818 9782
f 9782 9818 9819
f 9782 9819 9783
f 9783 9819 9820
f 9783 9820 9784
f 9784 9820 9821
f 9784 9821 9785
f 9785 9821 9822
f 9785 9822 9786
f 9786 9822 9823
f 9786 9823 9787
f 9787 9823 9824
f 9787 9824 9788
f 9788 9824 9825
f 9788 9825 9789
f 9789 9825 9826
f 9789 9826 9790
f 9790 9826 9827
f 9790 9827 9791
f 9791 9827 9828
f 9791 9828 9792
f 9792 9828 9793
f 9792 9793 9757
f 9793 9829 9830
f 9793 9830 9794
f 9794 9830 9831
f 9794 9831 9795
f 9795 9831 9832
f 9795 9832 9796
f 9796 9832 9833
f 9796 9833 9797
f 9797 9833 9834
f 9797 9834 9798
f 9798 9834 9835
f 9798 9835 9799
f 9799 9835 9836
f 9799 9836 9800
f 9800 9836 9837
f 9800 9837 9801
f 9801 9837 9838
f 9801 9838 9802
f 9802 9838 9839
f 9802 9839 9803
f 9803 9839 9840
f 9803 9840 9804
f 9804 9840 9841
f 9804 9841 9805
f 9805 9841 9842
f 9805 9842 9806
f 9806 9842 9843
f 9806 9843 9807
f 9807 9843 9844
f 9807 9844 9808
f 9808 9844 9845
f 9808 9845 9809
f 9809 9845 9846
f 9809 9846 9810
f 9810 9846 9847
f 9810 9847 9811
f 9811 9847 9848
f 9811 9848 9812
f 9812 9848 9849
f 9812 9849 9813
f 9813 9849 9850
f 9813 9850 9814
f 9814 9850 9851
f 9814 9851 9815
f 9815 9851 9852
f 9815 9852 9816
f 9816 9852 9853
f 9816 9853 9817
f 9817 9853 9854
f 9817 9854 9818
f 9818 9854 9855
f 9818 9855 9819
f 9819 9855 9856
f 9819 9856 9820
f 9820 9856 9857
f 9820 9857 9821
f 9821 9857 9858
f 9821 9858 9822
f 9822 9858 9859
f 9822 9859 9823
f 9823 9859 9860
f 9823 9860 9824
f 9824 9860 9861
f 9824 9861 9825
f 9825 9861 9862
f 9825 9862 9826
f 9826 9862 9863
f 9826 9863 9827
f 9827 9863 9864
f 9827 9864 9828
f 9828 9864 9829
f 9828 9829 9793
f 9829 9865 9866
f 9829 9866 9830
f 9830 9866 9867
f 9830 9867 9831
f 9831 9867 9868
f 9831 9868 9832
f 9832 9868 9869
f 9832 9869 9833
f 9833 9869 9870
f 9833 9870 9834
f 9834 9870 9871
f 9834 9871 9835
f 9835 9871 9872
f 9835 9872 9836
f 9836 9872 9873
f 9836 9873 9837
f 9837 9873 9874
f 9837 9874 9838
f 9838 9874 9875
f 9838 9875 9839
f 9839 9875 9876
f 9839 9876 9840
f 9840 9876 9877
f 9840 9877 9841
f 9841 9877 9878
f 9841 9878 9842
f 9842 9878 9879
f 9842 9879 9843
f 9843 9879 9880
f 9843 9880 9844
f 9844 9880 9881
f 9844 9881 9845
f 9845 9881 9882
f 9845 9882 9846
f 9846 9882 9883
f 9846 9883 9847
f 9847 9883 9884
f 9847 9884 9848
f 9848 9884 9885
f 9848 9885 9849
f 9849 9885 9886
f 9849 9886 9850
f 9850 9886 9887
f 9850 9887 9851
f 9851 9887 9888
f 9851 9888 9852
f 9852 9888 9889
f 9852 9889 9853
f 9853 9889 9890
f 9853 9890 9854
f 9854 9890 9891
f 9854 9891 9855
f 9855 9891 9892
f 9855 9892 9856
f 9856 9892 9893
f 9856 9893 9857
f 9857 9893 9894
f 9857 9894 9858
f 9858 9894 9895
f 9858 9895 9859
f 9859 9895 9896
f 9859 9896 9860
f 9860 9896 9897
f 9860 9897 9861
f 9861 9897 9898
f 9861 9898 9862
f 9862 9898 9899
f 9862 9899 9863
f 9863 9899 9900
f 9863 9900 9864
f 9864 9900 9865
f 9864 9865 9829
f 9865 9901 9902
f 9865 9902 9866
f 9866 9902 9903
f 9866 9903 9867
f 9867 9903 9904
f 9867 9904 9868
f 9868 9904 9905
f 9868 9905 9869
f 9869 9905 9906
f 9869 9906 9870
f 9870 9906 9907
f 9870 9907 9871
f 9871 9907 9908
f 9871 9908 9872
f 9872 9908 9909
f 9872 9909 9873
f 9873 9909 9910
f 9873 9910 9874
f 9874 9910 9911
f 9874 9911 9875
f 9875 9911 9912
f 9875 9912 9876
f 9876 9912 9913
f 9876 9913 9877
f 9877 9913 9914
f 9877 9914 9878
f 9878 9914 9915
f 9878 9915 9879
f 9879 9915 9916
f 9879 9916 9880
f 9880 9916 9917
f 9880 9917 9881
f 9881 9917 9918
f 9881 9918 9882
f 9882 9918 9919
f 9882 9919 9883
f 9883 9919 9920
f 9883 9920 9884
f 9884 9920 9921
f 9884 9921 9885
f 9885 9921 9922
f 9885 9922 9886
f 9886 9922 9923
f 9886 9923 9887
f 9887 9923 9924
f 9887 9924 9888
f 9888 9924 9925
f 9888 9925 9889
f 9889 9925 9926
f 9889 9926 9890
f 9890 9926 9927
f 9890 9927 9891
f 9891 9927 9928
f 9891 9928 9892
f 9892 9928 9929
f 9892 9929 9893
f 9893 9929 9930
f 9893 9930 9894
f 9894 9930 9931
f 9894 9931 9895
f 9895 9931 9932
f 9895 9932 9896
f 9896 9932 9933
f 9896 9933 9897
f 9897 9933 9934
f 9897 9934 9898
f 9898 9934 9935
f 9898 9935 9899
f 9899 9935 9936
f 9899 9936 9900
f 9900 9936 9901
f 9900 9901 9865
f 9901 9937 9938
f 9901 9938 9902
f 9902 9938 9939
f 9902 9939 9903
f 9903 9939 9940
f 9903 9940 9904
f 9904 9940 9941
f 9904 9941 9905
f 9905 9941 9942
f 9905 9942 9906
f 9906 9942 9943
f 9906 9943 9907
f 9907 9943 9944
f 9907 9944 9908
f 9908 9944 9945
f 9908 9945 9909
f 9909 9945 9946
f 9909 9946 9910
f 9910 9946 9947
f 9910 9947 9911
f 9911 9947 9948
f 9911 9948 9912
f 9912 9948 9949
f 9912 9949 9913
f 9913 9949 9950
f 9913 9950 9914
f 9914 9950 9951
f 9914 9951 9915
f 9915 9951 9952
f 9915 9952 9916
f 9916 9952 9953
f 9916 9953 9917
f 9917 9953 9954
f 9917 9954 9918
f 9918 9954 9955
f 9918 9955 9919
f 9919 9955 9956
f 9919 9956 9920
f 9920 9956 9957
f 9920 9957 9921
f 9921 9957 9958
f 9921 9958 9922
f 9922 9958 9959
f 9922 9959 9923
f 9923 9959 9960
f 9923 9960 9924
f 9924 9960 9961
f 9924 9961 9925
f 9925 9961 9962
f 9925 9962 9926
f 9926 9962 9963
f 9926 9963 9927
f 9927 9963 9964
f 9927 9964 9928
f 9928 9964 9965
f 9928 9965 9929
f 9929 9965 9966
f 9929 9966 9930
f 9930 9966 9967
f 9930 9967 9931
f 9931 9967 9968
f 9931 9968 9932
f 9932 9968 9969
f 9932 9969 9933
f 9933 9969 9970
f 9933 9970 9934
f 9934 9970 9971
f 9934 9971 9935
f 9935 9971 9972
f 9935 9972 9936
f 9936 9972 9937
f 9936 9937 9901
f 9937 9973 9974
f 9937 9974 9938
f 9938 9974 9975
f 9938 9975 9939
f 9939 9975 9976
f 9939 9976 9940
f 9940 9976 9977
f 9940 9977 9941
f 9941 9977 9978
f 9941 9978 9942
f 9942 9978 9979
f 9942 9979 9943
f 9943 9979 9980
f 9943 9980 9944
f 9944 9980 9981
f 9944 9981 9945
f 9945 9981 9982
f 9945 9982 9946
f 9946 9982 9983
f 9946 9983 9947
f 9947 9983 9984
f 9947 9984 9948
f 9948 9984 9985
f 9948 9985 9949
f 9949 9985 9986
f 9949 9986 9950
f 9950 9986 9987
f 9950 9987 9951
f 9951 9987 9988
f 9951 9988 9952
f 9952 9988 9989
f 9952 9989 9953
f 9953 9989 9990
f 9953 9990 9954
f 9954 9990 9991
f 9954 9991 9955
f 9955 9991 9992
f 9955 9992 9956
f 9956 9992 9993
f 9956 9993 9957
f 9957 9993 9994
f 9957 9994 9958
f 9958 9994 9995
f 9958 9995 9959
f 9959 9995 9996
f 9959 9996 9960
f 9960 9996 9997
f 9960 9997 9961
f 9961 9997 9998
f 9961 9998 9962
f 9962 9998 9999
f 9962 9999 9963
f 9963 9999 10000
f 9963 10000 9964
f 9964 10000 10001
f 9964 10001 9965
f 9965 10001 10002
f 9965 10002 9966
f 9966 10002 10003
f 9966 10003 9967
f 9967 10003 10004
f 9967 10004 9968
f 9968 10004 10005
f 9968 10005 9969
f 9969 10005 10006
f 9969 10006 9970
f 9970 10006 10007
f 9970 10007 9971
f 9971 10007 10008
f 9971 10008 9972
f 9972 10008 9973
f 9972 9973 9937
f 9973 10009 10010
f 9973 10010 9974
f 9974 10010 10011
f 9974 10011 9975
f 9975 10011 10012
f 9975 10012 9976
f 9976 10012 10013
f 9976 10013 9977
f 9977 10013 10014
f 9977 10014 9978
f 9978 10014 10015
f 9978 10015 9979
f 9979 10015 10016
f 9979 10016 9980
f 9980 10016 10017
f 9980 10017 9981
f 9981 10017 10018
f 9981 10018 9982
f 9982 10018 10019
f 9982 10019 9983
f 9983 10019 10020
f 9983 10020 9984
f 9984 10020 10021
f 9984 10021 9985
f 9985 10021 10022
f 9985 10022 9986
f 9986 10022 10023
f 9986 10023 9987
f 9987 10023 10024
f 9987 10024 9988
f 9988 10024 10025
f 9988 10025 9989
f 9989 10025 10026
f 9989 10026 9990
f 9990 10026 10027
f 9990 10027 9991
f 9991 10027 10028
f 9991 10028 9992
f 9992 10028 10029
f 9992 10029 9993
f 9993 10029 10030
f 9993 10030 9994
f 9994 10030 10031
f 9994 10031 9995
f 9995 10031 10032
f 9995 10032 9996
f 9996 10032 10033
f 9996 10033 9997
f 9997 10033 10034
f 9997 10034 9998
f 9998 10034 10035
f 9998 10035 9999
f 9999 10035 10036
f 9999 10036 10000
f 10000 10036 10037
f 10000 10037 10001
f 10001 10037 10038
f 10001 10038 10002
f 10002 10038 10039
f 10002 10039 10003
f 10003 10039 10040
f 10003 10040 10004
f 10004 10040 10041
f 10004 10041 10005
f 10005 10041 10042
f 10005 10042 10006
f 10006 10042 10043
f 10006 10043 10007
f 10007 10043 10044
f 10007 10044 10008
f 10008 10044 10009
f 10008 10009 9973
f 10009 10045 10046
f 10009 10046 10010
f 10010 10046 10047
f 10010 10047 10011
f 10011 10047 10048
f 10011 10048 10012
f 10012 10048 10049
f 10012 10049 10013
f 10013 10049 10050
f 10013 10050 10014
f 10014 10050 10051
f 10014 10051 10015
f 10015 10051 10052
f 10015 10052 10016
f 10016 10052 10053
f 10016 10053 10017
f 10017 10053 10054
f 10017 10054 10018
f 10018 10054 10055
f 10018 10055 10019
f 10019 10055 10056
f 10019 10056 10020
f 10020 10056 10057
f 10020 10057 10021
f 10021 10057 10058
f 10021 10058 10022
f 10022 10058 10059
f 10022 10059 10023
f 10023 10059 10060
f 10023 10060 10024
f 10024 10060 10061
f 10024 10061 10025
f 10025 10061 10062
f 10025 10062 10026
f 10026 10062 10063
f 10026 10063 10027
f 10027 10063 10064
f 10027 10064 10028
f 10028 10064 10065
f 10028 10065 10029
f 10029 10065 10066
f 10029 10066 10030
f 10030 10066 10067
f 10030 10067 10031
f 10031 10067 10068
f 10031 10068 10032
f 10032 10068 10069
f 10032 10069 10033
f 10033 10069 10070
f 10033 10070 10034
f 10034 10070 10071
f 10034 10071 10035
f 10035 10071 10072
f 10035 10072 10036
f 10036 10072 10073
f 10036 10073 10037
f 10037 10073 10074
f 10037 10074 10038
f 10038 10074 10075
f 10038 10075 10039
f 10039 10075 10076
f 10039 10076 10040
f 10040 10076 10077
f 10040 10077 10041
f 10041 10077 10078
f 10041 10078 10042
f 10042 10078 10079
f 10042 10079 10043
f 10043 10079 10080
f 10043 10080 10044
f 10044 10080 10045
f 10044 10045 10009
f 10045 1 2
f 10045 2 10046
f 10046 2 3
f 10046 3 10047
f 10047 3 4
f 10047 4 10048
f 10048 4 5
f 10048 5 10049
f 10049 5 6
f 10049 6 10050
f 10050 6 7
f 10050 7 10051
f 10051 7 8
f 10051 8 10052
f 10052 8 9
f 10052 9 10053
f 10053 9 10
f 10053 10 10054
f 10054 10 11
f 10054 11 10055
f 10055 11 12
f 10055 12 10056
f 10056 12 13
f 10056 13 10057
f 10057 13 14
f 10057 14 10058
f 10058 14 15
f 10058 15 10059
f 10059 15 16
f 10059 16 10060
f 10060 16 17
f 10060 17 10061
f 10061 17 18
f 10061 18 10062
f 10062 18 19
f 10062 19 10063
f 10063 19 20
f 10063 20 10064
f 10064 20 21
f 10064 21 10065
f 10065 21 22
f 10065 22 10066
f 10066 22 23
f 10066 23 10067
f 10067 23 24
f 10067 24 10068
f 10068 24 25
f 10068 25 10069
f 10069 25 26
f 10069 26 10070
f 10070 26 27
f 10070 27 10071
f 10071 27 28
f 10071 28 10072
f 10072 28 29
f 10072 29 10073
f 10073 29 30
f 10073 30 10074
f 10074 30 31
f 10074 31 10075
f 10075 31 32
f 10075 32 10076
f 10076 32 33
f 10076 33 10077
f 10077 33 34
f 10077 34 10078
f 10078 34 35
f 10078 35 10079
f 10079 35 36
f 10079 36 10080
f 10080 36 1
f 10080 1 10045
f 10081 10098 10082
f 10082 10098 10099
f 10082 10099 10083
f 10083 10099 10100
f 10083 10100 10084
f 10084 10100 10101
f 10084 10101 10085
f 10085 10101 10102
f 10085 10102 10086
f 10086 10102 10103
f 10086 10103 10087
f 10087 10103 10104
f 10087 10104 10088
f 10088 10104 10105
f 10088 10105 10089
f 10089 10105 10106
f 10089 10106 10090
f 10090 10106 10107
f 10090 10107 10091
f 10091 10107 10108
f 10091 10108 10092
f 10092 10108 10109
f 10092 10109 10093
f 10093 10109 10110
f 10093 10110 10094
f 10094 10110 10111
f 10094 10111 10095
f 10095 10111 10112
f 10095 10112 10096
f 10096 10112 10113
f 10096 10113 10097
f 10097 10113 10114
f 10098 10115 10099
f 10099 10115 10116
f 10099 10116 10100
f 10100 10116 10117
f 10100 10117 10101
f 10101 10117 10118
f 10101 10118 10102
f 10102 10118 10119
f 10102 10119 10103
f 10103 10119 10120
f 10103 10120 10104
f 10104 10120 10121
f 10104 10121 10105
f 10105 10121 10122
f 10105 10122 10106
f 10106 10122 10123
f 10106 10123 10107
f 10107 10123 10124
f 10107 10124 10108
f 10108 10124 10125
f 10108 10125 10109
f 10109 10125 10126
f 10109 10126 10110
f 10110 10126 10127
f 10110 10127 10111
f 10111 10127 10128
f 10111 10128 10112
f 10112 10128 10129
f 10112 10129 10113
f 10113 10129 10130
f 10113 10130 10114
f 10114 10130 10131
f 10115 10132 10116
f 10116 10132 10133
f 10116 10133 10117
f 10117 10133 10134
f 10117 10134 10118
f 10118 10134 10135
f 10118 10135 10119
f 10119 10135 10136
f 10119 10136 10120
f 10120 10136 10137
f 10120 10137 10121
f 10121 10137 10138
f 10121 10138 10122
f 10122 10138 10139
f 10122 10139 10123
f 10123 10139 10140
f 10123 10140 10124
f 10124 10140 10141
f 10124 10141 10125
f 10125 10141 10142
f 10125 10142 10126
f 10126 10142 10143
f 10126 10143 10127
f 10127 10143 10144
f 10127 10144 10128
f 10128 10144 10145
f 10128 10145 10129
f 10129 10145 10146
f 10129 10146 10130
f 10130 10146 10147
f 10130 10147 10131
f 10131 10147 10148
f 10132 10149 10133
f 10133 10149 10150
f 10133 10150 10134
f 10134 10150 10151
f 10134 10151 10135
f 10135 10151 10152
f 10135 10152 10136
f 10136 10152 10153
f 10136 10153 10137
f 10137 10153 10154
f 10137 10154 10138
f 10138 10154 10155
f 10138 10155 10139
f 10139 10155 10156
f 10139 10156 10140
f 10140 10156 10157
f 10140 10157 10141
f 10141 10157 10158
f 10141 10158 10142
f 10142 10158 10159
f 10142 10159 10143
f 10143 10159 10160
f 10143 10160 10144
f 10144 10160 10161
f 10144 10161 10145
f 10145 10161 10162
f 10145 10162 10146
f 10146 10162 10163
f 10146 10163 10147
f 10147 10163 10164
f 10147 10164 10148
f 10148 10164 10165
f 10149 10166 10150
f 10150 10166 10167
f 10150 10167 10151
f 10151 10167 10168
f 10151 10168 10152
f 10152 10168 10169
f 10152 10169 10153
f 10153 10169 10170
f 10153 10170 10154
f 10154 10170 10171
f 10154 10171 10155
f 10155 10171 10172
f 10155 10172 10156
f 10156 10172 10173
f 10156 10173 10157
f 10157 10173 10174
f 10157 10174 10158
f 10158 10174 10175
f 10158 10175 10159
f 10159 10175 10176
f 10159 10176 10160
f 10160 10176 10177
f 10160 10177 10161
f 10161 10177 10178
f 10161 10178 10162
f 10162 10178 10179
f 10162 10179 10163
f 10163 10179 10180
f 10163 10180 10164
f 10164 10180 10181
f 10164 10181 10165
f 10165 10181 10182
f 10166 10183 10167
f 10167 10183 10184
f 10167 10184 10168
f 10168 10184 10185
f 10168 10185 10169
f 10169 10185 10186
f 10169 10186 10170
f 10170 10186 10187
f 10170 10187 10171
f 10171 10187 10188
f 10171 10188 10172
f 10172 10188 10189
f 10172 10189 10173
f 10173 10189 10190
f 10173 10190 10174
f 10174 10190 10191
f 10174 10191 10175
f 10175 10191 10192
f 10175 10192 10176
f 10176 10192 10193
f 10176 10193 10177
f 10177 10193 10194
f 10177 10194 10178
f 10178 10194 10195
f 10178 10195 10179
f 10179 10195 10196
f 10179 10196 10180
f 10180 10196 10197
f 10180 10197 10181
f 10181 10197 10198
f 10181 10198 10182
f 10182 10198 10199
f 10183 10200 10184
f 10184 10200 10201
f 10184 10201 10185
f 10185 10201 10202
f 10185 10202 10186
f 10186 10202 10203
f 10186 10203 10187
f 10187 10203 10204
f 10187 10204 10188
f 10188 10204 10205
f 10188 10205 10189
f 10189 10205 10206
f 10189 10206 10190
f 10190 10206 10207
f 10190 10207 10191
f 10191 10207 10208
f 10191 10208 10192
f 10192 10208 10209
f 10192 10209 10193
f 10193 10209 10210
f 10193 10210 10194
f 10194 10210 10211
f 10194 10211 10195
f 10195 10211 10212
f 10195 10212 10196
f 10196 10212 10213
f 10196 10213 10197
f 10197 10213 10214
f 10197 10214 10198
f 10198 10214 10215
f 10198 10215 10199
f 10199 10215 10216
f 10200 10217 10201
f 10201 10217 10218
f 10201 10218 10202
f 10202 10218 10219
f 10202 10219 10203
f 10203 10219 10220
f 10203 10220 10204
f 10204 10220 10221
f 10204 10221 10205
f 10205 10221 10222
f 10205 10222 10206
f 10206 10222 10223
f 10206 10223 10207
f 10207 10223 10224
f 10207 10224 10208
f 10208 10224 10225
f 10208 10225 10209
f 10209 10225 10226
f 10209 10226 10210
f 10210 10226 10227
f 10210 10227 10211
f 10211 10227 10228
f 10211 10228 10212
f 10212 10228 10229
f 10212 10229 10213
f 10213 10229 10230
f 10213 10230 10214
f 10214 10230 10231
f 10214 10231 10215
f 10215 10231 10232
f 10215 10232 10216
f 10216 10232 10233
f 10217 10234 10218
f 10218 10234 10235
f 10218 10235 10219
f 10219 10235 10236
f 10219 10236 10220
f 10220 10236 10237
f 10220 10237 10221
f 10221 10237 10238
f 10221 10238 10222
f 10222 10238 10239
f 10222 10239 10223
f 10223 10239 10240
f 10223 10240 10224
f 10224 10240 10241
f 10224 10241 10225
f 10225 10241 10242
f 10225 10242 10226
f 10226 10242 10243
f 10226 10243 10227
f 10227 10243 10244
f 10227 10244 10228
f 10228 10244 10245
f 10228 10245 10229
f 10229 10245 10246
f 10229 10246 10230
f 10230 10246 10247
f 10230 10247 10231
f 10231 10247 10248
f 10231 10248 10232
f 10232 10248 10249
f 10232 10249 10233
f 10233 10249 10250
f 10234 10251 10235
f 10235 10251 10252
f 10235 10252 10236
f 10236 10252 10253
f 10236 10253 10237
f 10237 10253 10254
f 10237 10254 10238
f 10238 10254 10255
f 10238 10255 10239
f 10239 10255 10256
f 10239 10256 10240
f 10240 10256 10257
f 10240 10257 10241
f 10241 10257 10258
f 10241 10258 10242
f 10242 10258 10259
f 10242 10259 10243
f 10243 10259 10260
f 10243 10260 10244
f 10244 10260 10261
f 10244 10261 10245
f 10245 10261 10262
f 10245 10262 10246
f 10246 10262 10263
f 10246 10263 10247
f 10247 10263 10264
f 10247 10264 10248
f 10248 10264 10265
f 10248 10265 10249
f 10249 10265 10266
f 10249 10266 10250
f 10250 10266 10267
f 10251 10268 10252
f 10252 10268 10269
f 10252 10269 10253
f 10253 10269 10270
f 10253 10270 10254
f 10254 10270 10271
f 10254 10271 10255
f 10255 10271 10272
f 10255 10272 10256
f 10256 10272 10273
f 10256 10273 10257
f 10257 10273 10274
f 10257 10274 10258
f 10258 10274 10275
f 10258 10275 10259
f 10259 10275 10276
f 10259 10276 10260
f 10260 10276 10277
f 10260 10277 10261
f 10261 10277 10278
f 10261 10278 10262
f 10262 10278 10279
f 10262 10279 10263
f 10263 10279 10280
f 10263 10280 10264
f 10264 10280 10281
f 10264 10281 10265
f 10265 10281 10282
f 10265 10282 10266
f 10266 10282 10283
f 10266 10283 10267
f 10267 10283 10284
f 10268 10285 10269
f 10269 10285 10286
f 10269 10286 10270
f 10270 10286 10287
f 10270 10287 10271
f 10271 10287 10288
f 10271 10288 10272
f 10272 10288 10289
f 10272 10289 10273
f 10273 10289 10290
f 10273 10290 10274
f 10274 10290 10291
f 10274 10291 10275
f 10275 10291 10292
f 10275 10292 10276
f 10276 10292 10293
f 10276 10293 10277
f 10277 10293 10294
f 10277 10294 10278
f 10278 10294 10295
f 10278 10295 10279
f 10279 10295 10296
f 10279 10296 10280
f 10280 10296 10297
f 10280 10297 10281
f 10281 10297 10298
f 10281 10298 10282
f 10282 10298 10299
f 10282 10299 10283
f 10283 10299 10300
f 10283 10300 10284
f 10284 10300 10301
f 10302 10319 10303
f 10303 10319 10320
f 10303 10320 10304
f 10304 10320 10321
f 10304 10321 10305
f 10305 10321 10322
f 10305 10322 10306
f 10306 10322 10323
f 10306 10323 10307
f 10307 10323 10324
f 10307 10324 10308
f 10308 10324 10325
f 10308 10325 10309
f 10309 10325 10326
f 10309 10326 10310
f 10310 10326 10327
f 10310 10327 10311
f 10311 10327 10328
f 10311 10328 10312
f 10312 10328 10329
f 10312 10329 10313
f 10313 10329 10330
f 10313 10330 10314
f 10314 10330 10331
f 10314 10331 10315
f 10315 10331 10332
f 10315 10332 10316
f 10316 10332 10333
f 10316 10333 10317
f 10317 10333 10334
f 10317 10334 10318
f 10318 10334 10335
f 10319 10336 10320
f 10320 10336 10337
f 10320 10337 10321
f 10321 10337 10338
f 10321 10338 10322
f 10322 10338 10339
f 10322 10339 10323
f 10323 10339 10340
f 10323 10340 10324
f 10324 10340 10341
f 10324 10341 10325
f 10325 10341 10342
f 10325 10342 10326
f 10326 10342 10343
f 10326 10343 10327
f 10327 10343 10344
f 10327 10344 10328
f 10328 10344 10345
f 10328 10345 10329
f 10329 10345 10346
f 10329 10346 10330
f 10330 10346 10347
f 10330 10347 10331
f 10331 10347 10348
f 10331 10348 10332
f 10332 10348 10349
f 10332 10349 10333
f 10333 10349 10350
f 10333 10350 10334
f 10334 10350 10351
f 10334 10351 10335
f 10335 10351 10352
f 10336 10353 10337
f 10337 10353 10354
f 10337 10354 10338
f 10338 10354 10355
f 10338 10355 10339
f 10339 10355 10356
f 10339 10356 10340
f 10340 10356 10357
f 10340 10357 10341
f 10341 10357 10358
f 10341 10358 10342
f 10342 10358 10359
f 10342 10359 10343
f 10343 10359 10360
f 10343 10360 10344
f 10344 10360 10361
f 10344 10361 10345
f 10345 10361 10362
f 10345 10362 10346
f 10346 10362 10363
f 10346 10363 10347
f 10347 10363 10364
f 10347 10364 10348
f 10348 10364 10365
f 10348 10365 10349
f 10349 10365 10366
f 10349 10366 10350
f 10350 10366 10367
f 10350 10367 10351
f 10351 10367 10368
f 10351 10368 10352
f 10352 10368 10369
f 10353 10370 10354
f 10354 10370 10371
f 10354 10371 10355
f 10355 10371 10372
f 10355 10372 10356
f 10356 10372 10373
f 10356 10373 10357
f 10357 10373 10374
f 10357 10374 10358
f 10358 10374 10375
f 10358 10375 10359
f 10359 10375 10376
f 10359 10376 10360
f 10360 10376 10377
f 10360 10377 10361
f 10361 10377 10378
f 10361 10378 10362
f 10362 10378 10379
f 10362 10379 10363
f 10363 10379 10380
f 10363 10380 10364
f 10364 10380 10381
f 10364 10381 10365
f 10365 10381 10382
f 10365 10382 10366
f 10366 10382 10383
f 10366 10383 10367
f 10367 10383 10384
f 10367 10384 10368
f 10368 10384 10385
f 10368 10385 10369
f 10369 10385 10386
f 10370 10387 10371
f 10371 10387 10388
f 10371 10388 10372
f 10372 10388 10389
f 10372 10389 10373
f 10373 10389 10390
f 10373 10390 10374
f 10374 10390 10391
f 10374 10391 10375
f 10375 10391 10392
f 10375 10392 10376
f 10376 10392 10393
f 10376 10393 10377
f 10377 10393 10394
f 10377 10394 10378
f 10378 10394 10395
f 10378 10395 10379
f 10379 10395 10396
f 10379 10396 10380
f 10380 10396 10397
f 10380 10397 10381
f 10381 10397 10398
f 10381 10398 10382
f 10382 10398 10399
f 10382 10399 10383
f 10383 10399 10400
f 10383 10400 10384
f 10384 10400 10401
f 10384 10401 10385
f 10385 10401 10402
f 10385 10402 10386
f 10386 10402 10403
f 10387 10404 10388
f 10388 10404 10405
f 10388 10405 10389
f 10389 10405 10406
f 10389 10406 10390
f 10390 10406 10407
f 10390 10407 10391
f 10391 10407 10408
f 10391 10408 10392
f 10392 10408 10409
f 10392 10409 10393
f 10393 10409 10410
f 10393 10410 10394
f 10394 10410 10411
f 10394 10411 10395
f 10395 10411 10412
f 10395 10412 10396
f 10396 10412 10413
f 10396 10413 10397
f 10397 10413 10414
f 10397 10414 10398
f 10398 10414 10415
f 10398 10415 10399
f 10399 10415 10416
f 10399 10416 10400
f 10400 10416 10417
f 10400 10417 10401
f 10401 10417 10418
f 10401 10418 10402
f 10402 10418 10419
f 10402 10419 10403
f 10403 10419 10420
f 10404 10421 10405
f 10405 10421 10422
f 10405 10422 10406
f 10406 10422 10423
f 10406 10423 10407
f 10407 10423 10424
f 10407 10424 10408
f 10408 10424 10425
f 10408 10425 10409
f 10409 10425 10426
f 10409 10426 10410
f 10410 10426 10427
f 10410 10427 10411
f 10411 10427 10428
f 10411 10428 10412
f 10412 10428 10429
f 10412 10429 10413
f 10413 10429 10430
f 10413 10430 10414
f 10414 10430 10431
f 10414 10431 10415
f 10415 10431 10432
f 10415 10432 10416
f 10416 10432 10433
f 10416 10433 10417
f 10417 10433 10434
f 10417 10434 10418
f 10418 10434 10435
f 10418 10435 10419
f 10419 10435 10436
f 10419 10436 10420
f 10420 10436 10437
f 10421 10438 10422
f 10422 10438 10439
f 10422 10439 10423
f 10423 10439 10440
f 10423 10440 10424
f 10424 10440 10441
f 10424 10441 10425
f 10425 10441 10442
f 10425 10442 10426
f 10426 10442 10443
f 10426 10443 10427
f 10427 10443 10444
f 10427 10444 10428
f 10428 10444 10445
f 10428 10445 10429
f 10429 10445 10446
f 10429 10446 10430
f 10430 10446 10447
f 10430 10447 10431
f 10431 10447 10448
f 10431 10448 10432
f 10432 10448 10449
f 10432 10449 10433
f 10433 10449 10450
f 10433 10450 10434
f 10434 10450 10451
f 10434 10451 10435
f 10435 10451 10452
f 10435 10452 10436
f 10436 10452 10453
f 10436 10453 10437
f 10437 10453 10454
f 10438 10455 10439
f 10439 10455 10456
f 10439 10456 10440
f 10440 10456 10457
f 10440 10457 10441
f 10441 10457 10458
f 10441 10458 10442
f 10442 10458 10459
f 10442 10459 10443
f 10443 10459 10460
f 10443 10460 10444
f 10444 10460 10461
f 10444 10461 10445
f 10445 10461 10462
f 10445 10462 10446
f 10446 10462 10463
f 10446 10463 10447
f 10447 10463 10464
f 10447 10464 10448
f 10448 10464 10465
f 10448 10465 10449
f 10449 10465 10466
f 10449 10466 10450
f 10450 10466 10467
f 10450 10467 10451
f 10451 10467 10468
f 10451 10468 10452
f 10452 10468 10469
f 10452 10469 10453
f 10453 10469 10470
f 10453 10470 10454
f 10454 10470 10471
f 10455 10472 10456
f 10456 10472 10473
f 10456 10473 10457
f 10457 10473 10474
f 10457 10474 10458
f 10458 10474 10475
f 10458 10475 10459
f 10459 10475 10476
f 10459 10476 10460
f 10460 10476 10477
f 10460 10477 10461
f 10461 10477 10478
f 10461 10478 10462
f 10462 10478 10479
f 10462 10479 10463
f 10463 10479 10480
f 10463 10480 10464
f 10464 10480 10481
f 10464 10481 10465
f 10465 10481 10482
f 10465 10482 10466
f 10466 10482 10483
f 10466 10483 10467
f 10467 10483 10484
f 10467 10484 10468
f 10468 10484 10485
f 10468 10485 10469
f 10469 10485 10486
f 10469 10486 10470
f 10470 10486 10487
f 10470 10487 10471
f 10471 10487 10488
f 10472 10489 10473
f 10473 10489 10490
f 10473 10490 10474
f 10474 10490 10491
f 10474 10491 10475
f 10475 10491 10492
f 10475 10492 10476
f 10476 10492 10493
f 10476 10493 10477
f 10477 10493 10494
f 10477 10494 10478
f 10478 10494 10495
f 10478 10495 10479
f 10479 10495 10496
f 10479 10496 10480
f 10480 10496 10497
f 10480 10497 10481
f 10481 10497 10498
f 10481 10498 10482
f 10482 10498 10499
f 10482 10499 10483
f 10483 10499 10500
f 10483 10500 10484
f 10484 10500 10501
f 10484 10501 10485
f 10485 10501 10502
f 10485 10502 10486
f 10486 10502 10503
f 10486 10503 10487
f 10487 10503 10504
f 10487 10504 10488
f 10488 10504 10505
f 10489 10506 10490
f 10490 10506 10507
f 10490 10507 10491
f 10491 10507 10508
f 10491 10508 10492
f 10492 10508 10509
f 10492 10509 10493
f 10493 10509 10510
f 10493 10510 10494
f 10494 10510 10511
f 10494 10511 10495
f 10495 10511 10512
f 10495 10512 10496
f 10496 10512 10513
f 10496 10513 10497
f 10497 10513 10514
f 10497 10514 10498
f 10498 10514 10515
f 10498 10515 10499
f 10499 10515 10516
f 10499 10516 10500
f 10500 10516 10517
f 10500 10517 10501
f 10501 10517 10518
f 10501 10518 10502
f 10502 10518 10519
f 10502 10519 10503
f 10503 10519 10520
f 10503 10520 10504
f 10504 10520 10521
f 10504 10521 10505
f 10505 10521 10522
