# 3J Jewelry - Satin Flow Half Turn (blockout preview)
# units: mm  ·  Silver 925  ·  ring size 54  ·  Blue Topaz 5mm
o Ribbon_Front
v 9.6545 0.1313 -1.0860
v 9.7201 0.1312 -1.0717
v 9.7809 0.1306 -1.0432
v 9.8339 0.1293 -1.0019
v 9.8763 0.1276 -0.9498
v 9.9061 0.1254 -0.8896
v 9.9217 0.1230 -0.8243
v 9.7321 0.0460 1.0991
v 9.7178 0.0433 1.1647
v 9.6893 0.0407 1.2255
v 9.6480 0.0383 1.2784
v 9.5959 0.0363 1.3207
v 9.5357 0.0347 1.3505
v 9.4703 0.0336 1.3661
v 8.7565 0.0311 1.3004
v 8.6909 0.0312 1.2861
v 8.6301 0.0318 1.2576
v 8.5771 0.0331 1.2162
v 8.5347 0.0348 1.1642
v 8.5050 0.0370 1.1040
v 8.4893 0.0394 1.0387
v 8.6789 0.1164 -0.8848
v 8.6932 0.1191 -0.9504
v 8.7217 0.1217 -1.0111
v 8.7631 0.1241 -1.0640
v 8.8151 0.1261 -1.1064
v 8.8754 0.1277 -1.1361
v 8.9407 0.1288 -1.1517
v 9.6593 0.3951 -1.0698
v 9.7248 0.3967 -1.0549
v 9.7853 0.3974 -1.0258
v 9.8379 0.3974 -0.9839
v 9.8798 0.3966 -0.9315
v 9.9090 0.3950 -0.8710
v 9.9241 0.3927 -0.8056
v 9.7185 0.3048 1.1127
v 9.7037 0.3016 1.1781
v 9.6747 0.2981 1.2386
v 9.6329 0.2945 1.2911
v 9.5805 0.2910 1.3329
v 9.5200 0.2877 1.3621
v 9.4546 0.2850 1.3770
v 8.7418 0.2645 1.3045
v 8.6763 0.2629 1.2895
v 8.6157 0.2622 1.2604
v 8.5632 0.2622 1.2186
v 8.5212 0.2630 1.1661
v 8.4920 0.2646 1.1057
v 8.4770 0.2669 1.0402
v 8.6825 0.3548 -0.8780
v 8.6973 0.3580 -0.9435
v 8.7264 0.3615 -1.0039
v 8.7681 0.3651 -1.0564
v 8.8206 0.3686 -1.0983
v 8.8810 0.3719 -1.1274
v 8.9464 0.3747 -1.1424
v 9.6579 0.6599 -1.0523
v 9.7232 0.6630 -1.0367
v 9.7834 0.6652 -1.0069
v 9.8355 0.6663 -0.9646
v 9.8769 0.6664 -0.9117
v 9.9055 0.6653 -0.8509
v 9.9200 0.6632 -0.7853
v 9.6976 0.5633 1.1271
v 9.6822 0.5595 1.1924
v 9.6526 0.5550 1.2525
v 9.6104 0.5502 1.3046
v 9.5577 0.5452 1.3459
v 9.4971 0.5403 1.3744
v 9.4316 0.5358 1.3887
v 8.7203 0.4976 1.3087
v 8.6550 0.4944 1.2931
v 8.5948 0.4922 1.2634
v 8.5427 0.4911 1.2210
v 8.5013 0.4911 1.1681
v 8.4726 0.4921 1.1074
v 8.4582 0.4942 1.0418
v 8.6805 0.5941 -0.8706
v 8.6960 0.5980 -0.9359
v 8.7255 0.6024 -0.9961
v 8.7677 0.6073 -1.0481
v 8.8205 0.6123 -1.0894
v 8.8811 0.6171 -1.1179
v 8.9466 0.6216 -1.1322
v 9.6503 0.9254 -1.0333
v 9.7153 0.9301 -1.0170
v 9.7751 0.9337 -0.9866
v 9.8267 0.9360 -0.9436
v 9.8676 0.9369 -0.8903
v 9.8956 0.9363 -0.8292
v 9.9093 0.9342 -0.7635
v 9.6693 0.8212 1.1425
v 9.6533 0.8167 1.2076
v 9.6233 0.8112 1.2674
v 9.5806 0.8051 1.3189
v 9.5276 0.7986 1.3596
v 9.4668 0.7921 1.3875
v 9.4013 0.7859 1.4010
v 8.6921 0.7302 1.3132
v 8.6271 0.7255 1.2968
v 8.5673 0.7219 1.2664
v 8.5157 0.7196 1.2235
v 8.4748 0.7187 1.1702
v 8.4468 0.7193 1.1091
v 8.4331 0.7214 1.0434
v 8.6731 0.8344 -0.8626
v 8.6891 0.8389 -0.9277
v 8.7191 0.8444 -0.9875
v 8.7618 0.8505 -1.0391
v 8.8148 0.8569 -1.0798
v 8.8756 0.8634 -1.1076
v 8.9411 0.8697 -1.1211
v 9.6366 1.1917 -1.0128
v 9.7013 1.1979 -0.9957
v 9.7606 1.2029 -0.9646
v 9.8117 1.2062 -0.9211
v 9.8518 1.2079 -0.8673
v 9.8791 1.2077 -0.8059
v 9.8922 1.2057 -0.7400
v 9.6338 1.0783 1.1588
v 9.6171 1.0730 1.2237
v 9.5865 1.0666 1.2831
v 9.5435 1.0592 1.3342
v 9.4901 1.0512 1.3742
v 9.4292 1.0430 1.4013
v 9.3637 1.0351 1.4141
v 8.6572 0.9621 1.3178
v 8.5925 0.9558 1.3007
v 8.5332 0.9509 1.2696
v 8.4821 0.9475 1.2260
v 8.4420 0.9459 1.1722
v 8.4146 0.9461 1.1108
v 8.4016 0.9481 1.0450
v 8.6600 1.0755 -0.8539
v 8.6767 1.0807 -0.9187
v 8.7073 1.0872 -0.9782
v 8.7503 1.0946 -1.0292
v 8.8037 1.1026 -1.0693
v 8.8646 1.1107 -1.0964
v 8.9301 1.1186 -1.1091
v 9.6167 1.4585 -0.9908
v 9.6810 1.4662 -0.9728
v 9.7398 1.4725 -0.9410
v 9.7902 1.4769 -0.8968
v 9.8297 1.4793 -0.8425
v 9.8562 1.4794 -0.7808
v 9.8686 1.4774 -0.7148
v 9.5909 1.3343 1.1761
v 9.5736 1.3283 1.2407
v 9.5424 1.3208 1.2998
v 9.4990 1.3120 1.3502
v 9.4454 1.3025 1.3896
v 9.3843 1.2928 1.4159
v 9.3189 1.2832 1.4278
v 8.6156 1.1932 1.3225
v 8.5514 1.1854 1.3046
v 8.4925 1.1792 1.2727
v 8.4421 1.1748 1.2286
v 8.4027 1.1724 1.1742
v 8.3761 1.1722 1.1125
v 8.3638 1.1742 1.0465
v 8.6414 1.3174 -0.8444
v 8.6587 1.3233 -0.9090
v 8.6899 1.3309 -0.9680
v 8.7334 1.3396 -1.0185
v 8.7870 1.3491 -1.0579
v 8.8480 1.3589 -1.0842
v 8.9134 1.3685 -1.0961
v 9.5907 1.7257 -0.9670
v 9.6545 1.7349 -0.9482
v 9.7127 1.7425 -0.9156
v 9.7624 1.7478 -0.8707
v 9.8011 1.7509 -0.8159
v 9.8269 1.7513 -0.7538
v 9.8384 1.7493 -0.6877
v 9.5408 1.5890 1.1944
v 9.5228 1.5823 1.2588
v 9.4911 1.5737 1.3173
v 9.4472 1.5636 1.3672
v 9.3934 1.5526 1.4058
v 9.3322 1.5411 1.4313
v 9.2669 1.5299 1.4423
v 8.5675 1.4233 1.3274
v 8.5036 1.4140 1.3086
v 8.4454 1.4065 1.2759
v 8.3957 1.4011 1.2311
v 8.3570 1.3981 1.1763
v 8.3313 1.3976 1.1142
v 8.3197 1.3997 1.0481
v 8.6173 1.5599 -0.8340
v 8.6353 1.5667 -0.8984
v 8.6670 1.5753 -0.9570
v 8.7109 1.5854 -1.0068
v 8.7648 1.5964 -1.0454
v 8.8259 1.6079 -1.0709
v 8.8912 1.6191 -1.0819
v 9.5584 1.9932 -0.9415
v 9.6217 2.0039 -0.9217
v 9.6793 2.0126 -0.8883
v 9.7283 2.0189 -0.8427
v 9.7662 2.0225 -0.7873
v 9.7910 2.0233 -0.7249
v 9.8017 2.0211 -0.6586
v 9.4835 1.8424 1.2137
v 9.4648 1.8348 1.2777
v 9.4325 1.8250 1.3358
v 9.3882 1.8136 1.3850
v 9.3341 1.8010 1.4228
v 9.2729 1.7879 1.4474
v 9.2078 1.7750 1.4574
v 8.5128 1.6522 1.3323
v 8.4494 1.6415 1.3126
v 8.3918 1.6328 1.2792
v 8.3429 1.6265 1.2336
v 8.3050 1.6229 1.1782
v 8.2801 1.6222 1.1158
v 8.2695 1.6244 1.0495
v 8.5877 1.8031 -0.8228
v 8.6064 1.8106 -0.8869
v 8.6387 1.8204 -0.9449
v 8.6830 1.8319 -0.9941
v 8.7371 1.8444 -1.0319
v 8.7982 1.8575 -1.0565
v 8.8634 1.8704 -1.0665
v 9.5200 2.2609 -0.9141
v 9.5828 2.2730 -0.8934
v 9.6397 2.2828 -0.8590
v 9.6878 2.2900 -0.8127
v 9.7248 2.2941 -0.7568
v 9.7487 2.2950 -0.6940
v 9.7585 2.2926 -0.6276
v 9.4189 2.0940 1.2339
v 9.3995 2.0856 1.2977
v 9.3667 2.0746 1.3552
v 9.3220 2.0618 1.4037
v 9.2677 2.0476 1.4407
v 9.2065 2.0329 1.4642
v 9.1415 2.0184 1.4733
v 8.4515 1.8798 1.3374
v 8.3888 1.8677 1.3167
v 8.3319 1.8579 1.2823
v 8.2837 1.8507 1.2360
v 8.2468 1.8465 1.1801
v 8.2228 1.8456 1.1173
v 8.2130 1.8480 1.0509
v 8.5526 2.0467 -0.8106
v 8.5720 2.0551 -0.8744
v 8.6049 2.0661 -0.9319
v 8.6496 2.0789 -0.9804
v 8.7039 2.0930 -1.0173
v 8.7650 2.1077 -1.0409
v 8.8300 2.1223 -1.0499
v 9.4754 2.5286 -0.8847
v 9.5376 2.5419 -0.8630
v 9.5937 2.5529 -0.8277
v 9.6409 2.5609 -0.7806
v 9.6770 2.5655 -0.7241
v 9.7000 2.5665 -0.6610
v 9.7088 2.5638 -0.5944
v 9.3473 2.3438 1.2552
v 9.3272 2.3344 1.3186
v 9.2937 2.3223 1.3756
v 9.2486 2.3080 1.4232
v 9.1941 2.2923 1.4593
v 9.1330 2.2760 1.4818
v 9.0683 2.2598 1.4897
v 8.3839 2.1059 1.3425
v 8.3217 2.0925 1.3208
v 8.2656 2.0815 1.2855
v 8.2184 2.0736 1.2384
v 8.1823 2.0690 1.1819
v 8.1593 2.0680 1.1188
v 8.1505 2.0706 1.0522
v 8.5120 2.2906 -0.7974
v 8.5321 2.3000 -0.8608
v 8.5656 2.3122 -0.9178
v 8.6107 2.3265 -0.9655
v 8.6652 2.3421 -1.0015
v 8.7263 2.3585 -1.0240
v 8.7910 2.3746 -1.0320
v 9.4247 2.7961 -0.8533
v 9.4862 2.8107 -0.8305
v 9.5414 2.8227 -0.7942
v 9.5877 2.8314 -0.7464
v 9.6228 2.8364 -0.6892
v 9.6447 2.8374 -0.6258
v 9.6526 2.8344 -0.5591
v 9.2687 2.5915 1.2774
v 9.2478 2.5811 1.3404
v 9.2137 2.5677 1.3967
v 9.1682 2.5520 1.4436
v 9.1136 2.5348 1.4786
v 9.0525 2.5168 1.5001
v 8.9880 2.4991 1.5069
v 8.3098 2.3303 1.3476
v 8.2484 2.3157 1.3248
v 8.1931 2.3037 1.2885
v 8.1468 2.2950 1.2406
v 8.1118 2.2900 1.1835
v 8.0898 2.2890 1.1200
v 8.0819 2.2920 1.0534
v 8.4659 2.5349 -0.7831
v 8.4868 2.5453 -0.8461
v 8.5208 2.5587 -0.9025
v 8.5663 2.5744 -0.9493
v 8.6210 2.5916 -0.9844
v 8.6821 2.6096 -1.0058
v 8.7465 2.6273 -1.0126
v 9.3678 3.0633 -0.8198
v 9.4285 3.0791 -0.7958
v 9.4829 3.0921 -0.7586
v 9.5282 3.1014 -0.7098
v 9.5622 3.1067 -0.6521
v 9.5831 3.1076 -0.5883
v 9.5899 3.1042 -0.5215
v 9.1830 2.8370 1.3006
v 9.1614 2.8255 1.3631
v 9.1267 2.8109 1.4188
v 9.0808 2.7937 1.4648
v 9.0260 2.7748 1.4987
v 8.9650 2.7553 1.5190
v 8.9009 2.7360 1.5246
v 8.2296 2.5530 1.3526
v 8.1688 2.5371 1.3287
v 8.1144 2.5242 1.2914
v 8.0691 2.5149 1.2427
v 8.0352 2.5096 1.1850
v 8.0143 2.5086 1.1212
v 8.0074 2.5120 1.0544
v 8.4143 2.7793 -0.7677
v 8.4360 2.7907 -0.8303
v 8.4706 2.8054 -0.8859
v 8.5165 2.8226 -0.9319
v 8.5713 2.8414 -0.9659
v 8.6323 2.8610 -0.9861
v 8.6964 2.8802 -0.9917
v 9.3047 3.3299 -0.7840
v 9.3646 3.3470 -0.7589
v 9.4181 3.3608 -0.7206
v 9.4623 3.3707 -0.6710
v 9.4951 3.3762 -0.6127
v 9.5149 3.3770 -0.5485
v 9.5207 3.3731 -0.4817
v 9.0906 3.0799 1.3247
v 9.0681 3.0674 1.3868
v 9.0328 3.0514 1.4417
v 8.9866 3.0327 1.4867
v 8.9317 3.0123 1.5195
v 8.8708 2.9912 1.5385
v 8.8071 2.9704 1.5428
v 8.1431 2.7738 1.3577
v 8.0832 2.7567 1.3325
v 8.0298 2.7429 1.2942
v 7.9855 2.7330 1.2446
v 7.9527 2.7275 1.1863
v 7.9329 2.7267 1.1221
v 7.9271 2.7306 1.0553
v 8.3573 3.0237 -0.7511
v 8.3797 3.0363 -0.8131
v 8.4150 3.0523 -0.8681
v 8.4612 3.0710 -0.9131
v 8.5161 3.0914 -0.9459
v 8.5770 3.1125 -0.9649
v 8.6407 3.1333 -0.9692
v 9.2355 3.5959 -0.7460
v 9.2945 3.6140 -0.7196
v 9.3469 3.6287 -0.6802
v 9.3901 3.6390 -0.6298
v 9.4217 3.6447 -0.5708
v 9.4404 3.6452 -0.5063
v 9.4450 3.6408 -0.4394
v 8.9913 3.3203 1.3497
v 8.9680 3.3066 1.4112
v 8.9322 3.2892 1.4653
v 8.8856 3.2690 1.5093
v 8.8305 3.2470 1.5409
v 8.7699 3.2243 1.5587
v 8.7065 3.2021 1.5616
v 8.0506 2.9924 1.3625
v 7.9915 2.9743 1.3362
v 7.9391 2.9597 1.2968
v 7.8960 2.9493 1.2463
v 7.8643 2.9437 1.1873
v 7.8457 2.9431 1.1228
v 7.8411 2.9476 1.0559
v 8.2948 3.2681 -0.7332
v 8.3181 3.2818 -0.7947
v 8.3539 3.2992 -0.8488
v 8.4005 3.3194 -0.8928
v 8.4555 3.3414 -0.9244
v 8.5162 3.3640 -0.9421
v 8.5795 3.3863 -0.9451
v 9.1601 3.8611 -0.7057
v 9.2182 3.8802 -0.6780
v 9.2695 3.8955 -0.6375
v 9.3115 3.9063 -0.5861
v 9.3419 3.9119 -0.5265
v 9.3593 3.9122 -0.4616
v 9.3629 3.9071 -0.3947
v 8.8854 3.5577 1.3756
v 8.8613 3.5428 1.4365
v 8.8248 3.5241 1.4897
v 8.7779 3.5023 1.5326
v 8.7228 3.4788 1.5630
v 8.6623 3.4546 1.5793
v 8.5995 3.4309 1.5808
v 7.9522 3.2089 1.3673
v 7.8940 3.1898 1.3396
v 7.8427 3.1745 1.2991
v 7.8008 3.1637 1.2477
v 7.7703 3.1581 1.1881
v 7.7529 3.1578 1.1232
v 7.7494 3.1629 1.0563
v 8.2269 3.5123 -0.7139
v 8.2510 3.5272 -0.7748
v 8.2874 3.5460 -0.8281
v 8.3344 3.5677 -0.8710
v 8.3894 3.5912 -0.9013
v 8.4499 3.6155 -0.9177
v 8.5128 3.6392 -0.9192
v 9.0785 4.1251 -0.6629
v 9.1357 4.1452 -0.6339
v 9.1859 4.1611 -0.5922
v 9.2266 4.1722 -0.5399
v 9.2557 4.1778 -0.4796
v 9.2719 4.1777 -0.4144
v 9.2743 4.1718 -0.3475
v 8.7729 3.7922 1.4022
v 8.7480 3.7760 1.4625
v 8.7110 3.7558 1.5148
v 8.6637 3.7325 1.5565
v 8.6086 3.7074 1.5855
v 8.5483 3.6817 1.6004
v 8.4860 3.6566 1.6004
v 7.8480 3.4232 1.3718
v 7.7908 3.4031 1.3428
v 7.7406 3.3871 1.3011
v 7.6999 3.3761 1.2489
v 7.6708 3.3705 1.1886
v 7.6546 3.3706 1.1234
v 7.6522 3.3765 1.0565
v 8.1536 3.7561 -0.6932
v 8.1785 3.7723 -0.7535
v 8.2155 3.7925 -0.8058
v 8.2628 3.8157 -0.8475
v 8.3179 3.8409 -0.8765
v 8.3781 3.8666 -0.8914
v 8.4405 3.8917 -0.8914
v 8.9908 4.3879 -0.6176
v 9.0469 4.4088 -0.5872
v 9.0959 4.4253 -0.5443
v 9.1353 4.4366 -0.4911
v 9.1632 4.4420 -0.4302
v 9.1780 4.4414 -0.3647
v 9.1792 4.4347 -0.2979
v 8.6540 4.0234 1.4296
v 8.6283 4.0059 1.4892
v 8.5907 3.9842 1.5405
v 8.5431 3.9594 1.5809
v 8.4880 3.9327 1.6085
v 8.4281 3.9055 1.6219
v 8.3663 3.8791 1.6203
v 7.7382 3.6349 1.3762
v 7.6820 3.6140 1.3458
v 7.6330 3.5975 1.3029
v 7.5936 3.5863 1.2496
v 7.5658 3.5808 1.1888
v 7.5509 3.5815 1.1232
v 7.5497 3.5881 1.0564
v 8.0749 3.9995 -0.6711
v 8.1007 4.0169 -0.7306
v 8.1382 4.0386 -0.7819
v 8.1858 4.0634 -0.8224
v 8.2409 4.0901 -0.8500
v 8.3009 4.1173 -0.8633
v 8.3626 4.1438 -0.8618
v 8.8969 4.6492 -0.5698
v 8.9519 4.6709 -0.5380
v 8.9997 4.6878 -0.4939
v 9.0378 4.6991 -0.4397
v 9.0642 4.7043 -0.3782
v 9.0778 4.7031 -0.3124
v 9.0777 4.6956 -0.2457
v 8.5288 4.2512 1.4577
v 8.5023 4.2324 1.5165
v 8.4641 4.2092 1.5667
v 8.4163 4.1828 1.6058
v 8.3612 4.1546 1.6319
v 8.3016 4.1259 1.6437
v 8.2405 4.0982 1.6405
v 7.6228 3.8442 1.3802
v 7.5678 3.8225 1.3484
v 7.5200 3.8056 1.3042
v 7.4820 3.7943 1.2501
v 7.4555 3.7891 1.1886
v 7.4419 3.7903 1.1228
v 7.4420 3.7978 1.0560
v 7.9909 4.2422 -0.6474
v 8.0174 4.2610 -0.7061
v 8.0556 4.2842 -0.7563
v 8.1034 4.3106 -0.7955
v 8.1585 4.3388 -0.8216
v 8.2181 4.3675 -0.8333
v 8.2792 4.3952 -0.8301
v 8.7968 4.9088 -0.5195
v 8.8507 4.9311 -0.4862
v 8.8972 4.9484 -0.4408
v 8.9339 4.9597 -0.3857
v 8.9589 4.9646 -0.3236
v 8.9711 4.9627 -0.2575
v 8.9699 4.9541 -0.1909
v 8.3976 4.4755 1.4865
v 8.3702 4.4553 1.5444
v 8.3315 4.4306 1.5934
v 8.2834 4.4026 1.6311
v 8.2284 4.3729 1.6557
v 8.1692 4.3428 1.6657
v 8.1088 4.3139 1.6609
v 7.5022 4.0509 1.3839
v 7.4483 4.0285 1.3506
v 7.4018 4.0113 1.3052
v 7.3652 3.9999 1.2501
v 7.3401 3.9951 1.1880
v 7.3279 3.9970 1.1219
v 7.3292 4.0055 1.0553
v 7.9015 4.4841 -0.6221
v 7.9289 4.5043 -0.6800
v 7.9676 4.5291 -0.7290
v 8.0156 4.5570 -0.7667
v 8.0706 4.5867 -0.7913
v 8.1298 4.6168 -0.8013
v 8.1903 4.6457 -0.7965
v 8.6907 5.1663 -0.4666
v 8.7433 5.1893 -0.4318
v 8.7884 5.2068 -0.3852
v 8.8237 5.2180 -0.3291
v 8.8473 5.2224 -0.2663
v 8.8581 5.2197 -0.2001
v 8.8556 5.2101 -0.1337
v 8.2603 4.6961 1.5157
v 8.2321 4.6744 1.5727
v 8.1929 4.6482 1.6205
v 8.1446 4.6187 1.6567
v 8.0897 4.5874 1.6796
v 8.0310 4.5559 1.6879
v 7.9713 4.5259 1.6813
v 7.3764 4.2548 1.3872
v 7.3237 4.2319 1.3524
v 7.2786 4.2144 1.3058
v 7.2434 4.2032 1.2497
v 7.2198 4.1988 1.1870
v 7.2089 4.2014 1.1207
v 7.2115 4.2111 1.0543
v 7.8068 4.7250 -0.5951
v 7.8350 4.7467 -0.6521
v 7.8742 4.7730 -0.6999
v 7.9224 4.8025 -0.7361
v 7.9773 4.8338 -0.7590
v 8.0361 4.8652 -0.7673
v 8.0958 4.8953 -0.7607
v 8.5783 5.4217 -0.4111
v 8.6298 5.4451 -0.3747
v 8.6735 5.4628 -0.3269
v 8.7072 5.4738 -0.2698
v 8.7294 5.4776 -0.2065
v 8.7388 5.4740 -0.1401
v 8.7350 5.4633 -0.0739
v 8.1173 4.9129 1.5454
v 8.0883 4.8897 1.6014
v 8.0486 4.8618 1.6479
v 8.0001 4.8308 1.6826
v 7.9454 4.7980 1.7037
v 7.8871 4.7653 1.7102
v 7.8282 4.7341 1.7017
v 7.2457 4.4560 1.3901
v 7.1942 4.4326 1.3538
v 7.1506 4.4149 1.3059
v 7.1168 4.4039 1.2489
v 7.0946 4.4001 1.1856
v 7.0852 4.4037 1.1191
v 7.0890 4.4144 1.0529
v 7.7068 4.9648 -0.5664
v 7.7357 4.9880 -0.6223
v 7.7754 5.0159 -0.6688
v 7.8239 5.0469 -0.7035
v 7.8786 5.0797 -0.7246
v 7.9369 5.1124 -0.7311
v 7.9958 5.1436 -0.7227
v 8.4599 5.6746 -0.3530
v 8.5100 5.6984 -0.3151
v 8.5522 5.7161 -0.2659
v 8.5845 5.7267 -0.2080
v 8.6051 5.7299 -0.1441
v 8.6131 5.7254 -0.0776
v 8.6080 5.7134 -0.0117
v 7.9686 5.1256 1.5755
v 7.9388 5.1009 1.6304
v 7.8987 5.0715 1.6755
v 7.8501 5.0388 1.7085
v 7.7956 5.0047 1.7278
v 7.7378 4.9706 1.7324
v 7.6798 4.9385 1.7221
v 7.1102 4.6543 1.3926
v 7.0600 4.6305 1.3547
v 7.0178 4.6128 1.3055
v 6.9856 4.6022 1.2476
v 6.9649 4.5990 1.1837
v 6.9570 4.6035 1.1172
v 6.9620 4.6155 1.0513
v 7.6015 5.2033 -0.5359
v 7.6312 5.2280 -0.5908
v 7.6714 5.2574 -0.6359
v 7.7199 5.2901 -0.6689
v 7.7745 5.3242 -0.6882
v 7.8322 5.3583 -0.6928
v 7.8903 5.3904 -0.6825
v 8.3353 5.9247 -0.2924
v 8.3841 5.9488 -0.2529
v 8.4248 5.9664 -0.2025
v 8.4555 5.9767 -0.1436
v 8.4746 5.9790 -0.0792
v 8.4811 5.9735 -0.0126
v 8.4748 5.9602 0.0529
v 7.8145 5.3343 1.6058
v 7.7840 5.3080 1.6596
v 7.7434 5.2769 1.7032
v 7.6947 5.2428 1.7345
v 7.6405 5.2072 1.7519
v 7.5834 5.1720 1.7546
v 7.5262 5.1388 1.7423
v 6.9701 4.8497 1.3946
v 6.9213 4.8256 1.3551
v 6.8806 4.8080 1.3047
v 6.8499 4.7978 1.2458
v 6.8308 4.7954 1.1814
v 6.8243 4.8010 1.1148
v 6.8306 4.8143 1.0493
v 7.4909 5.4401 -0.5036
v 7.5214 5.4665 -0.5574
v 7.5620 5.4975 -0.6010
v 7.6107 5.5317 -0.6323
v 7.6649 5.5673 -0.6497
v 7.7221 5.6025 -0.6524
v 7.7792 5.6356 -0.6401
v 8.2047 6.1719 -0.2293
v 8.2520 6.1961 -0.1882
v 8.2912 6.2135 -0.1365
v 8.3203 6.2232 -0.0767
v 8.3378 6.2247 -0.0119
v 8.3429 6.2180 0.0548
v 8.3353 6.2033 0.1199
v 7.6552 5.5387 1.6364
v 7.6239 5.5108 1.6889
v 7.5829 5.4781 1.7309
v 7.5343 5.4424 1.7604
v 7.4803 5.4055 1.7758
v 7.4239 5.3691 1.7765
v 7.3677 5.3351 1.7623
v 6.8256 5.0421 1.3961
v 6.7783 5.0179 1.3550
v 6.7391 5.0005 1.3033
v 6.7100 4.9907 1.2435
v 6.6925 4.9892 1.1787
v 6.6874 4.9960 1.1120
v 6.6950 5.0106 1.0469
v 7.3751 5.6753 -0.4696
v 7.4064 5.7032 -0.5221
v 7.4473 5.7359 -0.5641
v 7.4960 5.7715 -0.5936
v 7.5500 5.8085 -0.6091
v 7.6064 5.8449 -0.6097
v 7.6626 5.8788 -0.5955
v 8.0679 6.4157 -0.1637
v 8.1138 6.4400 -0.1211
v 8.1514 6.4571 -0.0681
v 8.1789 6.4662 -0.0075
v 8.1948 6.4667 0.0578
v 8.1985 6.4587 0.1244
v 8.1896 6.4426 0.1890
v 7.4908 5.7388 1.6670
v 7.4589 5.7092 1.7181
v 7.4176 5.6749 1.7585
v 7.3689 5.6377 1.7861
v 7.3154 5.5994 1.7995
v 7.2596 5.5620 1.7981
v 7.2044 5.5273 1.7819
v 6.6770 5.2314 1.3970
v 6.6312 5.2071 1.3544
v 6.5935 5.1900 1.3014
v 6.5661 5.1810 1.2408
v 6.5501 5.1804 1.1755
v 6.5465 5.1884 1.1089
v 6.5553 5.2045 1.0443
v 7.2541 5.9084 -0.4337
v 7.2861 5.9380 -0.4848
v 7.3274 5.9722 -0.5252
v 7.3760 6.0094 -0.5528
v 7.4296 6.0477 -0.5662
v 7.4854 6.0851 -0.5648
v 7.5405 6.1199 -0.5486
v 7.9252 6.6560 -0.0958
v 7.9695 6.6802 -0.0516
v 8.0055 6.6969 0.0026
v 8.0313 6.7052 0.0641
v 8.0457 6.7047 0.1297
v 8.0479 6.6954 0.1962
v 8.0378 6.6777 0.2602
v 7.3216 5.9343 1.6975
v 7.2891 5.9031 1.7473
v 7.2474 5.8672 1.7860
v 7.1989 5.8286 1.8116
v 7.1458 5.7890 1.8229
v 7.0908 5.7506 1.8193
v 7.0367 5.7152 1.8011
v 6.5245 5.4177 1.3974
v 6.4801 5.3934 1.3532
v 6.4441 5.3767 1.2990
v 6.4183 5.3684 1.2375
v 6.4039 5.3690 1.1719
v 6.4017 5.3783 1.1054
v 6.4118 5.3959 1.0414
v 7.1280 6.1393 -0.3959
v 7.1606 6.1706 -0.4457
v 7.2022 6.2064 -0.4843
v 7.2507 6.2451 -0.5100
v 7.3039 6.2846 -0.5213
v 7.3588 6.3231 -0.5177
v 7.4129 6.3585 -0.4994
v 7.7764 6.8924 -0.0257
v 7.8192 6.9165 0.0201
v 7.8535 6.9327 0.0756
v 7.8777 6.9401 0.1378
v 7.8905 6.9384 0.2037
v 7.8912 6.9276 0.2701
v 7.8799 6.9084 0.3334
v 7.1478 6.1254 1.7280
v 7.1147 6.0925 1.7762
v 7.0728 6.0550 1.8131
v 7.0244 6.0149 1.8367
v 6.9718 5.9741 1.8458
v 6.9176 5.9348 1.8401
v 6.8647 5.8988 1.8197
v 6.3682 5.6007 1.3973
v 6.3254 5.5766 1.3515
v 6.2910 5.5605 1.2961
v 6.2668 5.5531 1.2338
v 6.2540 5.5548 1.1679
v 6.2533 5.5655 1.1016
v 6.2646 5.5847 1.0382
v 6.9967 6.3678 -0.3563
v 7.0298 6.4007 -0.4046
v 7.0717 6.4382 -0.4414
v 7.1201 6.4783 -0.4650
v 7.1728 6.5190 -0.4742
v 7.2269 6.5584 -0.4684
v 7.2798 6.5944 -0.4481
v 7.6216 7.1247 0.0465
v 7.6628 7.1485 0.0940
v 7.6955 7.1640 0.1506
v 7.7180 7.1705 0.2135
v 7.7292 7.1675 0.2797
v 7.7285 7.1553 0.3458
v 7.7161 7.1344 0.4084
v 6.9697 6.3118 1.7582
v 6.9360 6.2772 1.8049
v 6.8940 6.2381 1.8398
v 6.8457 6.1966 1.8613
v 6.7937 6.1547 1.8683
v 6.7404 6.1145 1.8603
v 6.6887 6.0780 1.8378
v 6.2083 5.7806 1.3967
v 6.1671 5.7568 1.3493
v 6.1345 5.7412 1.2927
v 6.1120 5.7348 1.2297
v 6.1007 5.7378 1.1635
v 6.1014 5.7500 1.0975
v 6.1139 5.7708 1.0349
v 6.8603 6.5935 -0.3150
v 6.8940 6.6281 -0.3616
v 6.9360 6.6672 -0.3966
v 6.9842 6.7087 -0.4181
v 7.0363 6.7506 -0.4250
v 7.0895 6.7908 -0.4170
v 7.1413 6.8273 -0.3946
v 7.4609 7.3525 0.1207
v 7.5005 7.3760 0.1697
v 7.5315 7.3907 0.2274
v 7.5523 7.3961 0.2911
v 7.5620 7.3918 0.3574
v 7.5599 7.3780 0.4232
v 7.5463 7.3555 0.4850
v 6.7874 6.4934 1.7881
v 6.7532 6.4571 1.8331
v 6.7111 6.4165 1.8661
v 6.6631 6.3736 1.8854
v 6.6117 6.3306 1.8901
v 6.5594 6.2896 1.8799
v 6.5089 6.2528 1.8553
v 6.0452 5.9572 1.3956
v 6.0056 5.9337 1.3466
v 5.9746 5.9190 1.2888
v 5.9538 5.9136 1.2252
v 5.9442 5.9179 1.1588
v 5.9462 5.9317 1.0931
v 5.9599 5.9542 1.0313
v 6.7188 6.8163 -0.2718
v 6.7530 6.8526 -0.3168
v 6.7951 6.8932 -0.3498
v 6.8431 6.9361 -0.3691
v 6.8945 6.9791 -0.3738
v 6.9467 7.0200 -0.3636
v 6.9972 7.0569 -0.3390
v 7.2944 7.5757 0.1967
v 7.3323 7.5986 0.2472
v 7.3616 7.6125 0.3060
v 7.3808 7.6167 0.3703
v 7.3888 7.6110 0.4367
v 7.3854 7.5956 0.5020
v 7.3707 7.5713 0.5629
v 6.6011 6.6703 1.8176
v 6.5665 6.6323 1.8609
v 6.5244 6.5901 1.8918
v 6.4767 6.5459 1.9089
v 6.4260 6.5019 1.9112
v 6.3748 6.4603 1.8987
v 6.3257 6.4231 1.8720
v 5.8790 6.1304 1.3939
v 5.8410 6.1075 1.3434
v 5.8118 6.0935 1.2846
v 5.7926 6.0893 1.2203
v 5.7846 6.0951 1.1539
v 5.7880 6.1105 1.0886
v 5.8027 6.1348 1.0277
v 6.5722 7.0358 -0.2270
v 6.6068 7.0738 -0.2703
v 6.6490 7.1160 -0.3012
v 6.6966 7.1602 -0.3183
v 6.7473 7.2042 -0.3206
v 6.7985 7.2458 -0.3081
v 6.8477 7.2830 -0.2814
v 7.1221 7.7938 0.2742
v 7.1583 7.8162 0.3262
v 7.1859 7.8291 0.3861
v 7.2034 7.8321 0.4509
v 7.2099 7.8248 0.5173
v 7.2052 7.8077 0.5821
v 7.1894 7.7817 0.6420
v 6.4112 6.8422 1.8466
v 6.3763 6.8025 1.8880
v 6.3341 6.7589 1.9168
v 6.2869 6.7134 1.9316
v 6.2370 6.6685 1.9316
v 6.1869 6.6262 1.9168
v 6.1391 6.5889 1.8880
v 5.7098 6.3003 1.3918
v 5.6736 6.2779 1.3398
v 5.6461 6.2649 1.2799
v 5.6286 6.2620 1.2151
v 5.6220 6.2693 1.1487
v 5.6268 6.2863 1.0839
v 5.6425 6.3124 1.0240
v 6.4207 7.2518 -0.1805
v 6.4557 7.2915 -0.2220
v 6.4978 7.3352 -0.2508
v 6.5450 7.3806 -0.2656
v 6.5949 7.4256 -0.2656
v 6.6450 7.4678 -0.2508
v 6.6928 7.5052 -0.2220
v 6.9441 8.0067 0.3531
v 6.9786 8.0283 0.4065
v 7.0044 8.0403 0.4674
v 7.0202 8.0418 0.5327
v 7.0253 8.0330 0.5991
v 7.0193 8.0142 0.6633
v 7.0025 7.9863 0.7221
v 6.2179 7.0093 1.8749
v 6.1826 6.9679 1.9145
v 6.1406 6.9228 1.9411
v 6.0939 6.8761 1.9536
v 6.0449 6.8303 1.9512
v 5.9959 6.7876 1.9341
v 5.9496 6.7501 1.9031
v 5.5380 6.4667 1.3892
v 5.5035 6.4450 1.3358
v 5.4777 6.4331 1.2750
v 5.4618 6.4315 1.2097
v 5.4568 6.4403 1.1433
v 5.4628 6.4591 1.0791
v 5.4796 6.4870 1.0203
v 6.2642 7.4641 -0.1326
v 6.2994 7.5054 -0.1721
v 6.3414 7.5506 -0.1988
v 6.3881 7.5972 -0.2112
v 6.4372 7.6431 -0.2088
v 6.4861 7.6858 -0.1917
v 6.5325 7.7232 -0.1608
v 6.7604 8.2140 0.4331
v 6.7932 8.2349 0.4879
v 6.8173 8.2457 0.5497
v 6.8315 8.2459 0.6154
v 6.8351 8.2354 0.6816
v 6.8278 8.2148 0.7451
v 6.8102 8.1851 0.8028
v 6.0213 7.1713 1.9026
v 5.9859 7.1283 1.9402
v 5.9441 7.0817 1.9646
v 5.8980 7.0339 1.9747
v 5.8498 6.9873 1.9699
v 5.8021 6.9442 1.9505
v 5.7572 6.9067 1.9174
v 5.3637 6.6295 1.3863
v 5.3309 6.6086 1.3315
v 5.3068 6.5978 1.2697
v 5.2926 6.5977 1.2041
v 5.2890 6.6082 1.1378
v 5.2963 6.6288 1.0743
v 5.3139 6.6585 1.0167
v 6.1028 7.6723 -0.0832
v 6.1382 7.7153 -0.1207
v 6.1800 7.7618 -0.1452
v 6.2261 7.8096 -0.1553
v 6.2743 7.8563 -0.1505
v 6.3220 7.8994 -0.1311
v 6.3669 7.9368 -0.0980
v 6.5712 8.4156 0.5140
v 6.6023 8.4356 0.5701
v 6.6247 8.4452 0.6327
v 6.6373 8.4438 0.6987
v 6.6394 8.4317 0.7647
v 6.6310 8.4092 0.8275
v 6.6125 8.3777 0.8839
v 5.8217 7.3282 1.9295
v 5.7863 7.2836 1.9651
v 5.7447 7.2357 1.9872
v 5.6993 7.1868 1.9949
v 5.6522 7.1395 1.9877
v 5.6058 7.0960 1.9660
v 5.5624 7.0586 1.9308
v 5.1871 6.7887 1.3830
v 5.1560 6.7687 1.3269
v 5.1336 6.7592 1.2643
v 5.1210 6.7605 1.1983
v 5.1189 6.7727 1.1323
v 5.1273 6.7951 1.0695
v 5.1458 6.8267 1.0132
v 5.9366 7.8761 -0.0325
v 5.9721 7.9208 -0.0680
v 6.0136 7.9687 -0.0902
v 6.0590 8.0176 -0.0979
v 6.1061 8.0649 -0.0907
v 6.1526 8.1084 -0.0689
v 6.1959 8.1457 -0.0338
v 6.3766 8.6112 0.5955
v 6.4060 8.6302 0.6528
v 6.4267 8.6385 0.7162
v 6.4377 8.6356 0.7824
v 6.4385 8.6217 0.8481
v 6.4290 8.5974 0.9100
v 6.4098 8.5640 0.9651
v 5.6195 7.4801 1.9556
v 5.5840 7.4339 1.9891
v 5.5428 7.3846 2.0089
v 5.4981 7.3347 2.0142
v 5.4521 7.2867 2.0045
v 5.4071 7.2431 1.9805
v 5.3652 7.2059 1.9434
v 5.0083 6.9442 1.3795
v 4.9790 6.9252 1.3221
v 4.9583 6.9170 1.2588
v 4.9473 6.9199 1.1925
v 4.9465 6.9338 1.1268
v 4.9560 6.9581 1.0649
v 4.9752 6.9914 1.0099
v 5.7655 8.0754 0.0193
v 5.8010 8.1216 -0.0141
v 5.8421 8.1709 -0.0340
v 5.8868 8.2207 -0.0392
v 5.9329 8.2687 -0.0296
v 5.9779 8.3124 -0.0056
v 6.0197 8.3496 0.0316
v 6.1768 8.8006 0.6772
v 6.2043 8.8186 0.7358
v 6.2234 8.8254 0.7998
v 6.2329 8.8209 0.8662
v 6.2324 8.8052 0.9315
v 6.2219 8.7790 0.9925
v 6.2020 8.7438 1.0461
v 5.4147 7.6267 1.9808
v 5.3793 7.5790 2.0121
v 5.3387 7.5284 2.0296
v 5.2948 7.4776 2.0324
v 5.2499 7.4291 2.0204
v 5.2063 7.3853 1.9942
v 5.1661 7.3484 1.9550
v 4.8277 7.0959 1.3757
v 4.8001 7.0779 1.3172
v 4.7810 7.0711 1.2531
v 4.7716 7.0756 1.1868
v 4.7720 7.0913 1.1215
v 4.7825 7.1175 1.0605
v 4.8024 7.1527 1.0068
v 5.5897 8.2698 0.0721
v 5.6251 8.3175 0.0408
v 5.6658 8.3681 0.0233
v 5.7096 8.4189 0.0205
v 5.7545 8.4674 0.0325
v 5.7981 8.5112 0.0588
v 5.8384 8.5481 0.0980
v 5.9717 8.9835 0.7589
v 5.9976 9.0004 0.8186
v 6.0150 9.0058 0.8833
v 6.0230 8.9996 0.9497
v 6.0213 8.9821 1.0145
v 6.0099 8.9540 1.0745
v 5.9894 8.9170 1.1266
v 5.2077 7.7682 2.0051
v 5.1725 7.7189 2.0342
v 5.1324 7.6672 2.0494
v 5.0895 7.6155 2.0497
v 5.0458 7.5665 2.0353
v 5.0036 7.5227 2.0068
v 4.9651 7.4861 1.9657
v 4.6452 7.2436 1.3718
v 4.6193 7.2268 1.3122
v 4.6019 7.2214 1.2475
v 4.5939 7.2276 1.1811
v 4.5956 7.2451 1.1163
v 4.6070 7.2731 1.0563
v 4.6275 7.3102 1.0041
v 5.4093 8.4590 0.1257
v 5.4445 8.5082 0.0966
v 5.4845 8.5600 0.0814
v 5.5275 8.6116 0.0811
v 5.5711 8.6606 0.0955
v 5.6133 8.7045 0.1240
v 5.6519 8.7410 0.1651
v 5.7617 9.1598 0.8404
v 5.7858 9.1755 0.9011
v 5.8016 9.1794 0.9663
v 5.8083 9.1715 1.0326
v 5.8054 9.1521 1.0969
v 5.7932 9.1222 1.1558
v 5.7722 9.0833 1.2064
v 4.9986 7.9044 2.0283
v 4.9637 7.8537 2.0553
v 4.9243 7.8008 2.0680
v 4.8824 7.7483 2.0660
v 4.8400 7.6989 2.0492
v 4.7994 7.6551 2.0185
v 4.7625 7.6190 1.9755
v 4.4611 7.3873 1.3678
v 4.4369 7.3717 1.3071
v 4.4212 7.3677 1.2420
v 4.4145 7.3756 1.1756
v 4.4174 7.3950 1.1113
v 4.4296 7.4249 1.0524
v 4.4506 7.4638 1.0018
v 5.2242 8.6428 0.1799
v 5.2591 8.6935 0.1529
v 5.2985 8.7464 0.1402
v 5.3404 8.7988 0.1422
v 5.3828 8.8482 0.1590
v 5.4234 8.8920 0.1897
v 5.4603 8.9281 0.2327
v 5.5468 9.3293 0.9212
v 5.5693 9.3437 0.9828
v 5.5835 9.3461 1.0484
v 5.5888 9.3365 1.1147
v 5.5849 9.3152 1.1783
v 5.5719 9.2835 1.2361
v 5.5506 9.2428 1.2851
v 4.7877 8.0352 2.0506
v 4.7532 7.9831 2.0753
v 4.7146 7.9292 2.0857
v 4.6738 7.8760 2.0812
v 4.6328 7.8263 2.0621
v 4.5937 7.7826 2.0293
v 4.5585 7.7470 1.9844
v 4.2755 7.5268 1.3638
v 4.2530 7.5124 1.3022
v 4.2388 7.5100 1.2365
v 4.2335 7.5196 1.1703
v 4.2375 7.5408 1.1067
v 4.2504 7.5726 1.0489
v 4.2717 7.6133 0.9999
v 5.0346 8.8209 0.2344
v 5.0691 8.8730 0.2097
v 5.1077 8.9269 0.1993
v 5.1486 8.9801 0.2038
v 5.1895 9.0298 0.2229
v 5.2286 9.0735 0.2557
v 5.2638 9.1091 0.3005
v 5.3272 9.4919 1.0010
v 5.3481 9.5049 1.0635
v 5.3608 9.5058 1.1295
v 5.3648 9.4944 1.1956
v 5.3599 9.4713 1.2585
v 5.3464 9.4377 1.3150
v 5.3248 9.3952 1.3624
v 4.5752 8.1607 2.0718
v 4.5412 8.1073 2.0942
v 4.5035 8.0523 2.1022
v 4.4638 7.9985 2.0954
v 4.4243 7.9486 2.0740
v 4.3869 7.9050 2.0391
v 4.3534 7.8701 1.9925
v 4.0886 7.6619 1.3598
v 4.0678 7.6488 1.2973
v 4.0550 7.6479 1.2313
v 4.0510 7.6593 1.1653
v 4.0559 7.6824 1.1024
v 4.0695 7.7160 1.0458
v 4.0910 7.7585 0.9984
v 4.8407 8.9930 0.2891
v 4.8746 9.0464 0.2666
v 4.9123 9.1014 0.2586
v 4.9520 9.1552 0.2655
v 4.9915 9.2052 0.2869
v 5.0289 9.2487 0.3217
v 5.0624 9.2837 0.3683
v 5.1032 9.6473 1.0796
v 5.1224 9.6591 1.1429
v 5.1337 9.6583 1.2091
v 5.1365 9.6451 1.2749
v 5.1308 9.6202 1.3370
v 5.1167 9.5848 1.3923
v 5.0950 9.5406 1.4380
v 4.3613 8.2808 2.0919
v 4.3279 8.2261 2.1121
v 4.2912 8.1702 2.1178
v 4.2528 8.1158 2.1085
v 4.2148 8.0657 2.0849
v 4.1790 8.0224 2.0480
v 4.1473 7.9881 1.9998
v 3.9004 7.7924 1.3559
v 3.8812 7.7807 1.2926
v 3.8699 7.7814 1.2264
v 3.8671 7.7946 1.1606
v 3.8728 7.8195 1.0985
v 3.8869 7.8550 1.0432
v 3.9086 7.8992 0.9975
v 4.6423 9.1589 0.3436
v 4.6757 9.2136 0.3234
v 4.7124 9.2696 0.3177
v 4.7508 9.3240 0.3270
v 4.7888 9.3741 0.3506
v 4.8246 9.4173 0.3875
v 4.8563 9.4517 0.4357
v 4.8748 9.7956 1.1565
v 4.8924 9.8059 1.2205
v 4.9024 9.8036 1.2869
v 4.9041 9.7886 1.3524
v 4.8976 9.7619 1.4137
v 4.8831 9.7246 1.4677
v 4.8614 9.6787 1.5117
v 4.1461 8.3954 2.1109
v 4.1136 8.3395 2.1289
v 4.0779 8.2827 2.1322
v 4.0409 8.2278 2.1207
v 4.0045 8.1776 2.0949
v 3.9704 8.1346 2.0561
v 3.9404 8.1010 2.0063
v 3.7111 7.9183 1.3522
v 3.6935 7.9079 1.2882
v 3.6836 7.9103 1.2218
v 3.6818 7.9252 1.1563
v 3.6883 7.9520 1.0950
v 3.7028 7.9892 1.0410
v 3.7245 8.0351 0.9970
v 4.4398 9.3184 0.3978
v 4.4724 9.3744 0.3798
v 4.5080 9.4312 0.3765
v 4.5450 9.4861 0.3880
v 4.5815 9.5363 0.4138
v 4.6156 9.5792 0.4526
v 4.6456 9.6128 0.5024
v 4.6423 9.9365 1.2316
v 4.6584 9.9454 1.2962
v 4.6671 9.9415 1.3627
v 4.6678 9.9248 1.4278
v 4.6606 9.8962 1.4882
v 4.6459 9.8572 1.5408
v 4.6243 9.8097 1.5831
v 3.9300 8.5045 2.1287
v 3.8983 8.4474 2.1446
v 3.8638 8.3898 2.1456
v 3.8283 8.3345 2.1319
v 3.7935 8.2843 2.1040
v 3.7611 8.2417 2.0633
v 3.7328 8.2088 2.0120
v 3.5208 8.0393 1.3486
v 3.5047 8.0303 1.2840
v 3.4961 8.0343 1.2175
v 3.4953 8.0510 1.1524
v 3.5025 8.0795 1.0920
v 3.5172 8.1186 1.0394
v 3.5388 8.1661 0.9971
v 4.2331 9.4713 0.4515
v 4.2648 9.5283 0.4356
v 4.2993 9.5860 0.4346
v 4.3349 9.6413 0.4483
v 4.3697 9.6915 0.4762
v 4.4020 9.7341 0.5169
v 4.4303 9.7669 0.5682
v 4.4059 10.0700 1.3045
v 4.4205 10.0776 1.3696
v 4.4280 10.0720 1.4361
v 4.4278 10.0536 1.5007
v 4.4201 10.0233 1.5602
v 4.4053 9.9825 1.6115
v 4.3839 9.9334 1.6520
v 3.7130 8.6080 2.1455
v 3.6823 8.5499 2.1592
v 3.6491 8.4915 2.1580
v 3.6151 8.4358 2.1421
v 3.5819 8.3856 2.1122
v 3.5513 8.3434 2.0698
v 3.5248 8.3114 2.0170
v 3.3296 8.1552 1.3452
v 3.3150 8.1476 1.2801
v 3.3075 8.1532 1.2136
v 3.3077 8.1716 1.1490
v 3.3154 8.2020 1.0895
v 3.3303 8.2427 1.0382
v 3.3516 8.2918 0.9977
v 4.0225 9.6172 0.5042
v 4.0532 9.6753 0.4905
v 4.0864 9.7337 0.4917
v 4.1204 9.7894 0.5076
v 4.1536 9.8396 0.5375
v 4.1842 9.8818 0.5799
v 4.2107 9.9138 0.6327
v 4.1658 10.1960 1.3748
v 4.1790 10.2022 1.4404
v 4.1853 10.1951 1.5069
v 4.1844 10.1750 1.5710
v 4.1763 10.1429 1.6294
v 4.1614 10.1005 1.6794
v 4.1405 10.0498 1.7182
v 3.4954 8.7060 2.1612
v 3.4658 8.6468 2.1727
v 3.4339 8.5877 2.1694
v 3.4015 8.5317 2.1514
v 3.3701 8.4816 2.1195
v 3.3413 8.4399 2.0755
v 3.3165 8.4086 2.0214
v 3.1376 8.2659 1.3421
v 3.1243 8.2597 1.2766
v 3.1180 8.2669 1.2101
v 3.1189 8.2870 1.1460
v 3.1271 8.3190 1.0875
v 3.1420 8.3615 1.0376
v 3.1629 8.4121 0.9987
v 3.8080 9.7560 0.5558
v 3.8376 9.8151 0.5442
v 3.8694 9.8742 0.5475
v 3.9019 9.9302 0.5656
v 3.9333 9.9803 0.5974
v 3.9621 10.0221 0.6415
v 3.9869 10.0533 0.6955
v 3.9222 10.3145 1.4423
v 3.9341 10.3193 1.5083
v 3.9394 10.3106 1.5747
v 3.9378 10.2889 1.6382
v 3.9294 10.2551 1.6957
v 3.9146 10.2111 1.7442
v 3.8942 10.1590 1.7814
v 3.2772 8.7982 2.1757
v 3.2488 8.7381 2.1853
v 3.2184 8.6784 2.1798
v 3.1877 8.6221 2.1598
v 3.1580 8.5721 2.1261
v 3.1310 8.5309 2.0805
v 3.1080 8.5004 2.0252
v 2.9448 8.3711 1.3393
v 2.9329 8.3663 1.2734
v 2.9276 8.3750 1.2070
v 2.9292 8.3968 1.1434
v 2.9376 8.4305 1.0860
v 2.9524 8.4745 1.0374
v 2.9728 8.5266 1.0002
v 3.5898 9.8875 0.6059
v 3.6182 9.9476 0.5964
v 3.6485 10.0073 0.6018
v 3.6793 10.0635 0.6219
v 3.7089 10.1135 0.6555
v 3.7359 10.1548 0.7012
v 3.7590 10.1852 0.7565
v 3.6753 10.4255 1.5068
v 3.6860 10.4289 1.5731
v 3.6903 10.4187 1.6393
v 3.6881 10.3953 1.7023
v 3.6796 10.3600 1.7587
v 3.6650 10.3144 1.8059
v 3.6452 10.2609 1.8414
v 3.0586 8.8847 2.1892
v 3.0315 8.8237 2.1967
v 3.0028 8.7634 2.1893
v 2.9737 8.7070 2.1674
v 2.9459 8.6571 2.1320
v 2.9207 8.6164 2.0849
v 2.8994 8.5868 2.0284
v 2.7513 8.4707 1.3368
v 2.7406 8.4672 1.2706
v 2.7363 8.4775 1.2043
v 2.7385 8.5008 1.1414
v 2.7470 8.5362 1.0849
v 2.7616 8.5817 1.0377
v 2.7814 8.6352 1.0022
v 3.3680 10.0114 0.6544
v 3.3951 10.0724 0.6469
v 3.4239 10.1327 0.6543
v 3.4529 10.1892 0.6762
v 3.4807 10.2390 0.7117
v 3.5059 10.2797 0.7587
v 3.5272 10.3093 0.8152
v 3.4254 10.5288 1.5680
v 3.4349 10.5309 1.6344
v 3.4384 10.5192 1.7005
v 3.4357 10.4943 1.7628
v 3.4271 10.4574 1.8183
v 3.4130 10.4104 1.8642
v 3.3939 10.3556 1.8981
v 2.8398 8.9655 2.2016
v 2.8141 8.9036 2.2072
v 2.7870 8.8429 2.1979
v 2.7598 8.7862 2.1742
v 2.7338 8.7366 2.1371
v 2.7104 8.6964 2.0886
v 2.6908 8.6676 2.0312
v 2.5572 8.5644 1.3346
v 2.5477 8.5623 1.2681
v 2.5442 8.5740 1.2020
v 2.5468 8.5989 1.1397
v 2.5554 8.6358 1.0842
v 2.5696 8.6828 1.0384
v 2.5886 8.7376 1.0044
v 3.1428 10.1277 0.7009
v 3.1685 10.1895 0.6953
v 3.1956 10.2503 0.7046
v 3.2228 10.3069 0.7284
v 3.2488 10.3566 0.7654
v 3.2721 10.3968 0.8139
v 3.2918 10.4255 0.8713
v 3.1727 10.6244 1.6255
v 3.1810 10.6253 1.6922
v 3.1838 10.6122 1.7580
v 3.1808 10.5858 1.8197
v 3.1723 10.5474 1.8742
v 3.1586 10.4991 1.9188
v 3.1405 10.4430 1.9511
v 2.6208 9.0404 2.2130
v 2.5966 8.9778 2.2168
v 2.5713 8.9166 2.2057
v 2.5459 8.8599 2.1802
v 2.5218 8.8104 2.1416
v 2.5003 8.7707 2.0919
v 2.4823 8.7428 2.0335
v 2.3625 8.6521 1.3326
v 2.3542 8.6512 1.2660
v 2.3514 8.6643 1.2001
v 2.3544 8.6907 1.1384
v 2.3629 8.7290 1.0839
v 2.3766 8.7774 1.0394
v 2.3947 8.8335 1.0070
v 2.9144 10.2361 0.7452
v 2.9385 10.2987 0.7414
v 2.9639 10.3599 0.7525
v 2.9892 10.4166 0.7780
v 3.0133 10.4661 0.8165
v 3.0349 10.5058 0.8663
v 3.0529 10.5337 0.9247
v 2.9173 10.7124 1.6793
v 2.9246 10.7121 1.7461
v 2.9267 10.6976 1.8117
v 2.9235 10.6699 1.8728
v 2.9152 10.6301 1.9263
v 2.9022 10.5805 1.9696
v 2.8851 10.5233 2.0005
v 2.4017 9.1095 2.2233
v 2.3792 9.0462 2.2254
v 2.3557 8.9846 2.2126
v 2.3322 8.9278 2.1855
v 2.3101 8.8785 2.1455
v 2.2903 8.8394 2.0946
v 2.2740 8.8123 2.0354
v 2.1673 8.7335 1.3310
v 2.1600 8.7339 1.2642
v 2.1579 8.7483 1.1986
v 2.1611 8.7761 1.1375
v 2.1694 8.8158 1.0840
v 2.1825 8.8655 1.0407
v 2.1996 8.9227 1.0098
v 2.6829 10.3365 0.7870
v 2.7054 10.3997 0.7849
v 2.7290 10.4613 0.7977
v 2.7524 10.5182 0.8248
v 2.7746 10.5674 0.8648
v 2.7943 10.6066 0.9156
v 2.8106 10.6337 0.9749
v 2.6596 10.7928 1.7291
v 2.6659 10.7913 1.7960
v 2.6675 10.7756 1.8613
v 2.6642 10.7465 1.9217
v 2.6562 10.7055 1.9743
v 2.6439 10.6546 2.0164
v 2.6279 10.5964 2.0459
v 2.1827 9.1727 2.2325
v 2.1619 9.1088 2.2331
v 2.1402 9.0469 2.2187
v 2.1188 8.9900 2.1902
v 2.0986 8.9409 2.1489
v 2.0807 8.9023 2.0969
v 2.0659 8.8759 2.0369
v 1.9717 8.8085 1.3296
v 1.9653 8.8101 1.2627
v 1.9638 8.8257 1.1974
v 1.9671 8.8548 1.1369
v 1.9751 8.8958 1.0843
v 1.9874 8.9467 1.0422
v 2.0034 9.0049 1.0127
v 2.4486 10.4287 0.8261
v 2.4694 10.4925 0.8256
v 2.4910 10.5545 0.8400
v 2.5125 10.6114 0.8685
v 2.5327 10.6604 0.9098
v 2.5506 10.6990 0.9617
v 2.5653 10.7254 1.0217
v 2.3997 10.8655 1.7747
v 2.4052 10.8629 1.8416
v 2.4063 10.8460 1.9066
v 2.4029 10.8157 1.9665
v 2.3954 10.7735 2.0182
v 2.3839 10.7216 2.0592
v 2.3692 10.6624 2.0874
v 1.9637 9.2299 2.2408
v 1.9448 9.1655 2.2399
v 1.9250 9.1033 2.2241
v 1.9056 9.0463 2.1942
v 1.8874 8.9976 2.1518
v 1.8713 8.9594 2.0989
v 1.8581 8.9338 2.0382
v 1.7756 8.8770 1.3284
v 1.7702 8.8796 1.2615
v 1.7691 8.8964 1.1965
v 1.7724 8.9267 1.1366
v 1.7800 8.9689 1.0849
v 1.7914 9.0209 1.0439
v 1.8061 9.0801 1.0157
v 2.2116 10.5125 0.8623
v 2.2306 10.5770 0.8632
v 2.2503 10.6392 0.8790
v 2.2698 10.6961 0.9089
v 2.2880 10.7449 0.9514
v 2.3041 10.7831 1.0043
v 2.3172 10.8087 1.0649
v 2.1379 10.9305 1.8160
v 2.1425 10.9269 1.8829
v 2.1433 10.9090 1.9476
v 2.1400 10.8776 2.0069
v 2.1330 10.8343 2.0578
v 2.1225 10.7813 2.0978
v 2.1092 10.7213 2.1248
v 1.7449 9.2813 2.2482
v 1.7278 9.2163 2.2459
v 1.7101 9.1538 2.2288
v 1.6927 9.0969 2.1977
v 1.6765 9.0483 2.1542
v 1.6622 9.0106 2.1005
v 1.6506 8.9857 2.0392
v 1.5792 8.9387 1.3275
v 1.5746 8.9423 1.2606
v 1.5739 8.9602 1.1958
v 1.5771 8.9916 1.1365
v 1.5841 9.0349 1.0856
v 1.5946 9.0878 1.0457
v 1.6080 9.1479 1.0187
v 1.9722 10.5879 0.8953
v 1.9893 10.6528 0.8975
v 2.0070 10.7154 0.9146
v 2.0244 10.7723 0.9457
v 2.0406 10.8208 0.9892
v 2.0549 10.8585 1.0430
v 2.0665 10.8835 1.1043
v 1.8744 10.9878 1.8527
v 1.8783 10.9834 1.9196
v 1.8787 10.9645 1.9841
v 1.8757 10.9321 2.0429
v 1.8693 10.8878 2.0930
v 1.8599 10.8340 2.1320
v 1.8480 10.7731 2.1579
v 1.5262 9.3266 2.2546
v 1.5111 9.2612 2.2511
v 1.4955 9.1985 2.2328
v 1.4802 9.1415 2.2007
v 1.4660 9.0932 2.1562
v 1.4535 9.0560 2.1017
v 1.4434 9.0316 2.0399
v 1.3825 8.9935 1.3268
v 1.3786 8.9980 1.2598
v 1.3782 9.0169 1.1954
v 1.3812 9.0492 1.1366
v 1.3876 9.0935 1.0864
v 1.3970 9.1474 1.0474
v 1.4089 9.2082 1.0215
v 1.7307 10.6547 0.9249
v 1.7458 10.7201 0.9283
v 1.7614 10.7828 0.9466
v 1.7767 10.8398 0.9788
v 1.7909 10.8881 1.0232
v 1.8034 10.9254 1.0777
v 1.8135 10.9497 1.1395
v 1.6094 11.0375 1.8848
v 1.6126 11.0323 1.9517
v 1.6128 11.0125 2.0159
v 1.6100 10.9793 2.0742
v 1.6044 10.9342 2.1237
v 1.5961 10.8795 2.1619
v 1.5857 10.8180 2.1868
v 1.3077 9.3659 2.2601
v 1.2947 9.3002 2.2556
v 1.2812 9.2373 2.2363
v 1.2680 9.1803 2.2031
v 1.2558 9.1322 2.1579
v 1.2451 9.0953 2.1028
v 1.2366 9.0715 2.0405
v 1.1855 9.0413 1.3262
v 1.1823 9.0465 1.2593
v 1.1821 9.0663 1.1951
v 1.1849 9.0995 1.1368
v 1.1905 9.1446 1.0873
v 1.1988 9.1993 1.0491
v 1.2091 9.2608 1.0242
v 1.4871 10.7129 0.9509
v 1.5002 10.7786 0.9554
v 1.5137 10.8415 0.9747
v 1.5269 10.8985 1.0079
v 1.5391 10.9466 1.0531
v 1.5498 10.9835 1.1082
v 1.5583 11.0073 1.1705
v 1.3431 11.0795 1.9122
v 1.3457 11.0736 1.9790
v 1.3457 11.0531 2.0430
v 1.3433 11.0191 2.1009
v 1.3385 10.9733 2.1498
v 1.3315 10.9180 2.1872
v 1.3227 10.8559 2.2114
v 1.0894 9.3992 2.2647
v 1.0784 9.3332 2.2593
v 1.0672 9.2701 2.2391
v 1.0561 9.2132 2.2052
v 1.0459 9.1652 2.1592
v 1.0371 9.1287 2.1036
v 1.0300 9.1054 2.0410
v 0.9883 9.0819 1.3258
v 0.9857 9.0879 1.2589
v 0.9856 9.1083 1.1949
v 0.9881 9.1423 1.1370
v 0.9929 9.1882 1.0881
v 0.9999 9.2435 1.0507
v 1.0087 9.3056 1.0266
v 1.2419 10.7622 0.9732
v 1.2529 10.8283 0.9787
v 1.2642 10.8914 0.9989
v 1.2752 10.9483 1.0328
v 1.2854 10.9962 1.0787
v 1.2943 11.0328 1.1344
v 1.3014 11.0561 1.1970
v 1.0757 11.1139 1.9347
v 1.0777 11.1074 2.0015
v 1.0777 11.0863 2.0653
v 1.0757 11.0517 2.1228
v 1.0717 11.0053 2.1712
v 1.0661 10.9494 2.2081
v 1.0589 10.8868 2.2315
v 0.8713 9.4265 2.2684
v 0.8625 9.3602 2.2623
v 0.8534 9.2970 2.2414
v 0.8445 9.2401 2.2068
v 0.8364 9.1923 2.1603
v 0.8293 9.1560 2.1042
v 0.8236 9.1331 2.0413
v 0.7909 9.1153 1.3255
v 0.7889 9.1218 1.2586
v 0.7889 9.1429 1.1948
v 0.7909 9.1775 1.1373
v 0.7949 9.2239 1.0889
v 0.8005 9.2798 1.0521
v 0.8076 9.3424 1.0286
v 0.9953 10.8027 0.9917
v 1.0041 10.8690 0.9979
v 1.0132 10.9322 1.0188
v 1.0221 10.9892 1.0534
v 1.0302 11.0370 1.0999
v 1.0373 11.0732 1.1560
v 1.0430 11.0961 1.2189
v 0.8075 11.1406 1.9523
v 0.8090 11.1337 2.0191
v 0.8089 11.1121 2.0827
v 0.8074 11.0770 2.1400
v 0.8044 11.0301 2.1880
v 0.8001 10.9738 2.2243
v 0.7947 10.9109 2.2472
v 0.6533 9.4477 2.2713
v 0.6467 9.3812 2.2646
v 0.6398 9.3179 2.2431
v 0.6332 9.2610 2.2080
v 0.6270 9.2133 2.1611
v 0.6217 9.1773 2.1046
v 0.6175 9.1547 2.0415
v 0.5933 9.1414 1.3252
v 0.5918 9.1483 1.2584
v 0.5919 9.1699 1.1948
v 0.5934 9.2050 1.1376
v 0.5965 9.2519 1.0896
v 0.6008 9.3082 1.0532
v 0.6061 9.3711 1.0303
v 0.7475 10.8343 1.0062
v 0.7542 10.9008 1.0130
v 0.7610 10.9641 1.0344
v 0.7676 11.0210 1.0695
v 0.7738 11.0687 1.1164
v 0.7791 11.1047 1.1729
v 0.7833 11.1273 1.2360
v 0.5387 11.1597 1.9649
v 0.5397 11.1525 2.0317
v 0.5396 11.1306 2.0952
v 0.5385 11.0951 2.1522
v 0.5365 11.0479 2.1999
v 0.5336 10.9912 2.2360
v 0.5300 10.9280 2.2585
v 0.4355 9.4629 2.2734
v 0.4310 9.3962 2.2662
v 0.4264 9.3329 2.2443
v 0.4220 9.2760 2.2089
v 0.4179 9.2284 2.1616
v 0.4144 9.1925 2.1049
v 0.4116 9.1702 2.0416
v 0.3956 9.1600 1.3251
v 0.3946 9.1673 1.2583
v 0.3947 9.1892 1.1948
v 0.3958 9.2247 1.1378
v 0.3978 9.2719 1.0900
v 0.4007 9.3285 1.0540
v 0.4043 9.3917 1.0315
v 0.4988 10.8569 1.0166
v 0.5033 10.9235 1.0238
v 0.5078 10.9869 1.0457
v 0.5123 11.0438 1.0811
v 0.5164 11.0914 1.1284
v 0.5199 11.1272 1.1851
v 0.5227 11.1496 1.2483
v 0.2695 11.1712 1.9725
v 0.2699 11.1637 2.0392
v 0.2699 11.1416 2.1027
v 0.2694 11.1059 2.1596
v 0.2683 11.0585 2.2071
v 0.2669 11.0017 2.2430
v 0.2651 10.9383 2.2652
v 0.2177 9.4720 2.2746
v 0.2155 9.4052 2.2672
v 0.2132 9.3418 2.2450
v 0.2110 9.2850 2.2094
v 0.2089 9.2374 2.1619
v 0.2072 9.2017 2.1051
v 0.2058 9.1794 2.0417
v 0.1978 9.1713 1.3250
v 0.1973 9.1787 1.2583
v 0.1974 9.2008 1.1948
v 0.1979 9.2365 1.1379
v 0.1989 9.2839 1.0903
v 0.2004 9.3408 1.0545
v 0.2022 9.4041 1.0323
v 0.2496 10.8705 1.0229
v 0.2518 10.9372 1.0303
v 0.2541 11.0006 1.0524
v 0.2563 11.0575 1.0881
v 0.2583 11.1050 1.1356
v 0.2601 11.1408 1.1924
v 0.2615 11.1630 1.2558
v 0.0000 11.1750 1.9750
v 0.0000 11.1675 2.0418
v 0.0000 11.1453 2.1052
v 0.0000 11.1095 2.1620
v 0.0000 11.0620 2.2095
v 0.0000 11.0052 2.2453
v 0.0000 10.9418 2.2675
v 0.0000 9.4750 2.2750
v 0.0000 9.4082 2.2675
v 0.0000 9.3448 2.2453
v 0.0000 9.2880 2.2095
v 0.0000 9.2405 2.1620
v 0.0000 9.2047 2.1052
v 0.0000 9.1825 2.0418
v 0.0000 9.1750 1.3250
v 0.0000 9.1825 1.2582
v 0.0000 9.2047 1.1948
v 0.0000 9.2405 1.1380
v 0.0000 9.2880 1.0905
v 0.0000 9.3448 1.0547
v 0.0000 9.4082 1.0325
v 0.0000 10.8750 1.0250
v 0.0000 10.9418 1.0325
v 0.0000 11.0052 1.0547
v 0.0000 11.0620 1.0905
v 0.0000 11.1095 1.1380
v 0.0000 11.1453 1.1948
v 0.0000 11.1675 1.2582
v -0.2695 11.1712 1.9725
v -0.2699 11.1637 2.0392
v -0.2699 11.1416 2.1027
v -0.2694 11.1059 2.1596
v -0.2683 11.0585 2.2071
v -0.2669 11.0017 2.2430
v -0.2651 10.9383 2.2652
v -0.2177 9.4720 2.2746
v -0.2155 9.4052 2.2672
v -0.2132 9.3418 2.2450
v -0.2110 9.2850 2.2094
v -0.2089 9.2374 2.1619
v -0.2072 9.2017 2.1051
v -0.2058 9.1794 2.0417
v -0.1978 9.1713 1.3250
v -0.1973 9.1787 1.2583
v -0.1974 9.2008 1.1948
v -0.1979 9.2365 1.1379
v -0.1989 9.2839 1.0903
v -0.2004 9.3408 1.0545
v -0.2022 9.4041 1.0323
v -0.2496 10.8705 1.0229
v -0.2518 10.9372 1.0303
v -0.2541 11.0006 1.0524
v -0.2563 11.0575 1.0881
v -0.2583 11.1050 1.1356
v -0.2601 11.1408 1.1924
v -0.2615 11.1630 1.2558
v -0.5387 11.1597 1.9649
v -0.5397 11.1525 2.0317
v -0.5396 11.1306 2.0952
v -0.5385 11.0951 2.1522
v -0.5365 11.0479 2.1999
v -0.5336 10.9912 2.2360
v -0.5300 10.9280 2.2585
v -0.4355 9.4629 2.2734
v -0.4310 9.3962 2.2662
v -0.4264 9.3329 2.2443
v -0.4220 9.2760 2.2089
v -0.4179 9.2284 2.1616
v -0.4144 9.1925 2.1049
v -0.4116 9.1702 2.0416
v -0.3956 9.1600 1.3251
v -0.3946 9.1673 1.2583
v -0.3947 9.1892 1.1948
v -0.3958 9.2247 1.1378
v -0.3978 9.2719 1.0900
v -0.4007 9.3285 1.0540
v -0.4043 9.3917 1.0315
v -0.4988 10.8569 1.0166
v -0.5033 10.9235 1.0238
v -0.5078 10.9869 1.0457
v -0.5123 11.0438 1.0811
v -0.5164 11.0914 1.1284
v -0.5199 11.1272 1.1851
v -0.5227 11.1496 1.2483
v -0.8075 11.1406 1.9523
v -0.8090 11.1337 2.0191
v -0.8089 11.1121 2.0827
v -0.8074 11.0770 2.1400
v -0.8044 11.0301 2.1880
v -0.8001 10.9738 2.2243
v -0.7947 10.9109 2.2472
v -0.6533 9.4477 2.2713
v -0.6467 9.3812 2.2646
v -0.6398 9.3179 2.2431
v -0.6332 9.2610 2.2080
v -0.6270 9.2133 2.1611
v -0.6217 9.1773 2.1046
v -0.6175 9.1547 2.0415
v -0.5933 9.1414 1.3252
v -0.5918 9.1483 1.2584
v -0.5919 9.1699 1.1948
v -0.5934 9.2050 1.1376
v -0.5965 9.2519 1.0896
v -0.6008 9.3082 1.0532
v -0.6061 9.3711 1.0303
v -0.7475 10.8343 1.0062
v -0.7542 10.9008 1.0130
v -0.7610 10.9641 1.0344
v -0.7676 11.0210 1.0695
v -0.7738 11.0687 1.1164
v -0.7791 11.1047 1.1729
v -0.7833 11.1273 1.2360
v -1.0757 11.1139 1.9347
v -1.0777 11.1074 2.0015
v -1.0777 11.0863 2.0653
v -1.0757 11.0517 2.1228
v -1.0717 11.0053 2.1712
v -1.0661 10.9494 2.2081
v -1.0589 10.8868 2.2315
v -0.8713 9.4265 2.2684
v -0.8625 9.3602 2.2623
v -0.8534 9.2970 2.2414
v -0.8445 9.2401 2.2068
v -0.8364 9.1923 2.1603
v -0.8293 9.1560 2.1042
v -0.8236 9.1331 2.0413
v -0.7909 9.1153 1.3255
v -0.7889 9.1218 1.2586
v -0.7889 9.1429 1.1948
v -0.7909 9.1775 1.1373
v -0.7949 9.2239 1.0889
v -0.8005 9.2798 1.0521
v -0.8076 9.3424 1.0286
v -0.9953 10.8027 0.9917
v -1.0041 10.8690 0.9979
v -1.0132 10.9322 1.0188
v -1.0221 10.9892 1.0534
v -1.0302 11.0370 1.0999
v -1.0373 11.0732 1.1560
v -1.0430 11.0961 1.2189
v -1.3431 11.0795 1.9122
v -1.3457 11.0736 1.9790
v -1.3457 11.0531 2.0430
v -1.3433 11.0191 2.1009
v -1.3385 10.9733 2.1498
v -1.3315 10.9180 2.1872
v -1.3227 10.8559 2.2114
v -1.0894 9.3992 2.2647
v -1.0784 9.3332 2.2593
v -1.0672 9.2701 2.2391
v -1.0561 9.2132 2.2052
v -1.0459 9.1652 2.1592
v -1.0371 9.1287 2.1036
v -1.0300 9.1054 2.0410
v -0.9883 9.0819 1.3258
v -0.9857 9.0879 1.2589
v -0.9856 9.1083 1.1949
v -0.9881 9.1423 1.1370
v -0.9929 9.1882 1.0881
v -0.9999 9.2435 1.0507
v -1.0087 9.3056 1.0266
v -1.2419 10.7622 0.9732
v -1.2529 10.8283 0.9787
v -1.2642 10.8914 0.9989
v -1.2752 10.9483 1.0328
v -1.2854 10.9962 1.0787
v -1.2943 11.0328 1.1344
v -1.3014 11.0561 1.1970
v -1.6094 11.0375 1.8848
v -1.6126 11.0323 1.9517
v -1.6128 11.0125 2.0159
v -1.6100 10.9793 2.0742
v -1.6044 10.9342 2.1237
v -1.5961 10.8795 2.1619
v -1.5857 10.8180 2.1868
v -1.3077 9.3659 2.2601
v -1.2947 9.3002 2.2556
v -1.2812 9.2373 2.2363
v -1.2680 9.1803 2.2031
v -1.2558 9.1322 2.1579
v -1.2451 9.0953 2.1028
v -1.2366 9.0715 2.0405
v -1.1855 9.0413 1.3262
v -1.1823 9.0465 1.2593
v -1.1821 9.0663 1.1951
v -1.1849 9.0995 1.1368
v -1.1905 9.1446 1.0873
v -1.1988 9.1993 1.0491
v -1.2091 9.2608 1.0242
v -1.4871 10.7129 0.9509
v -1.5002 10.7786 0.9554
v -1.5137 10.8415 0.9747
v -1.5269 10.8985 1.0079
v -1.5391 10.9466 1.0531
v -1.5498 10.9835 1.1082
v -1.5583 11.0073 1.1705
v -1.8744 10.9878 1.8527
v -1.8783 10.9834 1.9196
v -1.8787 10.9645 1.9841
v -1.8757 10.9321 2.0429
v -1.8693 10.8878 2.0930
v -1.8599 10.8340 2.1320
v -1.8480 10.7731 2.1579
v -1.5262 9.3266 2.2546
v -1.5111 9.2612 2.2511
v -1.4955 9.1985 2.2328
v -1.4802 9.1415 2.2007
v -1.4660 9.0932 2.1562
v -1.4535 9.0560 2.1017
v -1.4434 9.0316 2.0399
v -1.3825 8.9935 1.3268
v -1.3786 8.9980 1.2598
v -1.3782 9.0169 1.1954
v -1.3812 9.0492 1.1366
v -1.3876 9.0935 1.0864
v -1.3970 9.1474 1.0474
v -1.4089 9.2082 1.0215
v -1.7307 10.6547 0.9249
v -1.7458 10.7201 0.9283
v -1.7614 10.7828 0.9466
v -1.7767 10.8398 0.9788
v -1.7909 10.8881 1.0232
v -1.8034 10.9254 1.0777
v -1.8135 10.9497 1.1395
v -2.1379 10.9305 1.8160
v -2.1425 10.9269 1.8829
v -2.1433 10.9090 1.9476
v -2.1400 10.8776 2.0069
v -2.1330 10.8343 2.0578
v -2.1225 10.7813 2.0978
v -2.1092 10.7213 2.1248
v -1.7449 9.2813 2.2482
v -1.7278 9.2163 2.2459
v -1.7101 9.1538 2.2288
v -1.6927 9.0969 2.1977
v -1.6765 9.0483 2.1542
v -1.6622 9.0106 2.1005
v -1.6506 8.9857 2.0392
v -1.5792 8.9387 1.3275
v -1.5746 8.9423 1.2606
v -1.5739 8.9602 1.1958
v -1.5771 8.9916 1.1365
v -1.5841 9.0349 1.0856
v -1.5946 9.0878 1.0457
v -1.6080 9.1479 1.0187
v -1.9722 10.5879 0.8953
v -1.9893 10.6528 0.8975
v -2.0070 10.7154 0.9146
v -2.0244 10.7723 0.9457
v -2.0406 10.8208 0.9892
v -2.0549 10.8585 1.0430
v -2.0665 10.8835 1.1043
v -2.3997 10.8655 1.7747
v -2.4052 10.8629 1.8416
v -2.4063 10.8460 1.9066
v -2.4029 10.8157 1.9665
v -2.3954 10.7735 2.0182
v -2.3839 10.7216 2.0592
v -2.3692 10.6624 2.0874
v -1.9637 9.2299 2.2408
v -1.9448 9.1655 2.2399
v -1.9250 9.1033 2.2241
v -1.9056 9.0463 2.1942
v -1.8874 8.9976 2.1518
v -1.8713 8.9594 2.0989
v -1.8581 8.9338 2.0382
v -1.7756 8.8770 1.3284
v -1.7702 8.8796 1.2615
v -1.7691 8.8964 1.1965
v -1.7724 8.9267 1.1366
v -1.7800 8.9689 1.0849
v -1.7914 9.0209 1.0439
v -1.8061 9.0801 1.0157
v -2.2116 10.5125 0.8623
v -2.2306 10.5770 0.8632
v -2.2503 10.6392 0.8790
v -2.2698 10.6961 0.9089
v -2.2880 10.7449 0.9514
v -2.3041 10.7831 1.0043
v -2.3172 10.8087 1.0649
v -2.6596 10.7928 1.7291
v -2.6659 10.7913 1.7960
v -2.6675 10.7756 1.8613
v -2.6642 10.7465 1.9217
v -2.6562 10.7055 1.9743
v -2.6439 10.6546 2.0164
v -2.6279 10.5964 2.0459
v -2.1827 9.1727 2.2325
v -2.1619 9.1088 2.2331
v -2.1402 9.0469 2.2187
v -2.1188 8.9900 2.1902
v -2.0986 8.9409 2.1489
v -2.0807 8.9023 2.0969
v -2.0659 8.8759 2.0369
v -1.9717 8.8085 1.3296
v -1.9653 8.8101 1.2627
v -1.9638 8.8257 1.1974
v -1.9671 8.8548 1.1369
v -1.9751 8.8958 1.0843
v -1.9874 8.9467 1.0422
v -2.0034 9.0049 1.0127
v -2.4486 10.4287 0.8261
v -2.4694 10.4925 0.8256
v -2.4910 10.5545 0.8400
v -2.5125 10.6114 0.8685
v -2.5327 10.6604 0.9098
v -2.5506 10.6990 0.9617
v -2.5653 10.7254 1.0217
v -2.9173 10.7124 1.6793
v -2.9246 10.7121 1.7461
v -2.9267 10.6976 1.8117
v -2.9235 10.6699 1.8728
v -2.9152 10.6301 1.9263
v -2.9022 10.5805 1.9696
v -2.8851 10.5233 2.0005
v -2.4017 9.1095 2.2233
v -2.3792 9.0462 2.2254
v -2.3557 8.9846 2.2126
v -2.3322 8.9278 2.1855
v -2.3101 8.8785 2.1455
v -2.2903 8.8394 2.0946
v -2.2740 8.8123 2.0354
v -2.1673 8.7335 1.3310
v -2.1600 8.7339 1.2642
v -2.1579 8.7483 1.1986
v -2.1611 8.7761 1.1375
v -2.1694 8.8158 1.0840
v -2.1825 8.8655 1.0407
v -2.1996 8.9227 1.0098
v -2.6829 10.3365 0.7870
v -2.7054 10.3997 0.7849
v -2.7290 10.4613 0.7977
v -2.7524 10.5182 0.8248
v -2.7746 10.5674 0.8648
v -2.7943 10.6066 0.9156
v -2.8106 10.6337 0.9749
v -3.1727 10.6244 1.6255
v -3.1810 10.6253 1.6922
v -3.1838 10.6122 1.7580
v -3.1808 10.5858 1.8197
v -3.1723 10.5474 1.8742
v -3.1586 10.4991 1.9188
v -3.1405 10.4430 1.9511
v -2.6208 9.0404 2.2130
v -2.5966 8.9778 2.2168
v -2.5713 8.9166 2.2057
v -2.5459 8.8599 2.1802
v -2.5218 8.8104 2.1416
v -2.5003 8.7707 2.0919
v -2.4823 8.7428 2.0335
v -2.3625 8.6521 1.3326
v -2.3542 8.6512 1.2660
v -2.3514 8.6643 1.2001
v -2.3544 8.6907 1.1384
v -2.3629 8.7290 1.0839
v -2.3766 8.7774 1.0394
v -2.3947 8.8335 1.0070
v -2.9144 10.2361 0.7452
v -2.9385 10.2987 0.7414
v -2.9639 10.3599 0.7525
v -2.9892 10.4166 0.7780
v -3.0133 10.4661 0.8165
v -3.0349 10.5058 0.8663
v -3.0529 10.5337 0.9247
v -3.4254 10.5288 1.5680
v -3.4349 10.5309 1.6344
v -3.4384 10.5192 1.7005
v -3.4357 10.4943 1.7628
v -3.4271 10.4574 1.8183
v -3.4130 10.4104 1.8642
v -3.3939 10.3556 1.8981
v -2.8398 8.9655 2.2016
v -2.8141 8.9036 2.2072
v -2.7870 8.8429 2.1979
v -2.7598 8.7862 2.1742
v -2.7338 8.7366 2.1371
v -2.7104 8.6964 2.0886
v -2.6908 8.6676 2.0312
v -2.5572 8.5644 1.3346
v -2.5477 8.5623 1.2681
v -2.5442 8.5740 1.2020
v -2.5468 8.5989 1.1397
v -2.5554 8.6358 1.0842
v -2.5696 8.6828 1.0384
v -2.5886 8.7376 1.0044
v -3.1428 10.1277 0.7009
v -3.1685 10.1895 0.6953
v -3.1956 10.2503 0.7046
v -3.2228 10.3069 0.7284
v -3.2488 10.3566 0.7654
v -3.2721 10.3968 0.8139
v -3.2918 10.4255 0.8713
v -3.6753 10.4255 1.5068
v -3.6860 10.4289 1.5731
v -3.6903 10.4187 1.6393
v -3.6881 10.3953 1.7023
v -3.6796 10.3600 1.7587
v -3.6650 10.3144 1.8059
v -3.6452 10.2609 1.8414
v -3.0586 8.8847 2.1892
v -3.0315 8.8237 2.1967
v -3.0028 8.7634 2.1893
v -2.9737 8.7070 2.1674
v -2.9459 8.6571 2.1320
v -2.9207 8.6164 2.0849
v -2.8994 8.5868 2.0284
v -2.7513 8.4707 1.3368
v -2.7406 8.4672 1.2706
v -2.7363 8.4775 1.2043
v -2.7385 8.5008 1.1414
v -2.7470 8.5362 1.0849
v -2.7616 8.5817 1.0377
v -2.7814 8.6352 1.0022
v -3.3680 10.0114 0.6544
v -3.3951 10.0724 0.6469
v -3.4239 10.1327 0.6543
v -3.4529 10.1892 0.6762
v -3.4807 10.2390 0.7117
v -3.5059 10.2797 0.7587
v -3.5272 10.3093 0.8152
v -3.9222 10.3145 1.4423
v -3.9341 10.3193 1.5083
v -3.9394 10.3106 1.5747
v -3.9378 10.2889 1.6382
v -3.9294 10.2551 1.6957
v -3.9146 10.2111 1.7442
v -3.8942 10.1590 1.7814
v -3.2772 8.7982 2.1757
v -3.2488 8.7381 2.1853
v -3.2184 8.6784 2.1798
v -3.1877 8.6221 2.1598
v -3.1580 8.5721 2.1261
v -3.1310 8.5309 2.0805
v -3.1080 8.5004 2.0252
v -2.9448 8.3711 1.3393
v -2.9329 8.3663 1.2734
v -2.9276 8.3750 1.2070
v -2.9292 8.3968 1.1434
v -2.9376 8.4305 1.0860
v -2.9524 8.4745 1.0374
v -2.9728 8.5266 1.0002
v -3.5898 9.8875 0.6059
v -3.6182 9.9476 0.5964
v -3.6485 10.0073 0.6018
v -3.6793 10.0635 0.6219
v -3.7089 10.1135 0.6555
v -3.7359 10.1548 0.7012
v -3.7590 10.1852 0.7565
v -4.1658 10.1960 1.3748
v -4.1790 10.2022 1.4404
v -4.1853 10.1951 1.5069
v -4.1844 10.1750 1.5710
v -4.1763 10.1429 1.6294
v -4.1614 10.1005 1.6794
v -4.1405 10.0498 1.7182
v -3.4954 8.7060 2.1612
v -3.4658 8.6468 2.1727
v -3.4339 8.5877 2.1694
v -3.4015 8.5317 2.1514
v -3.3701 8.4816 2.1195
v -3.3413 8.4399 2.0755
v -3.3165 8.4086 2.0214
v -3.1376 8.2659 1.3421
v -3.1243 8.2597 1.2766
v -3.1180 8.2669 1.2101
v -3.1189 8.2870 1.1460
v -3.1271 8.3190 1.0875
v -3.1420 8.3615 1.0376
v -3.1629 8.4121 0.9987
v -3.8080 9.7560 0.5558
v -3.8376 9.8151 0.5442
v -3.8694 9.8742 0.5475
v -3.9019 9.9302 0.5656
v -3.9333 9.9803 0.5974
v -3.9621 10.0221 0.6415
v -3.9869 10.0533 0.6955
v -4.4059 10.0700 1.3045
v -4.4205 10.0776 1.3696
v -4.4280 10.0720 1.4361
v -4.4278 10.0536 1.5007
v -4.4201 10.0233 1.5602
v -4.4053 9.9825 1.6115
v -4.3839 9.9334 1.6520
v -3.7130 8.6080 2.1455
v -3.6823 8.5499 2.1592
v -3.6491 8.4915 2.1580
v -3.6151 8.4358 2.1421
v -3.5819 8.3856 2.1122
v -3.5513 8.3434 2.0698
v -3.5248 8.3114 2.0170
v -3.3296 8.1552 1.3452
v -3.3150 8.1476 1.2801
v -3.3075 8.1532 1.2136
v -3.3077 8.1716 1.1490
v -3.3154 8.2020 1.0895
v -3.3303 8.2427 1.0382
v -3.3516 8.2918 0.9977
v -4.0225 9.6172 0.5042
v -4.0532 9.6753 0.4905
v -4.0864 9.7337 0.4917
v -4.1204 9.7894 0.5076
v -4.1536 9.8396 0.5375
v -4.1842 9.8818 0.5799
v -4.2107 9.9138 0.6327
v -4.6423 9.9365 1.2316
v -4.6584 9.9454 1.2962
v -4.6671 9.9415 1.3627
v -4.6678 9.9248 1.4278
v -4.6606 9.8962 1.4882
v -4.6459 9.8572 1.5408
v -4.6243 9.8097 1.5831
v -3.9300 8.5045 2.1287
v -3.8983 8.4474 2.1446
v -3.8638 8.3898 2.1456
v -3.8283 8.3345 2.1319
v -3.7935 8.2843 2.1040
v -3.7611 8.2417 2.0633
v -3.7328 8.2088 2.0120
v -3.5208 8.0393 1.3486
v -3.5047 8.0303 1.2840
v -3.4961 8.0343 1.2175
v -3.4953 8.0510 1.1524
v -3.5025 8.0795 1.0920
v -3.5172 8.1186 1.0394
v -3.5388 8.1661 0.9971
v -4.2331 9.4713 0.4515
v -4.2648 9.5283 0.4356
v -4.2993 9.5860 0.4346
v -4.3349 9.6413 0.4483
v -4.3697 9.6915 0.4762
v -4.4020 9.7341 0.5169
v -4.4303 9.7669 0.5682
v -4.8748 9.7956 1.1565
v -4.8924 9.8059 1.2205
v -4.9024 9.8036 1.2869
v -4.9041 9.7886 1.3524
v -4.8976 9.7619 1.4137
v -4.8831 9.7246 1.4677
v -4.8614 9.6787 1.5117
v -4.1461 8.3954 2.1109
v -4.1136 8.3395 2.1289
v -4.0779 8.2827 2.1322
v -4.0409 8.2278 2.1207
v -4.0045 8.1776 2.0949
v -3.9704 8.1346 2.0561
v -3.9404 8.1010 2.0063
v -3.7111 7.9183 1.3522
v -3.6935 7.9079 1.2882
v -3.6836 7.9103 1.2218
v -3.6818 7.9252 1.1563
v -3.6883 7.9520 1.0950
v -3.7028 7.9892 1.0410
v -3.7245 8.0351 0.9970
v -4.4398 9.3184 0.3978
v -4.4724 9.3744 0.3798
v -4.5080 9.4312 0.3765
v -4.5450 9.4861 0.3880
v -4.5815 9.5363 0.4138
v -4.6156 9.5792 0.4526
v -4.6456 9.6128 0.5024
v -5.1032 9.6473 1.0796
v -5.1224 9.6591 1.1429
v -5.1337 9.6583 1.2091
v -5.1365 9.6451 1.2749
v -5.1308 9.6202 1.3370
v -5.1167 9.5848 1.3923
v -5.0950 9.5406 1.4380
v -4.3613 8.2808 2.0919
v -4.3279 8.2261 2.1121
v -4.2912 8.1702 2.1178
v -4.2528 8.1158 2.1085
v -4.2148 8.0657 2.0849
v -4.1790 8.0224 2.0480
v -4.1473 7.9881 1.9998
v -3.9004 7.7924 1.3559
v -3.8812 7.7807 1.2926
v -3.8699 7.7814 1.2264
v -3.8671 7.7946 1.1606
v -3.8728 7.8195 1.0985
v -3.8869 7.8550 1.0432
v -3.9086 7.8992 0.9975
v -4.6423 9.1589 0.3436
v -4.6757 9.2136 0.3234
v -4.7124 9.2696 0.3177
v -4.7508 9.3240 0.3270
v -4.7888 9.3741 0.3506
v -4.8246 9.4173 0.3875
v -4.8563 9.4517 0.4357
v -5.3272 9.4919 1.0010
v -5.3481 9.5049 1.0635
v -5.3608 9.5058 1.1295
v -5.3648 9.4944 1.1956
v -5.3599 9.4713 1.2585
v -5.3464 9.4377 1.3150
v -5.3248 9.3952 1.3624
v -4.5752 8.1607 2.0718
v -4.5412 8.1073 2.0942
v -4.5035 8.0523 2.1022
v -4.4638 7.9985 2.0954
v -4.4243 7.9486 2.0740
v -4.3869 7.9050 2.0391
v -4.3534 7.8701 1.9925
v -4.0886 7.6619 1.3598
v -4.0678 7.6488 1.2973
v -4.0550 7.6479 1.2313
v -4.0510 7.6593 1.1653
v -4.0559 7.6824 1.1024
v -4.0695 7.7160 1.0458
v -4.0910 7.7585 0.9984
v -4.8407 8.9930 0.2891
v -4.8746 9.0464 0.2666
v -4.9123 9.1014 0.2586
v -4.9520 9.1552 0.2655
v -4.9915 9.2052 0.2869
v -5.0289 9.2487 0.3217
v -5.0624 9.2837 0.3683
v -5.5468 9.3293 0.9212
v -5.5693 9.3437 0.9828
v -5.5835 9.3461 1.0484
v -5.5888 9.3365 1.1147
v -5.5849 9.3152 1.1783
v -5.5719 9.2835 1.2361
v -5.5506 9.2428 1.2851
v -4.7877 8.0352 2.0506
v -4.7532 7.9831 2.0753
v -4.7146 7.9292 2.0857
v -4.6738 7.8760 2.0812
v -4.6328 7.8263 2.0621
v -4.5937 7.7826 2.0293
v -4.5585 7.7470 1.9844
v -4.2755 7.5268 1.3638
v -4.2530 7.5124 1.3022
v -4.2388 7.5100 1.2365
v -4.2335 7.5196 1.1703
v -4.2375 7.5408 1.1067
v -4.2504 7.5726 1.0489
v -4.2717 7.6133 0.9999
v -5.0346 8.8209 0.2344
v -5.0691 8.8730 0.2097
v -5.1077 8.9269 0.1993
v -5.1486 8.9801 0.2038
v -5.1895 9.0298 0.2229
v -5.2286 9.0735 0.2557
v -5.2638 9.1091 0.3005
v -5.7617 9.1598 0.8404
v -5.7858 9.1755 0.9011
v -5.8016 9.1794 0.9663
v -5.8083 9.1715 1.0326
v -5.8054 9.1521 1.0969
v -5.7932 9.1222 1.1558
v -5.7722 9.0833 1.2064
v -4.9986 7.9044 2.0283
v -4.9637 7.8537 2.0553
v -4.9243 7.8008 2.0680
v -4.8824 7.7483 2.0660
v -4.8400 7.6989 2.0492
v -4.7994 7.6551 2.0185
v -4.7625 7.6190 1.9755
v -4.4611 7.3873 1.3678
v -4.4369 7.3717 1.3071
v -4.4212 7.3677 1.2420
v -4.4145 7.3756 1.1756
v -4.4174 7.3950 1.1113
v -4.4296 7.4249 1.0524
v -4.4506 7.4638 1.0018
v -5.2242 8.6428 0.1799
v -5.2591 8.6935 0.1529
v -5.2985 8.7464 0.1402
v -5.3404 8.7988 0.1422
v -5.3828 8.8482 0.1590
v -5.4234 8.8920 0.1897
v -5.4603 8.9281 0.2327
v -5.9717 8.9835 0.7589
v -5.9976 9.0004 0.8186
v -6.0150 9.0058 0.8833
v -6.0230 8.9996 0.9497
v -6.0213 8.9821 1.0145
v -6.0099 8.9540 1.0745
v -5.9894 8.9170 1.1266
v -5.2077 7.7682 2.0051
v -5.1725 7.7189 2.0342
v -5.1324 7.6672 2.0494
v -5.0895 7.6155 2.0497
v -5.0458 7.5665 2.0353
v -5.0036 7.5227 2.0068
v -4.9651 7.4861 1.9657
v -4.6452 7.2436 1.3718
v -4.6193 7.2268 1.3122
v -4.6019 7.2214 1.2475
v -4.5939 7.2276 1.1811
v -4.5956 7.2451 1.1163
v -4.6070 7.2731 1.0563
v -4.6275 7.3102 1.0041
v -5.4093 8.4590 0.1257
v -5.4445 8.5082 0.0966
v -5.4845 8.5600 0.0814
v -5.5275 8.6116 0.0811
v -5.5711 8.6606 0.0955
v -5.6133 8.7045 0.1240
v -5.6519 8.7410 0.1651
v -6.1768 8.8006 0.6772
v -6.2043 8.8186 0.7358
v -6.2234 8.8254 0.7998
v -6.2329 8.8209 0.8662
v -6.2324 8.8052 0.9315
v -6.2219 8.7790 0.9925
v -6.2020 8.7438 1.0461
v -5.4147 7.6267 1.9808
v -5.3793 7.5790 2.0121
v -5.3387 7.5284 2.0296
v -5.2948 7.4776 2.0324
v -5.2499 7.4291 2.0204
v -5.2063 7.3853 1.9942
v -5.1661 7.3484 1.9550
v -4.8277 7.0959 1.3757
v -4.8001 7.0779 1.3172
v -4.7810 7.0711 1.2531
v -4.7716 7.0756 1.1868
v -4.7720 7.0913 1.1215
v -4.7825 7.1175 1.0605
v -4.8024 7.1527 1.0068
v -5.5897 8.2698 0.0721
v -5.6251 8.3175 0.0408
v -5.6658 8.3681 0.0233
v -5.7096 8.4189 0.0205
v -5.7545 8.4674 0.0325
v -5.7981 8.5112 0.0588
v -5.8384 8.5481 0.0980
v -6.3766 8.6112 0.5955
v -6.4060 8.6302 0.6528
v -6.4267 8.6385 0.7162
v -6.4377 8.6356 0.7824
v -6.4385 8.6217 0.8481
v -6.4290 8.5974 0.9100
v -6.4098 8.5640 0.9651
v -5.6195 7.4801 1.9556
v -5.5840 7.4339 1.9891
v -5.5428 7.3846 2.0089
v -5.4981 7.3347 2.0142
v -5.4521 7.2867 2.0045
v -5.4071 7.2431 1.9805
v -5.3652 7.2059 1.9434
v -5.0083 6.9442 1.3795
v -4.9790 6.9252 1.3221
v -4.9583 6.9170 1.2588
v -4.9473 6.9199 1.1925
v -4.9465 6.9338 1.1268
v -4.9560 6.9581 1.0649
v -4.9752 6.9914 1.0099
v -5.7655 8.0754 0.0193
v -5.8010 8.1216 -0.0141
v -5.8421 8.1709 -0.0340
v -5.8868 8.2207 -0.0392
v -5.9329 8.2687 -0.0296
v -5.9779 8.3124 -0.0056
v -6.0197 8.3496 0.0316
v -6.5712 8.4156 0.5140
v -6.6023 8.4356 0.5701
v -6.6247 8.4452 0.6327
v -6.6373 8.4438 0.6987
v -6.6394 8.4317 0.7647
v -6.6310 8.4092 0.8275
v -6.6125 8.3777 0.8839
v -5.8217 7.3282 1.9295
v -5.7863 7.2836 1.9651
v -5.7447 7.2357 1.9872
v -5.6993 7.1868 1.9949
v -5.6522 7.1395 1.9877
v -5.6058 7.0960 1.9660
v -5.5624 7.0586 1.9308
v -5.1871 6.7887 1.3830
v -5.1560 6.7687 1.3269
v -5.1336 6.7592 1.2643
v -5.1210 6.7605 1.1983
v -5.1189 6.7727 1.1323
v -5.1273 6.7951 1.0695
v -5.1458 6.8267 1.0132
v -5.9366 7.8761 -0.0325
v -5.9721 7.9208 -0.0680
v -6.0136 7.9687 -0.0902
v -6.0590 8.0176 -0.0979
v -6.1061 8.0649 -0.0907
v -6.1526 8.1084 -0.0689
v -6.1959 8.1457 -0.0338
v -6.7604 8.2140 0.4331
v -6.7932 8.2349 0.4879
v -6.8173 8.2457 0.5497
v -6.8315 8.2459 0.6154
v -6.8351 8.2354 0.6816
v -6.8278 8.2148 0.7451
v -6.8102 8.1851 0.8028
v -6.0213 7.1713 1.9026
v -5.9859 7.1283 1.9402
v -5.9441 7.0817 1.9646
v -5.8980 7.0339 1.9747
v -5.8498 6.9873 1.9699
v -5.8021 6.9442 1.9505
v -5.7572 6.9067 1.9174
v -5.3637 6.6295 1.3863
v -5.3309 6.6086 1.3315
v -5.3068 6.5978 1.2697
v -5.2926 6.5977 1.2041
v -5.2890 6.6082 1.1378
v -5.2963 6.6288 1.0743
v -5.3139 6.6585 1.0167
v -6.1028 7.6723 -0.0832
v -6.1382 7.7153 -0.1207
v -6.1800 7.7618 -0.1452
v -6.2261 7.8096 -0.1553
v -6.2743 7.8563 -0.1505
v -6.3220 7.8994 -0.1311
v -6.3669 7.9368 -0.0980
v -6.9441 8.0067 0.3531
v -6.9786 8.0283 0.4065
v -7.0044 8.0403 0.4674
v -7.0202 8.0418 0.5327
v -7.0253 8.0330 0.5991
v -7.0193 8.0142 0.6633
v -7.0025 7.9863 0.7221
v -6.2179 7.0093 1.8749
v -6.1826 6.9679 1.9145
v -6.1406 6.9228 1.9411
v -6.0939 6.8761 1.9536
v -6.0449 6.8303 1.9512
v -5.9959 6.7876 1.9341
v -5.9496 6.7501 1.9031
v -5.5380 6.4667 1.3892
v -5.5035 6.4450 1.3358
v -5.4777 6.4331 1.2750
v -5.4618 6.4315 1.2097
v -5.4568 6.4403 1.1433
v -5.4628 6.4591 1.0791
v -5.4796 6.4870 1.0203
v -6.2642 7.4641 -0.1326
v -6.2994 7.5054 -0.1721
v -6.3414 7.5506 -0.1988
v -6.3881 7.5972 -0.2112
v -6.4372 7.6431 -0.2088
v -6.4861 7.6858 -0.1917
v -6.5325 7.7232 -0.1608
v -7.1221 7.7938 0.2742
v -7.1583 7.8162 0.3262
v -7.1859 7.8291 0.3861
v -7.2034 7.8321 0.4509
v -7.2099 7.8248 0.5173
v -7.2052 7.8077 0.5821
v -7.1894 7.7817 0.6420
v -6.4112 6.8422 1.8466
v -6.3763 6.8025 1.8880
v -6.3341 6.7589 1.9168
v -6.2869 6.7134 1.9316
v -6.2370 6.6685 1.9316
v -6.1869 6.6262 1.9168
v -6.1391 6.5889 1.8880
v -5.7098 6.3003 1.3918
v -5.6736 6.2779 1.3398
v -5.6461 6.2649 1.2799
v -5.6286 6.2620 1.2151
v -5.6220 6.2693 1.1487
v -5.6268 6.2863 1.0839
v -5.6425 6.3124 1.0240
v -6.4207 7.2518 -0.1805
v -6.4557 7.2915 -0.2220
v -6.4978 7.3352 -0.2508
v -6.5450 7.3806 -0.2656
v -6.5949 7.4256 -0.2656
v -6.6450 7.4678 -0.2508
v -6.6928 7.5052 -0.2220
v -7.2944 7.5757 0.1967
v -7.3323 7.5986 0.2472
v -7.3616 7.6125 0.3060
v -7.3808 7.6167 0.3703
v -7.3888 7.6110 0.4367
v -7.3854 7.5956 0.5020
v -7.3707 7.5713 0.5629
v -6.6011 6.6703 1.8176
v -6.5665 6.6323 1.8609
v -6.5244 6.5901 1.8918
v -6.4767 6.5459 1.9089
v -6.4260 6.5019 1.9112
v -6.3748 6.4603 1.8987
v -6.3257 6.4231 1.8720
v -5.8790 6.1304 1.3939
v -5.8410 6.1075 1.3434
v -5.8118 6.0935 1.2846
v -5.7926 6.0893 1.2203
v -5.7846 6.0951 1.1539
v -5.7880 6.1105 1.0886
v -5.8027 6.1348 1.0277
v -6.5722 7.0358 -0.2270
v -6.6068 7.0738 -0.2703
v -6.6490 7.1160 -0.3012
v -6.6966 7.1602 -0.3183
v -6.7473 7.2042 -0.3206
v -6.7985 7.2458 -0.3081
v -6.8477 7.2830 -0.2814
v -7.4609 7.3525 0.1207
v -7.5005 7.3760 0.1697
v -7.5315 7.3907 0.2274
v -7.5523 7.3961 0.2911
v -7.5620 7.3918 0.3574
v -7.5599 7.3780 0.4232
v -7.5463 7.3555 0.4850
v -6.7874 6.4934 1.7881
v -6.7532 6.4571 1.8331
v -6.7111 6.4165 1.8661
v -6.6631 6.3736 1.8854
v -6.6117 6.3306 1.8901
v -6.5594 6.2896 1.8799
v -6.5089 6.2528 1.8553
v -6.0452 5.9572 1.3956
v -6.0056 5.9337 1.3466
v -5.9746 5.9190 1.2888
v -5.9538 5.9136 1.2252
v -5.9442 5.9179 1.1588
v -5.9462 5.9317 1.0931
v -5.9599 5.9542 1.0313
v -6.7188 6.8163 -0.2718
v -6.7530 6.8526 -0.3168
v -6.7951 6.8932 -0.3498
v -6.8431 6.9361 -0.3691
v -6.8945 6.9791 -0.3738
v -6.9467 7.0200 -0.3636
v -6.9972 7.0569 -0.3390
v -7.6216 7.1247 0.0465
v -7.6628 7.1485 0.0940
v -7.6955 7.1640 0.1506
v -7.7180 7.1705 0.2135
v -7.7292 7.1675 0.2797
v -7.7285 7.1553 0.3458
v -7.7161 7.1344 0.4084
v -6.9697 6.3118 1.7582
v -6.9360 6.2772 1.8049
v -6.8940 6.2381 1.8398
v -6.8457 6.1966 1.8613
v -6.7937 6.1547 1.8683
v -6.7404 6.1145 1.8603
v -6.6887 6.0780 1.8378
v -6.2083 5.7806 1.3967
v -6.1671 5.7568 1.3493
v -6.1345 5.7412 1.2927
v -6.1120 5.7348 1.2297
v -6.1007 5.7378 1.1635
v -6.1014 5.7500 1.0975
v -6.1139 5.7708 1.0349
v -6.8603 6.5935 -0.3150
v -6.8940 6.6281 -0.3616
v -6.9360 6.6672 -0.3966
v -6.9842 6.7087 -0.4181
v -7.0363 6.7506 -0.4250
v -7.0895 6.7908 -0.4170
v -7.1413 6.8273 -0.3946
v -7.7764 6.8924 -0.0257
v -7.8192 6.9165 0.0201
v -7.8535 6.9327 0.0756
v -7.8777 6.9401 0.1378
v -7.8905 6.9384 0.2037
v -7.8912 6.9276 0.2701
v -7.8799 6.9084 0.3334
v -7.1478 6.1254 1.7280
v -7.1147 6.0925 1.7762
v -7.0728 6.0550 1.8131
v -7.0244 6.0149 1.8367
v -6.9718 5.9741 1.8458
v -6.9176 5.9348 1.8401
v -6.8647 5.8988 1.8197
v -6.3682 5.6007 1.3973
v -6.3254 5.5766 1.3515
v -6.2910 5.5605 1.2961
v -6.2668 5.5531 1.2338
v -6.2540 5.5548 1.1679
v -6.2533 5.5655 1.1016
v -6.2646 5.5847 1.0382
v -6.9967 6.3678 -0.3563
v -7.0298 6.4007 -0.4046
v -7.0717 6.4382 -0.4414
v -7.1201 6.4783 -0.4650
v -7.1728 6.5190 -0.4742
v -7.2269 6.5584 -0.4684
v -7.2798 6.5944 -0.4481
v -7.9252 6.6560 -0.0958
v -7.9695 6.6802 -0.0516
v -8.0055 6.6969 0.0026
v -8.0313 6.7052 0.0641
v -8.0457 6.7047 0.1297
v -8.0479 6.6954 0.1962
v -8.0378 6.6777 0.2602
v -7.3216 5.9343 1.6975
v -7.2891 5.9031 1.7473
v -7.2474 5.8672 1.7860
v -7.1989 5.8286 1.8116
v -7.1458 5.7890 1.8229
v -7.0908 5.7506 1.8193
v -7.0367 5.7152 1.8011
v -6.5245 5.4177 1.3974
v -6.4801 5.3934 1.3532
v -6.4441 5.3767 1.2990
v -6.4183 5.3684 1.2375
v -6.4039 5.3690 1.1719
v -6.4017 5.3783 1.1054
v -6.4118 5.3959 1.0414
v -7.1280 6.1393 -0.3959
v -7.1606 6.1706 -0.4457
v -7.2022 6.2064 -0.4843
v -7.2507 6.2451 -0.5100
v -7.3039 6.2846 -0.5213
v -7.3588 6.3231 -0.5177
v -7.4129 6.3585 -0.4994
v -8.0679 6.4157 -0.1637
v -8.1138 6.4400 -0.1211
v -8.1514 6.4571 -0.0681
v -8.1789 6.4662 -0.0075
v -8.1948 6.4667 0.0578
v -8.1985 6.4587 0.1244
v -8.1896 6.4426 0.1890
v -7.4908 5.7388 1.6670
v -7.4589 5.7092 1.7181
v -7.4176 5.6749 1.7585
v -7.3689 5.6377 1.7861
v -7.3154 5.5994 1.7995
v -7.2596 5.5620 1.7981
v -7.2044 5.5273 1.7819
v -6.6770 5.2314 1.3970
v -6.6312 5.2071 1.3544
v -6.5935 5.1900 1.3014
v -6.5661 5.1810 1.2408
v -6.5501 5.1804 1.1755
v -6.5465 5.1884 1.1089
v -6.5553 5.2045 1.0443
v -7.2541 5.9084 -0.4337
v -7.2861 5.9380 -0.4848
v -7.3274 5.9722 -0.5252
v -7.3760 6.0094 -0.5528
v -7.4296 6.0477 -0.5662
v -7.4854 6.0851 -0.5648
v -7.5405 6.1199 -0.5486
v -8.2047 6.1719 -0.2293
v -8.2520 6.1961 -0.1882
v -8.2912 6.2135 -0.1365
v -8.3203 6.2232 -0.0767
v -8.3378 6.2247 -0.0119
v -8.3429 6.2180 0.0548
v -8.3353 6.2033 0.1199
v -7.6552 5.5387 1.6364
v -7.6239 5.5108 1.6889
v -7.5829 5.4781 1.7309
v -7.5343 5.4424 1.7604
v -7.4803 5.4055 1.7758
v -7.4239 5.3691 1.7765
v -7.3677 5.3351 1.7623
v -6.8256 5.0421 1.3961
v -6.7783 5.0179 1.3550
v -6.7391 5.0005 1.3033
v -6.7100 4.9907 1.2435
v -6.6925 4.9892 1.1787
v -6.6874 4.9960 1.1120
v -6.6950 5.0106 1.0469
v -7.3751 5.6753 -0.4696
v -7.4064 5.7032 -0.5221
v -7.4473 5.7359 -0.5641
v -7.4960 5.7715 -0.5936
v -7.5500 5.8085 -0.6091
v -7.6064 5.8449 -0.6097
v -7.6626 5.8788 -0.5955
v -8.3353 5.9247 -0.2924
v -8.3841 5.9488 -0.2529
v -8.4248 5.9664 -0.2025
v -8.4555 5.9767 -0.1436
v -8.4746 5.9790 -0.0792
v -8.4811 5.9735 -0.0126
v -8.4748 5.9602 0.0529
v -7.8145 5.3343 1.6058
v -7.7840 5.3080 1.6596
v -7.7434 5.2769 1.7032
v -7.6947 5.2428 1.7345
v -7.6405 5.2072 1.7519
v -7.5834 5.1720 1.7546
v -7.5262 5.1388 1.7423
v -6.9701 4.8497 1.3946
v -6.9213 4.8256 1.3551
v -6.8806 4.8080 1.3047
v -6.8499 4.7978 1.2458
v -6.8308 4.7954 1.1814
v -6.8243 4.8010 1.1148
v -6.8306 4.8143 1.0493
v -7.4909 5.4401 -0.5036
v -7.5214 5.4665 -0.5574
v -7.5620 5.4975 -0.6010
v -7.6107 5.5317 -0.6323
v -7.6649 5.5673 -0.6497
v -7.7221 5.6025 -0.6524
v -7.7792 5.6356 -0.6401
v -8.4599 5.6746 -0.3530
v -8.5100 5.6984 -0.3151
v -8.5522 5.7161 -0.2659
v -8.5845 5.7267 -0.2080
v -8.6051 5.7299 -0.1441
v -8.6131 5.7254 -0.0776
v -8.6080 5.7134 -0.0117
v -7.9686 5.1256 1.5755
v -7.9388 5.1009 1.6304
v -7.8987 5.0715 1.6755
v -7.8501 5.0388 1.7085
v -7.7956 5.0047 1.7278
v -7.7378 4.9706 1.7324
v -7.6798 4.9385 1.7221
v -7.1102 4.6543 1.3926
v -7.0600 4.6305 1.3547
v -7.0178 4.6128 1.3055
v -6.9856 4.6022 1.2476
v -6.9649 4.5990 1.1837
v -6.9570 4.6035 1.1172
v -6.9620 4.6155 1.0513
v -7.6015 5.2033 -0.5359
v -7.6312 5.2280 -0.5908
v -7.6714 5.2574 -0.6359
v -7.7199 5.2901 -0.6689
v -7.7745 5.3242 -0.6882
v -7.8322 5.3583 -0.6928
v -7.8903 5.3904 -0.6825
v -8.5783 5.4217 -0.4111
v -8.6298 5.4451 -0.3747
v -8.6735 5.4628 -0.3269
v -8.7072 5.4738 -0.2698
v -8.7294 5.4776 -0.2065
v -8.7388 5.4740 -0.1401
v -8.7350 5.4633 -0.0739
v -8.1173 4.9129 1.5454
v -8.0883 4.8897 1.6014
v -8.0486 4.8618 1.6479
v -8.0001 4.8308 1.6826
v -7.9454 4.7980 1.7037
v -7.8871 4.7653 1.7102
v -7.8282 4.7341 1.7017
v -7.2457 4.4560 1.3901
v -7.1942 4.4326 1.3538
v -7.1506 4.4149 1.3059
v -7.1168 4.4039 1.2489
v -7.0946 4.4001 1.1856
v -7.0852 4.4037 1.1191
v -7.0890 4.4144 1.0529
v -7.7068 4.9648 -0.5664
v -7.7357 4.9880 -0.6223
v -7.7754 5.0159 -0.6688
v -7.8239 5.0469 -0.7035
v -7.8786 5.0797 -0.7246
v -7.9369 5.1124 -0.7311
v -7.9958 5.1436 -0.7227
v -8.6907 5.1663 -0.4666
v -8.7433 5.1893 -0.4318
v -8.7884 5.2068 -0.3852
v -8.8237 5.2180 -0.3291
v -8.8473 5.2224 -0.2663
v -8.8581 5.2197 -0.2001
v -8.8556 5.2101 -0.1337
v -8.2603 4.6961 1.5157
v -8.2321 4.6744 1.5727
v -8.1929 4.6482 1.6205
v -8.1446 4.6187 1.6567
v -8.0897 4.5874 1.6796
v -8.0310 4.5559 1.6879
v -7.9713 4.5259 1.6813
v -7.3764 4.2548 1.3872
v -7.3237 4.2319 1.3524
v -7.2786 4.2144 1.3058
v -7.2434 4.2032 1.2497
v -7.2198 4.1988 1.1870
v -7.2089 4.2014 1.1207
v -7.2115 4.2111 1.0543
v -7.8068 4.7250 -0.5951
v -7.8350 4.7467 -0.6521
v -7.8742 4.7730 -0.6999
v -7.9224 4.8025 -0.7361
v -7.9773 4.8338 -0.7590
v -8.0361 4.8652 -0.7673
v -8.0958 4.8953 -0.7607
v -8.7968 4.9088 -0.5195
v -8.8507 4.9311 -0.4862
v -8.8972 4.9484 -0.4408
v -8.9339 4.9597 -0.3857
v -8.9589 4.9646 -0.3236
v -8.9711 4.9627 -0.2575
v -8.9699 4.9541 -0.1909
v -8.3976 4.4755 1.4865
v -8.3702 4.4553 1.5444
v -8.3315 4.4306 1.5934
v -8.2834 4.4026 1.6311
v -8.2284 4.3729 1.6557
v -8.1692 4.3428 1.6657
v -8.1088 4.3139 1.6609
v -7.5022 4.0509 1.3839
v -7.4483 4.0285 1.3506
v -7.4018 4.0113 1.3052
v -7.3652 3.9999 1.2501
v -7.3401 3.9951 1.1880
v -7.3279 3.9970 1.1219
v -7.3292 4.0055 1.0553
v -7.9015 4.4841 -0.6221
v -7.9289 4.5043 -0.6800
v -7.9676 4.5291 -0.7290
v -8.0156 4.5570 -0.7667
v -8.0706 4.5867 -0.7913
v -8.1298 4.6168 -0.8013
v -8.1903 4.6457 -0.7965
v -8.8969 4.6492 -0.5698
v -8.9519 4.6709 -0.5380
v -8.9997 4.6878 -0.4939
v -9.0378 4.6991 -0.4397
v -9.0642 4.7043 -0.3782
v -9.0778 4.7031 -0.3124
v -9.0777 4.6956 -0.2457
v -8.5288 4.2512 1.4577
v -8.5023 4.2324 1.5165
v -8.4641 4.2092 1.5667
v -8.4163 4.1828 1.6058
v -8.3612 4.1546 1.6319
v -8.3016 4.1259 1.6437
v -8.2405 4.0982 1.6405
v -7.6228 3.8442 1.3802
v -7.5678 3.8225 1.3484
v -7.5200 3.8056 1.3042
v -7.4820 3.7943 1.2501
v -7.4555 3.7891 1.1886
v -7.4419 3.7903 1.1228
v -7.4420 3.7978 1.0560
v -7.9909 4.2422 -0.6474
v -8.0174 4.2610 -0.7061
v -8.0556 4.2842 -0.7563
v -8.1034 4.3106 -0.7955
v -8.1585 4.3388 -0.8216
v -8.2181 4.3675 -0.8333
v -8.2792 4.3952 -0.8301
v -8.9908 4.3879 -0.6176
v -9.0469 4.4088 -0.5872
v -9.0959 4.4253 -0.5443
v -9.1353 4.4366 -0.4911
v -9.1632 4.4420 -0.4302
v -9.1780 4.4414 -0.3647
v -9.1792 4.4347 -0.2979
v -8.6540 4.0234 1.4296
v -8.6283 4.0059 1.4892
v -8.5907 3.9842 1.5405
v -8.5431 3.9594 1.5809
v -8.4880 3.9327 1.6085
v -8.4281 3.9055 1.6219
v -8.3663 3.8791 1.6203
v -7.7382 3.6349 1.3762
v -7.6820 3.6140 1.3458
v -7.6330 3.5975 1.3029
v -7.5936 3.5863 1.2496
v -7.5658 3.5808 1.1888
v -7.5509 3.5815 1.1232
v -7.5497 3.5881 1.0564
v -8.0749 3.9995 -0.6711
v -8.1007 4.0169 -0.7306
v -8.1382 4.0386 -0.7819
v -8.1858 4.0634 -0.8224
v -8.2409 4.0901 -0.8500
v -8.3009 4.1173 -0.8633
v -8.3626 4.1438 -0.8618
v -9.0785 4.1251 -0.6629
v -9.1357 4.1452 -0.6339
v -9.1859 4.1611 -0.5922
v -9.2266 4.1722 -0.5399
v -9.2557 4.1778 -0.4796
v -9.2719 4.1777 -0.4144
v -9.2743 4.1718 -0.3475
v -8.7729 3.7922 1.4022
v -8.7480 3.7760 1.4625
v -8.7110 3.7558 1.5148
v -8.6637 3.7325 1.5565
v -8.6086 3.7074 1.5855
v -8.5483 3.6817 1.6004
v -8.4860 3.6566 1.6004
v -7.8480 3.4232 1.3718
v -7.7908 3.4031 1.3428
v -7.7406 3.3871 1.3011
v -7.6999 3.3761 1.2489
v -7.6708 3.3705 1.1886
v -7.6546 3.3706 1.1234
v -7.6522 3.3765 1.0565
v -8.1536 3.7561 -0.6932
v -8.1785 3.7723 -0.7535
v -8.2155 3.7925 -0.8058
v -8.2628 3.8157 -0.8475
v -8.3179 3.8409 -0.8765
v -8.3781 3.8666 -0.8914
v -8.4405 3.8917 -0.8914
v -9.1601 3.8611 -0.7057
v -9.2182 3.8802 -0.6780
v -9.2695 3.8955 -0.6375
v -9.3115 3.9063 -0.5861
v -9.3419 3.9119 -0.5265
v -9.3593 3.9122 -0.4616
v -9.3629 3.9071 -0.3947
v -8.8854 3.5577 1.3756
v -8.8613 3.5428 1.4365
v -8.8248 3.5241 1.4897
v -8.7779 3.5023 1.5326
v -8.7228 3.4788 1.5630
v -8.6623 3.4546 1.5793
v -8.5995 3.4309 1.5808
v -7.9522 3.2089 1.3673
v -7.8940 3.1898 1.3396
v -7.8427 3.1745 1.2991
v -7.8008 3.1637 1.2477
v -7.7703 3.1581 1.1881
v -7.7529 3.1578 1.1232
v -7.7494 3.1629 1.0563
v -8.2269 3.5123 -0.7139
v -8.2510 3.5272 -0.7748
v -8.2874 3.5460 -0.8281
v -8.3344 3.5677 -0.8710
v -8.3894 3.5912 -0.9013
v -8.4499 3.6155 -0.9177
v -8.5128 3.6392 -0.9192
v -9.2355 3.5959 -0.7460
v -9.2945 3.6140 -0.7196
v -9.3469 3.6287 -0.6802
v -9.3901 3.6390 -0.6298
v -9.4217 3.6447 -0.5708
v -9.4404 3.6452 -0.5063
v -9.4450 3.6408 -0.4394
v -8.9913 3.3203 1.3497
v -8.9680 3.3066 1.4112
v -8.9322 3.2892 1.4653
v -8.8856 3.2690 1.5093
v -8.8305 3.2470 1.5409
v -8.7699 3.2243 1.5587
v -8.7065 3.2021 1.5616
v -8.0506 2.9924 1.3625
v -7.9915 2.9743 1.3362
v -7.9391 2.9597 1.2968
v -7.8960 2.9493 1.2463
v -7.8643 2.9437 1.1873
v -7.8457 2.9431 1.1228
v -7.8411 2.9476 1.0559
v -8.2948 3.2681 -0.7332
v -8.3181 3.2818 -0.7947
v -8.3539 3.2992 -0.8488
v -8.4005 3.3194 -0.8928
v -8.4555 3.3414 -0.9244
v -8.5162 3.3640 -0.9421
v -8.5795 3.3863 -0.9451
v -9.3047 3.3299 -0.7840
v -9.3646 3.3470 -0.7589
v -9.4181 3.3608 -0.7206
v -9.4623 3.3707 -0.6710
v -9.4951 3.3762 -0.6127
v -9.5149 3.3770 -0.5485
v -9.5207 3.3731 -0.4817
v -9.0906 3.0799 1.3247
v -9.0681 3.0674 1.3868
v -9.0328 3.0514 1.4417
v -8.9866 3.0327 1.4867
v -8.9317 3.0123 1.5195
v -8.8708 2.9912 1.5385
v -8.8071 2.9704 1.5428
v -8.1431 2.7738 1.3577
v -8.0832 2.7567 1.3325
v -8.0298 2.7429 1.2942
v -7.9855 2.7330 1.2446
v -7.9527 2.7275 1.1863
v -7.9329 2.7267 1.1221
v -7.9271 2.7306 1.0553
v -8.3573 3.0237 -0.7511
v -8.3797 3.0363 -0.8131
v -8.4150 3.0523 -0.8681
v -8.4612 3.0710 -0.9131
v -8.5161 3.0914 -0.9459
v -8.5770 3.1125 -0.9649
v -8.6407 3.1333 -0.9692
v -9.3678 3.0633 -0.8198
v -9.4285 3.0791 -0.7958
v -9.4829 3.0921 -0.7586
v -9.5282 3.1014 -0.7098
v -9.5622 3.1067 -0.6521
v -9.5831 3.1076 -0.5883
v -9.5899 3.1042 -0.5215
v -9.1830 2.8370 1.3006
v -9.1614 2.8255 1.3631
v -9.1267 2.8109 1.4188
v -9.0808 2.7937 1.4648
v -9.0260 2.7748 1.4987
v -8.9650 2.7553 1.5190
v -8.9009 2.7360 1.5246
v -8.2296 2.5530 1.3526
v -8.1688 2.5371 1.3287
v -8.1144 2.5242 1.2914
v -8.0691 2.5149 1.2427
v -8.0352 2.5096 1.1850
v -8.0143 2.5086 1.1212
v -8.0074 2.5120 1.0544
v -8.4143 2.7793 -0.7677
v -8.4360 2.7907 -0.8303
v -8.4706 2.8054 -0.8859
v -8.5165 2.8226 -0.9319
v -8.5713 2.8414 -0.9659
v -8.6323 2.8610 -0.9861
v -8.6964 2.8802 -0.9917
v -9.4247 2.7961 -0.8533
v -9.4862 2.8107 -0.8305
v -9.5414 2.8227 -0.7942
v -9.5877 2.8314 -0.7464
v -9.6228 2.8364 -0.6892
v -9.6447 2.8374 -0.6258
v -9.6526 2.8344 -0.5591
v -9.2687 2.5915 1.2774
v -9.2478 2.5811 1.3404
v -9.2137 2.5677 1.3967
v -9.1682 2.5520 1.4436
v -9.1136 2.5348 1.4786
v -9.0525 2.5168 1.5001
v -8.9880 2.4991 1.5069
v -8.3098 2.3303 1.3476
v -8.2484 2.3157 1.3248
v -8.1931 2.3037 1.2885
v -8.1468 2.2950 1.2406
v -8.1118 2.2900 1.1835
v -8.0898 2.2890 1.1200
v -8.0819 2.2920 1.0534
v -8.4659 2.5349 -0.7831
v -8.4868 2.5453 -0.8461
v -8.5208 2.5587 -0.9025
v -8.5663 2.5744 -0.9493
v -8.6210 2.5916 -0.9844
v -8.6821 2.6096 -1.0058
v -8.7465 2.6273 -1.0126
v -9.4754 2.5286 -0.8847
v -9.5376 2.5419 -0.8630
v -9.5937 2.5529 -0.8277
v -9.6409 2.5609 -0.7806
v -9.6770 2.5655 -0.7241
v -9.7000 2.5665 -0.6610
v -9.7088 2.5638 -0.5944
v -9.3473 2.3438 1.2552
v -9.3272 2.3344 1.3186
v -9.2937 2.3223 1.3756
v -9.2486 2.3080 1.4232
v -9.1941 2.2923 1.4593
v -9.1330 2.2760 1.4818
v -9.0683 2.2598 1.4897
v -8.3839 2.1059 1.3425
v -8.3217 2.0925 1.3208
v -8.2656 2.0815 1.2855
v -8.2184 2.0736 1.2384
v -8.1823 2.0690 1.1819
v -8.1593 2.0680 1.1188
v -8.1505 2.0706 1.0522
v -8.5120 2.2906 -0.7974
v -8.5321 2.3000 -0.8608
v -8.5656 2.3122 -0.9178
v -8.6107 2.3265 -0.9655
v -8.6652 2.3421 -1.0015
v -8.7263 2.3585 -1.0240
v -8.7910 2.3746 -1.0320
v -9.5200 2.2609 -0.9141
v -9.5828 2.2730 -0.8934
v -9.6397 2.2828 -0.8590
v -9.6878 2.2900 -0.8127
v -9.7248 2.2941 -0.7568
v -9.7487 2.2950 -0.6940
v -9.7585 2.2926 -0.6276
v -9.4189 2.0940 1.2339
v -9.3995 2.0856 1.2977
v -9.3667 2.0746 1.3552
v -9.3220 2.0618 1.4037
v -9.2677 2.0476 1.4407
v -9.2065 2.0329 1.4642
v -9.1415 2.0184 1.4733
v -8.4515 1.8798 1.3374
v -8.3888 1.8677 1.3167
v -8.3319 1.8579 1.2823
v -8.2837 1.8507 1.2360
v -8.2468 1.8465 1.1801
v -8.2228 1.8456 1.1173
v -8.2130 1.8480 1.0509
v -8.5526 2.0467 -0.8106
v -8.5720 2.0551 -0.8744
v -8.6049 2.0661 -0.9319
v -8.6496 2.0789 -0.9804
v -8.7039 2.0930 -1.0173
v -8.7650 2.1077 -1.0409
v -8.8300 2.1223 -1.0499
v -9.5584 1.9932 -0.9415
v -9.6217 2.0039 -0.9217
v -9.6793 2.0126 -0.8883
v -9.7283 2.0189 -0.8427
v -9.7662 2.0225 -0.7873
v -9.7910 2.0233 -0.7249
v -9.8017 2.0211 -0.6586
v -9.4835 1.8424 1.2137
v -9.4648 1.8348 1.2777
v -9.4325 1.8250 1.3358
v -9.3882 1.8136 1.3850
v -9.3341 1.8010 1.4228
v -9.2729 1.7879 1.4474
v -9.2078 1.7750 1.4574
v -8.5128 1.6522 1.3323
v -8.4494 1.6415 1.3126
v -8.3918 1.6328 1.2792
v -8.3429 1.6265 1.2336
v -8.3050 1.6229 1.1782
v -8.2801 1.6222 1.1158
v -8.2695 1.6244 1.0495
v -8.5877 1.8031 -0.8228
v -8.6064 1.8106 -0.8869
v -8.6387 1.8204 -0.9449
v -8.6830 1.8319 -0.9941
v -8.7371 1.8444 -1.0319
v -8.7982 1.8575 -1.0565
v -8.8634 1.8704 -1.0665
v -9.5907 1.7257 -0.9670
v -9.6545 1.7349 -0.9482
v -9.7127 1.7425 -0.9156
v -9.7624 1.7478 -0.8707
v -9.8011 1.7509 -0.8159
v -9.8269 1.7513 -0.7538
v -9.8384 1.7493 -0.6877
v -9.5408 1.5890 1.1944
v -9.5228 1.5823 1.2588
v -9.4911 1.5737 1.3173
v -9.4472 1.5636 1.3672
v -9.3934 1.5526 1.4058
v -9.3322 1.5411 1.4313
v -9.2669 1.5299 1.4423
v -8.5675 1.4233 1.3274
v -8.5036 1.4140 1.3086
v -8.4454 1.4065 1.2759
v -8.3957 1.4011 1.2311
v -8.3570 1.3981 1.1763
v -8.3313 1.3976 1.1142
v -8.3197 1.3997 1.0481
v -8.6173 1.5599 -0.8340
v -8.6353 1.5667 -0.8984
v -8.6670 1.5753 -0.9570
v -8.7109 1.5854 -1.0068
v -8.7648 1.5964 -1.0454
v -8.8259 1.6079 -1.0709
v -8.8912 1.6191 -1.0819
v -9.6167 1.4585 -0.9908
v -9.6810 1.4662 -0.9728
v -9.7398 1.4725 -0.9410
v -9.7902 1.4769 -0.8968
v -9.8297 1.4793 -0.8425
v -9.8562 1.4794 -0.7808
v -9.8686 1.4774 -0.7148
v -9.5909 1.3343 1.1761
v -9.5736 1.3283 1.2407
v -9.5424 1.3208 1.2998
v -9.4990 1.3120 1.3502
v -9.4454 1.3025 1.3896
v -9.3843 1.2928 1.4159
v -9.3189 1.2832 1.4278
v -8.6156 1.1932 1.3225
v -8.5514 1.1854 1.3046
v -8.4925 1.1792 1.2727
v -8.4421 1.1748 1.2286
v -8.4027 1.1724 1.1742
v -8.3761 1.1722 1.1125
v -8.3638 1.1742 1.0465
v -8.6414 1.3174 -0.8444
v -8.6587 1.3233 -0.9090
v -8.6899 1.3309 -0.9680
v -8.7334 1.3396 -1.0185
v -8.7870 1.3491 -1.0579
v -8.8480 1.3589 -1.0842
v -8.9134 1.3685 -1.0961
v -9.6366 1.1917 -1.0128
v -9.7013 1.1979 -0.9957
v -9.7606 1.2029 -0.9646
v -9.8117 1.2062 -0.9211
v -9.8518 1.2079 -0.8673
v -9.8791 1.2077 -0.8059
v -9.8922 1.2057 -0.7400
v -9.6338 1.0783 1.1588
v -9.6171 1.0730 1.2237
v -9.5865 1.0666 1.2831
v -9.5435 1.0592 1.3342
v -9.4901 1.0512 1.3742
v -9.4292 1.0430 1.4013
v -9.3637 1.0351 1.4141
v -8.6572 0.9621 1.3178
v -8.5925 0.9558 1.3007
v -8.5332 0.9509 1.2696
v -8.4821 0.9475 1.2260
v -8.4420 0.9459 1.1722
v -8.4146 0.9461 1.1108
v -8.4016 0.9481 1.0450
v -8.6600 1.0755 -0.8539
v -8.6767 1.0807 -0.9187
v -8.7073 1.0872 -0.9782
v -8.7503 1.0946 -1.0292
v -8.8037 1.1026 -1.0693
v -8.8646 1.1107 -1.0964
v -8.9301 1.1186 -1.1091
v -9.6503 0.9254 -1.0333
v -9.7153 0.9301 -1.0170
v -9.7751 0.9337 -0.9866
v -9.8267 0.9360 -0.9436
v -9.8676 0.9369 -0.8903
v -9.8956 0.9363 -0.8292
v -9.9093 0.9342 -0.7635
v -9.6693 0.8212 1.1425
v -9.6533 0.8167 1.2076
v -9.6233 0.8112 1.2674
v -9.5806 0.8051 1.3189
v -9.5276 0.7986 1.3596
v -9.4668 0.7921 1.3875
v -9.4013 0.7859 1.4010
v -8.6921 0.7302 1.3132
v -8.6271 0.7255 1.2968
v -8.5673 0.7219 1.2664
v -8.5157 0.7196 1.2235
v -8.4748 0.7187 1.1702
v -8.4468 0.7193 1.1091
v -8.4331 0.7214 1.0434
v -8.6731 0.8344 -0.8626
v -8.6891 0.8389 -0.9277
v -8.7191 0.8444 -0.9875
v -8.7618 0.8505 -1.0391
v -8.8148 0.8569 -1.0798
v -8.8756 0.8634 -1.1076
v -8.9411 0.8697 -1.1211
v -9.6579 0.6599 -1.0523
v -9.7232 0.6630 -1.0367
v -9.7834 0.6652 -1.0069
v -9.8355 0.6663 -0.9646
v -9.8769 0.6664 -0.9117
v -9.9055 0.6653 -0.8509
v -9.9200 0.6632 -0.7853
v -9.6976 0.5633 1.1271
v -9.6822 0.5595 1.1924
v -9.6526 0.5550 1.2525
v -9.6104 0.5502 1.3046
v -9.5577 0.5452 1.3459
v -9.4971 0.5403 1.3744
v -9.4316 0.5358 1.3887
v -8.7203 0.4976 1.3087
v -8.6550 0.4944 1.2931
v -8.5948 0.4922 1.2634
v -8.5427 0.4911 1.2210
v -8.5013 0.4911 1.1681
v -8.4726 0.4921 1.1074
v -8.4582 0.4942 1.0418
v -8.6805 0.5941 -0.8706
v -8.6960 0.5980 -0.9359
v -8.7255 0.6024 -0.9961
v -8.7677 0.6073 -1.0481
v -8.8205 0.6123 -1.0894
v -8.8811 0.6171 -1.1179
v -8.9466 0.6216 -1.1322
v -9.6593 0.3951 -1.0698
v -9.7248 0.3967 -1.0549
v -9.7853 0.3974 -1.0258
v -9.8379 0.3974 -0.9839
v -9.8798 0.3966 -0.9315
v -9.9090 0.3950 -0.8710
v -9.9241 0.3927 -0.8056
v -9.7185 0.3048 1.1127
v -9.7037 0.3016 1.1781
v -9.6747 0.2981 1.2386
v -9.6329 0.2945 1.2911
v -9.5805 0.2910 1.3329
v -9.5200 0.2877 1.3621
v -9.4546 0.2850 1.3770
v -8.7418 0.2645 1.3045
v -8.6763 0.2629 1.2895
v -8.6157 0.2622 1.2604
v -8.5632 0.2622 1.2186
v -8.5212 0.2630 1.1661
v -8.4920 0.2646 1.1057
v -8.4770 0.2669 1.0402
v -8.6825 0.3548 -0.8780
v -8.6973 0.3580 -0.9435
v -8.7264 0.3615 -1.0039
v -8.7681 0.3651 -1.0564
v -8.8206 0.3686 -1.0983
v -8.8810 0.3719 -1.1274
v -8.9464 0.3747 -1.1424
v -9.6545 0.1313 -1.0860
v -9.7201 0.1312 -1.0717
v -9.7809 0.1306 -1.0432
v -9.8339 0.1293 -1.0019
v -9.8763 0.1276 -0.9498
v -9.9061 0.1254 -0.8896
v -9.9217 0.1230 -0.8243
v -9.7321 0.0460 1.0991
v -9.7178 0.0433 1.1647
v -9.6893 0.0407 1.2255
v -9.6480 0.0383 1.2784
v -9.5959 0.0363 1.3207
v -9.5357 0.0347 1.3505
v -9.4703 0.0336 1.3661
v -8.7565 0.0311 1.3004
v -8.6909 0.0312 1.2861
v -8.6301 0.0318 1.2576
v -8.5771 0.0331 1.2162
v -8.5347 0.0348 1.1642
v -8.5050 0.0370 1.1040
v -8.4893 0.0394 1.0387
v -8.6789 0.1164 -0.8848
v -8.6932 0.1191 -0.9504
v -8.7217 0.1217 -1.0111
v -8.7631 0.1241 -1.0640
v -8.8151 0.1261 -1.1064
v -8.8754 0.1277 -1.1361
v -8.9407 0.1288 -1.1517
v -9.6435 -0.1314 -1.1009
v -9.7093 -0.1331 -1.0872
v -9.7703 -0.1353 -1.0593
v -9.8236 -0.1378 -1.0184
v -9.8664 -0.1405 -0.9667
v -9.8966 -0.1433 -0.9068
v -9.9128 -0.1459 -0.8416
v -9.7384 -0.2131 1.0865
v -9.7246 -0.2153 1.1522
v -9.6966 -0.2170 1.2132
v -9.6557 -0.2182 1.2665
v -9.6039 -0.2188 1.3093
v -9.5440 -0.2187 1.3396
v -9.4788 -0.2181 1.3558
v -8.7646 -0.2025 1.2965
v -8.6989 -0.2008 1.2828
v -8.6378 -0.1986 1.2548
v -8.5846 -0.1961 1.2139
v -8.5417 -0.1934 1.1623
v -8.5115 -0.1906 1.1023
v -8.4954 -0.1879 1.0372
v -8.6697 -0.1208 -0.8909
v -8.6835 -0.1186 -0.9567
v -8.7115 -0.1169 -1.0177
v -8.7524 -0.1157 -1.0709
v -8.8042 -0.1151 -1.1138
v -8.8642 -0.1152 -1.1441
v -8.9294 -0.1158 -1.1602
v -9.6264 -0.3929 -1.1147
v -9.6922 -0.3963 -1.1015
v -9.7534 -0.4000 -1.0741
v -9.8069 -0.4038 -1.0336
v -9.8501 -0.4075 -0.9823
v -9.8808 -0.4109 -0.9226
v -9.8974 -0.4138 -0.8576
v -9.7373 -0.4722 1.0747
v -9.7241 -0.4739 1.1405
v -9.6965 -0.4747 1.2018
v -9.6561 -0.4747 1.2554
v -9.6047 -0.4739 1.2987
v -9.5450 -0.4722 1.3294
v -9.4799 -0.4699 1.3462
v -8.7659 -0.4360 1.2928
v -8.7002 -0.4326 1.2796
v -8.6390 -0.4289 1.2522
v -8.5854 -0.4252 1.2117
v -8.5423 -0.4215 1.1604
v -8.5116 -0.4181 1.1007
v -8.4950 -0.4151 1.0357
v -8.6550 -0.3568 -0.8966
v -8.6683 -0.3551 -0.9624
v -8.6958 -0.3543 -1.0237
v -8.7363 -0.3543 -1.0773
v -8.7877 -0.3551 -1.1206
v -8.8474 -0.3567 -1.1513
v -8.9124 -0.3591 -1.1680
v -9.6032 -0.6532 -1.1273
v -9.6690 -0.6583 -1.1147
v -9.7302 -0.6635 -1.0877
v -9.7840 -0.6686 -1.0477
v -9.8274 -0.6733 -0.9967
v -9.8585 -0.6773 -0.9372
v -9.8755 -0.6806 -0.8723
v -9.7290 -0.7311 1.0637
v -9.7162 -0.7323 1.1297
v -9.6891 -0.7323 1.1911
v -9.6491 -0.7311 1.2451
v -9.5981 -0.7289 1.2887
v -9.5387 -0.7256 1.3200
v -9.4739 -0.7216 1.3372
v -8.7606 -0.6693 1.2893
v -8.6948 -0.6643 1.2767
v -8.6335 -0.6591 1.2497
v -8.5798 -0.6540 1.2096
v -8.5363 -0.6493 1.1586
v -8.5053 -0.6452 1.0992
v -8.4883 -0.6420 1.0343
v -8.6348 -0.5915 -0.9017
v -8.6475 -0.5903 -0.9677
v -8.6746 -0.5903 -1.0292
v -8.7147 -0.5914 -1.0831
v -8.7657 -0.5937 -1.1268
v -8.8251 -0.5969 -1.1580
v -8.8899 -0.6010 -1.1752
v -9.5738 -0.9120 -1.1389
v -9.6395 -0.9188 -1.1268
v -9.7008 -0.9256 -1.1002
v -9.7547 -0.9320 -1.0606
v -9.7984 -0.9377 -1.0099
v -9.8297 -0.9425 -0.9506
v -9.8472 -0.9461 -0.8859
v -9.7134 -0.9895 1.0535
v -9.7010 -0.9903 1.1196
v -9.6744 -0.9895 1.1812
v -9.6348 -0.9872 1.2355
v -9.5842 -0.9835 1.2795
v -9.5251 -0.9787 1.3111
v -9.4606 -0.9729 1.3288
v -8.7486 -0.9023 1.2860
v -8.6828 -0.8955 1.2738
v -8.6215 -0.8888 1.2473
v -8.5676 -0.8824 1.2076
v -8.5239 -0.8766 1.1570
v -8.4926 -0.8718 1.0977
v -8.4752 -0.8683 1.0329
v -8.6090 -0.8248 -0.9064
v -8.6213 -0.8241 -0.9725
v -8.6479 -0.8249 -1.0342
v -8.6875 -0.8271 -1.0884
v -8.7381 -0.8308 -1.1324
v -8.7972 -0.8356 -1.1640
v -8.8618 -0.8414 -1.1817
v -9.5382 -1.1693 -1.1496
v -9.6038 -1.1778 -1.1378
v -9.6652 -1.1861 -1.1117
v -9.7191 -1.1939 -1.0724
v -9.7630 -1.2007 -1.0220
v -9.7946 -1.2062 -0.9630
v -9.8124 -1.2101 -0.8983
v -9.6905 -1.2474 1.0441
v -9.6786 -1.2477 1.1102
v -9.6524 -1.2461 1.1721
v -9.6132 -1.2427 1.2265
v -9.5630 -1.2377 1.2709
v -9.5043 -1.2313 1.3029
v -9.4401 -1.2238 1.3210
v -8.7299 -1.1347 1.2829
v -8.6643 -1.1262 1.2712
v -8.6030 -1.1179 1.2450
v -8.5490 -1.1102 1.2058
v -8.5051 -1.1034 1.1553
v -8.4735 -1.0978 1.0963
v -8.4558 -1.0939 1.0317
v -8.5776 -1.0567 -0.9107
v -8.5895 -1.0563 -0.9769
v -8.6157 -1.0579 -1.0387
v -8.6549 -1.0613 -1.0932
v -8.7051 -1.0663 -1.1375
v -8.7638 -1.0728 -1.1696
v -8.8280 -1.0802 -1.1877
v -9.4966 -1.4250 -1.1593
v -9.5620 -1.4352 -1.1480
v -9.6233 -1.4450 -1.1222
v -9.6772 -1.4541 -1.0832
v -9.7212 -1.4620 -1.0331
v -9.7531 -1.4683 -0.9743
v -9.7711 -1.4726 -0.9097
v -9.6604 -1.5044 1.0354
v -9.6489 -1.5043 1.1016
v -9.6232 -1.5019 1.1636
v -9.5844 -1.4975 1.2183
v -9.5347 -1.4911 1.2630
v -9.4764 -1.4831 1.2954
v -9.4124 -1.4739 1.3138
v -8.7046 -1.3663 1.2801
v -8.6391 -1.3562 1.2687
v -8.5779 -1.3463 1.2429
v -8.5239 -1.3372 1.2040
v -8.4799 -1.3293 1.1538
v -8.4481 -1.3230 1.0950
v -8.4301 -1.3187 1.0304
v -8.5408 -1.2869 -0.9146
v -8.5523 -1.2870 -0.9808
v -8.5780 -1.2894 -1.0428
v -8.6167 -1.2938 -1.0975
v -8.6665 -1.3002 -1.1422
v -8.7248 -1.3082 -1.1746
v -8.7887 -1.3174 -1.1931
v -9.4488 -1.6789 -1.1682
v -9.5140 -1.6907 -1.1573
v -9.5752 -1.7022 -1.1318
v -9.6291 -1.7127 -1.0932
v -9.6732 -1.7217 -1.0433
v -9.7052 -1.7287 -0.9846
v -9.7235 -1.7334 -0.9201
v -9.6231 -1.7604 1.0273
v -9.6120 -1.7599 1.0936
v -9.5867 -1.7568 1.1557
v -9.5485 -1.7513 1.2107
v -9.4991 -1.7436 1.2556
v -9.4412 -1.7340 1.2883
v -9.3777 -1.7231 1.3072
v -8.6727 -1.5971 1.2774
v -8.6075 -1.5852 1.2664
v -8.5464 -1.5738 1.2409
v -8.4924 -1.5633 1.2023
v -8.4484 -1.5543 1.1524
v -8.4164 -1.5473 1.0937
v -8.3981 -1.5425 1.0293
v -8.4984 -1.5156 -0.9182
v -8.5095 -1.5160 -0.9844
v -8.5348 -1.5191 -1.0466
v -8.5731 -1.5247 -1.1015
v -8.6224 -1.5324 -1.1465
v -8.6803 -1.5419 -1.1792
v -8.7439 -1.5528 -1.1981
v -9.3950 -1.9309 -1.1764
v -9.4599 -1.9444 -1.1657
v -9.5209 -1.9575 -1.1406
v -9.5747 -1.9693 -1.1022
v -9.6188 -1.9794 -1.0525
v -9.6509 -1.9873 -0.9941
v -9.6694 -1.9924 -0.9297
v -9.5788 -2.0151 1.0199
v -9.5680 -2.0144 1.0862
v -9.5432 -2.0106 1.1485
v -9.5053 -2.0040 1.2036
v -9.4565 -1.9949 1.2489
v -9.3990 -1.9838 1.2819
v -9.3359 -1.9713 1.3010
v -8.6343 -1.8267 1.2749
v -8.5694 -1.8132 1.2642
v -8.5084 -1.8002 1.2391
v -8.4546 -1.7883 1.2007
v -8.4105 -1.7782 1.1510
v -8.3784 -1.7704 1.0926
v -8.3599 -1.7652 1.0282
v -8.4505 -1.7425 -0.9214
v -8.4613 -1.7433 -0.9877
v -8.4861 -1.7471 -1.0500
v -8.5240 -1.7537 -1.1051
v -8.5728 -1.7627 -1.1504
v -8.6303 -1.7738 -1.1834
v -8.6934 -1.7864 -1.2025
v -9.3351 -2.1809 -1.1838
v -9.3997 -2.1961 -1.1734
v -9.4604 -2.2107 -1.1486
v -9.5141 -2.2240 -1.1105
v -9.5582 -2.2352 -1.0610
v -9.5903 -2.2439 -1.0027
v -9.6090 -2.2495 -0.9384
v -9.5273 -2.2685 1.0131
v -9.5170 -2.2674 1.0795
v -9.4925 -2.2629 1.1419
v -9.4551 -2.2553 1.1972
v -9.4068 -2.2449 1.2426
v -9.3498 -2.2323 1.2759
v -9.2871 -2.2181 1.2954
v -8.5894 -2.0552 1.2726
v -8.5248 -2.0399 1.2622
v -8.4641 -2.0253 1.2374
v -8.4104 -2.0121 1.1992
v -8.3664 -2.0008 1.1498
v -8.3342 -1.9922 1.0914
v -8.3155 -1.9866 1.0272
v -8.3972 -1.9675 -0.9244
v -8.4076 -1.9686 -0.9907
v -8.4320 -1.9731 -1.0531
v -8.4694 -1.9807 -1.1084
v -8.5178 -1.9911 -1.1539
v -8.5747 -2.0037 -1.1872
v -8.6375 -2.0180 -1.2066
v -9.2692 -2.4288 -1.1905
v -9.3334 -2.4457 -1.1805
v -9.3938 -2.4619 -1.1559
v -9.4473 -2.4765 -1.1180
v -9.4913 -2.4889 -1.0687
v -9.5235 -2.4983 -1.0105
v -9.5423 -2.5044 -0.9463
v -9.4689 -2.5203 1.0069
v -9.4589 -2.5189 1.0733
v -9.4348 -2.5137 1.1358
v -9.3979 -2.5051 1.1913
v -9.3500 -2.4934 1.2369
v -9.2936 -2.4793 1.2705
v -9.2313 -2.4634 1.2902
v -8.5381 -2.2822 1.2704
v -8.4739 -2.2653 1.2603
v -8.4135 -2.2491 1.2358
v -8.3600 -2.2344 1.1979
v -8.3160 -2.2221 1.1486
v -8.2838 -2.2126 1.0904
v -8.2650 -2.2065 1.0262
v -8.3384 -2.1906 -0.9270
v -8.3484 -2.1920 -0.9934
v -8.3725 -2.1972 -1.0559
v -8.4094 -2.2058 -1.1114
v -8.4573 -2.2175 -1.1570
v -8.5137 -2.2316 -1.1906
v -8.5760 -2.2475 -1.2103
v -9.1972 -2.6744 -1.1967
v -9.2610 -2.6930 -1.1869
v -9.3211 -2.7108 -1.1625
v -9.3743 -2.7268 -1.1249
v -9.4182 -2.7403 -1.0758
v -9.4504 -2.7506 -1.0177
v -9.4693 -2.7571 -0.9536
v -9.4035 -2.7703 1.0012
v -9.3938 -2.7686 1.0676
v -9.3702 -2.7628 1.1302
v -9.3337 -2.7532 1.1858
v -9.2864 -2.7402 1.2317
v -9.2304 -2.7246 1.2655
v -9.1687 -2.7071 1.2855
v -8.4805 -2.5076 1.2684
v -8.4167 -2.4890 1.2586
v -8.3566 -2.4712 1.2343
v -8.3034 -2.4552 1.1966
v -8.2595 -2.4417 1.1475
v -8.2274 -2.4314 1.0895
v -8.2084 -2.4249 1.0253
v -8.2742 -2.4117 -0.9294
v -8.2839 -2.4134 -0.9959
v -8.3075 -2.4192 -1.0585
v -8.3440 -2.4288 -1.1141
v -8.3913 -2.4418 -1.1599
v -8.4473 -2.4574 -1.1937
v -8.5090 -2.4749 -1.2137
v -9.1193 -2.9176 -1.2022
v -9.1827 -2.9379 -1.1927
v -9.2423 -2.9573 -1.1685
v -9.2953 -2.9747 -1.1311
v -9.3389 -2.9893 -1.0821
v -9.3710 -3.0004 -1.0242
v -9.3900 -3.0075 -0.9601
v -9.3313 -3.0184 0.9960
v -9.3219 -3.0164 1.0625
v -9.2986 -3.0100 1.1251
v -9.2627 -2.9994 1.1809
v -9.2159 -2.9852 1.2269
v -9.1605 -2.9681 1.2609
v -9.0994 -2.9489 1.2811
v -8.4165 -2.7313 1.2666
v -8.3532 -2.7110 1.2570
v -8.2936 -2.6917 1.2329
v -8.2406 -2.6743 1.1955
v -8.1970 -2.6596 1.1465
v -8.1648 -2.6485 1.0886
v -8.1458 -2.6415 1.0245
v -8.2045 -2.6306 -0.9316
v -8.2140 -2.6326 -0.9981
v -8.2372 -2.6390 -1.0608
v -8.2732 -2.6496 -1.1165
v -8.3200 -2.6638 -1.1625
v -8.3754 -2.6809 -1.1965
v -8.4365 -2.7001 -1.2167
v -9.0355 -3.1584 -1.2073
v -9.0983 -3.1804 -1.1979
v -9.1575 -3.2013 -1.1740
v -9.2101 -3.2201 -1.1367
v -9.2535 -3.2359 -1.0879
v -9.2855 -3.2478 -1.0301
v -9.3045 -3.2553 -0.9661
v -9.2523 -3.2643 0.9912
v -9.2432 -3.2621 1.0577
v -9.2203 -3.2550 1.1205
v -9.1848 -3.2435 1.1764
v -9.1386 -3.2280 1.2226
v -9.0838 -3.2094 1.2567
v -9.0232 -3.1887 1.2771
v -8.3464 -2.9531 1.2649
v -8.2836 -2.9312 1.2556
v -8.2244 -2.9103 1.2317
v -8.1718 -2.8915 1.1944
v -8.1284 -2.8757 1.1456
v -8.0963 -2.8637 1.0877
v -8.0773 -2.8562 1.0238
v -8.1295 -2.8472 -0.9336
v -8.1387 -2.8495 -1.0001
v -8.1615 -2.8565 -1.0628
v -8.1970 -2.8681 -1.1187
v -8.2433 -2.8835 -1.1649
v -8.2981 -2.9021 -1.1990
v -8.3586 -2.9229 -1.2195
v -8.9457 -3.3966 -1.2118
v -9.0080 -3.4202 -1.2027
v -9.0667 -3.4427 -1.1789
v -9.1189 -3.4628 -1.1418
v -9.1620 -3.4798 -1.0932
v -9.1939 -3.4925 -1.0354
v -9.2129 -3.5005 -0.9715
v -9.1666 -3.5080 0.9869
v -9.1577 -3.5055 1.0535
v -9.1353 -3.4978 1.1163
v -9.1003 -3.4853 1.1723
v -9.0546 -3.4686 1.2186
v -9.0004 -3.4486 1.2529
v -8.9405 -3.4262 1.2735
v -8.2701 -3.1729 1.2634
v -8.2078 -3.1493 1.2543
v -8.1491 -3.1268 1.2305
v -8.0969 -3.1066 1.1934
v -8.0538 -3.0897 1.1447
v -8.0219 -3.0769 1.0870
v -8.0029 -3.0689 1.0231
v -8.0492 -3.0615 -0.9353
v -8.0581 -3.0640 -1.0019
v -8.0805 -3.0717 -1.0647
v -8.1155 -3.0842 -1.1207
v -8.1612 -3.1008 -1.1670
v -8.2154 -3.1209 -1.2013
v -8.2753 -3.1432 -1.2220
v -8.8502 -3.6320 -1.2160
v -8.9118 -3.6573 -1.2070
v -8.9699 -3.6813 -1.1834
v -9.0217 -3.7028 -1.1464
v -9.0645 -3.7209 -1.0979
v -9.0962 -3.7345 -1.0402
v -9.1151 -3.7430 -0.9764
v -9.0742 -3.7491 0.9830
v -9.0657 -3.7464 1.0496
v -9.0436 -3.7381 1.1125
v -9.0091 -3.7247 1.1685
v -8.9640 -3.7068 1.2150
v -8.9105 -3.6853 1.2495
v -8.8512 -3.6614 1.2703
v -8.1877 -3.3904 1.2620
v -8.1261 -3.3652 1.2530
v -8.0679 -3.3411 1.2295
v -8.0162 -3.3196 1.1925
v -7.9734 -3.3015 1.1440
v -7.9417 -3.2879 1.0863
v -7.9227 -3.2794 1.0224
v -7.9636 -3.2733 -0.9369
v -7.9722 -3.2760 -1.0035
v -7.9943 -3.2843 -1.0664
v -8.0287 -3.2977 -1.1225
v -8.0739 -3.3156 -1.1689
v -8.1274 -3.3371 -1.2034
v -8.1866 -3.3610 -1.2242
v -8.7488 -3.8646 -1.2197
v -8.8097 -3.8914 -1.2109
v -8.8672 -3.9170 -1.1874
v -8.9185 -3.9399 -1.1506
v -8.9609 -3.9591 -1.1022
v -8.9924 -3.9735 -1.0446
v -9.0113 -3.9825 -0.9808
v -8.9754 -3.9876 0.9794
v -8.9670 -3.9846 1.0460
v -8.9453 -3.9758 1.1090
v -8.9114 -3.9615 1.1652
v -8.8669 -3.9424 1.2117
v -8.8140 -3.9195 1.2463
v -8.7555 -3.8940 1.2673
v -8.0993 -3.6056 1.2608
v -8.0384 -3.5787 1.2519
v -7.9809 -3.5532 1.2285
v -7.9296 -3.5302 1.1917
v -7.8871 -3.5111 1.1432
v -7.8557 -3.4966 1.0857
v -7.8368 -3.4876 1.0218
v -7.8727 -3.4825 -0.9384
v -7.8811 -3.4855 -1.0050
v -7.9028 -3.4944 -1.0679
v -7.9367 -3.5087 -1.1241
v -7.9812 -3.5278 -1.1707
v -8.0341 -3.5506 -1.2053
v -8.0926 -3.5761 -1.2262
v -8.6416 -4.0942 -1.2230
v -8.7018 -4.1226 -1.2144
v -8.7587 -4.1497 -1.1911
v -8.8095 -4.1740 -1.1543
v -8.8515 -4.1943 -1.1060
v -8.8827 -4.2095 -1.0485
v -8.9015 -4.2190 -0.9847
v -8.8700 -4.2233 0.9762
v -8.8619 -4.2201 1.0428
v -8.8406 -4.2107 1.1059
v -8.8072 -4.1955 1.1621
v -8.7633 -4.1752 1.2088
v -8.7112 -4.1510 1.2435
v -8.6534 -4.1239 1.2646
v -8.0051 -3.8182 1.2596
v -7.9449 -3.7897 1.2509
v -7.8880 -3.7627 1.2276
v -7.8372 -3.7384 1.1909
v -7.7952 -3.7181 1.1426
v -7.7640 -3.7028 1.0851
v -7.7452 -3.6933 1.0213
v -7.7767 -3.6891 -0.9397
v -7.7848 -3.6923 -1.0063
v -7.8061 -3.7017 -1.0693
v -7.8395 -3.7169 -1.1255
v -7.8834 -3.7372 -1.1722
v -7.9355 -3.7614 -1.2069
v -7.9933 -3.7884 -1.2280
v -8.5288 -4.3206 -1.2261
v -8.5882 -4.3507 -1.2175
v -8.6445 -4.3793 -1.1943
v -8.6946 -4.4049 -1.1577
v -8.7362 -4.4263 -1.1095
v -8.7671 -4.4424 -1.0521
v -8.7858 -4.4524 -0.9883
v -8.7584 -4.4560 0.9733
v -8.7505 -4.4526 1.0400
v -8.7296 -4.4426 1.1030
v -8.6967 -4.4265 1.1593
v -8.6534 -4.4051 1.2061
v -8.6020 -4.3795 1.2410
v -8.5450 -4.3510 1.2622
v -7.9050 -4.0282 1.2586
v -7.8456 -3.9981 1.2500
v -7.7894 -3.9696 1.2268
v -7.7392 -3.9439 1.1902
v -7.6976 -3.9225 1.1420
v -7.6667 -3.9064 1.0846
v -7.6480 -3.8964 1.0208
v -7.6754 -3.8929 -0.9408
v -7.6833 -3.8962 -1.0075
v -7.7042 -3.9062 -1.0705
v -7.7371 -3.9223 -1.1268
v -7.7804 -3.9437 -1.1736
v -7.8318 -3.9693 -1.2084
v -7.8888 -3.9979 -1.2297
v -8.4103 -4.5439 -1.2288
v -8.4690 -4.5755 -1.2203
v -8.5244 -4.6055 -1.1973
v -8.5740 -4.6325 -1.1608
v -8.6151 -4.6550 -1.1126
v -8.6457 -4.6719 -1.0552
v -8.6642 -4.6824 -0.9915
v -8.6404 -4.6855 0.9707
v -8.6328 -4.6819 1.0374
v -8.6122 -4.6714 1.1005
v -8.5799 -4.6545 1.1568
v -8.5373 -4.6319 1.2037
v -8.4867 -4.6050 1.2386
v -8.4305 -4.5749 1.2600
v -7.7993 -4.2353 1.2576
v -7.7406 -4.2037 1.2492
v -7.6851 -4.1737 1.2261
v -7.6356 -4.1467 1.1896
v -7.5945 -4.1242 1.1415
v -7.5639 -4.1073 1.0841
v -7.5454 -4.0968 1.0204
v -7.5691 -4.0937 -0.9419
v -7.5768 -4.0973 -1.0085
v -7.5973 -4.1078 -1.0716
v -7.6297 -4.1248 -1.1280
v -7.6722 -4.1473 -1.1748
v -7.7229 -4.1742 -1.2098
v -7.7791 -4.2043 -1.2311
v -8.2863 -4.7638 -1.2312
v -8.3441 -4.7969 -1.2229
v -8.3988 -4.8284 -1.1999
v -8.4477 -4.8567 -1.1635
v -8.4882 -4.8803 -1.1154
v -8.5185 -4.8980 -1.0581
v -8.5368 -4.9090 -0.9944
v -8.5163 -4.9118 0.9684
v -8.5089 -4.9080 1.0350
v -8.4888 -4.8969 1.0982
v -8.4570 -4.8791 1.1546
v -8.4151 -4.8555 1.2015
v -8.3653 -4.8272 1.2366
v -8.3099 -4.7957 1.2580
v -7.6879 -4.4395 1.2568
v -7.6301 -4.4064 1.2484
v -7.5753 -4.3749 1.2255
v -7.5265 -4.3466 1.1890
v -7.4859 -4.3230 1.1410
v -7.4557 -4.3053 1.0837
v -7.4373 -4.2943 1.0200
v -7.4578 -4.2916 -0.9428
v -7.4652 -4.2953 -1.0095
v -7.4854 -4.3064 -1.0726
v -7.5172 -4.3242 -1.1290
v -7.5590 -4.3478 -1.1760
v -7.6089 -4.3761 -1.2110
v -7.6642 -4.4076 -1.2324
v -8.1567 -4.9802 -1.2334
v -8.2137 -5.0149 -1.2251
v -8.2676 -5.0478 -1.2023
v -8.3157 -5.0773 -1.1659
v -8.3557 -5.1020 -1.1179
v -8.3856 -5.1205 -1.0606
v -8.4037 -5.1320 -0.9970
v -8.3862 -5.1345 0.9663
v -8.3790 -5.1306 1.0329
v -8.3592 -5.1190 1.0961
v -8.3280 -5.1004 1.1526
v -8.2869 -5.0757 1.1996
v -8.2378 -5.0461 1.2347
v -8.1834 -5.0131 1.2562
v -7.5710 -4.6406 1.2560
v -7.5140 -4.6059 1.2478
v -7.4601 -4.5730 1.2249
v -7.4120 -4.5435 1.1885
v -7.3720 -4.5188 1.1405
v -7.3421 -4.5003 1.0833
v -7.3240 -4.4888 1.0196
v -7.3415 -4.4863 -0.9436
v -7.3487 -4.4902 -1.0103
v -7.3685 -4.5018 -1.0735
v -7.3997 -4.5204 -1.1300
v -7.4408 -4.5451 -1.1770
v -7.4899 -4.5747 -1.2121
v -7.5443 -4.6077 -1.2336
v -8.0218 -5.1930 -1.2353
v -8.0778 -5.2292 -1.2272
v -8.1308 -5.2635 -1.2044
v -8.1782 -5.2943 -1.1681
v -8.2176 -5.3200 -1.1201
v -8.2471 -5.3393 -1.0629
v -8.2650 -5.3513 -0.9993
v -8.2501 -5.3537 0.9644
v -8.2431 -5.3496 1.0311
v -8.2238 -5.3375 1.0943
v -8.1931 -5.3181 1.1508
v -8.1527 -5.2923 1.1978
v -8.1045 -5.2614 1.2330
v -8.0510 -5.2270 1.2546
v -7.4486 -4.8385 1.2553
v -7.3926 -4.8023 1.2472
v -7.3396 -4.7680 1.2244
v -7.2922 -4.7372 1.1881
v -7.2528 -4.7114 1.1401
v -7.2234 -4.6921 1.0829
v -7.2054 -4.6801 1.0193
v -7.2203 -4.6777 -0.9444
v -7.2273 -4.6819 -1.0111
v -7.2467 -4.6939 -1.0743
v -7.2773 -4.7134 -1.1308
v -7.3177 -4.7392 -1.1779
v -7.3659 -4.7700 -1.2130
v -7.4194 -4.8044 -1.2346
v -7.8815 -5.4020 -1.2371
v -7.9365 -5.4397 -1.2290
v -7.9887 -5.4754 -1.2063
v -8.0353 -5.5075 -1.1700
v -8.0741 -5.5342 -1.1221
v -8.1030 -5.5543 -1.0650
v -8.1208 -5.5668 -1.0014
v -8.1082 -5.5692 0.9627
v -8.1014 -5.5649 1.0294
v -8.0825 -5.5523 1.0926
v -8.0524 -5.5321 1.1492
v -8.0127 -5.5052 1.1963
v -7.9654 -5.4731 1.2315
v -7.9129 -5.4373 1.2532
v -7.3210 -5.0330 1.2547
v -7.2660 -4.9953 1.2466
v -7.2138 -4.9596 1.2239
v -7.1672 -4.9275 1.1877
v -7.1284 -4.9008 1.1398
v -7.0995 -4.8807 1.0826
v -7.0817 -4.8682 1.0190
v -7.0942 -4.8658 -0.9451
v -7.1011 -4.8702 -1.0117
v -7.1200 -4.8827 -1.0750
v -7.1501 -4.9029 -1.1315
v -7.1897 -4.9298 -1.1786
v -7.2371 -4.9619 -1.2139
v -7.2896 -4.9977 -1.2356
v -7.7359 -5.6072 -1.2386
v -7.7900 -5.6463 -1.2306
v -7.8412 -5.6834 -1.2079
v -7.8870 -5.7167 -1.1718
v -7.9251 -5.7445 -1.1239
v -7.9536 -5.7654 -1.0668
v -7.9710 -5.7783 -1.0032
v -7.9606 -5.7807 0.9612
v -7.9540 -5.7762 1.0279
v -7.9354 -5.7632 1.0911
v -7.9060 -5.7422 1.1477
v -7.8671 -5.7143 1.1949
v -7.8207 -5.6810 1.2302
v -7.7691 -5.6438 1.2519
v -7.1881 -5.2240 1.2541
v -7.1341 -5.1849 1.2461
v -7.0829 -5.1478 1.2235
v -7.0371 -5.1145 1.1873
v -6.9990 -5.0867 1.1395
v -6.9705 -5.0658 1.0823
v -6.9531 -5.0529 1.0187
v -6.9635 -5.0505 -0.9456
v -6.9701 -5.0550 -1.0123
v -6.9886 -5.0680 -1.0756
v -7.0181 -5.0890 -1.1322
v -7.0570 -5.1169 -1.1794
v -7.1034 -5.1502 -1.2147
v -7.1550 -5.1874 -1.2364
v -7.5852 -5.8085 -1.2400
v -7.6382 -5.8490 -1.2320
v -7.6884 -5.8874 -1.2094
v -7.7334 -5.9219 -1.1733
v -7.7708 -5.9507 -1.1255
v -7.7988 -5.9723 -1.0684
v -7.8159 -5.9857 -1.0048
v -7.8074 -5.9882 0.9598
v -7.8009 -5.9836 1.0265
v -7.7828 -5.9700 1.0898
v -7.7540 -5.9483 1.1465
v -7.7159 -5.9194 1.1936
v -7.6704 -5.8848 1.2290
v -7.6199 -5.8463 1.2508
v -7.0502 -5.4113 1.2536
v -6.9972 -5.3708 1.2457
v -6.9469 -5.3324 1.2231
v -6.9020 -5.2979 1.1870
v -6.8646 -5.2691 1.1392
v -6.8366 -5.2475 1.0821
v -6.8195 -5.2341 1.0185
v -6.8280 -5.2316 -0.9462
v -6.8345 -5.2362 -1.0129
v -6.8526 -5.2497 -1.0761
v -6.8814 -5.2715 -1.1328
v -6.9195 -5.3004 -1.1800
v -6.9650 -5.3349 -1.2154
v -7.0155 -5.3734 -1.2371
v -7.4294 -6.0056 -1.2412
v -7.4813 -6.0475 -1.2333
v -7.5306 -6.0872 -1.2108
v -7.5746 -6.1229 -1.1747
v -7.6113 -6.1527 -1.1269
v -7.6387 -6.1750 -1.0698
v -7.6556 -6.1889 -1.0063
v -7.6487 -6.1915 0.9586
v -7.6424 -6.1867 1.0254
v -7.6247 -6.1727 1.0886
v -7.5965 -6.1502 1.1453
v -7.5593 -6.1204 1.1925
v -7.5147 -6.0846 1.2280
v -7.4652 -6.0448 1.2498
v -6.9072 -5.5949 1.2532
v -6.8553 -5.5530 1.2453
v -6.8061 -5.5133 1.2228
v -6.7620 -5.4776 1.1867
v -6.7254 -5.4478 1.1389
v -6.6979 -5.4255 1.0818
v -6.6811 -5.4116 1.0183
v -6.6879 -5.4090 -0.9466
v -6.6942 -5.4138 -1.0134
v -6.7119 -5.4278 -1.0766
v -6.7401 -5.4503 -1.1333
v -6.7774 -5.4801 -1.1805
v -6.8219 -5.5159 -1.2160
v -6.8714 -5.5557 -1.2378
v -7.2687 -6.1985 -1.2423
v -7.3195 -6.2417 -1.2344
v -7.3676 -6.2828 -1.2119
v -7.4107 -6.3196 -1.1759
v -7.4467 -6.3503 -1.1282
v -7.4736 -6.3734 -1.0711
v -7.4901 -6.3877 -1.0076
v -7.4847 -6.3905 0.9576
v -7.4785 -6.3856 1.0243
v -7.4613 -6.3711 1.0876
v -7.4337 -6.3479 1.1443
v -7.3973 -6.3171 1.1916
v -7.3538 -6.2802 1.2270
v -7.3053 -6.2391 1.2489
v -6.7594 -5.7746 1.2528
v -6.7086 -5.7314 1.2450
v -6.6604 -5.6903 1.2225
v -6.6173 -5.6535 1.1864
v -6.5814 -5.6228 1.1387
v -6.5545 -5.5997 1.0816
v -6.5379 -5.5854 1.0181
v -6.5434 -5.5826 -0.9471
v -6.5495 -5.5875 -1.0138
v -6.5668 -5.6020 -1.0771
v -6.5943 -5.6252 -1.1338
v -6.6307 -5.6560 -1.1810
v -6.6743 -5.6929 -1.2165
v -6.7227 -5.7340 -1.2384
v -7.1030 -6.3870 -1.2433
v -7.1526 -6.4316 -1.2354
v -7.1997 -6.4739 -1.2130
v -7.2419 -6.5119 -1.1770
v -7.2770 -6.5435 -1.1293
v -7.3033 -6.5673 -1.0722
v -7.3195 -6.5821 -1.0087
v -7.3154 -6.5851 0.9566
v -7.3094 -6.5800 1.0234
v -7.2926 -6.5651 1.0867
v -7.2657 -6.5412 1.1434
v -7.2301 -6.5094 1.1907
v -7.1876 -6.4714 1.2262
v -7.1403 -6.4290 1.2481
v -6.6068 -5.9503 1.2525
v -6.5571 -5.9058 1.2447
v -6.5100 -5.8634 1.2222
v -6.4679 -5.8255 1.1862
v -6.4328 -5.7938 1.1385
v -6.4064 -5.7700 1.0814
v -6.3902 -5.7553 1.0179
v -6.3944 -5.7523 -0.9474
v -6.4003 -5.7574 -1.0141
v -6.4172 -5.7722 -1.0775
v -6.4441 -5.7962 -1.1342
v -6.4797 -5.8279 -1.1815
v -6.5222 -5.8660 -1.2170
v -6.5695 -5.9083 -1.2389
v -6.9326 -6.5711 -1.2441
v -6.9810 -6.6170 -1.2363
v -7.0270 -6.6605 -1.2139
v -7.0682 -6.6996 -1.1779
v -7.1025 -6.7322 -1.1303
v -7.1282 -6.7567 -1.0732
v -7.1440 -6.7719 -1.0097
v -7.1410 -6.7751 0.9558
v -7.1352 -6.7698 1.0225
v -7.1188 -6.7545 1.0859
v -7.0926 -6.7299 1.1426
v -7.0579 -6.6972 1.1899
v -7.0164 -6.6581 1.2254
v -6.9703 -6.6145 1.2474
v -6.4495 -6.1219 1.2522
v -6.4011 -6.0761 1.2444
v -6.3551 -6.0325 1.2219
v -6.3139 -5.9934 1.1860
v -6.2796 -5.9609 1.1383
v -6.2539 -5.9363 1.0813
v -6.2381 -5.9212 1.0178
v -6.2411 -5.9180 -0.9478
v -6.2469 -5.9232 -1.0145
v -6.2633 -5.9385 -1.0778
v -6.2895 -5.9631 -1.1345
v -6.3242 -5.9958 -1.1819
v -6.3657 -6.0349 -1.2174
v -6.4118 -6.0785 -1.2393
v -6.7575 -6.7506 -1.2449
v -6.8047 -6.7978 -1.2371
v -6.8495 -6.8425 -1.2147
v -6.8897 -6.8826 -1.1788
v -6.9231 -6.9161 -1.1311
v -6.9482 -6.9413 -1.0741
v -6.9637 -6.9569 -1.0106
v -6.9616 -6.9603 0.9551
v -6.9560 -6.9550 1.0218
v -6.9401 -6.9392 1.0851
v -6.9145 -6.9140 1.1419
v -6.8807 -6.8804 1.1892
v -6.8403 -6.8402 1.2248
v -6.7953 -6.7954 1.2468
v -6.2878 -6.2893 1.2519
v -6.2405 -6.2421 1.2441
v -6.1957 -6.1974 1.2217
v -6.1556 -6.1573 1.1858
v -6.1221 -6.1238 1.1381
v -6.0970 -6.0986 1.0811
v -6.0815 -6.0830 1.0177
v -6.0836 -6.0795 -0.9480
v -6.0892 -6.0849 -1.0148
v -6.1052 -6.1006 -1.0781
v -6.1307 -6.1259 -1.1349
v -6.1645 -6.1595 -1.1822
v -6.2049 -6.1997 -1.2178
v -6.2499 -6.2445 -1.2397
v -6.5778 -6.9254 -1.2455
v -6.6238 -6.9738 -1.2378
v -6.6674 -7.0197 -1.2154
v -6.7065 -7.0609 -1.1795
v -6.7391 -7.0953 -1.1319
v -6.7636 -7.1211 -1.0749
v -6.7786 -7.1371 -1.0114
v -6.7774 -7.1408 0.9544
v -6.7720 -7.1353 1.0212
v -6.7565 -7.1192 1.0845
v -6.7316 -7.0932 1.1413
v -6.6987 -7.0588 1.1886
v -6.6594 -7.0175 1.2242
v -6.6156 -6.9716 1.2462
v -6.1216 -6.4523 1.2516
v -6.0756 -6.4039 1.2439
v -6.0319 -6.3580 1.2216
v -5.9929 -6.3168 1.1856
v -5.9603 -6.2824 1.1380
v -5.9358 -6.2566 1.0810
v -5.9207 -6.2406 1.0175
v -5.9220 -6.2369 -0.9483
v -5.9274 -6.2424 -1.0150
v -5.9429 -6.2585 -1.0784
v -5.9677 -6.2845 -1.1351
v -6.0006 -6.3190 -1.1825
v -6.0400 -6.3602 -1.2181
v -6.0837 -6.4062 -1.2401
v -6.3937 -7.0955 -1.2461
v -6.4384 -7.1450 -1.2384
v -6.4808 -7.1921 -1.2161
v -6.5188 -7.2343 -1.1802
v -6.5505 -7.2695 -1.1326
v -6.5743 -7.2960 -1.0756
v -6.5890 -7.3124 -1.0121
v -6.5884 -7.3163 0.9538
v -6.5832 -7.3107 1.0206
v -6.5682 -7.2941 1.0839
v -6.5441 -7.2676 1.1407
v -6.5121 -7.2323 1.1881
v -6.4739 -7.1900 1.2237
v -6.4313 -7.1429 1.2457
v -5.9511 -6.6108 1.2514
v -5.9064 -6.5612 1.2437
v -5.8640 -6.5142 1.2214
v -5.8260 -6.4720 1.1855
v -5.7943 -6.4368 1.1379
v -5.7705 -6.4103 1.0809
v -5.7558 -6.3939 1.0174
v -5.7564 -6.3900 -0.9485
v -5.7616 -6.3956 -1.0152
v -5.7766 -6.4121 -1.0786
v -5.8008 -6.4387 -1.1354
v -5.8327 -6.4740 -1.1828
v -5.8709 -6.5163 -1.2184
v -5.9135 -6.5634 -1.2404
v -6.2053 -7.2606 -1.2466
v -6.2487 -7.3113 -1.2389
v -6.2899 -7.3594 -1.2166
v -6.3267 -7.4026 -1.1807
v -6.3575 -7.4387 -1.1331
v -6.3806 -7.4658 -1.0762
v -6.3949 -7.4826 -1.0127
v -6.3949 -7.4868 0.9533
v -6.3899 -7.4810 1.0201
v -6.3753 -7.4641 1.0834
v -6.3519 -7.4369 1.1402
v -6.3209 -7.4007 1.1876
v -6.2838 -7.3575 1.2233
v -6.2426 -7.3093 1.2453
v -5.7765 -6.7648 1.2512
v -5.7331 -6.7140 1.2436
v -5.6919 -6.6659 1.2212
v -5.6550 -6.6227 1.1854
v -5.6243 -6.5867 1.1378
v -5.6012 -6.5595 1.0808
v -5.5869 -6.5427 1.0174
v -5.5868 -6.5386 -0.9487
v -5.5919 -6.5444 -1.0154
v -5.6065 -6.5613 -1.0788
v -5.6299 -6.5885 -1.1356
v -5.6609 -6.6246 -1.1830
v -5.6979 -6.6678 -1.2186
v -5.7392 -6.7160 -1.2407
v -6.0127 -7.4207 -1.2471
v -6.0547 -7.4725 -1.2394
v -6.0946 -7.5217 -1.2171
v -6.1304 -7.5659 -1.1813
v -6.1602 -7.6027 -1.1337
v -6.1826 -7.6304 -1.0767
v -6.1964 -7.6476 -1.0133
v -6.1970 -7.6520 0.9529
v -6.1921 -7.6461 1.0196
v -6.1780 -7.6289 1.0830
v -6.1554 -7.6011 1.1398
v -6.1253 -7.5641 1.1872
v -6.0894 -7.5199 1.2229
v -6.0494 -7.4707 1.2449
v -5.5978 -6.9141 1.2511
v -5.5558 -6.8622 1.2434
v -5.5159 -6.8130 1.2211
v -5.4801 -6.7689 1.1853
v -5.4503 -6.7320 1.1377
v -5.4279 -6.7043 1.0807
v -5.4141 -6.6871 1.0173
v -5.4135 -6.6827 -0.9489
v -5.4184 -6.6886 -1.0156
v -5.4325 -6.7059 -1.0790
v -5.4551 -6.7337 -1.1358
v -5.4852 -6.7706 -1.1832
v -5.5211 -6.8148 -1.2188
v -5.5611 -6.8641 -1.2409
v -5.8160 -7.5756 -1.2475
v -5.8567 -7.6286 -1.2398
v -5.8953 -7.6788 -1.2175
v -5.9298 -7.7239 -1.1817
v -5.9587 -7.7615 -1.1341
v -5.9804 -7.7898 -1.0772
v -5.9938 -7.8074 -1.0137
v -5.9948 -7.8120 0.9525
v -5.9901 -7.8060 1.0193
v -5.9764 -7.7884 1.0826
v -5.9545 -7.7600 1.1395
v -5.9255 -7.7223 1.1869
v -5.8908 -7.6772 1.2225
v -5.8521 -7.6269 1.2446
v -5.4153 -7.0586 1.2509
v -5.3746 -7.0057 1.2433
v -5.3360 -6.9554 1.2210
v -5.3014 -6.9103 1.1852
v -5.2726 -6.8727 1.1376
v -5.2509 -6.8444 1.0807
v -5.2375 -6.8268 1.0172
v -5.2365 -6.8222 -0.9490
v -5.2412 -6.8282 -1.0158
v -5.2548 -6.8459 -1.0791
v -5.2767 -6.8742 -1.1360
v -5.3058 -6.9119 -1.1834
v -5.3405 -6.9571 -1.2190
v -5.3792 -7.0074 -1.2411
v -5.6154 -7.7254 -1.2478
v -5.6546 -7.7794 -1.2402
v -5.6919 -7.8306 -1.2179
v -5.7253 -7.8766 -1.1821
v -5.7532 -7.9150 -1.1345
v -5.7741 -7.9438 -1.0776
v -5.7871 -7.9617 -1.0141
v -5.7884 -7.9666 0.9522
v -5.7839 -7.9605 1.0189
v -5.7707 -7.9425 1.0823
v -5.7496 -7.9136 1.1391
v -5.7216 -7.8751 1.1866
v -5.6880 -7.8291 1.2222
v -5.6507 -7.7778 1.2443
v -5.2290 -7.1982 1.2508
v -5.1897 -7.1443 1.2432
v -5.1524 -7.0930 1.2209
v -5.1190 -7.0470 1.1851
v -5.0911 -7.0087 1.1375
v -5.0702 -6.9798 1.0806
v -5.0572 -6.9619 1.0171
v -5.0559 -6.9570 -0.9492
v -5.0605 -6.9632 -1.0159
v -5.0736 -6.9811 -1.0793
v -5.0947 -7.0101 -1.1361
v -5.1228 -7.0485 -1.1835
v -5.1563 -7.0945 -1.2192
v -5.1936 -7.1458 -1.2413
v -5.4109 -7.8698 -1.2481
v -5.4487 -7.9248 -1.2405
v -5.4847 -7.9770 -1.2182
v -5.5169 -8.0239 -1.1824
v -5.5437 -8.0630 -1.1349
v -5.5639 -8.0924 -1.0779
v -5.5764 -8.1106 -1.0145
v -5.5780 -8.1157 0.9519
v -5.5737 -8.1095 1.0186
v -5.5610 -8.0911 1.0820
v -5.5406 -8.0617 1.1388
v -5.5137 -8.0225 1.1863
v -5.4814 -7.9756 1.2220
v -5.4454 -7.9234 1.2441
v -5.0390 -7.3329 1.2507
v -5.0012 -7.2780 1.2431
v -4.9653 -7.2257 1.2208
v -4.9331 -7.1789 1.1850
v -4.9062 -7.1398 1.1375
v -4.8860 -7.1104 1.0805
v -4.8735 -7.0921 1.0171
v -4.8719 -7.0871 -0.9493
v -4.8763 -7.0933 -1.0160
v -4.8889 -7.1116 -1.0794
v -4.9093 -7.1411 -1.1362
v -4.9363 -7.1803 -1.1837
v -4.9686 -7.2271 -1.2194
v -5.0045 -7.2794 -1.2415
v -5.2028 -8.0088 -1.2484
v -5.2392 -8.0648 -1.2408
v -5.2737 -8.1179 -1.2185
v -5.3047 -8.1656 -1.1827
v -5.3305 -8.2054 -1.1352
v -5.3499 -8.2353 -1.0782
v -5.3620 -8.2539 -1.0148
v -5.3638 -8.2592 0.9516
v -5.3596 -8.2529 1.0184
v -5.3474 -8.2342 1.0818
v -5.3279 -8.2042 1.1386
v -5.3019 -8.1644 1.1860
v -5.2709 -8.1167 1.2217
v -5.2363 -8.0635 1.2438
v -4.8456 -7.4626 1.2506
v -4.8092 -7.4066 1.2430
v -4.7746 -7.3535 1.2208
v -4.7437 -7.3058 1.1850
v -4.7178 -7.2660 1.1374
v -4.6984 -7.2361 1.0805
v -4.6864 -7.2175 1.0170
v -4.6846 -7.2122 -0.9494
v -4.6888 -7.2186 -1.0161
v -4.7009 -7.2372 -1.0795
v -4.7205 -7.2672 -1.1364
v -4.7464 -7.3070 -1.1838
v -4.7775 -7.3548 -1.2195
v -4.8121 -7.4079 -1.2416
v -4.9911 -8.1423 -1.2486
v -5.0261 -8.1992 -1.2410
v -5.0592 -8.2533 -1.2188
v -5.0889 -8.3017 -1.1830
v -5.1137 -8.3422 -1.1354
v -5.1323 -8.3726 -1.0785
v -5.1439 -8.3915 -1.0151
v -5.1458 -8.3970 0.9514
v -5.1418 -8.3906 1.0181
v -5.1302 -8.3716 1.0815
v -5.1114 -8.3411 1.1384
v -5.0865 -8.3006 1.1858
v -5.0568 -8.2521 1.2215
v -5.0236 -8.1981 1.2437
v -4.6488 -7.5871 1.2505
v -4.6139 -7.5302 1.2429
v -4.5807 -7.4762 1.2207
v -4.5510 -7.4277 1.1849
v -4.5262 -7.3872 1.1374
v -4.5076 -7.3568 1.0804
v -4.4961 -7.3379 1.0170
v -4.4941 -7.3324 -0.9495
v -4.4981 -7.3389 -1.0162
v -4.5097 -7.3578 -1.0796
v -4.5285 -7.3883 -1.1364
v -4.5534 -7.4288 -1.1839
v -4.5832 -7.4773 -1.2196
v -4.6163 -7.5314 -1.2417
v -4.7761 -8.2702 -1.2488
v -4.8095 -8.3280 -1.2412
v -4.8412 -8.3829 -1.2190
v -4.8696 -8.4322 -1.1832
v -4.8934 -8.4733 -1.1356
v -4.9112 -8.5042 -1.0787
v -4.9223 -8.5234 -1.0153
v -4.9244 -8.5291 0.9512
v -4.9205 -8.5225 1.0179
v -4.9094 -8.5033 1.0813
v -4.8914 -8.4723 1.1382
v -4.8676 -8.4312 1.1857
v -4.8391 -8.3819 1.2214
v -4.8074 -8.3270 1.2435
v -4.4487 -7.7064 1.2504
v -4.4153 -7.6486 1.2429
v -4.3836 -7.5937 1.2206
v -4.3552 -7.5445 1.1848
v -4.3315 -7.5034 1.1373
v -4.3136 -7.4725 1.0804
v -4.3026 -7.4533 1.0170
v -4.3005 -7.4476 -0.9495
v -4.3043 -7.4541 -1.0163
v -4.3155 -7.4734 -1.0797
v -4.3334 -7.5043 -1.1365
v -4.3572 -7.5455 -1.1840
v -4.3857 -7.5948 -1.2197
v -4.4175 -7.6497 -1.2418
v -4.5578 -8.3925 -1.2490
v -4.5897 -8.4511 -1.2414
v -4.6199 -8.5068 -1.2192
v -4.6471 -8.5568 -1.1834
v -4.6697 -8.5985 -1.1358
v -4.6868 -8.6299 -1.0789
v -4.6973 -8.6494 -1.0155
v -4.6995 -8.6552 0.9510
v -4.6958 -8.6486 1.0178
v -4.6852 -8.6291 1.0812
v -4.6681 -8.5976 1.1380
v -4.6454 -8.5559 1.1855
v -4.6182 -8.5059 1.2212
v -4.5879 -8.4502 1.2433
v -4.2456 -7.8204 1.2504
v -4.2138 -7.7618 1.2428
v -4.1835 -7.7060 1.2206
v -4.1564 -7.6561 1.1848
v -4.1337 -7.6144 1.1373
v -4.1167 -7.5830 1.0804
v -4.1062 -7.5635 1.0169
v -4.1040 -7.5576 -0.9496
v -4.1076 -7.5643 -1.0164
v -4.1183 -7.5838 -1.0797
v -4.1354 -7.6152 -1.1366
v -4.1581 -7.6570 -1.1841
v -4.1853 -7.7070 -1.2198
v -4.2156 -7.7627 -1.2419
v -4.3364 -8.5089 -1.2491
v -4.3667 -8.5684 -1.2415
v -4.3955 -8.6249 -1.2193
v -4.4214 -8.6755 -1.1835
v -4.4429 -8.7178 -1.1360
v -4.4591 -8.7497 -1.0791
v -4.4691 -8.7694 -1.0157
v -4.4714 -8.7754 0.9509
v -4.4679 -8.7687 1.0176
v -4.4578 -8.7489 1.0810
v -4.4415 -8.7171 1.1379
v -4.4199 -8.6747 1.1854
v -4.3940 -8.6240 1.2211
v -4.3652 -8.5675 1.2432
v -4.0396 -7.9290 1.2503
v -4.0093 -7.8696 1.2428
v -3.9805 -7.8131 1.2205
v -3.9547 -7.7624 1.1848
v -3.9331 -7.7201 1.1372
v -3.9169 -7.6883 1.0803
v -3.9069 -7.6685 1.0169
v -3.9047 -7.6625 -0.9497
v -3.9081 -7.6692 -1.0164
v -3.9182 -7.6890 -1.0798
v -3.9345 -7.7209 -1.1367
v -3.9561 -7.7632 -1.1841
v -3.9820 -7.8139 -1.2199
v -4.0108 -7.8704 -1.2420
v -4.1121 -8.6195 -1.2492
v -4.1408 -8.6798 -1.2417
v -4.1681 -8.7370 -1.2195
v -4.1926 -8.7883 -1.1837
v -4.2131 -8.8312 -1.1362
v -4.2284 -8.8634 -1.0793
v -4.2379 -8.8834 -1.0158
v -4.2402 -8.8896 0.9508
v -4.2369 -8.8828 1.0175
v -4.2273 -8.8628 1.0809
v -4.2119 -8.8305 1.1378
v -4.1914 -8.7876 1.1852
v -4.1669 -8.7363 1.2210
v -4.1395 -8.6790 1.2431
v -3.8308 -8.0322 1.2503
v -3.8020 -7.9719 1.2427
v -3.7747 -7.9147 1.2205
v -3.7502 -7.8634 1.1847
v -3.7298 -7.8206 1.1372
v -3.7144 -7.7883 1.0803
v -3.7049 -7.7683 1.0169
v -3.7027 -7.7621 -0.9497
v -3.7060 -7.7689 -1.0165
v -3.7155 -7.7890 -1.0799
v -3.7310 -7.8212 -1.1367
v -3.7515 -7.8641 -1.1842
v -3.7760 -7.9155 -1.2199
v -3.8033 -7.9727 -1.2421
v -3.8849 -8.7242 -1.2493
v -3.9121 -8.7852 -1.2418
v -3.9379 -8.8431 -1.2196
v -3.9610 -8.8951 -1.1838
v -3.9803 -8.9385 -1.1363
v -3.9949 -8.9711 -1.0794
v -4.0039 -8.9913 -1.0160
v -4.0061 -8.9977 0.9506
v -4.0030 -8.9908 1.0174
v -3.9939 -8.9705 1.0808
v -3.9793 -8.9379 1.1377
v -3.9600 -8.8944 1.1851
v -3.9368 -8.8425 1.2209
v -3.9110 -8.7846 1.2430
v -3.6193 -8.1298 1.2502
v -3.5921 -8.0689 1.2427
v -3.5663 -8.0109 1.2205
v -3.5432 -7.9590 1.1847
v -3.5239 -7.9156 1.1372
v -3.5094 -7.8830 1.0803
v -3.5004 -7.8627 1.0169
v -3.4982 -7.8564 -0.9498
v -3.5013 -7.8633 -1.0165
v -3.5103 -7.8836 -1.0799
v -3.5249 -7.9162 -1.1368
v -3.5442 -7.9596 -1.1843
v -3.5674 -8.0116 -1.2200
v -3.5932 -8.0695 -1.2421
v -3.6551 -8.8230 -1.2494
v -3.6807 -8.8846 -1.2419
v -3.7050 -8.9432 -1.2197
v -3.7267 -8.9957 -1.1839
v -3.7449 -9.0396 -1.1364
v -3.7586 -9.0726 -1.0795
v -3.7670 -9.0931 -1.0161
v -3.7692 -9.0996 0.9506
v -3.7663 -9.0926 1.0173
v -3.7578 -9.0721 1.0807
v -3.7441 -9.0391 1.1376
v -3.7258 -8.9952 1.1851
v -3.7041 -8.9426 1.2208
v -3.6798 -8.8840 1.2429
v -3.4053 -8.2219 1.2502
v -3.3798 -8.1602 1.2427
v -3.3555 -8.1017 1.2204
v -3.3337 -8.0491 1.1847
v -3.3156 -8.0053 1.1372
v -3.3019 -7.9723 1.0803
v -3.2934 -7.9518 1.0169
v -3.2913 -7.9453 -0.9498
v -3.2942 -7.9523 -1.0165
v -3.3027 -7.9728 -1.0799
v -3.3164 -8.0058 -1.1368
v -3.3346 -8.0497 -1.1843
v -3.3564 -8.1022 -1.2200
v -3.3807 -8.1608 -1.2422
v -3.4228 -8.9156 -1.2495
v -3.4468 -8.9779 -1.2420
v -3.4695 -9.0371 -1.2198
v -3.4899 -9.0902 -1.1840
v -3.5069 -9.1346 -1.1365
v -3.5197 -9.1679 -1.0796
v -3.5276 -9.1886 -1.0162
v -3.5297 -9.1952 0.9505
v -3.5270 -9.1882 1.0172
v -3.5190 -9.1675 1.0806
v -3.5062 -9.1341 1.1375
v -3.4891 -9.0897 1.1850
v -3.4687 -9.0366 1.2207
v -3.4460 -8.9774 1.2429
v -3.1890 -8.3083 1.2502
v -3.1651 -8.2460 1.2426
v -3.1423 -8.1868 1.2204
v -3.1220 -8.1337 1.1847
v -3.1049 -8.0894 1.1371
v -3.0921 -8.0560 1.0803
v -3.0842 -8.0353 1.0168
v -3.0821 -8.0287 -0.9498
v -3.0848 -8.0358 -1.0166
v -3.0928 -8.0565 -1.0800
v -3.1057 -8.0899 -1.1368
v -3.1227 -8.1342 -1.1843
v -3.1431 -8.1873 -1.2201
v -3.1658 -8.2465 -1.2422
v -3.1882 -9.0022 -1.2496
v -3.2105 -9.0651 -1.2421
v -3.2317 -9.1249 -1.2199
v -3.2507 -9.1785 -1.1841
v -3.2665 -9.2232 -1.1366
v -3.2784 -9.2569 -1.0797
v -3.2858 -9.2778 -1.0163
v -3.2878 -9.2846 0.9504
v -3.2853 -9.2774 1.0172
v -3.2779 -9.2565 1.0806
v -3.2659 -9.2228 1.1374
v -3.2500 -9.1780 1.1849
v -3.2310 -9.1244 1.2206
v -3.2099 -9.0646 1.2428
v -2.9705 -8.3890 1.2501
v -2.9482 -8.3261 1.2426
v -2.9270 -8.2664 1.2204
v -2.9080 -8.2127 1.1846
v -2.8922 -8.1680 1.1371
v -2.8803 -8.1343 1.0802
v -2.8729 -8.1134 1.0168
v -2.8709 -8.1067 -0.9498
v -2.8734 -8.1138 -1.0166
v -2.8808 -8.1347 -1.0800
v -2.8928 -8.1684 -1.1369
v -2.9087 -8.2132 -1.1844
v -2.9277 -8.2668 -1.2201
v -2.9488 -8.3266 -1.2423
v -2.9514 -9.0826 -1.2497
v -2.9721 -9.1460 -1.2421
v -2.9917 -9.2063 -1.2199
v -3.0092 -9.2604 -1.1842
v -3.0239 -9.3056 -1.1367
v -3.0349 -9.3396 -1.0798
v -3.0418 -9.3607 -1.0163
v -3.0437 -9.3675 0.9503
v -3.0413 -9.3603 1.0171
v -3.0345 -9.3392 1.0805
v -3.0234 -9.3052 1.1374
v -3.0087 -9.2600 1.1849
v -2.9911 -9.2059 1.2206
v -2.9715 -9.1456 1.2428
v -2.7499 -8.4640 1.2501
v -2.7293 -8.4005 1.2426
v -2.7097 -8.3402 1.2204
v -2.6921 -8.2861 1.1846
v -2.6774 -8.2410 1.1371
v -2.6664 -8.2070 1.0802
v -2.6595 -8.1859 1.0168
v -2.6577 -8.1791 -0.9499
v -2.6600 -8.1862 -1.0166
v -2.6669 -8.2073 -1.0800
v -2.6779 -8.2413 -1.1369
v -2.6926 -8.2865 -1.1844
v -2.7102 -8.3406 -1.2201
v -2.7298 -8.4009 -1.2423
v -2.7126 -9.1567 -1.2497
v -2.7316 -9.2207 -1.2422
v -2.7496 -9.2815 -1.2200
v -2.7657 -9.3360 -1.1842
v -2.7792 -9.3816 -1.1367
v -2.7894 -9.4158 -1.0798
v -2.7957 -9.4371 -1.0164
v -2.7974 -9.4440 0.9503
v -2.7953 -9.4368 1.0170
v -2.7890 -9.4155 1.0804
v -2.7788 -9.3813 1.1373
v -2.7653 -9.3357 1.1848
v -2.7491 -9.2812 1.2205
v -2.7311 -9.2204 1.2427
v -2.5275 -8.5331 1.2501
v -2.5085 -8.4691 1.2426
v -2.4905 -8.4083 1.2204
v -2.4743 -8.3538 1.1846
v -2.4608 -8.3083 1.1371
v -2.4507 -8.2740 1.0802
v -2.4444 -8.2528 1.0168
v -2.4426 -8.2458 -0.9499
v -2.4448 -8.2530 -1.0166
v -2.4511 -8.2743 -1.0800
v -2.4613 -8.3086 -1.1369
v -2.4748 -8.3542 -1.1844
v -2.4909 -8.4087 -1.2201
v -2.5089 -8.4695 -1.2423
v -2.4719 -9.2246 -1.2498
v -2.4892 -9.2891 -1.2422
v -2.5056 -9.3503 -1.2200
v -2.5204 -9.4052 -1.1843
v -2.5327 -9.4511 -1.1368
v -2.5419 -9.4856 -1.0799
v -2.5476 -9.5071 -1.0165
v -2.5493 -9.5141 0.9502
v -2.5473 -9.5068 1.0170
v -2.5416 -9.4854 1.0804
v -2.5323 -9.4508 1.1373
v -2.5200 -9.4049 1.1848
v -2.5053 -9.3500 1.2205
v -2.4888 -9.2888 1.2427
v -2.3033 -8.5964 1.2501
v -2.2860 -8.5320 1.2426
v -2.2696 -8.4707 1.2204
v -2.2548 -8.4158 1.1846
v -2.2425 -8.3699 1.1371
v -2.2333 -8.3354 1.0802
v -2.2276 -8.3140 1.0168
v -2.2259 -8.3069 -0.9499
v -2.2279 -8.3142 -1.0167
v -2.2336 -8.3357 -1.0801
v -2.2429 -8.3702 -1.1369
v -2.2552 -8.4161 -1.1844
v -2.2699 -8.4710 -1.2202
v -2.2864 -8.5323 -1.2423
v -2.2296 -9.2861 -1.2498
v -2.2452 -9.3510 -1.2423
v -2.2600 -9.4127 -1.2201
v -2.2733 -9.4680 -1.1843
v -2.2843 -9.5142 -1.1368
v -2.2927 -9.5489 -1.0799
v -2.2979 -9.5705 -1.0165
v -2.2994 -9.5776 0.9502
v -2.2976 -9.5703 1.0170
v -2.2924 -9.5487 1.0804
v -2.2841 -9.5139 1.1372
v -2.2730 -9.4677 1.1847
v -2.2597 -9.4124 1.2205
v -2.2449 -9.3508 1.2427
v -2.0775 -8.6538 1.2501
v -2.0619 -8.5889 1.2425
v -2.0471 -8.5273 1.2203
v -2.0338 -8.4720 1.1846
v -2.0227 -8.4258 1.1371
v -2.0144 -8.3910 1.0802
v -2.0092 -8.3695 1.0168
v -2.0077 -8.3624 -0.9499
v -2.0095 -8.3697 -1.0167
v -2.0146 -8.3913 -1.0801
v -2.0230 -8.4260 -1.1370
v -2.0341 -8.4722 -1.1845
v -2.0474 -8.5275 -1.2202
v -2.0622 -8.5892 -1.2424
v -1.9857 -9.3413 -1.2498
v -1.9996 -9.4066 -1.2423
v -2.0128 -9.4686 -1.2201
v -2.0246 -9.5243 -1.1844
v -2.0345 -9.5707 -1.1368
v -2.0419 -9.6057 -1.0800
v -2.0465 -9.6274 -1.0165
v -2.0479 -9.6345 0.9502
v -2.0463 -9.6272 1.0169
v -2.0417 -9.6055 1.0803
v -2.0342 -9.5705 1.1372
v -2.0244 -9.5240 1.1847
v -2.0125 -9.4684 1.2204
v -1.9993 -9.4064 1.2426
v -1.8503 -8.7053 1.2501
v -1.8364 -8.6400 1.2425
v -1.8232 -8.5780 1.2203
v -1.8114 -8.5223 1.1846
v -1.8015 -8.4759 1.1371
v -1.7941 -8.4409 1.0802
v -1.7894 -8.4192 1.0168
v -1.7881 -8.4121 -0.9499
v -1.7897 -8.4194 -1.0167
v -1.7943 -8.4411 -1.0801
v -1.8017 -8.4761 -1.1370
v -1.8116 -8.5226 -1.1845
v -1.8234 -8.5782 -1.2202
v -1.8366 -8.6402 -1.2424
v -1.7405 -9.3901 -1.2499
v -1.7526 -9.4557 -1.2423
v -1.7642 -9.5181 -1.2201
v -1.7746 -9.5740 -1.1844
v -1.7832 -9.6207 -1.1369
v -1.7897 -9.6558 -1.0800
v -1.7938 -9.6776 -1.0166
v -1.7950 -9.6849 0.9501
v -1.7936 -9.6775 1.0169
v -1.7895 -9.6557 1.0803
v -1.7830 -9.6205 1.1372
v -1.7744 -9.5738 1.1847
v -1.7640 -9.5179 1.2204
v -1.7524 -9.4555 1.2426
v -1.6218 -8.7508 1.2501
v -1.6096 -8.6851 1.2425
v -1.5980 -8.6228 1.2203
v -1.5877 -8.5669 1.1846
v -1.5790 -8.5202 1.1371
v -1.5725 -8.4850 1.0802
v -1.5685 -8.4632 1.0168
v -1.5673 -8.4560 -0.9499
v -1.5686 -8.4634 -1.0167
v -1.5727 -8.4852 -1.0801
v -1.5792 -8.5204 -1.1370
v -1.5879 -8.5671 -1.1845
v -1.5983 -8.6230 -1.2202
v -1.6098 -8.6853 -1.2424
v -1.4941 -9.4324 -1.2499
v -1.5045 -9.4984 -1.2423
v -1.5144 -9.5610 -1.2202
v -1.5233 -9.6172 -1.1844
v -1.5308 -9.6641 -1.1369
v -1.5363 -9.6994 -1.0800
v -1.5398 -9.7213 -1.0166
v -1.5408 -9.7286 0.9501
v -1.5397 -9.7211 1.0169
v -1.5362 -9.6992 1.0803
v -1.5306 -9.6639 1.1372
v -1.5231 -9.6170 1.1847
v -1.5142 -9.5608 1.2204
v -1.5043 -9.4982 1.2426
v -1.3922 -8.7903 1.2500
v -1.3817 -8.7243 1.2425
v -1.3718 -8.6617 1.2203
v -1.3629 -8.6055 1.1846
v -1.3555 -8.5586 1.1371
v -1.3499 -8.5233 1.0802
v -1.3464 -8.5014 1.0168
v -1.3454 -8.4941 -0.9500
v -1.3466 -8.5015 -1.0167
v -1.3500 -8.5235 -1.0801
v -1.3556 -8.5588 -1.1370
v -1.3631 -8.6057 -1.1845
v -1.3720 -8.6619 -1.2202
v -1.3819 -8.7245 -1.2424
v -1.2466 -9.4683 -1.2499
v -1.2553 -9.5345 -1.2424
v -1.2636 -9.5974 -1.2202
v -1.2710 -9.6537 -1.1844
v -1.2772 -9.7008 -1.1369
v -1.2819 -9.7363 -1.0800
v -1.2848 -9.7583 -1.0166
v -1.2857 -9.7656 0.9501
v -1.2847 -9.7581 1.0169
v -1.2818 -9.7361 1.0803
v -1.2771 -9.7007 1.1371
v -1.2709 -9.6536 1.1846
v -1.2635 -9.5972 1.2204
v -1.2552 -9.5343 1.2426
v -1.1616 -8.8237 1.2500
v -1.1529 -8.7575 1.2425
v -1.1446 -8.6947 1.2203
v -1.1372 -8.6383 1.1846
v -1.1310 -8.5912 1.1371
v -1.1263 -8.5558 1.0802
v -1.1234 -8.5338 1.0168
v -1.1226 -8.5264 -0.9500
v -1.1235 -8.5339 -1.0167
v -1.1264 -8.5559 -1.0801
v -1.1311 -8.5913 -1.1370
v -1.1373 -8.6384 -1.1845
v -1.1447 -8.6948 -1.2202
v -1.1530 -8.7577 -1.2424
v -0.9983 -9.4977 -1.2499
v -1.0053 -9.5641 -1.2424
v -1.0119 -9.6271 -1.2202
v -1.0179 -9.6837 -1.1845
v -1.0228 -9.7309 -1.1369
v -1.0266 -9.7665 -1.0801
v -1.0289 -9.7886 -1.0167
v -1.0296 -9.7959 0.9501
v -1.0288 -9.7884 1.0168
v -1.0265 -9.7664 1.0803
v -1.0227 -9.7308 1.1371
v -1.0178 -9.6836 1.1846
v -1.0118 -9.6270 1.2204
v -1.0052 -9.5640 1.2426
v -0.9302 -8.8511 1.2500
v -0.9232 -8.7847 1.2425
v -0.9166 -8.7217 1.2203
v -0.9107 -8.6651 1.1846
v -0.9057 -8.6179 1.1371
v -0.9020 -8.5823 1.0802
v -0.8997 -8.5603 1.0168
v -0.8990 -8.5529 -0.9500
v -0.8998 -8.5604 -1.0167
v -0.9021 -8.5824 -1.0801
v -0.9058 -8.6180 -1.1370
v -0.9108 -8.6652 -1.1845
v -0.9167 -8.7218 -1.2202
v -0.9234 -8.7849 -1.2424
v -0.7493 -9.5206 -1.2499
v -0.7546 -9.5871 -1.2424
v -0.7596 -9.6503 -1.2202
v -0.7640 -9.7070 -1.1845
v -0.7678 -9.7544 -1.1370
v -0.7706 -9.7900 -1.0801
v -0.7723 -9.8121 -1.0167
v -0.7728 -9.8195 0.9501
v -0.7722 -9.8120 1.0168
v -0.7705 -9.7899 1.0802
v -0.7677 -9.7543 1.1371
v -0.7639 -9.7069 1.1846
v -0.7595 -9.6502 1.2204
v -0.7545 -9.5870 1.2425
v -0.6982 -8.8725 1.2500
v -0.6930 -8.8059 1.2425
v -0.6880 -8.7427 1.2203
v -0.6835 -8.6860 1.1846
v -0.6798 -8.6386 1.1371
v -0.6770 -8.6030 1.0802
v -0.6753 -8.5809 1.0168
v -0.6748 -8.5735 -0.9500
v -0.6754 -8.5810 -1.0167
v -0.6771 -8.6031 -1.0801
v -0.6799 -8.6387 -1.1370
v -0.6836 -8.6861 -1.1845
v -0.6881 -8.7428 -1.2203
v -0.6931 -8.8060 -1.2424
v -0.4999 -9.5369 -1.2499
v -0.5034 -9.6036 -1.2424
v -0.5067 -9.6669 -1.2202
v -0.5097 -9.7237 -1.1845
v -0.5121 -9.7711 -1.1370
v -0.5140 -9.8068 -1.0801
v -0.5152 -9.8290 -1.0167
v -0.5155 -9.8364 0.9501
v -0.5151 -9.8289 1.0168
v -0.5139 -9.8068 1.0802
v -0.5121 -9.7711 1.1371
v -0.5096 -9.7236 1.1846
v -0.5066 -9.6668 1.2203
v -0.5033 -9.6035 1.2425
v -0.4657 -8.8877 1.2500
v -0.4622 -8.8211 1.2425
v -0.4589 -8.7577 1.2203
v -0.4559 -8.7009 1.1846
v -0.4535 -8.6535 1.1371
v -0.4516 -8.6178 1.0802
v -0.4504 -8.5956 1.0168
v -0.4501 -8.5882 -0.9500
v -0.4505 -8.5957 -1.0167
v -0.4517 -8.6179 -1.0801
v -0.4535 -8.6536 -1.1370
v -0.4560 -8.7010 -1.1845
v -0.4590 -8.7578 -1.2203
v -0.4623 -8.8211 -1.2424
v -0.2500 -9.5467 -1.2499
v -0.2518 -9.6135 -1.2424
v -0.2534 -9.6769 -1.2202
v -0.2549 -9.7337 -1.1845
v -0.2562 -9.7812 -1.1370
v -0.2571 -9.8169 -1.0801
v -0.2577 -9.8391 -1.0167
v -0.2578 -9.8466 0.9501
v -0.2576 -9.8390 1.0168
v -0.2571 -9.8169 1.0802
v -0.2561 -9.7811 1.1371
v -0.2549 -9.7336 1.1846
v -0.2534 -9.6768 1.2203
v -0.2517 -9.6134 1.2425
v -0.2329 -8.8969 1.2500
v -0.2312 -8.8301 1.2425
v -0.2295 -8.7668 1.2203
v -0.2280 -8.7099 1.1846
v -0.2268 -8.6624 1.1371
v -0.2259 -8.6267 1.0802
v -0.2253 -8.6045 1.0168
v -0.2251 -8.5971 -0.9500
v -0.2253 -8.6046 -1.0167
v -0.2259 -8.6268 -1.0801
v -0.2269 -8.6625 -1.1370
v -0.2281 -8.7100 -1.1845
v -0.2296 -8.7668 -1.2203
v -0.2313 -8.8302 -1.2425
v -0.0000 -9.5500 -1.2500
v -0.0000 -9.6168 -1.2424
v -0.0000 -9.6802 -1.2202
v -0.0000 -9.7371 -1.1845
v -0.0000 -9.7846 -1.1370
v -0.0000 -9.8203 -1.0801
v -0.0000 -9.8425 -1.0167
v -0.0000 -9.8499 0.9500
v -0.0000 -9.8424 1.0168
v -0.0000 -9.8202 1.0802
v -0.0000 -9.7845 1.1371
v -0.0000 -9.7370 1.1846
v -0.0000 -9.6801 1.2203
v -0.0000 -9.6167 1.2425
v -0.0000 -8.8999 1.2500
v -0.0000 -8.8332 1.2425
v -0.0000 -8.7698 1.2203
v -0.0000 -8.7129 1.1846
v -0.0000 -8.6654 1.1371
v -0.0000 -8.6297 1.0802
v -0.0000 -8.6075 1.0168
v -0.0000 -8.6000 -0.9500
v -0.0000 -8.6075 -1.0167
v -0.0000 -8.6297 -1.0801
v -0.0000 -8.6655 -1.1370
v -0.0000 -8.7130 -1.1845
v -0.0000 -8.7698 -1.2203
v -0.0000 -8.8333 -1.2425
v 0.2500 -9.5467 -1.2499
v 0.2518 -9.6135 -1.2424
v 0.2534 -9.6769 -1.2202
v 0.2549 -9.7337 -1.1845
v 0.2562 -9.7812 -1.1370
v 0.2571 -9.8169 -1.0801
v 0.2577 -9.8391 -1.0167
v 0.2578 -9.8466 0.9501
v 0.2576 -9.8390 1.0168
v 0.2571 -9.8169 1.0802
v 0.2561 -9.7811 1.1371
v 0.2549 -9.7336 1.1846
v 0.2534 -9.6768 1.2203
v 0.2517 -9.6134 1.2425
v 0.2329 -8.8969 1.2500
v 0.2312 -8.8301 1.2425
v 0.2295 -8.7668 1.2203
v 0.2280 -8.7099 1.1846
v 0.2268 -8.6624 1.1371
v 0.2259 -8.6267 1.0802
v 0.2253 -8.6045 1.0168
v 0.2251 -8.5971 -0.9500
v 0.2253 -8.6046 -1.0167
v 0.2259 -8.6268 -1.0801
v 0.2269 -8.6625 -1.1370
v 0.2281 -8.7100 -1.1845
v 0.2296 -8.7668 -1.2203
v 0.2313 -8.8302 -1.2425
v 0.4999 -9.5369 -1.2499
v 0.5034 -9.6036 -1.2424
v 0.5067 -9.6669 -1.2202
v 0.5097 -9.7237 -1.1845
v 0.5121 -9.7711 -1.1370
v 0.5140 -9.8068 -1.0801
v 0.5152 -9.8290 -1.0167
v 0.5155 -9.8364 0.9501
v 0.5151 -9.8289 1.0168
v 0.5139 -9.8068 1.0802
v 0.5121 -9.7711 1.1371
v 0.5096 -9.7236 1.1846
v 0.5066 -9.6668 1.2203
v 0.5033 -9.6035 1.2425
v 0.4657 -8.8877 1.2500
v 0.4622 -8.8211 1.2425
v 0.4589 -8.7577 1.2203
v 0.4559 -8.7009 1.1846
v 0.4535 -8.6535 1.1371
v 0.4516 -8.6178 1.0802
v 0.4504 -8.5956 1.0168
v 0.4501 -8.5882 -0.9500
v 0.4505 -8.5957 -1.0167
v 0.4517 -8.6179 -1.0801
v 0.4535 -8.6536 -1.1370
v 0.4560 -8.7010 -1.1845
v 0.4590 -8.7578 -1.2203
v 0.4623 -8.8211 -1.2424
v 0.7493 -9.5206 -1.2499
v 0.7546 -9.5871 -1.2424
v 0.7596 -9.6503 -1.2202
v 0.7640 -9.7070 -1.1845
v 0.7678 -9.7544 -1.1370
v 0.7706 -9.7900 -1.0801
v 0.7723 -9.8121 -1.0167
v 0.7728 -9.8195 0.9501
v 0.7722 -9.8120 1.0168
v 0.7705 -9.7899 1.0802
v 0.7677 -9.7543 1.1371
v 0.7639 -9.7069 1.1846
v 0.7595 -9.6502 1.2204
v 0.7545 -9.5870 1.2425
v 0.6982 -8.8725 1.2500
v 0.6930 -8.8059 1.2425
v 0.6880 -8.7427 1.2203
v 0.6835 -8.6860 1.1846
v 0.6798 -8.6386 1.1371
v 0.6770 -8.6030 1.0802
v 0.6753 -8.5809 1.0168
v 0.6748 -8.5735 -0.9500
v 0.6754 -8.5810 -1.0167
v 0.6771 -8.6031 -1.0801
v 0.6799 -8.6387 -1.1370
v 0.6836 -8.6861 -1.1845
v 0.6881 -8.7428 -1.2203
v 0.6931 -8.8060 -1.2424
v 0.9983 -9.4977 -1.2499
v 1.0053 -9.5641 -1.2424
v 1.0119 -9.6271 -1.2202
v 1.0179 -9.6837 -1.1845
v 1.0228 -9.7309 -1.1369
v 1.0266 -9.7665 -1.0801
v 1.0289 -9.7886 -1.0167
v 1.0296 -9.7959 0.9501
v 1.0288 -9.7884 1.0168
v 1.0265 -9.7664 1.0803
v 1.0227 -9.7308 1.1371
v 1.0178 -9.6836 1.1846
v 1.0118 -9.6270 1.2204
v 1.0052 -9.5640 1.2426
v 0.9302 -8.8511 1.2500
v 0.9232 -8.7847 1.2425
v 0.9166 -8.7217 1.2203
v 0.9107 -8.6651 1.1846
v 0.9057 -8.6179 1.1371
v 0.9020 -8.5823 1.0802
v 0.8997 -8.5603 1.0168
v 0.8990 -8.5529 -0.9500
v 0.8998 -8.5604 -1.0167
v 0.9021 -8.5824 -1.0801
v 0.9058 -8.6180 -1.1370
v 0.9108 -8.6652 -1.1845
v 0.9167 -8.7218 -1.2202
v 0.9234 -8.7849 -1.2424
v 1.2466 -9.4683 -1.2499
v 1.2553 -9.5345 -1.2424
v 1.2636 -9.5974 -1.2202
v 1.2710 -9.6537 -1.1844
v 1.2772 -9.7008 -1.1369
v 1.2819 -9.7363 -1.0800
v 1.2848 -9.7583 -1.0166
v 1.2857 -9.7656 0.9501
v 1.2847 -9.7581 1.0169
v 1.2818 -9.7361 1.0803
v 1.2771 -9.7007 1.1371
v 1.2709 -9.6536 1.1846
v 1.2635 -9.5972 1.2204
v 1.2552 -9.5343 1.2426
v 1.1616 -8.8237 1.2500
v 1.1529 -8.7575 1.2425
v 1.1446 -8.6947 1.2203
v 1.1372 -8.6383 1.1846
v 1.1310 -8.5912 1.1371
v 1.1263 -8.5558 1.0802
v 1.1234 -8.5338 1.0168
v 1.1226 -8.5264 -0.9500
v 1.1235 -8.5339 -1.0167
v 1.1264 -8.5559 -1.0801
v 1.1311 -8.5913 -1.1370
v 1.1373 -8.6384 -1.1845
v 1.1447 -8.6948 -1.2202
v 1.1530 -8.7577 -1.2424
v 1.4941 -9.4324 -1.2499
v 1.5045 -9.4984 -1.2423
v 1.5144 -9.5610 -1.2202
v 1.5233 -9.6172 -1.1844
v 1.5308 -9.6641 -1.1369
v 1.5363 -9.6994 -1.0800
v 1.5398 -9.7213 -1.0166
v 1.5408 -9.7286 0.9501
v 1.5397 -9.7211 1.0169
v 1.5362 -9.6992 1.0803
v 1.5306 -9.6639 1.1372
v 1.5231 -9.6170 1.1847
v 1.5142 -9.5608 1.2204
v 1.5043 -9.4982 1.2426
v 1.3922 -8.7903 1.2500
v 1.3817 -8.7243 1.2425
v 1.3718 -8.6617 1.2203
v 1.3629 -8.6055 1.1846
v 1.3555 -8.5586 1.1371
v 1.3499 -8.5233 1.0802
v 1.3464 -8.5014 1.0168
v 1.3454 -8.4941 -0.9500
v 1.3466 -8.5015 -1.0167
v 1.3500 -8.5235 -1.0801
v 1.3556 -8.5588 -1.1370
v 1.3631 -8.6057 -1.1845
v 1.3720 -8.6619 -1.2202
v 1.3819 -8.7245 -1.2424
v 1.7405 -9.3901 -1.2499
v 1.7526 -9.4557 -1.2423
v 1.7642 -9.5181 -1.2201
v 1.7746 -9.5740 -1.1844
v 1.7832 -9.6207 -1.1369
v 1.7897 -9.6558 -1.0800
v 1.7938 -9.6776 -1.0166
v 1.7950 -9.6849 0.9501
v 1.7936 -9.6775 1.0169
v 1.7895 -9.6557 1.0803
v 1.7830 -9.6205 1.1372
v 1.7744 -9.5738 1.1847
v 1.7640 -9.5179 1.2204
v 1.7524 -9.4555 1.2426
v 1.6218 -8.7508 1.2501
v 1.6096 -8.6851 1.2425
v 1.5980 -8.6228 1.2203
v 1.5877 -8.5669 1.1846
v 1.5790 -8.5202 1.1371
v 1.5725 -8.4850 1.0802
v 1.5685 -8.4632 1.0168
v 1.5673 -8.4560 -0.9499
v 1.5686 -8.4634 -1.0167
v 1.5727 -8.4852 -1.0801
v 1.5792 -8.5204 -1.1370
v 1.5879 -8.5671 -1.1845
v 1.5983 -8.6230 -1.2202
v 1.6098 -8.6853 -1.2424
v 1.9857 -9.3413 -1.2498
v 1.9996 -9.4066 -1.2423
v 2.0128 -9.4686 -1.2201
v 2.0246 -9.5243 -1.1844
v 2.0345 -9.5707 -1.1368
v 2.0419 -9.6057 -1.0800
v 2.0465 -9.6274 -1.0165
v 2.0479 -9.6345 0.9502
v 2.0463 -9.6272 1.0169
v 2.0417 -9.6055 1.0803
v 2.0342 -9.5705 1.1372
v 2.0244 -9.5240 1.1847
v 2.0125 -9.4684 1.2204
v 1.9993 -9.4064 1.2426
v 1.8503 -8.7053 1.2501
v 1.8364 -8.6400 1.2425
v 1.8232 -8.5780 1.2203
v 1.8114 -8.5223 1.1846
v 1.8015 -8.4759 1.1371
v 1.7941 -8.4409 1.0802
v 1.7894 -8.4192 1.0168
v 1.7881 -8.4121 -0.9499
v 1.7897 -8.4194 -1.0167
v 1.7943 -8.4411 -1.0801
v 1.8017 -8.4761 -1.1370
v 1.8116 -8.5226 -1.1845
v 1.8234 -8.5782 -1.2202
v 1.8366 -8.6402 -1.2424
v 2.2296 -9.2861 -1.2498
v 2.2452 -9.3510 -1.2423
v 2.2600 -9.4127 -1.2201
v 2.2733 -9.4680 -1.1843
v 2.2843 -9.5142 -1.1368
v 2.2927 -9.5489 -1.0799
v 2.2979 -9.5705 -1.0165
v 2.2994 -9.5776 0.9502
v 2.2976 -9.5703 1.0170
v 2.2924 -9.5487 1.0804
v 2.2841 -9.5139 1.1372
v 2.2730 -9.4677 1.1847
v 2.2597 -9.4124 1.2205
v 2.2449 -9.3508 1.2427
v 2.0775 -8.6538 1.2501
v 2.0619 -8.5889 1.2425
v 2.0471 -8.5273 1.2203
v 2.0338 -8.4720 1.1846
v 2.0227 -8.4258 1.1371
v 2.0144 -8.3910 1.0802
v 2.0092 -8.3695 1.0168
v 2.0077 -8.3624 -0.9499
v 2.0095 -8.3697 -1.0167
v 2.0146 -8.3913 -1.0801
v 2.0230 -8.4260 -1.1370
v 2.0341 -8.4722 -1.1845
v 2.0474 -8.5275 -1.2202
v 2.0622 -8.5892 -1.2424
v 2.4719 -9.2246 -1.2498
v 2.4892 -9.2891 -1.2422
v 2.5056 -9.3503 -1.2200
v 2.5204 -9.4052 -1.1843
v 2.5327 -9.4511 -1.1368
v 2.5419 -9.4856 -1.0799
v 2.5476 -9.5071 -1.0165
v 2.5493 -9.5141 0.9502
v 2.5473 -9.5068 1.0170
v 2.5416 -9.4854 1.0804
v 2.5323 -9.4508 1.1373
v 2.5200 -9.4049 1.1848
v 2.5053 -9.3500 1.2205
v 2.4888 -9.2888 1.2427
v 2.3033 -8.5964 1.2501
v 2.2860 -8.5320 1.2426
v 2.2696 -8.4707 1.2204
v 2.2548 -8.4158 1.1846
v 2.2425 -8.3699 1.1371
v 2.2333 -8.3354 1.0802
v 2.2276 -8.3140 1.0168
v 2.2259 -8.3069 -0.9499
v 2.2279 -8.3142 -1.0167
v 2.2336 -8.3357 -1.0801
v 2.2429 -8.3702 -1.1369
v 2.2552 -8.4161 -1.1844
v 2.2699 -8.4710 -1.2202
v 2.2864 -8.5323 -1.2423
v 2.7126 -9.1567 -1.2497
v 2.7316 -9.2207 -1.2422
v 2.7496 -9.2815 -1.2200
v 2.7657 -9.3360 -1.1842
v 2.7792 -9.3816 -1.1367
v 2.7894 -9.4158 -1.0798
v 2.7957 -9.4371 -1.0164
v 2.7974 -9.4440 0.9503
v 2.7953 -9.4368 1.0170
v 2.7890 -9.4155 1.0804
v 2.7788 -9.3813 1.1373
v 2.7653 -9.3357 1.1848
v 2.7491 -9.2812 1.2205
v 2.7311 -9.2204 1.2427
v 2.5275 -8.5331 1.2501
v 2.5085 -8.4691 1.2426
v 2.4905 -8.4083 1.2204
v 2.4743 -8.3538 1.1846
v 2.4608 -8.3083 1.1371
v 2.4507 -8.2740 1.0802
v 2.4444 -8.2528 1.0168
v 2.4426 -8.2458 -0.9499
v 2.4448 -8.2530 -1.0166
v 2.4511 -8.2743 -1.0800
v 2.4613 -8.3086 -1.1369
v 2.4748 -8.3542 -1.1844
v 2.4909 -8.4087 -1.2201
v 2.5089 -8.4695 -1.2423
v 2.9514 -9.0826 -1.2497
v 2.9721 -9.1460 -1.2421
v 2.9917 -9.2063 -1.2199
v 3.0092 -9.2604 -1.1842
v 3.0239 -9.3056 -1.1367
v 3.0349 -9.3396 -1.0798
v 3.0418 -9.3607 -1.0163
v 3.0437 -9.3675 0.9503
v 3.0413 -9.3603 1.0171
v 3.0345 -9.3392 1.0805
v 3.0234 -9.3052 1.1374
v 3.0087 -9.2600 1.1849
v 2.9911 -9.2059 1.2206
v 2.9715 -9.1456 1.2428
v 2.7499 -8.4640 1.2501
v 2.7293 -8.4005 1.2426
v 2.7097 -8.3402 1.2204
v 2.6921 -8.2861 1.1846
v 2.6774 -8.2410 1.1371
v 2.6664 -8.2070 1.0802
v 2.6595 -8.1859 1.0168
v 2.6577 -8.1791 -0.9499
v 2.6600 -8.1862 -1.0166
v 2.6669 -8.2073 -1.0800
v 2.6779 -8.2413 -1.1369
v 2.6926 -8.2865 -1.1844
v 2.7102 -8.3406 -1.2201
v 2.7298 -8.4009 -1.2423
v 3.1882 -9.0022 -1.2496
v 3.2105 -9.0651 -1.2421
v 3.2317 -9.1249 -1.2199
v 3.2507 -9.1785 -1.1841
v 3.2665 -9.2232 -1.1366
v 3.2784 -9.2569 -1.0797
v 3.2858 -9.2778 -1.0163
v 3.2878 -9.2846 0.9504
v 3.2853 -9.2774 1.0172
v 3.2779 -9.2565 1.0806
v 3.2659 -9.2228 1.1374
v 3.2500 -9.1780 1.1849
v 3.2310 -9.1244 1.2206
v 3.2099 -9.0646 1.2428
v 2.9705 -8.3890 1.2501
v 2.9482 -8.3261 1.2426
v 2.9270 -8.2664 1.2204
v 2.9080 -8.2127 1.1846
v 2.8922 -8.1680 1.1371
v 2.8803 -8.1343 1.0802
v 2.8729 -8.1134 1.0168
v 2.8709 -8.1067 -0.9498
v 2.8734 -8.1138 -1.0166
v 2.8808 -8.1347 -1.0800
v 2.8928 -8.1684 -1.1369
v 2.9087 -8.2132 -1.1844
v 2.9277 -8.2668 -1.2201
v 2.9488 -8.3266 -1.2423
v 3.4228 -8.9156 -1.2495
v 3.4468 -8.9779 -1.2420
v 3.4695 -9.0371 -1.2198
v 3.4899 -9.0902 -1.1840
v 3.5069 -9.1346 -1.1365
v 3.5197 -9.1679 -1.0796
v 3.5276 -9.1886 -1.0162
v 3.5297 -9.1952 0.9505
v 3.5270 -9.1882 1.0172
v 3.5190 -9.1675 1.0806
v 3.5062 -9.1341 1.1375
v 3.4891 -9.0897 1.1850
v 3.4687 -9.0366 1.2207
v 3.4460 -8.9774 1.2429
v 3.1890 -8.3083 1.2502
v 3.1651 -8.2460 1.2426
v 3.1423 -8.1868 1.2204
v 3.1220 -8.1337 1.1847
v 3.1049 -8.0894 1.1371
v 3.0921 -8.0560 1.0803
v 3.0842 -8.0353 1.0168
v 3.0821 -8.0287 -0.9498
v 3.0848 -8.0358 -1.0166
v 3.0928 -8.0565 -1.0800
v 3.1057 -8.0899 -1.1368
v 3.1227 -8.1342 -1.1843
v 3.1431 -8.1873 -1.2201
v 3.1658 -8.2465 -1.2422
v 3.6551 -8.8230 -1.2494
v 3.6807 -8.8846 -1.2419
v 3.7050 -8.9432 -1.2197
v 3.7267 -8.9957 -1.1839
v 3.7449 -9.0396 -1.1364
v 3.7586 -9.0726 -1.0795
v 3.7670 -9.0931 -1.0161
v 3.7692 -9.0996 0.9506
v 3.7663 -9.0926 1.0173
v 3.7578 -9.0721 1.0807
v 3.7441 -9.0391 1.1376
v 3.7258 -8.9952 1.1851
v 3.7041 -8.9426 1.2208
v 3.6798 -8.8840 1.2429
v 3.4053 -8.2219 1.2502
v 3.3798 -8.1602 1.2427
v 3.3555 -8.1017 1.2204
v 3.3337 -8.0491 1.1847
v 3.3156 -8.0053 1.1372
v 3.3019 -7.9723 1.0803
v 3.2934 -7.9518 1.0169
v 3.2913 -7.9453 -0.9498
v 3.2942 -7.9523 -1.0165
v 3.3027 -7.9728 -1.0799
v 3.3164 -8.0058 -1.1368
v 3.3346 -8.0497 -1.1843
v 3.3564 -8.1022 -1.2200
v 3.3807 -8.1608 -1.2422
v 3.8849 -8.7242 -1.2493
v 3.9121 -8.7852 -1.2418
v 3.9379 -8.8431 -1.2196
v 3.9610 -8.8951 -1.1838
v 3.9803 -8.9385 -1.1363
v 3.9949 -8.9711 -1.0794
v 4.0039 -8.9913 -1.0160
v 4.0061 -8.9977 0.9506
v 4.0030 -8.9908 1.0174
v 3.9939 -8.9705 1.0808
v 3.9793 -8.9379 1.1377
v 3.9600 -8.8944 1.1851
v 3.9368 -8.8425 1.2209
v 3.9110 -8.7846 1.2430
v 3.6193 -8.1298 1.2502
v 3.5921 -8.0689 1.2427
v 3.5663 -8.0109 1.2205
v 3.5432 -7.9590 1.1847
v 3.5239 -7.9156 1.1372
v 3.5094 -7.8830 1.0803
v 3.5004 -7.8627 1.0169
v 3.4982 -7.8564 -0.9498
v 3.5013 -7.8633 -1.0165
v 3.5103 -7.8836 -1.0799
v 3.5249 -7.9162 -1.1368
v 3.5442 -7.9596 -1.1843
v 3.5674 -8.0116 -1.2200
v 3.5932 -8.0695 -1.2421
v 4.1121 -8.6195 -1.2492
v 4.1408 -8.6798 -1.2417
v 4.1681 -8.7370 -1.2195
v 4.1926 -8.7883 -1.1837
v 4.2131 -8.8312 -1.1362
v 4.2284 -8.8634 -1.0793
v 4.2379 -8.8834 -1.0158
v 4.2402 -8.8896 0.9508
v 4.2369 -8.8828 1.0175
v 4.2273 -8.8628 1.0809
v 4.2119 -8.8305 1.1378
v 4.1914 -8.7876 1.1852
v 4.1669 -8.7363 1.2210
v 4.1395 -8.6790 1.2431
v 3.8308 -8.0322 1.2503
v 3.8020 -7.9719 1.2427
v 3.7747 -7.9147 1.2205
v 3.7502 -7.8634 1.1847
v 3.7298 -7.8206 1.1372
v 3.7144 -7.7883 1.0803
v 3.7049 -7.7683 1.0169
v 3.7027 -7.7621 -0.9497
v 3.7060 -7.7689 -1.0165
v 3.7155 -7.7890 -1.0799
v 3.7310 -7.8212 -1.1367
v 3.7515 -7.8641 -1.1842
v 3.7760 -7.9155 -1.2199
v 3.8033 -7.9727 -1.2421
v 4.3364 -8.5089 -1.2491
v 4.3667 -8.5684 -1.2415
v 4.3955 -8.6249 -1.2193
v 4.4214 -8.6755 -1.1835
v 4.4429 -8.7178 -1.1360
v 4.4591 -8.7497 -1.0791
v 4.4691 -8.7694 -1.0157
v 4.4714 -8.7754 0.9509
v 4.4679 -8.7687 1.0176
v 4.4578 -8.7489 1.0810
v 4.4415 -8.7171 1.1379
v 4.4199 -8.6747 1.1854
v 4.3940 -8.6240 1.2211
v 4.3652 -8.5675 1.2432
v 4.0396 -7.9290 1.2503
v 4.0093 -7.8696 1.2428
v 3.9805 -7.8131 1.2205
v 3.9547 -7.7624 1.1848
v 3.9331 -7.7201 1.1372
v 3.9169 -7.6883 1.0803
v 3.9069 -7.6685 1.0169
v 3.9047 -7.6625 -0.9497
v 3.9081 -7.6692 -1.0164
v 3.9182 -7.6890 -1.0798
v 3.9345 -7.7209 -1.1367
v 3.9561 -7.7632 -1.1841
v 3.9820 -7.8139 -1.2199
v 4.0108 -7.8704 -1.2420
v 4.5578 -8.3925 -1.2490
v 4.5897 -8.4511 -1.2414
v 4.6199 -8.5068 -1.2192
v 4.6471 -8.5568 -1.1834
v 4.6697 -8.5985 -1.1358
v 4.6868 -8.6299 -1.0789
v 4.6973 -8.6494 -1.0155
v 4.6995 -8.6552 0.9510
v 4.6958 -8.6486 1.0178
v 4.6852 -8.6291 1.0812
v 4.6681 -8.5976 1.1380
v 4.6454 -8.5559 1.1855
v 4.6182 -8.5059 1.2212
v 4.5879 -8.4502 1.2433
v 4.2456 -7.8204 1.2504
v 4.2138 -7.7618 1.2428
v 4.1835 -7.7060 1.2206
v 4.1564 -7.6561 1.1848
v 4.1337 -7.6144 1.1373
v 4.1167 -7.5830 1.0804
v 4.1062 -7.5635 1.0169
v 4.1040 -7.5576 -0.9496
v 4.1076 -7.5643 -1.0164
v 4.1183 -7.5838 -1.0797
v 4.1354 -7.6152 -1.1366
v 4.1581 -7.6570 -1.1841
v 4.1853 -7.7070 -1.2198
v 4.2156 -7.7627 -1.2419
v 4.7761 -8.2702 -1.2488
v 4.8095 -8.3280 -1.2412
v 4.8412 -8.3829 -1.2190
v 4.8696 -8.4322 -1.1832
v 4.8934 -8.4733 -1.1356
v 4.9112 -8.5042 -1.0787
v 4.9223 -8.5234 -1.0153
v 4.9244 -8.5291 0.9512
v 4.9205 -8.5225 1.0179
v 4.9094 -8.5033 1.0813
v 4.8914 -8.4723 1.1382
v 4.8676 -8.4312 1.1857
v 4.8391 -8.3819 1.2214
v 4.8074 -8.3270 1.2435
v 4.4487 -7.7064 1.2504
v 4.4153 -7.6486 1.2429
v 4.3836 -7.5937 1.2206
v 4.3552 -7.5445 1.1848
v 4.3315 -7.5034 1.1373
v 4.3136 -7.4725 1.0804
v 4.3026 -7.4533 1.0170
v 4.3005 -7.4476 -0.9495
v 4.3043 -7.4541 -1.0163
v 4.3155 -7.4734 -1.0797
v 4.3334 -7.5043 -1.1365
v 4.3572 -7.5455 -1.1840
v 4.3857 -7.5948 -1.2197
v 4.4175 -7.6497 -1.2418
v 4.9911 -8.1423 -1.2486
v 5.0261 -8.1992 -1.2410
v 5.0592 -8.2533 -1.2188
v 5.0889 -8.3017 -1.1830
v 5.1137 -8.3422 -1.1354
v 5.1323 -8.3726 -1.0785
v 5.1439 -8.3915 -1.0151
v 5.1458 -8.3970 0.9514
v 5.1418 -8.3906 1.0181
v 5.1302 -8.3716 1.0815
v 5.1114 -8.3411 1.1384
v 5.0865 -8.3006 1.1858
v 5.0568 -8.2521 1.2215
v 5.0236 -8.1981 1.2437
v 4.6488 -7.5871 1.2505
v 4.6139 -7.5302 1.2429
v 4.5807 -7.4762 1.2207
v 4.5510 -7.4277 1.1849
v 4.5262 -7.3872 1.1374
v 4.5076 -7.3568 1.0804
v 4.4961 -7.3379 1.0170
v 4.4941 -7.3324 -0.9495
v 4.4981 -7.3389 -1.0162
v 4.5097 -7.3578 -1.0796
v 4.5285 -7.3883 -1.1364
v 4.5534 -7.4288 -1.1839
v 4.5832 -7.4773 -1.2196
v 4.6163 -7.5314 -1.2417
v 5.2028 -8.0088 -1.2484
v 5.2392 -8.0648 -1.2408
v 5.2737 -8.1179 -1.2185
v 5.3047 -8.1656 -1.1827
v 5.3305 -8.2054 -1.1352
v 5.3499 -8.2353 -1.0782
v 5.3620 -8.2539 -1.0148
v 5.3638 -8.2592 0.9516
v 5.3596 -8.2529 1.0184
v 5.3474 -8.2342 1.0818
v 5.3279 -8.2042 1.1386
v 5.3019 -8.1644 1.1860
v 5.2709 -8.1167 1.2217
v 5.2363 -8.0635 1.2438
v 4.8456 -7.4626 1.2506
v 4.8092 -7.4066 1.2430
v 4.7746 -7.3535 1.2208
v 4.7437 -7.3058 1.1850
v 4.7178 -7.2660 1.1374
v 4.6984 -7.2361 1.0805
v 4.6864 -7.2175 1.0170
v 4.6846 -7.2122 -0.9494
v 4.6888 -7.2186 -1.0161
v 4.7009 -7.2372 -1.0795
v 4.7205 -7.2672 -1.1364
v 4.7464 -7.3070 -1.1838
v 4.7775 -7.3548 -1.2195
v 4.8121 -7.4079 -1.2416
v 5.4109 -7.8698 -1.2481
v 5.4487 -7.9248 -1.2405
v 5.4847 -7.9770 -1.2182
v 5.5169 -8.0239 -1.1824
v 5.5437 -8.0630 -1.1349
v 5.5639 -8.0924 -1.0779
v 5.5764 -8.1106 -1.0145
v 5.5780 -8.1157 0.9519
v 5.5737 -8.1095 1.0186
v 5.5610 -8.0911 1.0820
v 5.5406 -8.0617 1.1388
v 5.5137 -8.0225 1.1863
v 5.4814 -7.9756 1.2220
v 5.4454 -7.9234 1.2441
v 5.0390 -7.3329 1.2507
v 5.0012 -7.2780 1.2431
v 4.9653 -7.2257 1.2208
v 4.9331 -7.1789 1.1850
v 4.9062 -7.1398 1.1375
v 4.8860 -7.1104 1.0805
v 4.8735 -7.0921 1.0171
v 4.8719 -7.0871 -0.9493
v 4.8763 -7.0933 -1.0160
v 4.8889 -7.1116 -1.0794
v 4.9093 -7.1411 -1.1362
v 4.9363 -7.1803 -1.1837
v 4.9686 -7.2271 -1.2194
v 5.0045 -7.2794 -1.2415
v 5.6154 -7.7254 -1.2478
v 5.6546 -7.7794 -1.2402
v 5.6919 -7.8306 -1.2179
v 5.7253 -7.8766 -1.1821
v 5.7532 -7.9150 -1.1345
v 5.7741 -7.9438 -1.0776
v 5.7871 -7.9617 -1.0141
v 5.7884 -7.9666 0.9522
v 5.7839 -7.9605 1.0189
v 5.7707 -7.9425 1.0823
v 5.7496 -7.9136 1.1391
v 5.7216 -7.8751 1.1866
v 5.6880 -7.8291 1.2222
v 5.6507 -7.7778 1.2443
v 5.2290 -7.1982 1.2508
v 5.1897 -7.1443 1.2432
v 5.1524 -7.0930 1.2209
v 5.1190 -7.0470 1.1851
v 5.0911 -7.0087 1.1375
v 5.0702 -6.9798 1.0806
v 5.0572 -6.9619 1.0171
v 5.0559 -6.9570 -0.9492
v 5.0605 -6.9632 -1.0159
v 5.0736 -6.9811 -1.0793
v 5.0947 -7.0101 -1.1361
v 5.1228 -7.0485 -1.1835
v 5.1563 -7.0945 -1.2192
v 5.1936 -7.1458 -1.2413
v 5.8160 -7.5756 -1.2475
v 5.8567 -7.6286 -1.2398
v 5.8953 -7.6788 -1.2175
v 5.9298 -7.7239 -1.1817
v 5.9587 -7.7615 -1.1341
v 5.9804 -7.7898 -1.0772
v 5.9938 -7.8074 -1.0137
v 5.9948 -7.8120 0.9525
v 5.9901 -7.8060 1.0193
v 5.9764 -7.7884 1.0826
v 5.9545 -7.7600 1.1395
v 5.9255 -7.7223 1.1869
v 5.8908 -7.6772 1.2225
v 5.8521 -7.6269 1.2446
v 5.4153 -7.0586 1.2509
v 5.3746 -7.0057 1.2433
v 5.3360 -6.9554 1.2210
v 5.3014 -6.9103 1.1852
v 5.2726 -6.8727 1.1376
v 5.2509 -6.8444 1.0807
v 5.2375 -6.8268 1.0172
v 5.2365 -6.8222 -0.9490
v 5.2412 -6.8282 -1.0158
v 5.2548 -6.8459 -1.0791
v 5.2767 -6.8742 -1.1360
v 5.3058 -6.9119 -1.1834
v 5.3405 -6.9571 -1.2190
v 5.3792 -7.0074 -1.2411
v 6.0127 -7.4207 -1.2471
v 6.0547 -7.4725 -1.2394
v 6.0946 -7.5217 -1.2171
v 6.1304 -7.5659 -1.1813
v 6.1602 -7.6027 -1.1337
v 6.1826 -7.6304 -1.0767
v 6.1964 -7.6476 -1.0133
v 6.1970 -7.6520 0.9529
v 6.1921 -7.6461 1.0196
v 6.1780 -7.6289 1.0830
v 6.1554 -7.6011 1.1398
v 6.1253 -7.5641 1.1872
v 6.0894 -7.5199 1.2229
v 6.0494 -7.4707 1.2449
v 5.5978 -6.9141 1.2511
v 5.5558 -6.8622 1.2434
v 5.5159 -6.8130 1.2211
v 5.4801 -6.7689 1.1853
v 5.4503 -6.7320 1.1377
v 5.4279 -6.7043 1.0807
v 5.4141 -6.6871 1.0173
v 5.4135 -6.6827 -0.9489
v 5.4184 -6.6886 -1.0156
v 5.4325 -6.7059 -1.0790
v 5.4551 -6.7337 -1.1358
v 5.4852 -6.7706 -1.1832
v 5.5211 -6.8148 -1.2188
v 5.5611 -6.8641 -1.2409
v 6.2053 -7.2606 -1.2466
v 6.2487 -7.3113 -1.2389
v 6.2899 -7.3594 -1.2166
v 6.3267 -7.4026 -1.1807
v 6.3575 -7.4387 -1.1331
v 6.3806 -7.4658 -1.0762
v 6.3949 -7.4826 -1.0127
v 6.3949 -7.4868 0.9533
v 6.3899 -7.4810 1.0201
v 6.3753 -7.4641 1.0834
v 6.3519 -7.4369 1.1402
v 6.3209 -7.4007 1.1876
v 6.2838 -7.3575 1.2233
v 6.2426 -7.3093 1.2453
v 5.7765 -6.7648 1.2512
v 5.7331 -6.7140 1.2436
v 5.6919 -6.6659 1.2212
v 5.6550 -6.6227 1.1854
v 5.6243 -6.5867 1.1378
v 5.6012 -6.5595 1.0808
v 5.5869 -6.5427 1.0174
v 5.5868 -6.5386 -0.9487
v 5.5919 -6.5444 -1.0154
v 5.6065 -6.5613 -1.0788
v 5.6299 -6.5885 -1.1356
v 5.6609 -6.6246 -1.1830
v 5.6979 -6.6678 -1.2186
v 5.7392 -6.7160 -1.2407
v 6.3937 -7.0955 -1.2461
v 6.4384 -7.1450 -1.2384
v 6.4808 -7.1921 -1.2161
v 6.5188 -7.2343 -1.1802
v 6.5505 -7.2695 -1.1326
v 6.5743 -7.2960 -1.0756
v 6.5890 -7.3124 -1.0121
v 6.5884 -7.3163 0.9538
v 6.5832 -7.3107 1.0206
v 6.5682 -7.2941 1.0839
v 6.5441 -7.2676 1.1407
v 6.5121 -7.2323 1.1881
v 6.4739 -7.1900 1.2237
v 6.4313 -7.1429 1.2457
v 5.9511 -6.6108 1.2514
v 5.9064 -6.5612 1.2437
v 5.8640 -6.5142 1.2214
v 5.8260 -6.4720 1.1855
v 5.7943 -6.4368 1.1379
v 5.7705 -6.4103 1.0809
v 5.7558 -6.3939 1.0174
v 5.7564 -6.3900 -0.9485
v 5.7616 -6.3956 -1.0152
v 5.7766 -6.4121 -1.0786
v 5.8008 -6.4387 -1.1354
v 5.8327 -6.4740 -1.1828
v 5.8709 -6.5163 -1.2184
v 5.9135 -6.5634 -1.2404
v 6.5778 -6.9254 -1.2455
v 6.6238 -6.9738 -1.2378
v 6.6674 -7.0197 -1.2154
v 6.7065 -7.0609 -1.1795
v 6.7391 -7.0953 -1.1319
v 6.7636 -7.1211 -1.0749
v 6.7786 -7.1371 -1.0114
v 6.7774 -7.1408 0.9544
v 6.7720 -7.1353 1.0212
v 6.7565 -7.1192 1.0845
v 6.7316 -7.0932 1.1413
v 6.6987 -7.0588 1.1886
v 6.6594 -7.0175 1.2242
v 6.6156 -6.9716 1.2462
v 6.1216 -6.4523 1.2516
v 6.0756 -6.4039 1.2439
v 6.0319 -6.3580 1.2216
v 5.9929 -6.3168 1.1856
v 5.9603 -6.2824 1.1380
v 5.9358 -6.2566 1.0810
v 5.9207 -6.2406 1.0175
v 5.9220 -6.2369 -0.9483
v 5.9274 -6.2424 -1.0150
v 5.9429 -6.2585 -1.0784
v 5.9677 -6.2845 -1.1351
v 6.0006 -6.3190 -1.1825
v 6.0400 -6.3602 -1.2181
v 6.0837 -6.4062 -1.2401
v 6.7575 -6.7506 -1.2449
v 6.8047 -6.7978 -1.2371
v 6.8495 -6.8425 -1.2147
v 6.8897 -6.8826 -1.1788
v 6.9231 -6.9161 -1.1311
v 6.9482 -6.9413 -1.0741
v 6.9637 -6.9569 -1.0106
v 6.9616 -6.9603 0.9551
v 6.9560 -6.9550 1.0218
v 6.9401 -6.9392 1.0851
v 6.9145 -6.9140 1.1419
v 6.8807 -6.8804 1.1892
v 6.8403 -6.8402 1.2248
v 6.7953 -6.7954 1.2468
v 6.2878 -6.2893 1.2519
v 6.2405 -6.2421 1.2441
v 6.1957 -6.1974 1.2217
v 6.1556 -6.1573 1.1858
v 6.1221 -6.1238 1.1381
v 6.0970 -6.0986 1.0811
v 6.0815 -6.0830 1.0177
v 6.0836 -6.0795 -0.9480
v 6.0892 -6.0849 -1.0148
v 6.1052 -6.1006 -1.0781
v 6.1307 -6.1259 -1.1349
v 6.1645 -6.1595 -1.1822
v 6.2049 -6.1997 -1.2178
v 6.2499 -6.2445 -1.2397
v 6.9326 -6.5711 -1.2441
v 6.9810 -6.6170 -1.2363
v 7.0270 -6.6605 -1.2139
v 7.0682 -6.6996 -1.1779
v 7.1025 -6.7322 -1.1303
v 7.1282 -6.7567 -1.0732
v 7.1440 -6.7719 -1.0097
v 7.1410 -6.7751 0.9558
v 7.1352 -6.7698 1.0225
v 7.1188 -6.7545 1.0859
v 7.0926 -6.7299 1.1426
v 7.0579 -6.6972 1.1899
v 7.0164 -6.6581 1.2254
v 6.9703 -6.6145 1.2474
v 6.4495 -6.1219 1.2522
v 6.4011 -6.0761 1.2444
v 6.3551 -6.0325 1.2219
v 6.3139 -5.9934 1.1860
v 6.2796 -5.9609 1.1383
v 6.2539 -5.9363 1.0813
v 6.2381 -5.9212 1.0178
v 6.2411 -5.9180 -0.9478
v 6.2469 -5.9232 -1.0145
v 6.2633 -5.9385 -1.0778
v 6.2895 -5.9631 -1.1345
v 6.3242 -5.9958 -1.1819
v 6.3657 -6.0349 -1.2174
v 6.4118 -6.0785 -1.2393
v 7.1030 -6.3870 -1.2433
v 7.1526 -6.4316 -1.2354
v 7.1997 -6.4739 -1.2130
v 7.2419 -6.5119 -1.1770
v 7.2770 -6.5435 -1.1293
v 7.3033 -6.5673 -1.0722
v 7.3195 -6.5821 -1.0087
v 7.3154 -6.5851 0.9566
v 7.3094 -6.5800 1.0234
v 7.2926 -6.5651 1.0867
v 7.2657 -6.5412 1.1434
v 7.2301 -6.5094 1.1907
v 7.1876 -6.4714 1.2262
v 7.1403 -6.4290 1.2481
v 6.6068 -5.9503 1.2525
v 6.5571 -5.9058 1.2447
v 6.5100 -5.8634 1.2222
v 6.4679 -5.8255 1.1862
v 6.4328 -5.7938 1.1385
v 6.4064 -5.7700 1.0814
v 6.3902 -5.7553 1.0179
v 6.3944 -5.7523 -0.9474
v 6.4003 -5.7574 -1.0141
v 6.4172 -5.7722 -1.0775
v 6.4441 -5.7962 -1.1342
v 6.4797 -5.8279 -1.1815
v 6.5222 -5.8660 -1.2170
v 6.5695 -5.9083 -1.2389
v 7.2687 -6.1985 -1.2423
v 7.3195 -6.2417 -1.2344
v 7.3676 -6.2828 -1.2119
v 7.4107 -6.3196 -1.1759
v 7.4467 -6.3503 -1.1282
v 7.4736 -6.3734 -1.0711
v 7.4901 -6.3877 -1.0076
v 7.4847 -6.3905 0.9576
v 7.4785 -6.3856 1.0243
v 7.4613 -6.3711 1.0876
v 7.4337 -6.3479 1.1443
v 7.3973 -6.3171 1.1916
v 7.3538 -6.2802 1.2270
v 7.3053 -6.2391 1.2489
v 6.7594 -5.7746 1.2528
v 6.7086 -5.7314 1.2450
v 6.6604 -5.6903 1.2225
v 6.6173 -5.6535 1.1864
v 6.5814 -5.6228 1.1387
v 6.5545 -5.5997 1.0816
v 6.5379 -5.5854 1.0181
v 6.5434 -5.5826 -0.9471
v 6.5495 -5.5875 -1.0138
v 6.5668 -5.6020 -1.0771
v 6.5943 -5.6252 -1.1338
v 6.6307 -5.6560 -1.1810
v 6.6743 -5.6929 -1.2165
v 6.7227 -5.7340 -1.2384
v 7.4294 -6.0056 -1.2412
v 7.4813 -6.0475 -1.2333
v 7.5306 -6.0872 -1.2108
v 7.5746 -6.1229 -1.1747
v 7.6113 -6.1527 -1.1269
v 7.6387 -6.1750 -1.0698
v 7.6556 -6.1889 -1.0063
v 7.6487 -6.1915 0.9586
v 7.6424 -6.1867 1.0254
v 7.6247 -6.1727 1.0886
v 7.5965 -6.1502 1.1453
v 7.5593 -6.1204 1.1925
v 7.5147 -6.0846 1.2280
v 7.4652 -6.0448 1.2498
v 6.9072 -5.5949 1.2532
v 6.8553 -5.5530 1.2453
v 6.8061 -5.5133 1.2228
v 6.7620 -5.4776 1.1867
v 6.7254 -5.4478 1.1389
v 6.6979 -5.4255 1.0818
v 6.6811 -5.4116 1.0183
v 6.6879 -5.4090 -0.9466
v 6.6942 -5.4138 -1.0134
v 6.7119 -5.4278 -1.0766
v 6.7401 -5.4503 -1.1333
v 6.7774 -5.4801 -1.1805
v 6.8219 -5.5159 -1.2160
v 6.8714 -5.5557 -1.2378
v 7.5852 -5.8085 -1.2400
v 7.6382 -5.8490 -1.2320
v 7.6884 -5.8874 -1.2094
v 7.7334 -5.9219 -1.1733
v 7.7708 -5.9507 -1.1255
v 7.7988 -5.9723 -1.0684
v 7.8159 -5.9857 -1.0048
v 7.8074 -5.9882 0.9598
v 7.8009 -5.9836 1.0265
v 7.7828 -5.9700 1.0898
v 7.7540 -5.9483 1.1465
v 7.7159 -5.9194 1.1936
v 7.6704 -5.8848 1.2290
v 7.6199 -5.8463 1.2508
v 7.0502 -5.4113 1.2536
v 6.9972 -5.3708 1.2457
v 6.9469 -5.3324 1.2231
v 6.9020 -5.2979 1.1870
v 6.8646 -5.2691 1.1392
v 6.8366 -5.2475 1.0821
v 6.8195 -5.2341 1.0185
v 6.8280 -5.2316 -0.9462
v 6.8345 -5.2362 -1.0129
v 6.8526 -5.2497 -1.0761
v 6.8814 -5.2715 -1.1328
v 6.9195 -5.3004 -1.1800
v 6.9650 -5.3349 -1.2154
v 7.0155 -5.3734 -1.2371
v 7.7359 -5.6072 -1.2386
v 7.7900 -5.6463 -1.2306
v 7.8412 -5.6834 -1.2079
v 7.8870 -5.7167 -1.1718
v 7.9251 -5.7445 -1.1239
v 7.9536 -5.7654 -1.0668
v 7.9710 -5.7783 -1.0032
v 7.9606 -5.7807 0.9612
v 7.9540 -5.7762 1.0279
v 7.9354 -5.7632 1.0911
v 7.9060 -5.7422 1.1477
v 7.8671 -5.7143 1.1949
v 7.8207 -5.6810 1.2302
v 7.7691 -5.6438 1.2519
v 7.1881 -5.2240 1.2541
v 7.1341 -5.1849 1.2461
v 7.0829 -5.1478 1.2235
v 7.0371 -5.1145 1.1873
v 6.9990 -5.0867 1.1395
v 6.9705 -5.0658 1.0823
v 6.9531 -5.0529 1.0187
v 6.9635 -5.0505 -0.9456
v 6.9701 -5.0550 -1.0123
v 6.9886 -5.0680 -1.0756
v 7.0181 -5.0890 -1.1322
v 7.0570 -5.1169 -1.1794
v 7.1034 -5.1502 -1.2147
v 7.1550 -5.1874 -1.2364
v 7.8815 -5.4020 -1.2371
v 7.9365 -5.4397 -1.2290
v 7.9887 -5.4754 -1.2063
v 8.0353 -5.5075 -1.1700
v 8.0741 -5.5342 -1.1221
v 8.1030 -5.5543 -1.0650
v 8.1208 -5.5668 -1.0014
v 8.1082 -5.5692 0.9627
v 8.1014 -5.5649 1.0294
v 8.0825 -5.5523 1.0926
v 8.0524 -5.5321 1.1492
v 8.0127 -5.5052 1.1963
v 7.9654 -5.4731 1.2315
v 7.9129 -5.4373 1.2532
v 7.3210 -5.0330 1.2547
v 7.2660 -4.9953 1.2466
v 7.2138 -4.9596 1.2239
v 7.1672 -4.9275 1.1877
v 7.1284 -4.9008 1.1398
v 7.0995 -4.8807 1.0826
v 7.0817 -4.8682 1.0190
v 7.0942 -4.8658 -0.9451
v 7.1011 -4.8702 -1.0117
v 7.1200 -4.8827 -1.0750
v 7.1501 -4.9029 -1.1315
v 7.1897 -4.9298 -1.1786
v 7.2371 -4.9619 -1.2139
v 7.2896 -4.9977 -1.2356
v 8.0218 -5.1930 -1.2353
v 8.0778 -5.2292 -1.2272
v 8.1308 -5.2635 -1.2044
v 8.1782 -5.2943 -1.1681
v 8.2176 -5.3200 -1.1201
v 8.2471 -5.3393 -1.0629
v 8.2650 -5.3513 -0.9993
v 8.2501 -5.3537 0.9644
v 8.2431 -5.3496 1.0311
v 8.2238 -5.3375 1.0943
v 8.1931 -5.3181 1.1508
v 8.1527 -5.2923 1.1978
v 8.1045 -5.2614 1.2330
v 8.0510 -5.2270 1.2546
v 7.4486 -4.8385 1.2553
v 7.3926 -4.8023 1.2472
v 7.3396 -4.7680 1.2244
v 7.2922 -4.7372 1.1881
v 7.2528 -4.7114 1.1401
v 7.2234 -4.6921 1.0829
v 7.2054 -4.6801 1.0193
v 7.2203 -4.6777 -0.9444
v 7.2273 -4.6819 -1.0111
v 7.2467 -4.6939 -1.0743
v 7.2773 -4.7134 -1.1308
v 7.3177 -4.7392 -1.1779
v 7.3659 -4.7700 -1.2130
v 7.4194 -4.8044 -1.2346
v 8.1567 -4.9802 -1.2334
v 8.2137 -5.0149 -1.2251
v 8.2676 -5.0478 -1.2023
v 8.3157 -5.0773 -1.1659
v 8.3557 -5.1020 -1.1179
v 8.3856 -5.1205 -1.0606
v 8.4037 -5.1320 -0.9970
v 8.3862 -5.1345 0.9663
v 8.3790 -5.1306 1.0329
v 8.3592 -5.1190 1.0961
v 8.3280 -5.1004 1.1526
v 8.2869 -5.0757 1.1996
v 8.2378 -5.0461 1.2347
v 8.1834 -5.0131 1.2562
v 7.5710 -4.6406 1.2560
v 7.5140 -4.6059 1.2478
v 7.4601 -4.5730 1.2249
v 7.4120 -4.5435 1.1885
v 7.3720 -4.5188 1.1405
v 7.3421 -4.5003 1.0833
v 7.3240 -4.4888 1.0196
v 7.3415 -4.4863 -0.9436
v 7.3487 -4.4902 -1.0103
v 7.3685 -4.5018 -1.0735
v 7.3997 -4.5204 -1.1300
v 7.4408 -4.5451 -1.1770
v 7.4899 -4.5747 -1.2121
v 7.5443 -4.6077 -1.2336
v 8.2863 -4.7638 -1.2312
v 8.3441 -4.7969 -1.2229
v 8.3988 -4.8284 -1.1999
v 8.4477 -4.8567 -1.1635
v 8.4882 -4.8803 -1.1154
v 8.5185 -4.8980 -1.0581
v 8.5368 -4.9090 -0.9944
v 8.5163 -4.9118 0.9684
v 8.5089 -4.9080 1.0350
v 8.4888 -4.8969 1.0982
v 8.4570 -4.8791 1.1546
v 8.4151 -4.8555 1.2015
v 8.3653 -4.8272 1.2366
v 8.3099 -4.7957 1.2580
v 7.6879 -4.4395 1.2568
v 7.6301 -4.4064 1.2484
v 7.5753 -4.3749 1.2255
v 7.5265 -4.3466 1.1890
v 7.4859 -4.3230 1.1410
v 7.4557 -4.3053 1.0837
v 7.4373 -4.2943 1.0200
v 7.4578 -4.2916 -0.9428
v 7.4652 -4.2953 -1.0095
v 7.4854 -4.3064 -1.0726
v 7.5172 -4.3242 -1.1290
v 7.5590 -4.3478 -1.1760
v 7.6089 -4.3761 -1.2110
v 7.6642 -4.4076 -1.2324
v 8.4103 -4.5439 -1.2288
v 8.4690 -4.5755 -1.2203
v 8.5244 -4.6055 -1.1973
v 8.5740 -4.6325 -1.1608
v 8.6151 -4.6550 -1.1126
v 8.6457 -4.6719 -1.0552
v 8.6642 -4.6824 -0.9915
v 8.6404 -4.6855 0.9707
v 8.6328 -4.6819 1.0374
v 8.6122 -4.6714 1.1005
v 8.5799 -4.6545 1.1568
v 8.5373 -4.6319 1.2037
v 8.4867 -4.6050 1.2386
v 8.4305 -4.5749 1.2600
v 7.7993 -4.2353 1.2576
v 7.7406 -4.2037 1.2492
v 7.6851 -4.1737 1.2261
v 7.6356 -4.1467 1.1896
v 7.5945 -4.1242 1.1415
v 7.5639 -4.1073 1.0841
v 7.5454 -4.0968 1.0204
v 7.5691 -4.0937 -0.9419
v 7.5768 -4.0973 -1.0085
v 7.5973 -4.1078 -1.0716
v 7.6297 -4.1248 -1.1280
v 7.6722 -4.1473 -1.1748
v 7.7229 -4.1742 -1.2098
v 7.7791 -4.2043 -1.2311
v 8.5288 -4.3206 -1.2261
v 8.5882 -4.3507 -1.2175
v 8.6445 -4.3793 -1.1943
v 8.6946 -4.4049 -1.1577
v 8.7362 -4.4263 -1.1095
v 8.7671 -4.4424 -1.0521
v 8.7858 -4.4524 -0.9883
v 8.7584 -4.4560 0.9733
v 8.7505 -4.4526 1.0400
v 8.7296 -4.4426 1.1030
v 8.6967 -4.4265 1.1593
v 8.6534 -4.4051 1.2061
v 8.6020 -4.3795 1.2410
v 8.5450 -4.3510 1.2622
v 7.9050 -4.0282 1.2586
v 7.8456 -3.9981 1.2500
v 7.7894 -3.9696 1.2268
v 7.7392 -3.9439 1.1902
v 7.6976 -3.9225 1.1420
v 7.6667 -3.9064 1.0846
v 7.6480 -3.8964 1.0208
v 7.6754 -3.8929 -0.9408
v 7.6833 -3.8962 -1.0075
v 7.7042 -3.9062 -1.0705
v 7.7371 -3.9223 -1.1268
v 7.7804 -3.9437 -1.1736
v 7.8318 -3.9693 -1.2084
v 7.8888 -3.9979 -1.2297
v 8.6416 -4.0942 -1.2230
v 8.7018 -4.1226 -1.2144
v 8.7587 -4.1497 -1.1911
v 8.8095 -4.1740 -1.1543
v 8.8515 -4.1943 -1.1060
v 8.8827 -4.2095 -1.0485
v 8.9015 -4.2190 -0.9847
v 8.8700 -4.2233 0.9762
v 8.8619 -4.2201 1.0428
v 8.8406 -4.2107 1.1059
v 8.8072 -4.1955 1.1621
v 8.7633 -4.1752 1.2088
v 8.7112 -4.1510 1.2435
v 8.6534 -4.1239 1.2646
v 8.0051 -3.8182 1.2596
v 7.9449 -3.7897 1.2509
v 7.8880 -3.7627 1.2276
v 7.8372 -3.7384 1.1909
v 7.7952 -3.7181 1.1426
v 7.7640 -3.7028 1.0851
v 7.7452 -3.6933 1.0213
v 7.7767 -3.6891 -0.9397
v 7.7848 -3.6923 -1.0063
v 7.8061 -3.7017 -1.0693
v 7.8395 -3.7169 -1.1255
v 7.8834 -3.7372 -1.1722
v 7.9355 -3.7614 -1.2069
v 7.9933 -3.7884 -1.2280
v 8.7488 -3.8646 -1.2197
v 8.8097 -3.8914 -1.2109
v 8.8672 -3.9170 -1.1874
v 8.9185 -3.9399 -1.1506
v 8.9609 -3.9591 -1.1022
v 8.9924 -3.9735 -1.0446
v 9.0113 -3.9825 -0.9808
v 8.9754 -3.9876 0.9794
v 8.9670 -3.9846 1.0460
v 8.9453 -3.9758 1.1090
v 8.9114 -3.9615 1.1652
v 8.8669 -3.9424 1.2117
v 8.8140 -3.9195 1.2463
v 8.7555 -3.8940 1.2673
v 8.0993 -3.6056 1.2608
v 8.0384 -3.5787 1.2519
v 7.9809 -3.5532 1.2285
v 7.9296 -3.5302 1.1917
v 7.8871 -3.5111 1.1432
v 7.8557 -3.4966 1.0857
v 7.8368 -3.4876 1.0218
v 7.8727 -3.4825 -0.9384
v 7.8811 -3.4855 -1.0050
v 7.9028 -3.4944 -1.0679
v 7.9367 -3.5087 -1.1241
v 7.9812 -3.5278 -1.1707
v 8.0341 -3.5506 -1.2053
v 8.0926 -3.5761 -1.2262
v 8.8502 -3.6320 -1.2160
v 8.9118 -3.6573 -1.2070
v 8.9699 -3.6813 -1.1834
v 9.0217 -3.7028 -1.1464
v 9.0645 -3.7209 -1.0979
v 9.0962 -3.7345 -1.0402
v 9.1151 -3.7430 -0.9764
v 9.0742 -3.7491 0.9830
v 9.0657 -3.7464 1.0496
v 9.0436 -3.7381 1.1125
v 9.0091 -3.7247 1.1685
v 8.9640 -3.7068 1.2150
v 8.9105 -3.6853 1.2495
v 8.8512 -3.6614 1.2703
v 8.1877 -3.3904 1.2620
v 8.1261 -3.3652 1.2530
v 8.0679 -3.3411 1.2295
v 8.0162 -3.3196 1.1925
v 7.9734 -3.3015 1.1440
v 7.9417 -3.2879 1.0863
v 7.9227 -3.2794 1.0224
v 7.9636 -3.2733 -0.9369
v 7.9722 -3.2760 -1.0035
v 7.9943 -3.2843 -1.0664
v 8.0287 -3.2977 -1.1225
v 8.0739 -3.3156 -1.1689
v 8.1274 -3.3371 -1.2034
v 8.1866 -3.3610 -1.2242
v 8.9457 -3.3966 -1.2118
v 9.0080 -3.4202 -1.2027
v 9.0667 -3.4427 -1.1789
v 9.1189 -3.4628 -1.1418
v 9.1620 -3.4798 -1.0932
v 9.1939 -3.4925 -1.0354
v 9.2129 -3.5005 -0.9715
v 9.1666 -3.5080 0.9869
v 9.1577 -3.5055 1.0535
v 9.1353 -3.4978 1.1163
v 9.1003 -3.4853 1.1723
v 9.0546 -3.4686 1.2186
v 9.0004 -3.4486 1.2529
v 8.9405 -3.4262 1.2735
v 8.2701 -3.1729 1.2634
v 8.2078 -3.1493 1.2543
v 8.1491 -3.1268 1.2305
v 8.0969 -3.1066 1.1934
v 8.0538 -3.0897 1.1447
v 8.0219 -3.0769 1.0870
v 8.0029 -3.0689 1.0231
v 8.0492 -3.0615 -0.9353
v 8.0581 -3.0640 -1.0019
v 8.0805 -3.0717 -1.0647
v 8.1155 -3.0842 -1.1207
v 8.1612 -3.1008 -1.1670
v 8.2154 -3.1209 -1.2013
v 8.2753 -3.1432 -1.2220
v 9.0355 -3.1584 -1.2073
v 9.0983 -3.1804 -1.1979
v 9.1575 -3.2013 -1.1740
v 9.2101 -3.2201 -1.1367
v 9.2535 -3.2359 -1.0879
v 9.2855 -3.2478 -1.0301
v 9.3045 -3.2553 -0.9661
v 9.2523 -3.2643 0.9912
v 9.2432 -3.2621 1.0577
v 9.2203 -3.2550 1.1205
v 9.1848 -3.2435 1.1764
v 9.1386 -3.2280 1.2226
v 9.0838 -3.2094 1.2567
v 9.0232 -3.1887 1.2771
v 8.3464 -2.9531 1.2649
v 8.2836 -2.9312 1.2556
v 8.2244 -2.9103 1.2317
v 8.1718 -2.8915 1.1944
v 8.1284 -2.8757 1.1456
v 8.0963 -2.8637 1.0877
v 8.0773 -2.8562 1.0238
v 8.1295 -2.8472 -0.9336
v 8.1387 -2.8495 -1.0001
v 8.1615 -2.8565 -1.0628
v 8.1970 -2.8681 -1.1187
v 8.2433 -2.8835 -1.1649
v 8.2981 -2.9021 -1.1990
v 8.3586 -2.9229 -1.2195
v 9.1193 -2.9176 -1.2022
v 9.1827 -2.9379 -1.1927
v 9.2423 -2.9573 -1.1685
v 9.2953 -2.9747 -1.1311
v 9.3389 -2.9893 -1.0821
v 9.3710 -3.0004 -1.0242
v 9.3900 -3.0075 -0.9601
v 9.3313 -3.0184 0.9960
v 9.3219 -3.0164 1.0625
v 9.2986 -3.0100 1.1251
v 9.2627 -2.9994 1.1809
v 9.2159 -2.9852 1.2269
v 9.1605 -2.9681 1.2609
v 9.0994 -2.9489 1.2811
v 8.4165 -2.7313 1.2666
v 8.3532 -2.7110 1.2570
v 8.2936 -2.6917 1.2329
v 8.2406 -2.6743 1.1955
v 8.1970 -2.6596 1.1465
v 8.1648 -2.6485 1.0886
v 8.1458 -2.6415 1.0245
v 8.2045 -2.6306 -0.9316
v 8.2140 -2.6326 -0.9981
v 8.2372 -2.6390 -1.0608
v 8.2732 -2.6496 -1.1165
v 8.3200 -2.6638 -1.1625
v 8.3754 -2.6809 -1.1965
v 8.4365 -2.7001 -1.2167
v 9.1972 -2.6744 -1.1967
v 9.2610 -2.6930 -1.1869
v 9.3211 -2.7108 -1.1625
v 9.3743 -2.7268 -1.1249
v 9.4182 -2.7403 -1.0758
v 9.4504 -2.7506 -1.0177
v 9.4693 -2.7571 -0.9536
v 9.4035 -2.7703 1.0012
v 9.3938 -2.7686 1.0676
v 9.3702 -2.7628 1.1302
v 9.3337 -2.7532 1.1858
v 9.2864 -2.7402 1.2317
v 9.2304 -2.7246 1.2655
v 9.1687 -2.7071 1.2855
v 8.4805 -2.5076 1.2684
v 8.4167 -2.4890 1.2586
v 8.3566 -2.4712 1.2343
v 8.3034 -2.4552 1.1966
v 8.2595 -2.4417 1.1475
v 8.2274 -2.4314 1.0895
v 8.2084 -2.4249 1.0253
v 8.2742 -2.4117 -0.9294
v 8.2839 -2.4134 -0.9959
v 8.3075 -2.4192 -1.0585
v 8.3440 -2.4288 -1.1141
v 8.3913 -2.4418 -1.1599
v 8.4473 -2.4574 -1.1937
v 8.5090 -2.4749 -1.2137
v 9.2692 -2.4288 -1.1905
v 9.3334 -2.4457 -1.1805
v 9.3938 -2.4619 -1.1559
v 9.4473 -2.4765 -1.1180
v 9.4913 -2.4889 -1.0687
v 9.5235 -2.4983 -1.0105
v 9.5423 -2.5044 -0.9463
v 9.4689 -2.5203 1.0069
v 9.4589 -2.5189 1.0733
v 9.4348 -2.5137 1.1358
v 9.3979 -2.5051 1.1913
v 9.3500 -2.4934 1.2369
v 9.2936 -2.4793 1.2705
v 9.2313 -2.4634 1.2902
v 8.5381 -2.2822 1.2704
v 8.4739 -2.2653 1.2603
v 8.4135 -2.2491 1.2358
v 8.3600 -2.2344 1.1979
v 8.3160 -2.2221 1.1486
v 8.2838 -2.2126 1.0904
v 8.2650 -2.2065 1.0262
v 8.3384 -2.1906 -0.9270
v 8.3484 -2.1920 -0.9934
v 8.3725 -2.1972 -1.0559
v 8.4094 -2.2058 -1.1114
v 8.4573 -2.2175 -1.1570
v 8.5137 -2.2316 -1.1906
v 8.5760 -2.2475 -1.2103
v 9.3351 -2.1809 -1.1838
v 9.3997 -2.1961 -1.1734
v 9.4604 -2.2107 -1.1486
v 9.5141 -2.2240 -1.1105
v 9.5582 -2.2352 -1.0610
v 9.5903 -2.2439 -1.0027
v 9.6090 -2.2495 -0.9384
v 9.5273 -2.2685 1.0131
v 9.5170 -2.2674 1.0795
v 9.4925 -2.2629 1.1419
v 9.4551 -2.2553 1.1972
v 9.4068 -2.2449 1.2426
v 9.3498 -2.2323 1.2759
v 9.2871 -2.2181 1.2954
v 8.5894 -2.0552 1.2726
v 8.5248 -2.0399 1.2622
v 8.4641 -2.0253 1.2374
v 8.4104 -2.0121 1.1992
v 8.3664 -2.0008 1.1498
v 8.3342 -1.9922 1.0914
v 8.3155 -1.9866 1.0272
v 8.3972 -1.9675 -0.9244
v 8.4076 -1.9686 -0.9907
v 8.4320 -1.9731 -1.0531
v 8.4694 -1.9807 -1.1084
v 8.5178 -1.9911 -1.1539
v 8.5747 -2.0037 -1.1872
v 8.6375 -2.0180 -1.2066
v 9.3950 -1.9309 -1.1764
v 9.4599 -1.9444 -1.1657
v 9.5209 -1.9575 -1.1406
v 9.5747 -1.9693 -1.1022
v 9.6188 -1.9794 -1.0525
v 9.6509 -1.9873 -0.9941
v 9.6694 -1.9924 -0.9297
v 9.5788 -2.0151 1.0199
v 9.5680 -2.0144 1.0862
v 9.5432 -2.0106 1.1485
v 9.5053 -2.0040 1.2036
v 9.4565 -1.9949 1.2489
v 9.3990 -1.9838 1.2819
v 9.3359 -1.9713 1.3010
v 8.6343 -1.8267 1.2749
v 8.5694 -1.8132 1.2642
v 8.5084 -1.8002 1.2391
v 8.4546 -1.7883 1.2007
v 8.4105 -1.7782 1.1510
v 8.3784 -1.7704 1.0926
v 8.3599 -1.7652 1.0282
v 8.4505 -1.7425 -0.9214
v 8.4613 -1.7433 -0.9877
v 8.4861 -1.7471 -1.0500
v 8.5240 -1.7537 -1.1051
v 8.5728 -1.7627 -1.1504
v 8.6303 -1.7738 -1.1834
v 8.6934 -1.7864 -1.2025
v 9.4488 -1.6789 -1.1682
v 9.5140 -1.6907 -1.1573
v 9.5752 -1.7022 -1.1318
v 9.6291 -1.7127 -1.0932
v 9.6732 -1.7217 -1.0433
v 9.7052 -1.7287 -0.9846
v 9.7235 -1.7334 -0.9201
v 9.6231 -1.7604 1.0273
v 9.6120 -1.7599 1.0936
v 9.5867 -1.7568 1.1557
v 9.5485 -1.7513 1.2107
v 9.4991 -1.7436 1.2556
v 9.4412 -1.7340 1.2883
v 9.3777 -1.7231 1.3072
v 8.6727 -1.5971 1.2774
v 8.6075 -1.5852 1.2664
v 8.5464 -1.5738 1.2409
v 8.4924 -1.5633 1.2023
v 8.4484 -1.5543 1.1524
v 8.4164 -1.5473 1.0937
v 8.3981 -1.5425 1.0293
v 8.4984 -1.5156 -0.9182
v 8.5095 -1.5160 -0.9844
v 8.5348 -1.5191 -1.0466
v 8.5731 -1.5247 -1.1015
v 8.6224 -1.5324 -1.1465
v 8.6803 -1.5419 -1.1792
v 8.7439 -1.5528 -1.1981
v 9.4966 -1.4250 -1.1593
v 9.5620 -1.4352 -1.1480
v 9.6233 -1.4450 -1.1222
v 9.6772 -1.4541 -1.0832
v 9.7212 -1.4620 -1.0331
v 9.7531 -1.4683 -0.9743
v 9.7711 -1.4726 -0.9097
v 9.6604 -1.5044 1.0354
v 9.6489 -1.5043 1.1016
v 9.6232 -1.5019 1.1636
v 9.5844 -1.4975 1.2183
v 9.5347 -1.4911 1.2630
v 9.4764 -1.4831 1.2954
v 9.4124 -1.4739 1.3138
v 8.7046 -1.3663 1.2801
v 8.6391 -1.3562 1.2687
v 8.5779 -1.3463 1.2429
v 8.5239 -1.3372 1.2040
v 8.4799 -1.3293 1.1538
v 8.4481 -1.3230 1.0950
v 8.4301 -1.3187 1.0304
v 8.5408 -1.2869 -0.9146
v 8.5523 -1.2870 -0.9808
v 8.5780 -1.2894 -1.0428
v 8.6167 -1.2938 -1.0975
v 8.6665 -1.3002 -1.1422
v 8.7248 -1.3082 -1.1746
v 8.7887 -1.3174 -1.1931
v 9.5382 -1.1693 -1.1496
v 9.6038 -1.1778 -1.1378
v 9.6652 -1.1861 -1.1117
v 9.7191 -1.1939 -1.0724
v 9.7630 -1.2007 -1.0220
v 9.7946 -1.2062 -0.9630
v 9.8124 -1.2101 -0.8983
v 9.6905 -1.2474 1.0441
v 9.6786 -1.2477 1.1102
v 9.6524 -1.2461 1.1721
v 9.6132 -1.2427 1.2265
v 9.5630 -1.2377 1.2709
v 9.5043 -1.2313 1.3029
v 9.4401 -1.2238 1.3210
v 8.7299 -1.1347 1.2829
v 8.6643 -1.1262 1.2712
v 8.6030 -1.1179 1.2450
v 8.5490 -1.1102 1.2058
v 8.5051 -1.1034 1.1553
v 8.4735 -1.0978 1.0963
v 8.4558 -1.0939 1.0317
v 8.5776 -1.0567 -0.9107
v 8.5895 -1.0563 -0.9769
v 8.6157 -1.0579 -1.0387
v 8.6549 -1.0613 -1.0932
v 8.7051 -1.0663 -1.1375
v 8.7638 -1.0728 -1.1696
v 8.8280 -1.0802 -1.1877
v 9.5738 -0.9120 -1.1389
v 9.6395 -0.9188 -1.1268
v 9.7008 -0.9256 -1.1002
v 9.7547 -0.9320 -1.0606
v 9.7984 -0.9377 -1.0099
v 9.8297 -0.9425 -0.9506
v 9.8472 -0.9461 -0.8859
v 9.7134 -0.9895 1.0535
v 9.7010 -0.9903 1.1196
v 9.6744 -0.9895 1.1812
v 9.6348 -0.9872 1.2355
v 9.5842 -0.9835 1.2795
v 9.5251 -0.9787 1.3111
v 9.4606 -0.9729 1.3288
v 8.7486 -0.9023 1.2860
v 8.6828 -0.8955 1.2738
v 8.6215 -0.8888 1.2473
v 8.5676 -0.8824 1.2076
v 8.5239 -0.8766 1.1570
v 8.4926 -0.8718 1.0977
v 8.4752 -0.8683 1.0329
v 8.6090 -0.8248 -0.9064
v 8.6213 -0.8241 -0.9725
v 8.6479 -0.8249 -1.0342
v 8.6875 -0.8271 -1.0884
v 8.7381 -0.8308 -1.1324
v 8.7972 -0.8356 -1.1640
v 8.8618 -0.8414 -1.1817
v 9.6032 -0.6532 -1.1273
v 9.6690 -0.6583 -1.1147
v 9.7302 -0.6635 -1.0877
v 9.7840 -0.6686 -1.0477
v 9.8274 -0.6733 -0.9967
v 9.8585 -0.6773 -0.9372
v 9.8755 -0.6806 -0.8723
v 9.7290 -0.7311 1.0637
v 9.7162 -0.7323 1.1297
v 9.6891 -0.7323 1.1911
v 9.6491 -0.7311 1.2451
v 9.5981 -0.7289 1.2887
v 9.5387 -0.7256 1.3200
v 9.4739 -0.7216 1.3372
v 8.7606 -0.6693 1.2893
v 8.6948 -0.6643 1.2767
v 8.6335 -0.6591 1.2497
v 8.5798 -0.6540 1.2096
v 8.5363 -0.6493 1.1586
v 8.5053 -0.6452 1.0992
v 8.4883 -0.6420 1.0343
v 8.6348 -0.5915 -0.9017
v 8.6475 -0.5903 -0.9677
v 8.6746 -0.5903 -1.0292
v 8.7147 -0.5914 -1.0831
v 8.7657 -0.5937 -1.1268
v 8.8251 -0.5969 -1.1580
v 8.8899 -0.6010 -1.1752
v 9.6264 -0.3929 -1.1147
v 9.6922 -0.3963 -1.1015
v 9.7534 -0.4000 -1.0741
v 9.8069 -0.4038 -1.0336
v 9.8501 -0.4075 -0.9823
v 9.8808 -0.4109 -0.9226
v 9.8974 -0.4138 -0.8576
v 9.7373 -0.4722 1.0747
v 9.7241 -0.4739 1.1405
v 9.6965 -0.4747 1.2018
v 9.6561 -0.4747 1.2554
v 9.6047 -0.4739 1.2987
v 9.5450 -0.4722 1.3294
v 9.4799 -0.4699 1.3462
v 8.7659 -0.4360 1.2928
v 8.7002 -0.4326 1.2796
v 8.6390 -0.4289 1.2522
v 8.5854 -0.4252 1.2117
v 8.5423 -0.4215 1.1604
v 8.5116 -0.4181 1.1007
v 8.4950 -0.4151 1.0357
v 8.6550 -0.3568 -0.8966
v 8.6683 -0.3551 -0.9624
v 8.6958 -0.3543 -1.0237
v 8.7363 -0.3543 -1.0773
v 8.7877 -0.3551 -1.1206
v 8.8474 -0.3567 -1.1513
v 8.9124 -0.3591 -1.1680
v 9.6435 -0.1314 -1.1009
v 9.7093 -0.1331 -1.0872
v 9.7703 -0.1353 -1.0593
v 9.8236 -0.1378 -1.0184
v 9.8664 -0.1405 -0.9667
v 9.8966 -0.1433 -0.9068
v 9.9128 -0.1459 -0.8416
v 9.7384 -0.2131 1.0865
v 9.7246 -0.2153 1.1522
v 9.6966 -0.2170 1.2132
v 9.6557 -0.2182 1.2665
v 9.6039 -0.2188 1.3093
v 9.5440 -0.2187 1.3396
v 9.4788 -0.2181 1.3558
v 8.7646 -0.2025 1.2965
v 8.6989 -0.2008 1.2828
v 8.6378 -0.1986 1.2548
v 8.5846 -0.1961 1.2139
v 8.5417 -0.1934 1.1623
v 8.5115 -0.1906 1.1023
v 8.4954 -0.1879 1.0372
v 8.6697 -0.1208 -0.8909
v 8.6835 -0.1186 -0.9567
v 8.7115 -0.1169 -1.0177
v 8.7524 -0.1157 -1.0709
v 8.8042 -0.1151 -1.1138
v 8.8642 -0.1152 -1.1441
v 8.9294 -0.1158 -1.1602
o Ribbon_Back
v 9.4031 0.0331 -1.3667
v 9.4703 0.0336 -1.3661
v 9.5357 0.0347 -1.3505
v 9.5959 0.0363 -1.3207
v 9.6480 0.0383 -1.2784
v 9.6893 0.0407 -1.2255
v 9.7178 0.0433 -1.1647
v 9.9224 0.1203 0.7572
v 9.9217 0.1230 0.8243
v 9.9061 0.1254 0.8896
v 9.8763 0.1276 0.9498
v 9.8339 0.1293 1.0019
v 9.7809 0.1306 1.0432
v 9.7201 0.1312 1.0717
v 9.0079 0.1293 1.1523
v 8.9407 0.1288 1.1517
v 8.8754 0.1277 1.1361
v 8.8151 0.1261 1.1064
v 8.7631 0.1241 1.0640
v 8.7217 0.1217 1.0111
v 8.6932 0.1191 0.9504
v 8.4887 0.0421 -0.9716
v 8.4893 0.0394 -1.0387
v 8.5050 0.0370 -1.1040
v 8.5347 0.0348 -1.1642
v 8.5771 0.0331 -1.2162
v 8.6301 0.0318 -1.2576
v 8.6909 0.0312 -1.2861
v 9.3874 0.2827 -1.3770
v 9.4546 0.2850 -1.3770
v 9.5200 0.2877 -1.3621
v 9.5805 0.2910 -1.3329
v 9.6329 0.2945 -1.2911
v 9.6747 0.2981 -1.2386
v 9.7037 0.3016 -1.1781
v 9.9242 0.3899 0.7385
v 9.9241 0.3927 0.8056
v 9.9090 0.3950 0.8710
v 9.8798 0.3966 0.9315
v 9.8379 0.3974 0.9839
v 9.7853 0.3974 1.0258
v 9.7248 0.3967 1.0549
v 9.0136 0.3769 1.1424
v 8.9464 0.3747 1.1424
v 8.8810 0.3719 1.1274
v 8.8206 0.3686 1.0983
v 8.7681 0.3651 1.0564
v 8.7264 0.3615 1.0039
v 8.6973 0.3580 0.9435
v 8.4768 0.2697 -0.9731
v 8.4770 0.2669 -1.0402
v 8.4920 0.2646 -1.1057
v 8.5212 0.2630 -1.1661
v 8.5632 0.2622 -1.2186
v 8.6157 0.2622 -1.2604
v 8.6763 0.2629 -1.2895
v 9.3645 0.5319 -1.3880
v 9.4316 0.5358 -1.3887
v 9.4971 0.5403 -1.3744
v 9.5577 0.5452 -1.3459
v 9.6104 0.5502 -1.3046
v 9.6526 0.5550 -1.2525
v 9.6822 0.5595 -1.1924
v 9.9195 0.6601 0.7182
v 9.9200 0.6632 0.7853
v 9.9055 0.6653 0.8509
v 9.8769 0.6664 0.9117
v 9.8355 0.6663 0.9646
v 9.7834 0.6652 1.0069
v 9.7232 0.6630 1.0367
v 9.0137 0.6255 1.1315
v 8.9466 0.6216 1.1322
v 8.8811 0.6171 1.1179
v 8.8205 0.6123 1.0894
v 8.7677 0.6073 1.0481
v 8.7255 0.6024 0.9961
v 8.6960 0.5980 0.9359
v 8.4587 0.4973 -0.9747
v 8.4582 0.4942 -1.0418
v 8.4726 0.4921 -1.1074
v 8.5013 0.4911 -1.1681
v 8.5427 0.4911 -1.2210
v 8.5948 0.4922 -1.2634
v 8.6550 0.4944 -1.2931
v 9.3343 0.7803 -1.3996
v 9.4013 0.7859 -1.4010
v 9.4668 0.7921 -1.3875
v 9.5276 0.7986 -1.3596
v 9.5806 0.8051 -1.3189
v 9.6233 0.8112 -1.2674
v 9.6533 0.8167 -1.2076
v 9.9082 0.9309 0.6964
v 9.9093 0.9342 0.7635
v 9.8956 0.9363 0.8292
v 9.8676 0.9369 0.8903
v 9.8267 0.9360 0.9436
v 9.7751 0.9337 0.9866
v 9.7153 0.9301 1.0170
v 9.0081 0.8752 1.1197
v 8.9411 0.8697 1.1211
v 8.8756 0.8634 1.1076
v 8.8148 0.8569 1.0798
v 8.7618 0.8505 1.0391
v 8.7191 0.8444 0.9875
v 8.6891 0.8389 0.9277
v 8.4342 0.7247 -0.9763
v 8.4331 0.7214 -1.0434
v 8.4468 0.7193 -1.1091
v 8.4748 0.7187 -1.1702
v 8.5157 0.7196 -1.2235
v 8.5673 0.7219 -1.2664
v 8.6271 0.7255 -1.2968
v 9.2970 1.0279 -1.4118
v 9.3637 1.0351 -1.4141
v 9.4292 1.0430 -1.4013
v 9.4901 1.0512 -1.3742
v 9.5435 1.0592 -1.3342
v 9.5865 1.0666 -1.2831
v 9.6171 1.0730 -1.2237
v 9.8904 1.2020 0.6730
v 9.8922 1.2057 0.7400
v 9.8791 1.2077 0.8059
v 9.8518 1.2079 0.8673
v 9.8117 1.2062 0.9211
v 9.7606 1.2029 0.9646
v 9.7013 1.1979 0.9957
v 8.9968 1.1259 1.1069
v 8.9301 1.1186 1.1091
v 8.8646 1.1107 1.0964
v 8.8037 1.1026 1.0693
v 8.7503 1.0946 1.0292
v 8.7073 1.0872 0.9782
v 8.6767 1.0807 0.9187
v 8.4034 0.9518 -0.9779
v 8.4016 0.9481 -1.0450
v 8.4146 0.9461 -1.1108
v 8.4420 0.9459 -1.1722
v 8.4821 0.9475 -1.2260
v 8.5332 0.9509 -1.2696
v 8.5925 0.9558 -1.3007
v 9.2524 1.2743 -1.4247
v 9.3189 1.2832 -1.4278
v 9.3843 1.2928 -1.4159
v 9.4454 1.3025 -1.3896
v 9.4990 1.3120 -1.3502
v 9.5424 1.3208 -1.2998
v 9.5736 1.3283 -1.2407
v 9.8660 1.4734 0.6478
v 9.8686 1.4774 0.7148
v 9.8562 1.4794 0.7808
v 9.8297 1.4793 0.8425
v 9.7902 1.4769 0.8968
v 9.7398 1.4725 0.9410
v 9.6810 1.4662 0.9728
v 8.9800 1.3774 1.0930
v 8.9134 1.3685 1.0961
v 8.8480 1.3589 1.0842
v 8.7870 1.3491 1.0579
v 8.7334 1.3396 1.0185
v 8.6899 1.3309 0.9680
v 8.6587 1.3233 0.9090
v 8.3664 1.1783 -0.9795
v 8.3638 1.1742 -1.0465
v 8.3761 1.1722 -1.1125
v 8.4027 1.1724 -1.1742
v 8.4421 1.1748 -1.2286
v 8.4925 1.1792 -1.2727
v 8.5514 1.1854 -1.3046
v 9.2007 1.5194 -1.4383
v 9.2669 1.5299 -1.4423
v 9.3322 1.5411 -1.4313
v 9.3934 1.5526 -1.4058
v 9.4472 1.5636 -1.3672
v 9.4911 1.5737 -1.3173
v 9.5228 1.5823 -1.2588
v 9.8351 1.7448 0.6207
v 9.8384 1.7493 0.6877
v 9.8269 1.7513 0.7538
v 9.8011 1.7509 0.8159
v 9.7624 1.7478 0.8707
v 9.7127 1.7425 0.9156
v 9.6545 1.7349 0.9482
v 8.9574 1.6296 1.0779
v 8.8912 1.6191 1.0819
v 8.8259 1.6079 1.0709
v 8.7648 1.5964 1.0454
v 8.7109 1.5854 1.0068
v 8.6670 1.5753 0.9570
v 8.6353 1.5667 0.8984
v 8.3231 1.4042 -0.9811
v 8.3197 1.3997 -1.0481
v 8.3313 1.3976 -1.1142
v 8.3570 1.3981 -1.1763
v 8.3957 1.4011 -1.2311
v 8.4454 1.4065 -1.2759
v 8.5036 1.4140 -1.3086
v 9.1419 1.7629 -1.4525
v 9.2078 1.7750 -1.4574
v 9.2729 1.7879 -1.4474
v 9.3341 1.8010 -1.4228
v 9.3882 1.8136 -1.3850
v 9.4325 1.8250 -1.3358
v 9.4648 1.8348 -1.2777
v 9.7976 2.0160 0.5918
v 9.8017 2.0211 0.6586
v 9.7910 2.0233 0.7249
v 9.7662 2.0225 0.7873
v 9.7283 2.0189 0.8427
v 9.6793 2.0126 0.8883
v 9.6217 2.0039 0.9217
v 8.9293 1.8825 1.0616
v 8.8634 1.8704 1.0665
v 8.7982 1.8575 1.0565
v 8.7371 1.8444 1.0319
v 8.6830 1.8319 0.9941
v 8.6387 1.8204 0.9449
v 8.6064 1.8106 0.8869
v 8.2736 1.6294 -0.9827
v 8.2695 1.6244 -1.0495
v 8.2801 1.6222 -1.1158
v 8.3050 1.6229 -1.1782
v 8.3429 1.6265 -1.2336
v 8.3918 1.6328 -1.2792
v 8.4494 1.6415 -1.3126
v 9.0760 2.0048 -1.4673
v 9.1415 2.0184 -1.4733
v 9.2065 2.0329 -1.4642
v 9.2677 2.0476 -1.4407
v 9.3220 2.0618 -1.4037
v 9.3667 2.0746 -1.3552
v 9.3995 2.0856 -1.2977
v 9.7536 2.2871 0.5608
v 9.7585 2.2926 0.6276
v 9.7487 2.2950 0.6940
v 9.7248 2.2941 0.7568
v 9.6878 2.2900 0.8127
v 9.6397 2.2828 0.8590
v 9.5828 2.2730 0.8934
v 8.8955 2.1359 1.0439
v 8.8300 2.1223 1.0499
v 8.7650 2.1077 1.0409
v 8.7039 2.0930 1.0173
v 8.6496 2.0789 0.9804
v 8.6049 2.0661 0.9319
v 8.5720 2.0551 0.8744
v 8.2180 1.8536 -0.9842
v 8.2130 1.8480 -1.0509
v 8.2228 1.8456 -1.1173
v 8.2468 1.8465 -1.1801
v 8.2837 1.8507 -1.2360
v 8.3319 1.8579 -1.2823
v 8.3888 1.8677 -1.3167
v 9.0032 2.2447 -1.4827
v 9.0683 2.2598 -1.4897
v 9.1330 2.2760 -1.4818
v 9.1941 2.2923 -1.4593
v 9.2486 2.3080 -1.4232
v 9.2937 2.3223 -1.3756
v 9.3272 2.3344 -1.3186
v 9.7030 2.5576 0.5278
v 9.7088 2.5638 0.5944
v 9.7000 2.5665 0.6610
v 9.6770 2.5655 0.7241
v 9.6409 2.5609 0.7806
v 9.5937 2.5529 0.8277
v 9.5376 2.5419 0.8630
v 8.8561 2.3897 1.0249
v 8.7910 2.3746 1.0320
v 8.7263 2.3585 1.0240
v 8.6652 2.3421 1.0015
v 8.6107 2.3265 0.9655
v 8.5656 2.3122 0.9178
v 8.5321 2.3000 0.8608
v 8.1563 2.0768 -0.9856
v 8.1505 2.0706 -1.0522
v 8.1593 2.0680 -1.1188
v 8.1823 2.0690 -1.1819
v 8.2184 2.0736 -1.2384
v 8.2656 2.0815 -1.2855
v 8.3217 2.0925 -1.3208
v 8.9235 2.4825 -1.4986
v 8.9880 2.4991 -1.5069
v 9.0525 2.5168 -1.5001
v 9.1136 2.5348 -1.4786
v 9.1682 2.5520 -1.4436
v 9.2137 2.5677 -1.3967
v 9.2478 2.5811 -1.3404
v 9.6459 2.8275 0.4926
v 9.6526 2.8344 0.5591
v 9.6447 2.8374 0.6258
v 9.6228 2.8364 0.6892
v 9.5877 2.8314 0.7464
v 9.5414 2.8227 0.7942
v 9.4862 2.8107 0.8305
v 8.8111 2.6439 1.0044
v 8.7465 2.6273 1.0126
v 8.6821 2.6096 1.0058
v 8.6210 2.5916 0.9844
v 8.5663 2.5744 0.9493
v 8.5208 2.5587 0.9025
v 8.4868 2.5453 0.8461
v 8.0886 2.2989 -0.9869
v 8.0819 2.2920 -1.0534
v 8.0898 2.2890 -1.1200
v 8.1118 2.2900 -1.1835
v 8.1468 2.2950 -1.2406
v 8.1931 2.3037 -1.2885
v 8.2484 2.3157 -1.3248
v 8.8369 2.7180 -1.5151
v 8.9009 2.7360 -1.5246
v 8.9650 2.7553 -1.5190
v 9.0260 2.7748 -1.4987
v 9.0808 2.7937 -1.4648
v 9.1267 2.8109 -1.4188
v 9.1614 2.8255 -1.3631
v 9.5823 3.0966 0.4552
v 9.5899 3.1042 0.5215
v 9.5831 3.1076 0.5883
v 9.5622 3.1067 0.6521
v 9.5282 3.1014 0.7098
v 9.4829 3.0921 0.7586
v 9.4285 3.0791 0.7958
v 8.7604 2.8983 0.9823
v 8.6964 2.8802 0.9917
v 8.6323 2.8610 0.9861
v 8.5713 2.8414 0.9659
v 8.5165 2.8226 0.9319
v 8.4706 2.8054 0.8859
v 8.4360 2.7907 0.8303
v 8.0151 2.5197 -0.9881
v 8.0074 2.5120 -1.0544
v 8.0143 2.5086 -1.1212
v 8.0352 2.5096 -1.1850
v 8.0691 2.5149 -1.2427
v 8.1144 2.5242 -1.2914
v 8.1688 2.5371 -1.3287
v 8.7436 2.9510 -1.5321
v 8.8071 2.9704 -1.5428
v 8.8708 2.9912 -1.5385
v 8.9317 3.0123 -1.5195
v 8.9866 3.0327 -1.4867
v 9.0328 3.0514 -1.4417
v 9.0681 3.0674 -1.3868
v 9.5121 3.3646 0.4156
v 9.5207 3.3731 0.4817
v 9.5149 3.3770 0.5485
v 9.4951 3.3762 0.6127
v 9.4623 3.3707 0.6710
v 9.4181 3.3608 0.7206
v 9.3646 3.3470 0.7589
v 8.7042 3.1527 0.9585
v 8.6407 3.1333 0.9692
v 8.5770 3.1125 0.9649
v 8.5161 3.0914 0.9459
v 8.4612 3.0710 0.9131
v 8.4150 3.0523 0.8681
v 8.3797 3.0363 0.8131
v 7.9357 2.7390 -0.9892
v 7.9271 2.7306 -1.0553
v 7.9329 2.7267 -1.1221
v 7.9527 2.7275 -1.1863
v 7.9855 2.7330 -1.2446
v 8.0298 2.7429 -1.2942
v 8.0832 2.7567 -1.3325
v 8.6438 3.1814 -1.5496
v 8.7065 3.2021 -1.5616
v 8.7699 3.2243 -1.5587
v 8.8305 3.2470 -1.5409
v 8.8856 3.2690 -1.5093
v 8.9322 3.2892 -1.4653
v 8.9680 3.3066 -1.4112
v 9.4355 3.6315 0.3736
v 9.4450 3.6408 0.4394
v 9.4404 3.6452 0.5063
v 9.4217 3.6447 0.5708
v 9.3901 3.6390 0.6298
v 9.3469 3.6287 0.6802
v 9.2945 3.6140 0.7196
v 8.6423 3.4070 0.9330
v 8.5795 3.3863 0.9451
v 8.5162 3.3640 0.9421
v 8.4555 3.3414 0.9244
v 8.4005 3.3194 0.8928
v 8.3539 3.2992 0.8488
v 8.3181 3.2818 0.7947
v 7.8506 2.9569 -0.9901
v 7.8411 2.9476 -1.0559
v 7.8457 2.9431 -1.1228
v 7.8643 2.9437 -1.1873
v 7.8960 2.9493 -1.2463
v 7.9391 2.9597 -1.2968
v 7.9915 2.9743 -1.3362
v 8.5374 3.4089 -1.5674
v 8.5995 3.4309 -1.5808
v 8.6623 3.4546 -1.5793
v 8.7228 3.4788 -1.5630
v 8.7779 3.5023 -1.5326
v 8.8248 3.5241 -1.4897
v 8.8613 3.5428 -1.4365
v 9.3523 3.8968 0.3292
v 9.3629 3.9071 0.3947
v 9.3593 3.9122 0.4616
v 9.3419 3.9119 0.5265
v 9.3115 3.9063 0.5861
v 9.2695 3.8955 0.6375
v 9.2182 3.8802 0.6780
v 8.5748 3.6611 0.9057
v 8.5128 3.6392 0.9192
v 8.4499 3.6155 0.9177
v 8.3894 3.5912 0.9013
v 8.3344 3.5677 0.8710
v 8.2874 3.5460 0.8281
v 8.2510 3.5272 0.7748
v 7.7599 3.1732 -0.9908
v 7.7494 3.1629 -1.0563
v 7.7529 3.1578 -1.1232
v 7.7703 3.1581 -1.1881
v 7.8008 3.1637 -1.2477
v 7.8427 3.1745 -1.2991
v 7.8940 3.1898 -1.3396
v 8.4247 3.6334 -1.5855
v 8.4860 3.6566 -1.6004
v 8.5483 3.6817 -1.6004
v 8.6086 3.7074 -1.5855
v 8.6637 3.7325 -1.5565
v 8.7110 3.7558 -1.5148
v 8.7480 3.7760 -1.4625
v 9.2627 4.1605 0.2823
v 9.2743 4.1718 0.3475
v 9.2719 4.1777 0.4144
v 9.2557 4.1778 0.4796
v 9.2266 4.1722 0.5399
v 9.1859 4.1611 0.5922
v 9.1357 4.1452 0.6339
v 8.5018 3.9148 0.8765
v 8.4405 3.8917 0.8914
v 8.3781 3.8666 0.8914
v 8.3179 3.8409 0.8765
v 8.2628 3.8157 0.8475
v 8.2155 3.7925 0.8058
v 8.1785 3.7723 0.7535
v 7.6638 3.3877 -0.9913
v 7.6522 3.3765 -1.0565
v 7.6546 3.3706 -1.1234
v 7.6708 3.3705 -1.1886
v 7.6999 3.3761 -1.2489
v 7.7406 3.3871 -1.3011
v 7.7908 3.4031 -1.3428
v 8.3058 3.8548 -1.6039
v 8.3663 3.8791 -1.6203
v 8.4281 3.9055 -1.6219
v 8.4880 3.9327 -1.6085
v 8.5431 3.9594 -1.5809
v 8.5907 3.9842 -1.5405
v 8.6283 4.0059 -1.4892
v 9.1666 4.4224 0.2330
v 9.1792 4.4347 0.2979
v 9.1780 4.4414 0.3647
v 9.1632 4.4420 0.4302
v 9.1353 4.4366 0.4911
v 9.0959 4.4253 0.5443
v 9.0469 4.4088 0.5872
v 8.4231 4.1680 0.8454
v 8.3626 4.1438 0.8618
v 8.3009 4.1173 0.8633
v 8.2409 4.0901 0.8500
v 8.1858 4.0634 0.8224
v 8.1382 4.0386 0.7819
v 8.1007 4.0169 0.7306
v 7.5623 3.6005 -0.9916
v 7.5497 3.5881 -1.0564
v 7.5509 3.5815 -1.1232
v 7.5658 3.5808 -1.1888
v 7.5936 3.5863 -1.2496
v 7.6330 3.5975 -1.3029
v 7.6820 3.6140 -1.3458
v 8.1809 4.0729 -1.6226
v 8.2405 4.0982 -1.6405
v 8.3016 4.1259 -1.6437
v 8.3612 4.1546 -1.6319
v 8.4163 4.1828 -1.6058
v 8.4641 4.2092 -1.5667
v 8.5023 4.2324 -1.5165
v 9.0641 4.6820 0.1813
v 9.0777 4.6956 0.2457
v 9.0778 4.7031 0.3124
v 9.0642 4.7043 0.3782
v 9.0378 4.6991 0.4397
v 8.9997 4.6878 0.4939
v 8.9519 4.6709 0.5380
v 8.3388 4.4205 0.8122
v 8.2792 4.3952 0.8301
v 8.2181 4.3675 0.8333
v 8.1585 4.3388 0.8216
v 8.1034 4.3106 0.7955
v 8.0556 4.2842 0.7563
v 8.0174 4.2610 0.7061
v 7.4556 3.8114 -0.9916
v 7.4420 3.7978 -1.0560
v 7.4419 3.7903 -1.1228
v 7.4555 3.7891 -1.1886
v 7.4820 3.7943 -1.2501
v 7.5200 3.8056 -1.3042
v 7.5678 3.8225 -1.3484
v 8.0501 4.2876 -1.6413
v 8.1088 4.3139 -1.6609
v 8.1692 4.3428 -1.6657
v 8.2284 4.3729 -1.6557
v 8.2834 4.4026 -1.6311
v 8.3315 4.4306 -1.5934
v 8.3702 4.4553 -1.5444
v 8.9552 4.9394 0.1271
v 8.9699 4.9541 0.1909
v 8.9711 4.9627 0.2575
v 8.9589 4.9646 0.3236
v 8.9339 4.9597 0.3857
v 8.8972 4.9484 0.4408
v 8.8507 4.9311 0.4862
v 8.2489 4.6720 0.7769
v 8.1903 4.6457 0.7965
v 8.1298 4.6168 0.8013
v 8.0706 4.5867 0.7913
v 8.0156 4.5570 0.7667
v 7.9676 4.5291 0.7290
v 7.9289 4.5043 0.6800
v 7.3439 4.0203 -0.9915
v 7.3292 4.0055 -1.0553
v 7.3279 3.9970 -1.1219
v 7.3401 3.9951 -1.1880
v 7.3652 3.9999 -1.2501
v 7.4018 4.0113 -1.3052
v 7.4483 4.0285 -1.3506
v 7.9136 4.4987 -1.6601
v 7.9713 4.5259 -1.6813
v 8.0310 4.5559 -1.6879
v 8.0897 4.5874 -1.6796
v 8.1446 4.6187 -1.6567
v 8.1929 4.6482 -1.6205
v 8.2321 4.6744 -1.5727
v 8.8398 5.1940 0.0704
v 8.8556 5.2101 0.1337
v 8.8581 5.2197 0.2001
v 8.8473 5.2224 0.2663
v 8.8237 5.2180 0.3291
v 8.7884 5.2068 0.3852
v 8.7433 5.1893 0.4318
v 8.1535 4.9225 0.7394
v 8.0958 4.8953 0.7607
v 8.0361 4.8652 0.7673
v 7.9773 4.8338 0.7590
v 7.9224 4.8025 0.7361
v 7.8742 4.7730 0.6999
v 7.8350 4.7467 0.6521
v 7.2272 4.2271 -0.9910
v 7.2115 4.2111 -1.0543
v 7.2089 4.2014 -1.1207
v 7.2198 4.1988 -1.1870
v 7.2434 4.2032 -1.2497
v 7.2786 4.2144 -1.3058
v 7.3237 4.2319 -1.3524
v 7.7716 4.7061 -1.6788
v 7.8282 4.7341 -1.7017
v 7.8871 4.7653 -1.7102
v 7.9454 4.7980 -1.7037
v 8.0001 4.8308 -1.6826
v 8.0486 4.8618 -1.6479
v 8.0883 4.8897 -1.6014
v 8.7182 5.4459 0.0112
v 8.7350 5.4633 0.0739
v 8.7388 5.4740 0.1401
v 8.7294 5.4776 0.2065
v 8.7072 5.4738 0.2698
v 8.6735 5.4628 0.3269
v 8.6298 5.4451 0.3747
v 8.0524 5.1716 0.6997
v 7.9958 5.1436 0.7227
v 7.9369 5.1124 0.7311
v 7.8786 5.0797 0.7246
v 7.8239 5.0469 0.7035
v 7.7754 5.0159 0.6688
v 7.7357 4.9880 0.6223
v 7.1059 4.4318 -0.9903
v 7.0890 4.4144 -1.0529
v 7.0852 4.4037 -1.1191
v 7.0946 4.4001 -1.1856
v 7.1168 4.4039 -1.2489
v 7.1506 4.4149 -1.3059
v 7.1942 4.4326 -1.3538
v 7.6243 4.9098 -1.6974
v 7.6798 4.9385 -1.7221
v 7.7378 4.9706 -1.7324
v 7.7956 5.0047 -1.7278
v 7.8501 5.0388 -1.7085
v 7.8987 5.0715 -1.6755
v 7.9388 5.1009 -1.6304
v 8.5902 5.6946 -0.0503
v 8.6080 5.7134 0.0117
v 8.6131 5.7254 0.0776
v 8.6051 5.7299 0.1441
v 8.5845 5.7267 0.2080
v 8.5522 5.7161 0.2659
v 8.5100 5.6984 0.3151
v 7.9458 5.4191 0.6578
v 7.8903 5.3904 0.6825
v 7.8322 5.3583 0.6928
v 7.7745 5.3242 0.6882
v 7.7199 5.2901 0.6689
v 7.6714 5.2574 0.6359
v 7.6312 5.2280 0.5908
v 6.9799 4.6343 -0.9893
v 6.9620 4.6155 -1.0513
v 6.9570 4.6035 -1.1172
v 6.9649 4.5990 -1.1837
v 6.9856 4.6022 -1.2476
v 7.0178 4.6128 -1.3055
v 7.0600 4.6305 -1.3547
v 7.4719 5.1095 -1.7158
v 7.5262 5.1388 -1.7423
v 7.5834 5.1720 -1.7546
v 7.6405 5.2072 -1.7519
v 7.6947 5.2428 -1.7345
v 7.7434 5.2769 -1.7032
v 7.7840 5.3080 -1.6596
v 8.4559 5.9398 -0.1141
v 8.4748 5.9602 -0.0529
v 8.4811 5.9735 0.0126
v 8.4746 5.9790 0.0792
v 8.4555 5.9767 0.1436
v 8.4248 5.9664 0.2025
v 8.3841 5.9488 0.2529
v 7.8335 5.6649 0.6136
v 7.7792 5.6356 0.6401
v 7.7221 5.6025 0.6524
v 7.6649 5.5673 0.6497
v 7.6107 5.5317 0.6323
v 7.5620 5.4975 0.6010
v 7.5214 5.4665 0.5574
v 6.8495 4.8346 -0.9881
v 6.8306 4.8143 -1.0493
v 6.8243 4.8010 -1.1148
v 6.8308 4.7954 -1.1814
v 6.8499 4.7978 -1.2458
v 6.8806 4.8080 -1.3047
v 6.9213 4.8256 -1.3551
v 7.3146 5.3053 -1.7339
v 7.3677 5.3351 -1.7623
v 7.4239 5.3691 -1.7765
v 7.4803 5.4055 -1.7758
v 7.5343 5.4424 -1.7604
v 7.5829 5.4781 -1.7309
v 7.6239 5.5108 -1.6889
v 8.3154 6.1815 -0.1802
v 8.3353 6.2033 -0.1199
v 8.3429 6.2180 -0.0548
v 8.3378 6.2247 0.0119
v 8.3203 6.2232 0.0767
v 8.2912 6.2135 0.1365
v 8.2520 6.1961 0.1882
v 7.7157 5.9087 0.5671
v 7.6626 5.8788 0.5955
v 7.6064 5.8449 0.6097
v 7.5500 5.8085 0.6091
v 7.4960 5.7715 0.5936
v 7.4473 5.7359 0.5641
v 7.4064 5.7032 0.5221
v 6.7149 5.0325 -0.9866
v 6.6950 5.0106 -1.0469
v 6.6874 4.9960 -1.1120
v 6.6925 4.9892 -1.1787
v 6.7100 4.9907 -1.2435
v 6.7391 5.0005 -1.3033
v 6.7783 5.0179 -1.3550
v 7.1526 5.4970 -1.7517
v 7.2044 5.5273 -1.7819
v 7.2596 5.5620 -1.7981
v 7.3154 5.5994 -1.7995
v 7.3689 5.6377 -1.7861
v 7.4176 5.6749 -1.7585
v 7.4589 5.7092 -1.7181
v 8.1687 6.4192 -0.2484
v 8.1896 6.4426 -0.1890
v 8.1985 6.4587 -0.1244
v 8.1948 6.4667 -0.0578
v 8.1789 6.4662 0.0075
v 8.1514 6.4571 0.0681
v 8.1138 6.4400 0.1211
v 7.5924 6.1501 0.5184
v 7.5405 6.1199 0.5486
v 7.4854 6.0851 0.5648
v 7.4296 6.0477 0.5662
v 7.3760 6.0094 0.5528
v 7.3274 5.9722 0.5252
v 7.2861 5.9380 0.4848
v 6.5762 5.2280 -0.9849
v 6.5553 5.2045 -1.0443
v 6.5465 5.1884 -1.1089
v 6.5501 5.1804 -1.1755
v 6.5661 5.1810 -1.2408
v 6.5935 5.1900 -1.3014
v 6.6312 5.2071 -1.3544
v 6.9862 5.6846 -1.7690
v 7.0367 5.7152 -1.8011
v 7.0908 5.7506 -1.8193
v 7.1458 5.7890 -1.8229
v 7.1989 5.8286 -1.8116
v 7.2474 5.8672 -1.7860
v 7.2891 5.9031 -1.7473
v 8.0159 6.6527 -0.3186
v 8.0378 6.6777 -0.2602
v 8.0479 6.6954 -0.1962
v 8.0457 6.7047 -0.1297
v 8.0313 6.7052 -0.0641
v 8.0055 6.6969 -0.0026
v 7.9695 6.6802 0.0516
v 7.4634 6.3891 0.4674
v 7.4129 6.3585 0.4994
v 7.3588 6.3231 0.5177
v 7.3039 6.2846 0.5213
v 7.2507 6.2451 0.5100
v 7.2022 6.2064 0.4843
v 7.1606 6.1706 0.4457
v 6.4337 5.4210 -0.9830
v 6.4118 5.3959 -1.0414
v 6.4017 5.3783 -1.1054
v 6.4039 5.3690 -1.1719
v 6.4183 5.3684 -1.2375
v 6.4441 5.3767 -1.2990
v 6.4801 5.3934 -1.3532
v 6.8156 5.8680 -1.7858
v 6.8647 5.8988 -1.8197
v 6.9176 5.9348 -1.8401
v 6.9718 5.9741 -1.8458
v 7.0244 6.0149 -1.8367
v 7.0728 6.0550 -1.8131
v 7.1147 6.0925 -1.7762
v 7.8571 6.8817 -0.3907
v 7.8799 6.9084 -0.3334
v 7.8912 6.9276 -0.2701
v 7.8905 6.9384 -0.2037
v 7.8777 6.9401 -0.1378
v 7.8535 6.9327 -0.0756
v 7.8192 6.9165 -0.0201
v 7.3289 6.6252 0.4141
v 7.2798 6.5944 0.4481
v 7.2269 6.5584 0.4684
v 7.1728 6.5190 0.4742
v 7.1201 6.4783 0.4650
v 7.0717 6.4382 0.4414
v 7.0298 6.4007 0.4046
v 6.2874 5.6115 -0.9810
v 6.2646 5.5847 -1.0382
v 6.2533 5.5655 -1.1016
v 6.2540 5.5548 -1.1679
v 6.2668 5.5531 -1.2338
v 6.2910 5.5605 -1.2961
v 6.3254 5.5766 -1.3515
v 6.6410 6.0471 -1.8020
v 6.6887 6.0780 -1.8378
v 6.7404 6.1145 -1.8603
v 6.7937 6.1547 -1.8683
v 6.8457 6.1966 -1.8613
v 6.8940 6.2381 -1.8398
v 6.9360 6.2772 -1.8049
v 7.6924 7.1060 -0.4644
v 7.7161 7.1344 -0.4084
v 7.7285 7.1553 -0.3458
v 7.7292 7.1675 -0.2797
v 7.7180 7.1705 -0.2135
v 7.6955 7.1640 -0.1506
v 7.6628 7.1485 -0.0940
v 7.1889 6.8582 0.3587
v 7.1413 6.8273 0.3946
v 7.0895 6.7908 0.4170
v 7.0363 6.7506 0.4250
v 6.9842 6.7087 0.4181
v 6.9360 6.6672 0.3966
v 6.8940 6.6281 0.3616
v 6.1376 5.7993 -0.9788
v 6.1139 5.7708 -1.0349
v 6.1014 5.7500 -1.0975
v 6.1007 5.7378 -1.1635
v 6.1120 5.7348 -1.2297
v 6.1345 5.7412 -1.2927
v 6.1671 5.7568 -1.3493
v 6.4627 6.2218 -1.8176
v 6.5089 6.2528 -1.8553
v 6.5594 6.2896 -1.8799
v 6.6117 6.3306 -1.8901
v 6.6631 6.3736 -1.8854
v 6.7111 6.4165 -1.8661
v 6.7532 6.4571 -1.8331
v 7.5218 7.3253 -0.5397
v 7.5463 7.3555 -0.4850
v 7.5599 7.3780 -0.4232
v 7.5620 7.3918 -0.3574
v 7.5523 7.3961 -0.2911
v 7.5315 7.3907 -0.2274
v 7.5005 7.3760 -0.1697
v 7.0434 7.0878 0.3013
v 6.9972 7.0569 0.3390
v 6.9467 7.0200 0.3636
v 6.8945 6.9791 0.3738
v 6.8431 6.9361 0.3691
v 6.7951 6.8932 0.3498
v 6.7530 6.8526 0.3168
v 5.9844 5.9844 -0.9766
v 5.9599 5.9542 -1.0313
v 5.9462 5.9317 -1.0931
v 5.9442 5.9179 -1.1588
v 5.9538 5.9136 -1.2252
v 5.9746 5.9190 -1.2888
v 6.0056 5.9337 -1.3466
v 6.2810 6.3923 -1.8324
v 6.3257 6.4231 -1.8720
v 6.3748 6.4603 -1.8987
v 6.4260 6.5019 -1.9112
v 6.4767 6.5459 -1.9089
v 6.5244 6.5901 -1.8918
v 6.5665 6.6323 -1.8609
v 7.3454 7.5394 -0.6163
v 7.3707 7.5713 -0.5629
v 7.3854 7.5956 -0.5020
v 7.3888 7.6110 -0.4367
v 7.3808 7.6167 -0.3703
v 7.3616 7.6125 -0.3060
v 7.3323 7.5986 -0.2472
v 6.8924 7.3138 0.2418
v 6.8477 7.2830 0.2814
v 6.7985 7.2458 0.3081
v 6.7473 7.2042 0.3206
v 6.6966 7.1602 0.3183
v 6.6490 7.1160 0.3012
v 6.6068 7.0738 0.2703
v 5.8280 6.1667 -0.9743
v 5.8027 6.1348 -1.0277
v 5.7880 6.1105 -1.0886
v 5.7846 6.0951 -1.1539
v 5.7926 6.0893 -1.2203
v 5.8118 6.0935 -1.2846
v 5.8410 6.1075 -1.3434
v 6.0960 6.5582 -1.8465
v 6.1391 6.5889 -1.8880
v 6.1869 6.6262 -1.9168
v 6.2370 6.6685 -1.9316
v 6.2869 6.7134 -1.9316
v 6.3341 6.7589 -1.9168
v 6.3763 6.8025 -1.8880
v 7.1634 7.7479 -0.6940
v 7.1894 7.7817 -0.6420
v 7.2052 7.8077 -0.5821
v 7.2099 7.8248 -0.5173
v 7.2034 7.8321 -0.4509
v 7.1859 7.8291 -0.3861
v 7.1583 7.8162 -0.3262
v 6.7359 7.5358 0.1805
v 6.6928 7.5052 0.2220
v 6.6450 7.4678 0.2508
v 6.5949 7.4256 0.2656
v 6.5450 7.3806 0.2656
v 6.4978 7.3352 0.2508
v 6.4557 7.2915 0.2220
v 5.6685 6.3461 -0.9720
v 5.6425 6.3124 -1.0240
v 5.6268 6.2863 -1.0839
v 5.6220 6.2693 -1.1487
v 5.6286 6.2620 -1.2151
v 5.6461 6.2649 -1.2799
v 5.6736 6.2779 -1.3398
v 5.9081 6.7198 -1.8599
v 5.9496 6.7501 -1.9031
v 5.9959 6.7876 -1.9341
v 6.0449 6.8303 -1.9512
v 6.0939 6.8761 -1.9536
v 6.1406 6.9228 -1.9411
v 6.1826 6.9679 -1.9145
v 6.9759 7.9508 -0.7725
v 7.0025 7.9863 -0.7221
v 7.0193 8.0142 -0.6633
v 7.0253 8.0330 -0.5991
v 7.0202 8.0418 -0.5327
v 7.0044 8.0403 -0.4674
v 6.9786 8.0283 -0.4065
v 6.5740 7.7536 0.1175
v 6.5325 7.7232 0.1608
v 6.4861 7.6858 0.1917
v 6.4372 7.6431 0.2088
v 6.3881 7.5972 0.2112
v 6.3414 7.5506 0.1988
v 6.2994 7.5054 0.1721
v 5.5062 6.5225 -0.9699
v 5.4796 6.4870 -1.0203
v 5.4628 6.4591 -1.0791
v 5.4568 6.4403 -1.1433
v 5.4618 6.4315 -1.2097
v 5.4777 6.4331 -1.2750
v 5.5035 6.4450 -1.3358
v 5.7174 6.8768 -1.8724
v 5.7572 6.9067 -1.9174
v 5.8021 6.9442 -1.9505
v 5.8498 6.9873 -1.9699
v 5.8980 7.0339 -1.9747
v 5.9441 7.0817 -1.9646
v 5.9859 7.1283 -1.9402
v 6.7830 8.1478 -0.8516
v 6.8102 8.1851 -0.8028
v 6.8278 8.2148 -0.7451
v 6.8351 8.2354 -0.6816
v 6.8315 8.2459 -0.6154
v 6.8173 8.2457 -0.5497
v 6.7932 8.2349 -0.4879
v 6.4067 7.9668 0.0529
v 6.3669 7.9368 0.0980
v 6.3220 7.8994 0.1311
v 6.2743 7.8563 0.1505
v 6.2261 7.8096 0.1553
v 6.1800 7.7618 0.1452
v 6.1382 7.7153 0.1207
v 5.3411 6.6957 -0.9678
v 5.3139 6.6585 -1.0167
v 5.2963 6.6288 -1.0743
v 5.2890 6.6082 -1.1378
v 5.2926 6.5977 -1.2041
v 5.3068 6.5978 -1.2697
v 5.3309 6.6086 -1.3315
v 5.5242 7.0292 -1.8841
v 5.5624 7.0586 -1.9308
v 5.6058 7.0960 -1.9660
v 5.6522 7.1395 -1.9877
v 5.6993 7.1868 -1.9949
v 5.7447 7.2357 -1.9872
v 5.7863 7.2836 -1.9651
v 6.5849 8.3387 -0.9310
v 6.6125 8.3777 -0.8839
v 6.6310 8.4092 -0.8275
v 6.6394 8.4317 -0.7647
v 6.6373 8.4438 -0.6987
v 6.6247 8.4452 -0.6327
v 6.6023 8.4356 -0.5701
v 6.2341 8.1751 -0.0130
v 6.1959 8.1457 0.0338
v 6.1526 8.1084 0.0689
v 6.1061 8.0649 0.0907
v 6.0590 8.0176 0.0979
v 6.0136 7.9687 0.0902
v 5.9721 7.9208 0.0680
v 5.1735 6.8657 -0.9660
v 5.1458 6.8267 -1.0132
v 5.1273 6.7951 -1.0695
v 5.1189 6.7727 -1.1323
v 5.1210 6.7605 -1.1983
v 5.1336 6.7592 -1.2643
v 5.1560 6.7687 -1.3269
v 5.3287 7.1771 -1.8949
v 5.3652 7.2059 -1.9434
v 5.4071 7.2431 -1.9805
v 5.4521 7.2867 -2.0045
v 5.4981 7.3347 -2.0142
v 5.5428 7.3846 -2.0089
v 5.5840 7.4339 -1.9891
v 6.3817 8.5232 -1.0105
v 6.4098 8.5640 -0.9651
v 6.4290 8.5974 -0.9100
v 6.4385 8.6217 -0.8481
v 6.4377 8.6356 -0.7824
v 6.4267 8.6385 -0.7162
v 6.4060 8.6302 -0.6528
v 6.0562 8.3784 -0.0801
v 6.0197 8.3496 -0.0316
v 5.9779 8.3124 0.0056
v 5.9329 8.2687 0.0296
v 5.8868 8.2207 0.0392
v 5.8421 8.1709 0.0340
v 5.8010 8.1216 0.0141
v 5.0033 7.0323 -0.9645
v 4.9752 6.9914 -1.0099
v 4.9560 6.9581 -1.0649
v 4.9465 6.9338 -1.1268
v 4.9473 6.9199 -1.1925
v 4.9583 6.9170 -1.2588
v 4.9790 6.9252 -1.3221
v 5.1313 7.3203 -1.9049
v 5.1661 7.3484 -1.9550
v 5.2063 7.3853 -1.9942
v 5.2499 7.4291 -2.0204
v 5.2948 7.4776 -2.0324
v 5.3387 7.5284 -2.0296
v 5.3793 7.5790 -2.0121
v 6.1736 8.7013 -1.0897
v 6.2020 8.7438 -1.0461
v 6.2219 8.7790 -0.9925
v 6.2324 8.8052 -0.9315
v 6.2329 8.8209 -0.8662
v 6.2234 8.8254 -0.7998
v 6.2043 8.8186 -0.7358
v 5.8731 8.5762 -0.1481
v 5.8384 8.5481 -0.0980
v 5.7981 8.5112 -0.0588
v 5.7545 8.4674 -0.0325
v 5.7096 8.4189 -0.0205
v 5.6658 8.3681 -0.0233
v 5.6251 8.3175 -0.0408
v 4.8308 7.1952 -0.9633
v 4.8024 7.1527 -1.0068
v 4.7825 7.1175 -1.0605
v 4.7720 7.0913 -1.1215
v 4.7716 7.0756 -1.1868
v 4.7810 7.0711 -1.2531
v 4.8001 7.0779 -1.3172
v 4.9320 7.4588 -1.9140
v 4.9651 7.4861 -1.9657
v 5.0036 7.5227 -2.0068
v 5.0458 7.5665 -2.0353
v 5.0895 7.6155 -2.0497
v 5.1324 7.6672 -2.0494
v 5.1725 7.7189 -2.0342
v 5.9608 8.8727 -1.1683
v 5.9894 8.9170 -1.1266
v 6.0099 8.9540 -1.0745
v 6.0213 8.9821 -1.0145
v 6.0230 8.9996 -0.9497
v 6.0150 9.0058 -0.8833
v 5.9976 9.0004 -0.8186
v 5.6849 8.7684 -0.2168
v 5.6519 8.7410 -0.1651
v 5.6133 8.7045 -0.1240
v 5.5711 8.6606 -0.0955
v 5.5275 8.6116 -0.0811
v 5.4845 8.5600 -0.0814
v 5.4445 8.5082 -0.0966
v 4.6561 7.3544 -0.9624
v 4.6275 7.3102 -1.0041
v 4.6070 7.2731 -1.0563
v 4.5956 7.2451 -1.1163
v 4.5939 7.2276 -1.1811
v 4.6019 7.2214 -1.2475
v 4.6193 7.2268 -1.3122
v 4.7312 7.5925 -1.9223
v 4.7625 7.6190 -1.9755
v 4.7994 7.6551 -2.0185
v 4.8400 7.6989 -2.0492
v 4.8824 7.7483 -2.0660
v 4.9243 7.8008 -2.0680
v 4.9637 7.8537 -2.0553
v 5.7436 9.0374 -1.2462
v 5.7722 9.0833 -1.2064
v 5.7932 9.1222 -1.1558
v 5.8054 9.1521 -1.0969
v 5.8083 9.1715 -1.0326
v 5.8016 9.1794 -0.9663
v 5.7858 9.1755 -0.9011
v 5.4916 8.9546 -0.2859
v 5.4603 8.9281 -0.2327
v 5.4234 8.8920 -0.1897
v 5.3828 8.8482 -0.1590
v 5.3404 8.7988 -0.1422
v 5.2985 8.7464 -0.1402
v 5.2591 8.6935 -0.1529
v 4.4792 7.5097 -0.9620
v 4.4506 7.4638 -1.0018
v 4.4296 7.4249 -1.0524
v 4.4174 7.3950 -1.1113
v 4.4145 7.3756 -1.1756
v 4.4212 7.3677 -1.2420
v 4.4369 7.3717 -1.3071
v 4.5289 7.7214 -1.9298
v 4.5585 7.7470 -1.9844
v 4.5937 7.7826 -2.0293
v 4.6328 7.8263 -2.0621
v 4.6738 7.8760 -2.0812
v 4.7146 7.9292 -2.0857
v 4.7532 7.9831 -2.0753
v 5.5220 9.1952 -1.3229
v 5.5506 9.2428 -1.2851
v 5.5719 9.2835 -1.2361
v 5.5849 9.3152 -1.1783
v 5.5888 9.3365 -1.1147
v 5.5835 9.3461 -1.0484
v 5.5693 9.3437 -0.9828
v 5.2934 9.1347 -0.3551
v 5.2638 9.1091 -0.3005
v 5.2286 9.0735 -0.2557
v 5.1895 9.0298 -0.2229
v 5.1486 8.9801 -0.2038
v 5.1077 8.9269 -0.1993
v 5.0691 8.8730 -0.2097
v 4.3003 7.6609 -0.9621
v 4.2717 7.6133 -0.9999
v 4.2504 7.5726 -1.0489
v 4.2375 7.5408 -1.1067
v 4.2335 7.5196 -1.1703
v 4.2388 7.5100 -1.2365
v 4.2530 7.5124 -1.3022
v 4.3255 7.8454 -1.9366
v 4.3534 7.8701 -1.9925
v 4.3869 7.9050 -2.0391
v 4.4243 7.9486 -2.0740
v 4.4638 7.9985 -2.0954
v 4.5035 8.0523 -2.1022
v 4.5412 8.1073 -2.0942
v 5.2963 9.3460 -1.3982
v 5.3248 9.3952 -1.3624
v 5.3464 9.4377 -1.3150
v 5.3599 9.4713 -1.2585
v 5.3648 9.4944 -1.1956
v 5.3608 9.5058 -1.1295
v 5.3481 9.5049 -1.0635
v 5.0903 9.3083 -0.4242
v 5.0624 9.2837 -0.3683
v 5.0289 9.2487 -0.3217
v 4.9915 9.2052 -0.2869
v 4.9520 9.1552 -0.2655
v 4.9123 9.1014 -0.2586
v 4.8746 9.0464 -0.2666
v 4.1195 7.8077 -0.9626
v 4.0910 7.7585 -0.9984
v 4.0695 7.7160 -1.0458
v 4.0559 7.6824 -1.1024
v 4.0510 7.6593 -1.1653
v 4.0550 7.6479 -1.2313
v 4.0678 7.6488 -1.2973
v 4.1211 7.9645 -1.9426
v 4.1473 7.9881 -1.9998
v 4.1790 8.0224 -2.0480
v 4.2148 8.0657 -2.0849
v 4.2528 8.1158 -2.1085
v 4.2912 8.1702 -2.1178
v 4.3279 8.2261 -2.1121
v 5.0668 9.4898 -1.4718
v 5.0950 9.5406 -1.4380
v 5.1167 9.5848 -1.3923
v 5.1308 9.6202 -1.3370
v 5.1365 9.6451 -1.2749
v 5.1337 9.6583 -1.2091
v 5.1224 9.6591 -1.1429
v 4.8825 9.4753 -0.4929
v 4.8563 9.4517 -0.4357
v 4.8246 9.4173 -0.3875
v 4.7888 9.3741 -0.3506
v 4.7508 9.3240 -0.3270
v 4.7124 9.2696 -0.3177
v 4.6757 9.2136 -0.3234
v 3.9368 7.9499 -0.9637
v 3.9086 7.8992 -0.9975
v 3.8869 7.8550 -1.0432
v 3.8728 7.8195 -1.0985
v 3.8671 7.7946 -1.1606
v 3.8699 7.7814 -1.2264
v 3.8812 7.7807 -1.2926
v 3.9159 8.0785 -1.9479
v 3.9404 8.1010 -2.0063
v 3.9704 8.1346 -2.0561
v 4.0045 8.1776 -2.0949
v 4.0409 8.2278 -2.1207
v 4.0779 8.2827 -2.1322
v 4.1136 8.3395 -2.1289
v 4.8336 9.6265 -1.5435
v 4.8614 9.6787 -1.5117
v 4.8831 9.7246 -1.4677
v 4.8976 9.7619 -1.4137
v 4.9041 9.7886 -1.3524
v 4.9024 9.8036 -1.2869
v 4.8924 9.8059 -1.2205
v 4.6700 9.6354 -0.5608
v 4.6456 9.6128 -0.5024
v 4.6156 9.5792 -0.4526
v 4.5815 9.5363 -0.4138
v 4.5450 9.4861 -0.3880
v 4.5080 9.4312 -0.3765
v 4.4724 9.3744 -0.3798
v 3.7523 8.0874 -0.9652
v 3.7245 8.0351 -0.9970
v 3.7028 7.9892 -1.0410
v 3.6883 7.9520 -1.0950
v 3.6818 7.9252 -1.1563
v 3.6836 7.9103 -1.2218
v 3.6935 7.9079 -1.2882
v 3.7101 8.1874 -1.9525
v 3.7328 8.2088 -2.0120
v 3.7611 8.2417 -2.0633
v 3.7935 8.2843 -2.1040
v 3.8283 8.3345 -2.1319
v 3.8638 8.3898 -2.1456
v 3.8983 8.4474 -2.1446
v 4.5970 9.7560 -1.6129
v 4.6243 9.8097 -1.5831
v 4.6459 9.8572 -1.5408
v 4.6606 9.8962 -1.4882
v 4.6678 9.9248 -1.4278
v 4.6671 9.9415 -1.3627
v 4.6584 9.9454 -1.2962
v 4.4531 9.7884 -0.6277
v 4.4303 9.7669 -0.5682
v 4.4020 9.7341 -0.5169
v 4.3697 9.6915 -0.4762
v 4.3349 9.6413 -0.4483
v 4.2993 9.5860 -0.4346
v 4.2648 9.5283 -0.4356
v 3.5661 8.2197 -0.9673
v 3.5388 8.1661 -0.9971
v 3.5172 8.1186 -1.0394
v 3.5025 8.0795 -1.0920
v 3.4953 8.0510 -1.1524
v 3.4961 8.0343 -1.2175
v 3.5047 8.0303 -1.2840
v 3.5037 8.2910 -1.9566
v 3.5248 8.3114 -2.0170
v 3.5513 8.3434 -2.0698
v 3.5819 8.3856 -2.1122
v 3.6151 8.4358 -2.1421
v 3.6491 8.4915 -2.1580
v 3.6823 8.5499 -2.1592
v 4.3573 9.8784 -1.6799
v 4.3839 9.9334 -1.6520
v 4.4053 9.9825 -1.6115
v 4.4201 10.0233 -1.5602
v 4.4278 10.0536 -1.5007
v 4.4280 10.0720 -1.4361
v 4.4205 10.0776 -1.3696
v 4.2318 9.9342 -0.6931
v 4.2107 9.9138 -0.6327
v 4.1842 9.8818 -0.5799
v 4.1536 9.8396 -0.5375
v 4.1204 9.7894 -0.5076
v 4.0864 9.7337 -0.4917
v 4.0532 9.6753 -0.4905
v 3.3783 8.3468 -0.9698
v 3.3516 8.2918 -0.9977
v 3.3303 8.2427 -1.0382
v 3.3154 8.2020 -1.0895
v 3.3077 8.1716 -1.1490
v 3.3075 8.1532 -1.2136
v 3.3150 8.1476 -1.2801
v 3.2970 8.3894 -1.9601
v 3.3165 8.4086 -2.0214
v 3.3413 8.4399 -2.0755
v 3.3701 8.4816 -2.1195
v 3.4015 8.5317 -2.1514
v 3.4339 8.5877 -2.1694
v 3.4658 8.6468 -2.1727
v 4.1145 9.9935 -1.7441
v 4.1405 10.0498 -1.7182
v 4.1614 10.1005 -1.6794
v 4.1763 10.1429 -1.6294
v 4.1844 10.1750 -1.5710
v 4.1853 10.1951 -1.5069
v 4.1790 10.2022 -1.4404
v 4.0064 10.0725 -0.7569
v 3.9869 10.0533 -0.6955
v 3.9621 10.0221 -0.6415
v 3.9333 9.9803 -0.5974
v 3.9019 9.9302 -0.5656
v 3.8694 9.8742 -0.5475
v 3.8376 9.8151 -0.5442
v 3.1888 8.4684 -0.9729
v 3.1629 8.4121 -0.9987
v 3.1420 8.3615 -1.0376
v 3.1271 8.3190 -1.0875
v 3.1189 8.2870 -1.1460
v 3.1180 8.2669 -1.2101
v 3.1243 8.2597 -1.2766
v 3.0900 8.4824 -1.9630
v 3.1080 8.5004 -2.0252
v 3.1310 8.5309 -2.0805
v 3.1580 8.5721 -2.1261
v 3.1877 8.6221 -2.1598
v 3.2184 8.6784 -2.1798
v 3.2488 8.7381 -2.1853
v 3.8691 10.1015 -1.8054
v 3.8942 10.1590 -1.7814
v 3.9146 10.2111 -1.7442
v 3.9294 10.2551 -1.6957
v 3.9378 10.2889 -1.6382
v 3.9394 10.3106 -1.5747
v 3.9341 10.3193 -1.5083
v 3.7769 10.2033 -0.8186
v 3.7590 10.1852 -0.7565
v 3.7359 10.1548 -0.7012
v 3.7089 10.1135 -0.6555
v 3.6793 10.0635 -0.6219
v 3.6485 10.0073 -0.6018
v 3.6182 9.9476 -0.5964
v 2.9978 8.5842 -0.9763
v 2.9728 8.5266 -1.0002
v 2.9524 8.4745 -1.0374
v 2.9376 8.4305 -1.0860
v 2.9292 8.3968 -1.1434
v 2.9276 8.3750 -1.2070
v 2.9329 8.3663 -1.2734
v 2.8830 8.5699 -1.9655
v 2.8994 8.5868 -2.0284
v 2.9207 8.6164 -2.0849
v 2.9459 8.6571 -2.1320
v 2.9737 8.7070 -2.1674
v 3.0028 8.7634 -2.1893
v 3.0315 8.8237 -2.1967
v 3.6212 10.2022 -1.8635
v 3.6452 10.2609 -1.8414
v 3.6650 10.3144 -1.8059
v 3.6796 10.3600 -1.7587
v 3.6881 10.3953 -1.7023
v 3.6903 10.4187 -1.6393
v 3.6860 10.4289 -1.5731
v 3.5436 10.3262 -0.8781
v 3.5272 10.3093 -0.8152
v 3.5059 10.2797 -0.7587
v 3.4807 10.2390 -0.7117
v 3.4529 10.1892 -0.6762
v 3.4239 10.1327 -0.6543
v 3.3951 10.0724 -0.6469
v 2.8054 8.6939 -0.9801
v 2.7814 8.6352 -1.0022
v 2.7616 8.5817 -1.0377
v 2.7470 8.5362 -1.0849
v 2.7385 8.5008 -1.1414
v 2.7363 8.4775 -1.2043
v 2.7406 8.4672 -1.2706
v 2.6759 8.6518 -1.9676
v 2.6908 8.6676 -2.0312
v 2.7104 8.6964 -2.0886
v 2.7338 8.7366 -2.1371
v 2.7598 8.7862 -2.1742
v 2.7870 8.8429 -2.1979
v 2.8141 8.9036 -2.2072
v 3.3710 10.2958 -1.9183
v 3.3939 10.3556 -1.8981
v 3.4130 10.4104 -1.8642
v 3.4271 10.4574 -1.8183
v 3.4357 10.4943 -1.7628
v 3.4384 10.5192 -1.7005
v 3.4349 10.5309 -1.6344
v 3.3067 10.4414 -0.9349
v 3.2918 10.4255 -0.8713
v 3.2721 10.3968 -0.8139
v 3.2488 10.3566 -0.7654
v 3.2228 10.3069 -0.7284
v 3.1956 10.2503 -0.7046
v 3.1685 10.1895 -0.6953
v 2.6115 8.7974 -0.9842
v 2.5886 8.7376 -1.0044
v 2.5696 8.6828 -1.0384
v 2.5554 8.6358 -1.0842
v 2.5468 8.5989 -1.1397
v 2.5442 8.5740 -1.2020
v 2.5477 8.5623 -1.2681
v 2.4688 8.7280 -1.9693
v 2.4823 8.7428 -2.0335
v 2.5003 8.7707 -2.0919
v 2.5218 8.8104 -2.1416
v 2.5459 8.8599 -2.1802
v 2.5713 8.9166 -2.2057
v 2.5966 8.9778 -2.2168
v 3.1188 10.3822 -1.9697
v 3.1405 10.4430 -1.9511
v 3.1586 10.4991 -1.9188
v 3.1723 10.5474 -1.8742
v 3.1808 10.5858 -1.8197
v 3.1838 10.6122 -1.7580
v 3.1810 10.6253 -1.6922
v 3.0664 10.5484 -0.9888
v 3.0529 10.5337 -0.9247
v 3.0349 10.5058 -0.8663
v 3.0133 10.4661 -0.8165
v 2.9892 10.4166 -0.7780
v 2.9639 10.3599 -0.7525
v 2.9385 10.2987 -0.7414
v 2.4164 8.8943 -0.9885
v 2.3947 8.8335 -1.0070
v 2.3766 8.7774 -1.0394
v 2.3629 8.7290 -1.0839
v 2.3544 8.6907 -1.1384
v 2.3514 8.6643 -1.2001
v 2.3542 8.6512 -1.2660
v 2.2619 8.7985 -1.9707
v 2.2740 8.8123 -2.0354
v 2.2903 8.8394 -2.0946
v 2.3101 8.8785 -2.1455
v 2.3322 8.9278 -2.1855
v 2.3557 8.9846 -2.2126
v 2.3792 9.0462 -2.2254
v 2.8648 10.4615 -2.0174
v 2.8851 10.5233 -2.0005
v 2.9022 10.5805 -1.9696
v 2.9152 10.6301 -1.9263
v 2.9235 10.6699 -1.8728
v 2.9267 10.6976 -1.8117
v 2.9246 10.7121 -1.7461
v 2.8228 10.6474 -1.0395
v 2.8106 10.6337 -0.9749
v 2.7943 10.6066 -0.9156
v 2.7746 10.5674 -0.8648
v 2.7524 10.5182 -0.8248
v 2.7290 10.4613 -0.7977
v 2.7054 10.3997 -0.7849
v 2.2199 8.9844 -0.9929
v 2.1996 8.9227 -1.0098
v 2.1825 8.8655 -1.0407
v 2.1694 8.8158 -1.0840
v 2.1611 8.7761 -1.1375
v 2.1579 8.7483 -1.1986
v 2.1600 8.7339 -1.2642
v 2.0551 8.8632 -1.9719
v 2.0659 8.8759 -2.0369
v 2.0807 8.9023 -2.0969
v 2.0986 8.9409 -2.1489
v 2.1188 8.9900 -2.1902
v 2.1402 9.0469 -2.2187
v 2.1619 9.1088 -2.2331
v 2.6091 10.5338 -2.0613
v 2.6279 10.5964 -2.0459
v 2.6439 10.6546 -2.0164
v 2.6562 10.7055 -1.9743
v 2.6642 10.7465 -1.9217
v 2.6675 10.7756 -1.8613
v 2.6659 10.7913 -1.7960
v 2.5761 10.7381 -1.0868
v 2.5653 10.7254 -1.0217
v 2.5506 10.6990 -0.9617
v 2.5327 10.6604 -0.9098
v 2.5125 10.6114 -0.8685
v 2.4910 10.5545 -0.8400
v 2.4694 10.4925 -0.8256
v 2.0222 9.0676 -0.9974
v 2.0034 9.0049 -1.0127
v 1.9874 8.9467 -1.0422
v 1.9751 8.8958 -1.0843
v 1.9671 8.8548 -1.1369
v 1.9638 8.8257 -1.1974
v 1.9653 8.8101 -1.2627
v 1.8486 8.9220 -1.9727
v 1.8581 8.9338 -2.0382
v 1.8713 8.9594 -2.0989
v 1.8874 8.9976 -2.1518
v 1.9056 9.0463 -2.1942
v 1.9250 9.1033 -2.2241
v 1.9448 9.1655 -2.2399
v 2.3519 10.5990 -2.1014
v 2.3692 10.6624 -2.0874
v 2.3839 10.7216 -2.0592
v 2.3954 10.7735 -2.0182
v 2.4029 10.8157 -1.9665
v 2.4063 10.8460 -1.9066
v 2.4052 10.8629 -1.8416
v 2.3268 10.8205 -1.1304
v 2.3172 10.8087 -1.0649
v 2.3041 10.7831 -1.0043
v 2.2880 10.7449 -0.9514
v 2.2698 10.6961 -0.9089
v 2.2503 10.6392 -0.8790
v 2.2306 10.5770 -0.8632
v 1.8234 9.1435 -1.0018
v 1.8061 9.0801 -1.0157
v 1.7914 9.0209 -1.0439
v 1.7800 8.9689 -1.0849
v 1.7724 8.9267 -1.1366
v 1.7691 8.8964 -1.1965
v 1.7702 8.8796 -1.2615
v 1.6423 8.9747 -1.9734
v 1.6506 8.9857 -2.0392
v 1.6622 9.0106 -2.1005
v 1.6765 9.0483 -2.1542
v 1.6927 9.0969 -2.1977
v 1.7101 9.1538 -2.2288
v 1.7278 9.2163 -2.2459
v 2.0936 10.6572 -2.1374
v 2.1092 10.7213 -2.1248
v 2.1225 10.7813 -2.0978
v 2.1330 10.8343 -2.0578
v 2.1400 10.8776 -2.0069
v 2.1433 10.9090 -1.9476
v 2.1425 10.9269 -1.8829
v 2.0748 10.8945 -1.1700
v 2.0665 10.8835 -1.1043
v 2.0549 10.8585 -1.0430
v 2.0406 10.8208 -0.9892
v 2.0244 10.7723 -0.9457
v 2.0070 10.7154 -0.9146
v 1.9893 10.6528 -0.8975
v 1.6236 9.2120 -1.0060
v 1.6080 9.1479 -1.0187
v 1.5946 9.0878 -1.0457
v 1.5841 9.0349 -1.0856
v 1.5771 8.9916 -1.1365
v 1.5739 8.9602 -1.1958
v 1.5746 8.9423 -1.2606
v 1.4363 9.0214 -1.9739
v 1.4434 9.0316 -2.0399
v 1.4535 9.0560 -2.1017
v 1.4660 9.0932 -2.1562
v 1.4802 9.1415 -2.2007
v 1.4955 9.1985 -2.2328
v 1.5111 9.2612 -2.2511
v 1.8341 10.7084 -2.1694
v 1.8480 10.7731 -2.1579
v 1.8599 10.8340 -2.1320
v 1.8693 10.8878 -2.0930
v 1.8757 10.9321 -2.0429
v 1.8787 10.9645 -1.9841
v 1.8783 10.9834 -1.9196
v 1.8206 10.9599 -1.2055
v 1.8135 10.9497 -1.1395
v 1.8034 10.9254 -1.0777
v 1.7909 10.8881 -1.0232
v 1.7767 10.8398 -0.9788
v 1.7614 10.7828 -0.9466
v 1.7458 10.7201 -0.9283
v 1.4228 9.2729 -1.0100
v 1.4089 9.2082 -1.0215
v 1.3970 9.1474 -1.0474
v 1.3876 9.0935 -1.0864
v 1.3812 9.0492 -1.1366
v 1.3782 9.0169 -1.1954
v 1.3786 8.9980 -1.2598
v 1.2305 9.0620 -1.9743
v 1.2366 9.0715 -2.0405
v 1.2451 9.0953 -2.1028
v 1.2558 9.1322 -2.1579
v 1.2680 9.1803 -2.2031
v 1.2812 9.2373 -2.2363
v 1.2947 9.3002 -2.2556
v 1.5737 10.7527 -2.1973
v 1.5857 10.8180 -2.1868
v 1.5961 10.8795 -2.1619
v 1.6044 10.9342 -2.1237
v 1.6100 10.9793 -2.0742
v 1.6128 11.0125 -2.0159
v 1.6126 11.0323 -1.9517
v 1.5644 11.0168 -1.2367
v 1.5583 11.0073 -1.1705
v 1.5498 10.9835 -1.1082
v 1.5391 10.9466 -1.0531
v 1.5269 10.8985 -1.0079
v 1.5137 10.8415 -0.9747
v 1.5002 10.7786 -0.9554
v 1.2212 9.3261 -1.0137
v 1.2091 9.2608 -1.0242
v 1.1988 9.1993 -1.0491
v 1.1905 9.1446 -1.0873
v 1.1849 9.0995 -1.1368
v 1.1821 9.0663 -1.1951
v 1.1823 9.0465 -1.2593
v 1.0250 9.0964 -1.9746
v 1.0300 9.1054 -2.0410
v 1.0371 9.1287 -2.1036
v 1.0459 9.1652 -2.1592
v 1.0561 9.2132 -2.2052
v 1.0672 9.2701 -2.2391
v 1.0784 9.3332 -2.2593
v 1.3125 10.7902 -2.2209
v 1.3227 10.8559 -2.2114
v 1.3315 10.9180 -2.1872
v 1.3385 10.9733 -2.1498
v 1.3433 11.0191 -2.1009
v 1.3457 11.0531 -2.0430
v 1.3457 11.0736 -1.9790
v 1.3064 11.0650 -1.2634
v 1.3014 11.0561 -1.1970
v 1.2943 11.0328 -1.1344
v 1.2854 10.9962 -1.0787
v 1.2752 10.9483 -1.0328
v 1.2642 10.8914 -0.9989
v 1.2529 10.8283 -0.9787
v 1.0188 9.3713 -1.0170
v 1.0087 9.3056 -1.0266
v 0.9999 9.2435 -1.0507
v 0.9929 9.1882 -1.0881
v 0.9881 9.1423 -1.1370
v 0.9856 9.1083 -1.1949
v 0.9857 9.0879 -1.2589
v 0.8197 9.1247 -1.9747
v 0.8236 9.1331 -2.0413
v 0.8293 9.1560 -2.1042
v 0.8364 9.1923 -2.1603
v 0.8445 9.2401 -2.2068
v 0.8534 9.2970 -2.2414
v 0.8625 9.3602 -2.2623
v 1.0508 10.8207 -2.2404
v 1.0589 10.8868 -2.2315
v 1.0661 10.9494 -2.2081
v 1.0717 11.0053 -2.1712
v 1.0757 11.0517 -2.1228
v 1.0777 11.0863 -2.0653
v 1.0777 11.1074 -2.0015
v 1.0469 11.1045 -1.2854
v 1.0430 11.0961 -1.2189
v 1.0373 11.0732 -1.1560
v 1.0302 11.0370 -1.0999
v 1.0221 10.9892 -1.0534
v 1.0132 10.9322 -1.0188
v 1.0041 10.8690 -0.9979
v 0.8158 9.4085 -1.0198
v 0.8076 9.3424 -1.0286
v 0.8005 9.2798 -1.0521
v 0.7949 9.2239 -1.0889
v 0.7909 9.1775 -1.1373
v 0.7889 9.1429 -1.1948
v 0.7889 9.1218 -1.2586
v 0.6146 9.1467 -1.9749
v 0.6175 9.1547 -2.0415
v 0.6217 9.1773 -2.1046
v 0.6270 9.2133 -2.1611
v 0.6332 9.2610 -2.2080
v 0.6398 9.3179 -2.2431
v 0.6467 9.3812 -2.2646
v 0.7885 10.8445 -2.2555
v 0.7947 10.9109 -2.2472
v 0.8001 10.9738 -2.2243
v 0.8044 11.0301 -2.1880
v 0.8074 11.0770 -2.1400
v 0.8089 11.1121 -2.0827
v 0.8090 11.1337 -2.0191
v 0.7862 11.1353 -1.3027
v 0.7833 11.1273 -1.2360
v 0.7791 11.1047 -1.1729
v 0.7738 11.0687 -1.1164
v 0.7676 11.0210 -1.0695
v 0.7610 10.9641 -1.0344
v 0.7542 10.9008 -1.0130
v 0.6123 9.4375 -1.0220
v 0.6061 9.3711 -1.0303
v 0.6008 9.3082 -1.0532
v 0.5965 9.2519 -1.0896
v 0.5934 9.2050 -1.1376
v 0.5919 9.1699 -1.1948
v 0.5918 9.1483 -1.2584
v 0.4096 9.1624 -1.9749
v 0.4116 9.1702 -2.0416
v 0.4144 9.1925 -2.1049
v 0.4179 9.2284 -2.1616
v 0.4220 9.2760 -2.2089
v 0.4264 9.3329 -2.2443
v 0.4310 9.3962 -2.2662
v 0.5259 10.8614 -2.2663
v 0.5300 10.9280 -2.2585
v 0.5336 10.9912 -2.2360
v 0.5365 11.0479 -2.1999
v 0.5385 11.0951 -2.1522
v 0.5396 11.1306 -2.0952
v 0.5397 11.1525 -2.0317
v 0.5246 11.1574 -1.3150
v 0.5227 11.1496 -1.2483
v 0.5199 11.1272 -1.1851
v 0.5164 11.0914 -1.1284
v 0.5123 11.0438 -1.0811
v 0.5078 10.9869 -1.0457
v 0.5033 10.9235 -1.0238
v 0.4084 9.4583 -1.0237
v 0.4043 9.3917 -1.0315
v 0.4007 9.3285 -1.0540
v 0.3978 9.2719 -1.0900
v 0.3958 9.2247 -1.1378
v 0.3947 9.1892 -1.1948
v 0.3946 9.1673 -1.2583
v 0.2048 9.1719 -1.9750
v 0.2058 9.1794 -2.0417
v 0.2072 9.2017 -2.1051
v 0.2089 9.2374 -2.1619
v 0.2110 9.2850 -2.2094
v 0.2132 9.3418 -2.2450
v 0.2155 9.4052 -2.2672
v 0.2630 10.8716 -2.2728
v 0.2651 10.9383 -2.2652
v 0.2669 11.0017 -2.2430
v 0.2683 11.0585 -2.2071
v 0.2694 11.1059 -2.1596
v 0.2699 11.1416 -2.1027
v 0.2699 11.1637 -2.0392
v 0.2625 11.1706 -1.3225
v 0.2615 11.1630 -1.2558
v 0.2601 11.1408 -1.1924
v 0.2583 11.1050 -1.1356
v 0.2563 11.0575 -1.0881
v 0.2541 11.0006 -1.0524
v 0.2518 10.9372 -1.0303
v 0.2043 9.4708 -1.0247
v 0.2022 9.4041 -1.0323
v 0.2004 9.3408 -1.0545
v 0.1989 9.2839 -1.0903
v 0.1979 9.2365 -1.1379
v 0.1974 9.2008 -1.1948
v 0.1973 9.1787 -1.2583
v 0.0000 9.1750 -1.9750
v 0.0000 9.1825 -2.0418
v 0.0000 9.2047 -2.1052
v 0.0000 9.2405 -2.1620
v 0.0000 9.2880 -2.2095
v 0.0000 9.3448 -2.2453
v 0.0000 9.4082 -2.2675
v 0.0000 10.8750 -2.2750
v 0.0000 10.9418 -2.2675
v 0.0000 11.0052 -2.2453
v 0.0000 11.0620 -2.2095
v 0.0000 11.1095 -2.1620
v 0.0000 11.1453 -2.1052
v 0.0000 11.1675 -2.0418
v 0.0000 11.1750 -1.3250
v 0.0000 11.1675 -1.2582
v 0.0000 11.1453 -1.1948
v 0.0000 11.1095 -1.1380
v 0.0000 11.0620 -1.0905
v 0.0000 11.0052 -1.0547
v 0.0000 10.9418 -1.0325
v 0.0000 9.4750 -1.0250
v 0.0000 9.4082 -1.0325
v 0.0000 9.3448 -1.0547
v 0.0000 9.2880 -1.0905
v 0.0000 9.2405 -1.1380
v 0.0000 9.2047 -1.1948
v 0.0000 9.1825 -1.2582
v -0.2048 9.1719 -1.9750
v -0.2058 9.1794 -2.0417
v -0.2072 9.2017 -2.1051
v -0.2089 9.2374 -2.1619
v -0.2110 9.2850 -2.2094
v -0.2132 9.3418 -2.2450
v -0.2155 9.4052 -2.2672
v -0.2630 10.8716 -2.2728
v -0.2651 10.9383 -2.2652
v -0.2669 11.0017 -2.2430
v -0.2683 11.0585 -2.2071
v -0.2694 11.1059 -2.1596
v -0.2699 11.1416 -2.1027
v -0.2699 11.1637 -2.0392
v -0.2625 11.1706 -1.3225
v -0.2615 11.1630 -1.2558
v -0.2601 11.1408 -1.1924
v -0.2583 11.1050 -1.1356
v -0.2563 11.0575 -1.0881
v -0.2541 11.0006 -1.0524
v -0.2518 10.9372 -1.0303
v -0.2043 9.4708 -1.0247
v -0.2022 9.4041 -1.0323
v -0.2004 9.3408 -1.0545
v -0.1989 9.2839 -1.0903
v -0.1979 9.2365 -1.1379
v -0.1974 9.2008 -1.1948
v -0.1973 9.1787 -1.2583
v -0.4096 9.1624 -1.9749
v -0.4116 9.1702 -2.0416
v -0.4144 9.1925 -2.1049
v -0.4179 9.2284 -2.1616
v -0.4220 9.2760 -2.2089
v -0.4264 9.3329 -2.2443
v -0.4310 9.3962 -2.2662
v -0.5259 10.8614 -2.2663
v -0.5300 10.9280 -2.2585
v -0.5336 10.9912 -2.2360
v -0.5365 11.0479 -2.1999
v -0.5385 11.0951 -2.1522
v -0.5396 11.1306 -2.0952
v -0.5397 11.1525 -2.0317
v -0.5246 11.1574 -1.3150
v -0.5227 11.1496 -1.2483
v -0.5199 11.1272 -1.1851
v -0.5164 11.0914 -1.1284
v -0.5123 11.0438 -1.0811
v -0.5078 10.9869 -1.0457
v -0.5033 10.9235 -1.0238
v -0.4084 9.4583 -1.0237
v -0.4043 9.3917 -1.0315
v -0.4007 9.3285 -1.0540
v -0.3978 9.2719 -1.0900
v -0.3958 9.2247 -1.1378
v -0.3947 9.1892 -1.1948
v -0.3946 9.1673 -1.2583
v -0.6146 9.1467 -1.9749
v -0.6175 9.1547 -2.0415
v -0.6217 9.1773 -2.1046
v -0.6270 9.2133 -2.1611
v -0.6332 9.2610 -2.2080
v -0.6398 9.3179 -2.2431
v -0.6467 9.3812 -2.2646
v -0.7885 10.8445 -2.2555
v -0.7947 10.9109 -2.2472
v -0.8001 10.9738 -2.2243
v -0.8044 11.0301 -2.1880
v -0.8074 11.0770 -2.1400
v -0.8089 11.1121 -2.0827
v -0.8090 11.1337 -2.0191
v -0.7862 11.1353 -1.3027
v -0.7833 11.1273 -1.2360
v -0.7791 11.1047 -1.1729
v -0.7738 11.0687 -1.1164
v -0.7676 11.0210 -1.0695
v -0.7610 10.9641 -1.0344
v -0.7542 10.9008 -1.0130
v -0.6123 9.4375 -1.0220
v -0.6061 9.3711 -1.0303
v -0.6008 9.3082 -1.0532
v -0.5965 9.2519 -1.0896
v -0.5934 9.2050 -1.1376
v -0.5919 9.1699 -1.1948
v -0.5918 9.1483 -1.2584
v -0.8197 9.1247 -1.9747
v -0.8236 9.1331 -2.0413
v -0.8293 9.1560 -2.1042
v -0.8364 9.1923 -2.1603
v -0.8445 9.2401 -2.2068
v -0.8534 9.2970 -2.2414
v -0.8625 9.3602 -2.2623
v -1.0508 10.8207 -2.2404
v -1.0589 10.8868 -2.2315
v -1.0661 10.9494 -2.2081
v -1.0717 11.0053 -2.1712
v -1.0757 11.0517 -2.1228
v -1.0777 11.0863 -2.0653
v -1.0777 11.1074 -2.0015
v -1.0469 11.1045 -1.2854
v -1.0430 11.0961 -1.2189
v -1.0373 11.0732 -1.1560
v -1.0302 11.0370 -1.0999
v -1.0221 10.9892 -1.0534
v -1.0132 10.9322 -1.0188
v -1.0041 10.8690 -0.9979
v -0.8158 9.4085 -1.0198
v -0.8076 9.3424 -1.0286
v -0.8005 9.2798 -1.0521
v -0.7949 9.2239 -1.0889
v -0.7909 9.1775 -1.1373
v -0.7889 9.1429 -1.1948
v -0.7889 9.1218 -1.2586
v -1.0250 9.0964 -1.9746
v -1.0300 9.1054 -2.0410
v -1.0371 9.1287 -2.1036
v -1.0459 9.1652 -2.1592
v -1.0561 9.2132 -2.2052
v -1.0672 9.2701 -2.2391
v -1.0784 9.3332 -2.2593
v -1.3125 10.7902 -2.2209
v -1.3227 10.8559 -2.2114
v -1.3315 10.9180 -2.1872
v -1.3385 10.9733 -2.1498
v -1.3433 11.0191 -2.1009
v -1.3457 11.0531 -2.0430
v -1.3457 11.0736 -1.9790
v -1.3064 11.0650 -1.2634
v -1.3014 11.0561 -1.1970
v -1.2943 11.0328 -1.1344
v -1.2854 10.9962 -1.0787
v -1.2752 10.9483 -1.0328
v -1.2642 10.8914 -0.9989
v -1.2529 10.8283 -0.9787
v -1.0188 9.3713 -1.0170
v -1.0087 9.3056 -1.0266
v -0.9999 9.2435 -1.0507
v -0.9929 9.1882 -1.0881
v -0.9881 9.1423 -1.1370
v -0.9856 9.1083 -1.1949
v -0.9857 9.0879 -1.2589
v -1.2305 9.0620 -1.9743
v -1.2366 9.0715 -2.0405
v -1.2451 9.0953 -2.1028
v -1.2558 9.1322 -2.1579
v -1.2680 9.1803 -2.2031
v -1.2812 9.2373 -2.2363
v -1.2947 9.3002 -2.2556
v -1.5737 10.7527 -2.1973
v -1.5857 10.8180 -2.1868
v -1.5961 10.8795 -2.1619
v -1.6044 10.9342 -2.1237
v -1.6100 10.9793 -2.0742
v -1.6128 11.0125 -2.0159
v -1.6126 11.0323 -1.9517
v -1.5644 11.0168 -1.2367
v -1.5583 11.0073 -1.1705
v -1.5498 10.9835 -1.1082
v -1.5391 10.9466 -1.0531
v -1.5269 10.8985 -1.0079
v -1.5137 10.8415 -0.9747
v -1.5002 10.7786 -0.9554
v -1.2212 9.3261 -1.0137
v -1.2091 9.2608 -1.0242
v -1.1988 9.1993 -1.0491
v -1.1905 9.1446 -1.0873
v -1.1849 9.0995 -1.1368
v -1.1821 9.0663 -1.1951
v -1.1823 9.0465 -1.2593
v -1.4363 9.0214 -1.9739
v -1.4434 9.0316 -2.0399
v -1.4535 9.0560 -2.1017
v -1.4660 9.0932 -2.1562
v -1.4802 9.1415 -2.2007
v -1.4955 9.1985 -2.2328
v -1.5111 9.2612 -2.2511
v -1.8341 10.7084 -2.1694
v -1.8480 10.7731 -2.1579
v -1.8599 10.8340 -2.1320
v -1.8693 10.8878 -2.0930
v -1.8757 10.9321 -2.0429
v -1.8787 10.9645 -1.9841
v -1.8783 10.9834 -1.9196
v -1.8206 10.9599 -1.2055
v -1.8135 10.9497 -1.1395
v -1.8034 10.9254 -1.0777
v -1.7909 10.8881 -1.0232
v -1.7767 10.8398 -0.9788
v -1.7614 10.7828 -0.9466
v -1.7458 10.7201 -0.9283
v -1.4228 9.2729 -1.0100
v -1.4089 9.2082 -1.0215
v -1.3970 9.1474 -1.0474
v -1.3876 9.0935 -1.0864
v -1.3812 9.0492 -1.1366
v -1.3782 9.0169 -1.1954
v -1.3786 8.9980 -1.2598
v -1.6423 8.9747 -1.9734
v -1.6506 8.9857 -2.0392
v -1.6622 9.0106 -2.1005
v -1.6765 9.0483 -2.1542
v -1.6927 9.0969 -2.1977
v -1.7101 9.1538 -2.2288
v -1.7278 9.2163 -2.2459
v -2.0936 10.6572 -2.1374
v -2.1092 10.7213 -2.1248
v -2.1225 10.7813 -2.0978
v -2.1330 10.8343 -2.0578
v -2.1400 10.8776 -2.0069
v -2.1433 10.9090 -1.9476
v -2.1425 10.9269 -1.8829
v -2.0748 10.8945 -1.1700
v -2.0665 10.8835 -1.1043
v -2.0549 10.8585 -1.0430
v -2.0406 10.8208 -0.9892
v -2.0244 10.7723 -0.9457
v -2.0070 10.7154 -0.9146
v -1.9893 10.6528 -0.8975
v -1.6236 9.2120 -1.0060
v -1.6080 9.1479 -1.0187
v -1.5946 9.0878 -1.0457
v -1.5841 9.0349 -1.0856
v -1.5771 8.9916 -1.1365
v -1.5739 8.9602 -1.1958
v -1.5746 8.9423 -1.2606
v -1.8486 8.9220 -1.9727
v -1.8581 8.9338 -2.0382
v -1.8713 8.9594 -2.0989
v -1.8874 8.9976 -2.1518
v -1.9056 9.0463 -2.1942
v -1.9250 9.1033 -2.2241
v -1.9448 9.1655 -2.2399
v -2.3519 10.5990 -2.1014
v -2.3692 10.6624 -2.0874
v -2.3839 10.7216 -2.0592
v -2.3954 10.7735 -2.0182
v -2.4029 10.8157 -1.9665
v -2.4063 10.8460 -1.9066
v -2.4052 10.8629 -1.8416
v -2.3268 10.8205 -1.1304
v -2.3172 10.8087 -1.0649
v -2.3041 10.7831 -1.0043
v -2.2880 10.7449 -0.9514
v -2.2698 10.6961 -0.9089
v -2.2503 10.6392 -0.8790
v -2.2306 10.5770 -0.8632
v -1.8234 9.1435 -1.0018
v -1.8061 9.0801 -1.0157
v -1.7914 9.0209 -1.0439
v -1.7800 8.9689 -1.0849
v -1.7724 8.9267 -1.1366
v -1.7691 8.8964 -1.1965
v -1.7702 8.8796 -1.2615
v -2.0551 8.8632 -1.9719
v -2.0659 8.8759 -2.0369
v -2.0807 8.9023 -2.0969
v -2.0986 8.9409 -2.1489
v -2.1188 8.9900 -2.1902
v -2.1402 9.0469 -2.2187
v -2.1619 9.1088 -2.2331
v -2.6091 10.5338 -2.0613
v -2.6279 10.5964 -2.0459
v -2.6439 10.6546 -2.0164
v -2.6562 10.7055 -1.9743
v -2.6642 10.7465 -1.9217
v -2.6675 10.7756 -1.8613
v -2.6659 10.7913 -1.7960
v -2.5761 10.7381 -1.0868
v -2.5653 10.7254 -1.0217
v -2.5506 10.6990 -0.9617
v -2.5327 10.6604 -0.9098
v -2.5125 10.6114 -0.8685
v -2.4910 10.5545 -0.8400
v -2.4694 10.4925 -0.8256
v -2.0222 9.0676 -0.9974
v -2.0034 9.0049 -1.0127
v -1.9874 8.9467 -1.0422
v -1.9751 8.8958 -1.0843
v -1.9671 8.8548 -1.1369
v -1.9638 8.8257 -1.1974
v -1.9653 8.8101 -1.2627
v -2.2619 8.7985 -1.9707
v -2.2740 8.8123 -2.0354
v -2.2903 8.8394 -2.0946
v -2.3101 8.8785 -2.1455
v -2.3322 8.9278 -2.1855
v -2.3557 8.9846 -2.2126
v -2.3792 9.0462 -2.2254
v -2.8648 10.4615 -2.0174
v -2.8851 10.5233 -2.0005
v -2.9022 10.5805 -1.9696
v -2.9152 10.6301 -1.9263
v -2.9235 10.6699 -1.8728
v -2.9267 10.6976 -1.8117
v -2.9246 10.7121 -1.7461
v -2.8228 10.6474 -1.0395
v -2.8106 10.6337 -0.9749
v -2.7943 10.6066 -0.9156
v -2.7746 10.5674 -0.8648
v -2.7524 10.5182 -0.8248
v -2.7290 10.4613 -0.7977
v -2.7054 10.3997 -0.7849
v -2.2199 8.9844 -0.9929
v -2.1996 8.9227 -1.0098
v -2.1825 8.8655 -1.0407
v -2.1694 8.8158 -1.0840
v -2.1611 8.7761 -1.1375
v -2.1579 8.7483 -1.1986
v -2.1600 8.7339 -1.2642
v -2.4688 8.7280 -1.9693
v -2.4823 8.7428 -2.0335
v -2.5003 8.7707 -2.0919
v -2.5218 8.8104 -2.1416
v -2.5459 8.8599 -2.1802
v -2.5713 8.9166 -2.2057
v -2.5966 8.9778 -2.2168
v -3.1188 10.3822 -1.9697
v -3.1405 10.4430 -1.9511
v -3.1586 10.4991 -1.9188
v -3.1723 10.5474 -1.8742
v -3.1808 10.5858 -1.8197
v -3.1838 10.6122 -1.7580
v -3.1810 10.6253 -1.6922
v -3.0664 10.5484 -0.9888
v -3.0529 10.5337 -0.9247
v -3.0349 10.5058 -0.8663
v -3.0133 10.4661 -0.8165
v -2.9892 10.4166 -0.7780
v -2.9639 10.3599 -0.7525
v -2.9385 10.2987 -0.7414
v -2.4164 8.8943 -0.9885
v -2.3947 8.8335 -1.0070
v -2.3766 8.7774 -1.0394
v -2.3629 8.7290 -1.0839
v -2.3544 8.6907 -1.1384
v -2.3514 8.6643 -1.2001
v -2.3542 8.6512 -1.2660
v -2.6759 8.6518 -1.9676
v -2.6908 8.6676 -2.0312
v -2.7104 8.6964 -2.0886
v -2.7338 8.7366 -2.1371
v -2.7598 8.7862 -2.1742
v -2.7870 8.8429 -2.1979
v -2.8141 8.9036 -2.2072
v -3.3710 10.2958 -1.9183
v -3.3939 10.3556 -1.8981
v -3.4130 10.4104 -1.8642
v -3.4271 10.4574 -1.8183
v -3.4357 10.4943 -1.7628
v -3.4384 10.5192 -1.7005
v -3.4349 10.5309 -1.6344
v -3.3067 10.4414 -0.9349
v -3.2918 10.4255 -0.8713
v -3.2721 10.3968 -0.8139
v -3.2488 10.3566 -0.7654
v -3.2228 10.3069 -0.7284
v -3.1956 10.2503 -0.7046
v -3.1685 10.1895 -0.6953
v -2.6115 8.7974 -0.9842
v -2.5886 8.7376 -1.0044
v -2.5696 8.6828 -1.0384
v -2.5554 8.6358 -1.0842
v -2.5468 8.5989 -1.1397
v -2.5442 8.5740 -1.2020
v -2.5477 8.5623 -1.2681
v -2.8830 8.5699 -1.9655
v -2.8994 8.5868 -2.0284
v -2.9207 8.6164 -2.0849
v -2.9459 8.6571 -2.1320
v -2.9737 8.7070 -2.1674
v -3.0028 8.7634 -2.1893
v -3.0315 8.8237 -2.1967
v -3.6212 10.2022 -1.8635
v -3.6452 10.2609 -1.8414
v -3.6650 10.3144 -1.8059
v -3.6796 10.3600 -1.7587
v -3.6881 10.3953 -1.7023
v -3.6903 10.4187 -1.6393
v -3.6860 10.4289 -1.5731
v -3.5436 10.3262 -0.8781
v -3.5272 10.3093 -0.8152
v -3.5059 10.2797 -0.7587
v -3.4807 10.2390 -0.7117
v -3.4529 10.1892 -0.6762
v -3.4239 10.1327 -0.6543
v -3.3951 10.0724 -0.6469
v -2.8054 8.6939 -0.9801
v -2.7814 8.6352 -1.0022
v -2.7616 8.5817 -1.0377
v -2.7470 8.5362 -1.0849
v -2.7385 8.5008 -1.1414
v -2.7363 8.4775 -1.2043
v -2.7406 8.4672 -1.2706
v -3.0900 8.4824 -1.9630
v -3.1080 8.5004 -2.0252
v -3.1310 8.5309 -2.0805
v -3.1580 8.5721 -2.1261
v -3.1877 8.6221 -2.1598
v -3.2184 8.6784 -2.1798
v -3.2488 8.7381 -2.1853
v -3.8691 10.1015 -1.8054
v -3.8942 10.1590 -1.7814
v -3.9146 10.2111 -1.7442
v -3.9294 10.2551 -1.6957
v -3.9378 10.2889 -1.6382
v -3.9394 10.3106 -1.5747
v -3.9341 10.3193 -1.5083
v -3.7769 10.2033 -0.8186
v -3.7590 10.1852 -0.7565
v -3.7359 10.1548 -0.7012
v -3.7089 10.1135 -0.6555
v -3.6793 10.0635 -0.6219
v -3.6485 10.0073 -0.6018
v -3.6182 9.9476 -0.5964
v -2.9978 8.5842 -0.9763
v -2.9728 8.5266 -1.0002
v -2.9524 8.4745 -1.0374
v -2.9376 8.4305 -1.0860
v -2.9292 8.3968 -1.1434
v -2.9276 8.3750 -1.2070
v -2.9329 8.3663 -1.2734
v -3.2970 8.3894 -1.9601
v -3.3165 8.4086 -2.0214
v -3.3413 8.4399 -2.0755
v -3.3701 8.4816 -2.1195
v -3.4015 8.5317 -2.1514
v -3.4339 8.5877 -2.1694
v -3.4658 8.6468 -2.1727
v -4.1145 9.9935 -1.7441
v -4.1405 10.0498 -1.7182
v -4.1614 10.1005 -1.6794
v -4.1763 10.1429 -1.6294
v -4.1844 10.1750 -1.5710
v -4.1853 10.1951 -1.5069
v -4.1790 10.2022 -1.4404
v -4.0064 10.0725 -0.7569
v -3.9869 10.0533 -0.6955
v -3.9621 10.0221 -0.6415
v -3.9333 9.9803 -0.5974
v -3.9019 9.9302 -0.5656
v -3.8694 9.8742 -0.5475
v -3.8376 9.8151 -0.5442
v -3.1888 8.4684 -0.9729
v -3.1629 8.4121 -0.9987
v -3.1420 8.3615 -1.0376
v -3.1271 8.3190 -1.0875
v -3.1189 8.2870 -1.1460
v -3.1180 8.2669 -1.2101
v -3.1243 8.2597 -1.2766
v -3.5037 8.2910 -1.9566
v -3.5248 8.3114 -2.0170
v -3.5513 8.3434 -2.0698
v -3.5819 8.3856 -2.1122
v -3.6151 8.4358 -2.1421
v -3.6491 8.4915 -2.1580
v -3.6823 8.5499 -2.1592
v -4.3573 9.8784 -1.6799
v -4.3839 9.9334 -1.6520
v -4.4053 9.9825 -1.6115
v -4.4201 10.0233 -1.5602
v -4.4278 10.0536 -1.5007
v -4.4280 10.0720 -1.4361
v -4.4205 10.0776 -1.3696
v -4.2318 9.9342 -0.6931
v -4.2107 9.9138 -0.6327
v -4.1842 9.8818 -0.5799
v -4.1536 9.8396 -0.5375
v -4.1204 9.7894 -0.5076
v -4.0864 9.7337 -0.4917
v -4.0532 9.6753 -0.4905
v -3.3783 8.3468 -0.9698
v -3.3516 8.2918 -0.9977
v -3.3303 8.2427 -1.0382
v -3.3154 8.2020 -1.0895
v -3.3077 8.1716 -1.1490
v -3.3075 8.1532 -1.2136
v -3.3150 8.1476 -1.2801
v -3.7101 8.1874 -1.9525
v -3.7328 8.2088 -2.0120
v -3.7611 8.2417 -2.0633
v -3.7935 8.2843 -2.1040
v -3.8283 8.3345 -2.1319
v -3.8638 8.3898 -2.1456
v -3.8983 8.4474 -2.1446
v -4.5970 9.7560 -1.6129
v -4.6243 9.8097 -1.5831
v -4.6459 9.8572 -1.5408
v -4.6606 9.8962 -1.4882
v -4.6678 9.9248 -1.4278
v -4.6671 9.9415 -1.3627
v -4.6584 9.9454 -1.2962
v -4.4531 9.7884 -0.6277
v -4.4303 9.7669 -0.5682
v -4.4020 9.7341 -0.5169
v -4.3697 9.6915 -0.4762
v -4.3349 9.6413 -0.4483
v -4.2993 9.5860 -0.4346
v -4.2648 9.5283 -0.4356
v -3.5661 8.2197 -0.9673
v -3.5388 8.1661 -0.9971
v -3.5172 8.1186 -1.0394
v -3.5025 8.0795 -1.0920
v -3.4953 8.0510 -1.1524
v -3.4961 8.0343 -1.2175
v -3.5047 8.0303 -1.2840
v -3.9159 8.0785 -1.9479
v -3.9404 8.1010 -2.0063
v -3.9704 8.1346 -2.0561
v -4.0045 8.1776 -2.0949
v -4.0409 8.2278 -2.1207
v -4.0779 8.2827 -2.1322
v -4.1136 8.3395 -2.1289
v -4.8336 9.6265 -1.5435
v -4.8614 9.6787 -1.5117
v -4.8831 9.7246 -1.4677
v -4.8976 9.7619 -1.4137
v -4.9041 9.7886 -1.3524
v -4.9024 9.8036 -1.2869
v -4.8924 9.8059 -1.2205
v -4.6700 9.6354 -0.5608
v -4.6456 9.6128 -0.5024
v -4.6156 9.5792 -0.4526
v -4.5815 9.5363 -0.4138
v -4.5450 9.4861 -0.3880
v -4.5080 9.4312 -0.3765
v -4.4724 9.3744 -0.3798
v -3.7523 8.0874 -0.9652
v -3.7245 8.0351 -0.9970
v -3.7028 7.9892 -1.0410
v -3.6883 7.9520 -1.0950
v -3.6818 7.9252 -1.1563
v -3.6836 7.9103 -1.2218
v -3.6935 7.9079 -1.2882
v -4.1211 7.9645 -1.9426
v -4.1473 7.9881 -1.9998
v -4.1790 8.0224 -2.0480
v -4.2148 8.0657 -2.0849
v -4.2528 8.1158 -2.1085
v -4.2912 8.1702 -2.1178
v -4.3279 8.2261 -2.1121
v -5.0668 9.4898 -1.4718
v -5.0950 9.5406 -1.4380
v -5.1167 9.5848 -1.3923
v -5.1308 9.6202 -1.3370
v -5.1365 9.6451 -1.2749
v -5.1337 9.6583 -1.2091
v -5.1224 9.6591 -1.1429
v -4.8825 9.4753 -0.4929
v -4.8563 9.4517 -0.4357
v -4.8246 9.4173 -0.3875
v -4.7888 9.3741 -0.3506
v -4.7508 9.3240 -0.3270
v -4.7124 9.2696 -0.3177
v -4.6757 9.2136 -0.3234
v -3.9368 7.9499 -0.9637
v -3.9086 7.8992 -0.9975
v -3.8869 7.8550 -1.0432
v -3.8728 7.8195 -1.0985
v -3.8671 7.7946 -1.1606
v -3.8699 7.7814 -1.2264
v -3.8812 7.7807 -1.2926
v -4.3255 7.8454 -1.9366
v -4.3534 7.8701 -1.9925
v -4.3869 7.9050 -2.0391
v -4.4243 7.9486 -2.0740
v -4.4638 7.9985 -2.0954
v -4.5035 8.0523 -2.1022
v -4.5412 8.1073 -2.0942
v -5.2963 9.3460 -1.3982
v -5.3248 9.3952 -1.3624
v -5.3464 9.4377 -1.3150
v -5.3599 9.4713 -1.2585
v -5.3648 9.4944 -1.1956
v -5.3608 9.5058 -1.1295
v -5.3481 9.5049 -1.0635
v -5.0903 9.3083 -0.4242
v -5.0624 9.2837 -0.3683
v -5.0289 9.2487 -0.3217
v -4.9915 9.2052 -0.2869
v -4.9520 9.1552 -0.2655
v -4.9123 9.1014 -0.2586
v -4.8746 9.0464 -0.2666
v -4.1195 7.8077 -0.9626
v -4.0910 7.7585 -0.9984
v -4.0695 7.7160 -1.0458
v -4.0559 7.6824 -1.1024
v -4.0510 7.6593 -1.1653
v -4.0550 7.6479 -1.2313
v -4.0678 7.6488 -1.2973
v -4.5289 7.7214 -1.9298
v -4.5585 7.7470 -1.9844
v -4.5937 7.7826 -2.0293
v -4.6328 7.8263 -2.0621
v -4.6738 7.8760 -2.0812
v -4.7146 7.9292 -2.0857
v -4.7532 7.9831 -2.0753
v -5.5220 9.1952 -1.3229
v -5.5506 9.2428 -1.2851
v -5.5719 9.2835 -1.2361
v -5.5849 9.3152 -1.1783
v -5.5888 9.3365 -1.1147
v -5.5835 9.3461 -1.0484
v -5.5693 9.3437 -0.9828
v -5.2934 9.1347 -0.3551
v -5.2638 9.1091 -0.3005
v -5.2286 9.0735 -0.2557
v -5.1895 9.0298 -0.2229
v -5.1486 8.9801 -0.2038
v -5.1077 8.9269 -0.1993
v -5.0691 8.8730 -0.2097
v -4.3003 7.6609 -0.9621
v -4.2717 7.6133 -0.9999
v -4.2504 7.5726 -1.0489
v -4.2375 7.5408 -1.1067
v -4.2335 7.5196 -1.1703
v -4.2388 7.5100 -1.2365
v -4.2530 7.5124 -1.3022
v -4.7312 7.5925 -1.9223
v -4.7625 7.6190 -1.9755
v -4.7994 7.6551 -2.0185
v -4.8400 7.6989 -2.0492
v -4.8824 7.7483 -2.0660
v -4.9243 7.8008 -2.0680
v -4.9637 7.8537 -2.0553
v -5.7436 9.0374 -1.2462
v -5.7722 9.0833 -1.2064
v -5.7932 9.1222 -1.1558
v -5.8054 9.1521 -1.0969
v -5.8083 9.1715 -1.0326
v -5.8016 9.1794 -0.9663
v -5.7858 9.1755 -0.9011
v -5.4916 8.9546 -0.2859
v -5.4603 8.9281 -0.2327
v -5.4234 8.8920 -0.1897
v -5.3828 8.8482 -0.1590
v -5.3404 8.7988 -0.1422
v -5.2985 8.7464 -0.1402
v -5.2591 8.6935 -0.1529
v -4.4792 7.5097 -0.9620
v -4.4506 7.4638 -1.0018
v -4.4296 7.4249 -1.0524
v -4.4174 7.3950 -1.1113
v -4.4145 7.3756 -1.1756
v -4.4212 7.3677 -1.2420
v -4.4369 7.3717 -1.3071
v -4.9320 7.4588 -1.9140
v -4.9651 7.4861 -1.9657
v -5.0036 7.5227 -2.0068
v -5.0458 7.5665 -2.0353
v -5.0895 7.6155 -2.0497
v -5.1324 7.6672 -2.0494
v -5.1725 7.7189 -2.0342
v -5.9608 8.8727 -1.1683
v -5.9894 8.9170 -1.1266
v -6.0099 8.9540 -1.0745
v -6.0213 8.9821 -1.0145
v -6.0230 8.9996 -0.9497
v -6.0150 9.0058 -0.8833
v -5.9976 9.0004 -0.8186
v -5.6849 8.7684 -0.2168
v -5.6519 8.7410 -0.1651
v -5.6133 8.7045 -0.1240
v -5.5711 8.6606 -0.0955
v -5.5275 8.6116 -0.0811
v -5.4845 8.5600 -0.0814
v -5.4445 8.5082 -0.0966
v -4.6561 7.3544 -0.9624
v -4.6275 7.3102 -1.0041
v -4.6070 7.2731 -1.0563
v -4.5956 7.2451 -1.1163
v -4.5939 7.2276 -1.1811
v -4.6019 7.2214 -1.2475
v -4.6193 7.2268 -1.3122
v -5.1313 7.3203 -1.9049
v -5.1661 7.3484 -1.9550
v -5.2063 7.3853 -1.9942
v -5.2499 7.4291 -2.0204
v -5.2948 7.4776 -2.0324
v -5.3387 7.5284 -2.0296
v -5.3793 7.5790 -2.0121
v -6.1736 8.7013 -1.0897
v -6.2020 8.7438 -1.0461
v -6.2219 8.7790 -0.9925
v -6.2324 8.8052 -0.9315
v -6.2329 8.8209 -0.8662
v -6.2234 8.8254 -0.7998
v -6.2043 8.8186 -0.7358
v -5.8731 8.5762 -0.1481
v -5.8384 8.5481 -0.0980
v -5.7981 8.5112 -0.0588
v -5.7545 8.4674 -0.0325
v -5.7096 8.4189 -0.0205
v -5.6658 8.3681 -0.0233
v -5.6251 8.3175 -0.0408
v -4.8308 7.1952 -0.9633
v -4.8024 7.1527 -1.0068
v -4.7825 7.1175 -1.0605
v -4.7720 7.0913 -1.1215
v -4.7716 7.0756 -1.1868
v -4.7810 7.0711 -1.2531
v -4.8001 7.0779 -1.3172
v -5.3287 7.1771 -1.8949
v -5.3652 7.2059 -1.9434
v -5.4071 7.2431 -1.9805
v -5.4521 7.2867 -2.0045
v -5.4981 7.3347 -2.0142
v -5.5428 7.3846 -2.0089
v -5.5840 7.4339 -1.9891
v -6.3817 8.5232 -1.0105
v -6.4098 8.5640 -0.9651
v -6.4290 8.5974 -0.9100
v -6.4385 8.6217 -0.8481
v -6.4377 8.6356 -0.7824
v -6.4267 8.6385 -0.7162
v -6.4060 8.6302 -0.6528
v -6.0562 8.3784 -0.0801
v -6.0197 8.3496 -0.0316
v -5.9779 8.3124 0.0056
v -5.9329 8.2687 0.0296
v -5.8868 8.2207 0.0392
v -5.8421 8.1709 0.0340
v -5.8010 8.1216 0.0141
v -5.0033 7.0323 -0.9645
v -4.9752 6.9914 -1.0099
v -4.9560 6.9581 -1.0649
v -4.9465 6.9338 -1.1268
v -4.9473 6.9199 -1.1925
v -4.9583 6.9170 -1.2588
v -4.9790 6.9252 -1.3221
v -5.5242 7.0292 -1.8841
v -5.5624 7.0586 -1.9308
v -5.6058 7.0960 -1.9660
v -5.6522 7.1395 -1.9877
v -5.6993 7.1868 -1.9949
v -5.7447 7.2357 -1.9872
v -5.7863 7.2836 -1.9651
v -6.5849 8.3387 -0.9310
v -6.6125 8.3777 -0.8839
v -6.6310 8.4092 -0.8275
v -6.6394 8.4317 -0.7647
v -6.6373 8.4438 -0.6987
v -6.6247 8.4452 -0.6327
v -6.6023 8.4356 -0.5701
v -6.2341 8.1751 -0.0130
v -6.1959 8.1457 0.0338
v -6.1526 8.1084 0.0689
v -6.1061 8.0649 0.0907
v -6.0590 8.0176 0.0979
v -6.0136 7.9687 0.0902
v -5.9721 7.9208 0.0680
v -5.1735 6.8657 -0.9660
v -5.1458 6.8267 -1.0132
v -5.1273 6.7951 -1.0695
v -5.1189 6.7727 -1.1323
v -5.1210 6.7605 -1.1983
v -5.1336 6.7592 -1.2643
v -5.1560 6.7687 -1.3269
v -5.7174 6.8768 -1.8724
v -5.7572 6.9067 -1.9174
v -5.8021 6.9442 -1.9505
v -5.8498 6.9873 -1.9699
v -5.8980 7.0339 -1.9747
v -5.9441 7.0817 -1.9646
v -5.9859 7.1283 -1.9402
v -6.7830 8.1478 -0.8516
v -6.8102 8.1851 -0.8028
v -6.8278 8.2148 -0.7451
v -6.8351 8.2354 -0.6816
v -6.8315 8.2459 -0.6154
v -6.8173 8.2457 -0.5497
v -6.7932 8.2349 -0.4879
v -6.4067 7.9668 0.0529
v -6.3669 7.9368 0.0980
v -6.3220 7.8994 0.1311
v -6.2743 7.8563 0.1505
v -6.2261 7.8096 0.1553
v -6.1800 7.7618 0.1452
v -6.1382 7.7153 0.1207
v -5.3411 6.6957 -0.9678
v -5.3139 6.6585 -1.0167
v -5.2963 6.6288 -1.0743
v -5.2890 6.6082 -1.1378
v -5.2926 6.5977 -1.2041
v -5.3068 6.5978 -1.2697
v -5.3309 6.6086 -1.3315
v -5.9081 6.7198 -1.8599
v -5.9496 6.7501 -1.9031
v -5.9959 6.7876 -1.9341
v -6.0449 6.8303 -1.9512
v -6.0939 6.8761 -1.9536
v -6.1406 6.9228 -1.9411
v -6.1826 6.9679 -1.9145
v -6.9759 7.9508 -0.7725
v -7.0025 7.9863 -0.7221
v -7.0193 8.0142 -0.6633
v -7.0253 8.0330 -0.5991
v -7.0202 8.0418 -0.5327
v -7.0044 8.0403 -0.4674
v -6.9786 8.0283 -0.4065
v -6.5740 7.7536 0.1175
v -6.5325 7.7232 0.1608
v -6.4861 7.6858 0.1917
v -6.4372 7.6431 0.2088
v -6.3881 7.5972 0.2112
v -6.3414 7.5506 0.1988
v -6.2994 7.5054 0.1721
v -5.5062 6.5225 -0.9699
v -5.4796 6.4870 -1.0203
v -5.4628 6.4591 -1.0791
v -5.4568 6.4403 -1.1433
v -5.4618 6.4315 -1.2097
v -5.4777 6.4331 -1.2750
v -5.5035 6.4450 -1.3358
v -6.0960 6.5582 -1.8465
v -6.1391 6.5889 -1.8880
v -6.1869 6.6262 -1.9168
v -6.2370 6.6685 -1.9316
v -6.2869 6.7134 -1.9316
v -6.3341 6.7589 -1.9168
v -6.3763 6.8025 -1.8880
v -7.1634 7.7479 -0.6940
v -7.1894 7.7817 -0.6420
v -7.2052 7.8077 -0.5821
v -7.2099 7.8248 -0.5173
v -7.2034 7.8321 -0.4509
v -7.1859 7.8291 -0.3861
v -7.1583 7.8162 -0.3262
v -6.7359 7.5358 0.1805
v -6.6928 7.5052 0.2220
v -6.6450 7.4678 0.2508
v -6.5949 7.4256 0.2656
v -6.5450 7.3806 0.2656
v -6.4978 7.3352 0.2508
v -6.4557 7.2915 0.2220
v -5.6685 6.3461 -0.9720
v -5.6425 6.3124 -1.0240
v -5.6268 6.2863 -1.0839
v -5.6220 6.2693 -1.1487
v -5.6286 6.2620 -1.2151
v -5.6461 6.2649 -1.2799
v -5.6736 6.2779 -1.3398
v -6.2810 6.3923 -1.8324
v -6.3257 6.4231 -1.8720
v -6.3748 6.4603 -1.8987
v -6.4260 6.5019 -1.9112
v -6.4767 6.5459 -1.9089
v -6.5244 6.5901 -1.8918
v -6.5665 6.6323 -1.8609
v -7.3454 7.5394 -0.6163
v -7.3707 7.5713 -0.5629
v -7.3854 7.5956 -0.5020
v -7.3888 7.6110 -0.4367
v -7.3808 7.6167 -0.3703
v -7.3616 7.6125 -0.3060
v -7.3323 7.5986 -0.2472
v -6.8924 7.3138 0.2418
v -6.8477 7.2830 0.2814
v -6.7985 7.2458 0.3081
v -6.7473 7.2042 0.3206
v -6.6966 7.1602 0.3183
v -6.6490 7.1160 0.3012
v -6.6068 7.0738 0.2703
v -5.8280 6.1667 -0.9743
v -5.8027 6.1348 -1.0277
v -5.7880 6.1105 -1.0886
v -5.7846 6.0951 -1.1539
v -5.7926 6.0893 -1.2203
v -5.8118 6.0935 -1.2846
v -5.8410 6.1075 -1.3434
v -6.4627 6.2218 -1.8176
v -6.5089 6.2528 -1.8553
v -6.5594 6.2896 -1.8799
v -6.6117 6.3306 -1.8901
v -6.6631 6.3736 -1.8854
v -6.7111 6.4165 -1.8661
v -6.7532 6.4571 -1.8331
v -7.5218 7.3253 -0.5397
v -7.5463 7.3555 -0.4850
v -7.5599 7.3780 -0.4232
v -7.5620 7.3918 -0.3574
v -7.5523 7.3961 -0.2911
v -7.5315 7.3907 -0.2274
v -7.5005 7.3760 -0.1697
v -7.0434 7.0878 0.3013
v -6.9972 7.0569 0.3390
v -6.9467 7.0200 0.3636
v -6.8945 6.9791 0.3738
v -6.8431 6.9361 0.3691
v -6.7951 6.8932 0.3498
v -6.7530 6.8526 0.3168
v -5.9844 5.9844 -0.9766
v -5.9599 5.9542 -1.0313
v -5.9462 5.9317 -1.0931
v -5.9442 5.9179 -1.1588
v -5.9538 5.9136 -1.2252
v -5.9746 5.9190 -1.2888
v -6.0056 5.9337 -1.3466
v -6.6410 6.0471 -1.8020
v -6.6887 6.0780 -1.8378
v -6.7404 6.1145 -1.8603
v -6.7937 6.1547 -1.8683
v -6.8457 6.1966 -1.8613
v -6.8940 6.2381 -1.8398
v -6.9360 6.2772 -1.8049
v -7.6924 7.1060 -0.4644
v -7.7161 7.1344 -0.4084
v -7.7285 7.1553 -0.3458
v -7.7292 7.1675 -0.2797
v -7.7180 7.1705 -0.2135
v -7.6955 7.1640 -0.1506
v -7.6628 7.1485 -0.0940
v -7.1889 6.8582 0.3587
v -7.1413 6.8273 0.3946
v -7.0895 6.7908 0.4170
v -7.0363 6.7506 0.4250
v -6.9842 6.7087 0.4181
v -6.9360 6.6672 0.3966
v -6.8940 6.6281 0.3616
v -6.1376 5.7993 -0.9788
v -6.1139 5.7708 -1.0349
v -6.1014 5.7500 -1.0975
v -6.1007 5.7378 -1.1635
v -6.1120 5.7348 -1.2297
v -6.1345 5.7412 -1.2927
v -6.1671 5.7568 -1.3493
v -6.8156 5.8680 -1.7858
v -6.8647 5.8988 -1.8197
v -6.9176 5.9348 -1.8401
v -6.9718 5.9741 -1.8458
v -7.0244 6.0149 -1.8367
v -7.0728 6.0550 -1.8131
v -7.1147 6.0925 -1.7762
v -7.8571 6.8817 -0.3907
v -7.8799 6.9084 -0.3334
v -7.8912 6.9276 -0.2701
v -7.8905 6.9384 -0.2037
v -7.8777 6.9401 -0.1378
v -7.8535 6.9327 -0.0756
v -7.8192 6.9165 -0.0201
v -7.3289 6.6252 0.4141
v -7.2798 6.5944 0.4481
v -7.2269 6.5584 0.4684
v -7.1728 6.5190 0.4742
v -7.1201 6.4783 0.4650
v -7.0717 6.4382 0.4414
v -7.0298 6.4007 0.4046
v -6.2874 5.6115 -0.9810
v -6.2646 5.5847 -1.0382
v -6.2533 5.5655 -1.1016
v -6.2540 5.5548 -1.1679
v -6.2668 5.5531 -1.2338
v -6.2910 5.5605 -1.2961
v -6.3254 5.5766 -1.3515
v -6.9862 5.6846 -1.7690
v -7.0367 5.7152 -1.8011
v -7.0908 5.7506 -1.8193
v -7.1458 5.7890 -1.8229
v -7.1989 5.8286 -1.8116
v -7.2474 5.8672 -1.7860
v -7.2891 5.9031 -1.7473
v -8.0159 6.6527 -0.3186
v -8.0378 6.6777 -0.2602
v -8.0479 6.6954 -0.1962
v -8.0457 6.7047 -0.1297
v -8.0313 6.7052 -0.0641
v -8.0055 6.6969 -0.0026
v -7.9695 6.6802 0.0516
v -7.4634 6.3891 0.4674
v -7.4129 6.3585 0.4994
v -7.3588 6.3231 0.5177
v -7.3039 6.2846 0.5213
v -7.2507 6.2451 0.5100
v -7.2022 6.2064 0.4843
v -7.1606 6.1706 0.4457
v -6.4337 5.4210 -0.9830
v -6.4118 5.3959 -1.0414
v -6.4017 5.3783 -1.1054
v -6.4039 5.3690 -1.1719
v -6.4183 5.3684 -1.2375
v -6.4441 5.3767 -1.2990
v -6.4801 5.3934 -1.3532
v -7.1526 5.4970 -1.7517
v -7.2044 5.5273 -1.7819
v -7.2596 5.5620 -1.7981
v -7.3154 5.5994 -1.7995
v -7.3689 5.6377 -1.7861
v -7.4176 5.6749 -1.7585
v -7.4589 5.7092 -1.7181
v -8.1687 6.4192 -0.2484
v -8.1896 6.4426 -0.1890
v -8.1985 6.4587 -0.1244
v -8.1948 6.4667 -0.0578
v -8.1789 6.4662 0.0075
v -8.1514 6.4571 0.0681
v -8.1138 6.4400 0.1211
v -7.5924 6.1501 0.5184
v -7.5405 6.1199 0.5486
v -7.4854 6.0851 0.5648
v -7.4296 6.0477 0.5662
v -7.3760 6.0094 0.5528
v -7.3274 5.9722 0.5252
v -7.2861 5.9380 0.4848
v -6.5762 5.2280 -0.9849
v -6.5553 5.2045 -1.0443
v -6.5465 5.1884 -1.1089
v -6.5501 5.1804 -1.1755
v -6.5661 5.1810 -1.2408
v -6.5935 5.1900 -1.3014
v -6.6312 5.2071 -1.3544
v -7.3146 5.3053 -1.7339
v -7.3677 5.3351 -1.7623
v -7.4239 5.3691 -1.7765
v -7.4803 5.4055 -1.7758
v -7.5343 5.4424 -1.7604
v -7.5829 5.4781 -1.7309
v -7.6239 5.5108 -1.6889
v -8.3154 6.1815 -0.1802
v -8.3353 6.2033 -0.1199
v -8.3429 6.2180 -0.0548
v -8.3378 6.2247 0.0119
v -8.3203 6.2232 0.0767
v -8.2912 6.2135 0.1365
v -8.2520 6.1961 0.1882
v -7.7157 5.9087 0.5671
v -7.6626 5.8788 0.5955
v -7.6064 5.8449 0.6097
v -7.5500 5.8085 0.6091
v -7.4960 5.7715 0.5936
v -7.4473 5.7359 0.5641
v -7.4064 5.7032 0.5221
v -6.7149 5.0325 -0.9866
v -6.6950 5.0106 -1.0469
v -6.6874 4.9960 -1.1120
v -6.6925 4.9892 -1.1787
v -6.7100 4.9907 -1.2435
v -6.7391 5.0005 -1.3033
v -6.7783 5.0179 -1.3550
v -7.4719 5.1095 -1.7158
v -7.5262 5.1388 -1.7423
v -7.5834 5.1720 -1.7546
v -7.6405 5.2072 -1.7519
v -7.6947 5.2428 -1.7345
v -7.7434 5.2769 -1.7032
v -7.7840 5.3080 -1.6596
v -8.4559 5.9398 -0.1141
v -8.4748 5.9602 -0.0529
v -8.4811 5.9735 0.0126
v -8.4746 5.9790 0.0792
v -8.4555 5.9767 0.1436
v -8.4248 5.9664 0.2025
v -8.3841 5.9488 0.2529
v -7.8335 5.6649 0.6136
v -7.7792 5.6356 0.6401
v -7.7221 5.6025 0.6524
v -7.6649 5.5673 0.6497
v -7.6107 5.5317 0.6323
v -7.5620 5.4975 0.6010
v -7.5214 5.4665 0.5574
v -6.8495 4.8346 -0.9881
v -6.8306 4.8143 -1.0493
v -6.8243 4.8010 -1.1148
v -6.8308 4.7954 -1.1814
v -6.8499 4.7978 -1.2458
v -6.8806 4.8080 -1.3047
v -6.9213 4.8256 -1.3551
v -7.6243 4.9098 -1.6974
v -7.6798 4.9385 -1.7221
v -7.7378 4.9706 -1.7324
v -7.7956 5.0047 -1.7278
v -7.8501 5.0388 -1.7085
v -7.8987 5.0715 -1.6755
v -7.9388 5.1009 -1.6304
v -8.5902 5.6946 -0.0503
v -8.6080 5.7134 0.0117
v -8.6131 5.7254 0.0776
v -8.6051 5.7299 0.1441
v -8.5845 5.7267 0.2080
v -8.5522 5.7161 0.2659
v -8.5100 5.6984 0.3151
v -7.9458 5.4191 0.6578
v -7.8903 5.3904 0.6825
v -7.8322 5.3583 0.6928
v -7.7745 5.3242 0.6882
v -7.7199 5.2901 0.6689
v -7.6714 5.2574 0.6359
v -7.6312 5.2280 0.5908
v -6.9799 4.6343 -0.9893
v -6.9620 4.6155 -1.0513
v -6.9570 4.6035 -1.1172
v -6.9649 4.5990 -1.1837
v -6.9856 4.6022 -1.2476
v -7.0178 4.6128 -1.3055
v -7.0600 4.6305 -1.3547
v -7.7716 4.7061 -1.6788
v -7.8282 4.7341 -1.7017
v -7.8871 4.7653 -1.7102
v -7.9454 4.7980 -1.7037
v -8.0001 4.8308 -1.6826
v -8.0486 4.8618 -1.6479
v -8.0883 4.8897 -1.6014
v -8.7182 5.4459 0.0112
v -8.7350 5.4633 0.0739
v -8.7388 5.4740 0.1401
v -8.7294 5.4776 0.2065
v -8.7072 5.4738 0.2698
v -8.6735 5.4628 0.3269
v -8.6298 5.4451 0.3747
v -8.0524 5.1716 0.6997
v -7.9958 5.1436 0.7227
v -7.9369 5.1124 0.7311
v -7.8786 5.0797 0.7246
v -7.8239 5.0469 0.7035
v -7.7754 5.0159 0.6688
v -7.7357 4.9880 0.6223
v -7.1059 4.4318 -0.9903
v -7.0890 4.4144 -1.0529
v -7.0852 4.4037 -1.1191
v -7.0946 4.4001 -1.1856
v -7.1168 4.4039 -1.2489
v -7.1506 4.4149 -1.3059
v -7.1942 4.4326 -1.3538
v -7.9136 4.4987 -1.6601
v -7.9713 4.5259 -1.6813
v -8.0310 4.5559 -1.6879
v -8.0897 4.5874 -1.6796
v -8.1446 4.6187 -1.6567
v -8.1929 4.6482 -1.6205
v -8.2321 4.6744 -1.5727
v -8.8398 5.1940 0.0704
v -8.8556 5.2101 0.1337
v -8.8581 5.2197 0.2001
v -8.8473 5.2224 0.2663
v -8.8237 5.2180 0.3291
v -8.7884 5.2068 0.3852
v -8.7433 5.1893 0.4318
v -8.1535 4.9225 0.7394
v -8.0958 4.8953 0.7607
v -8.0361 4.8652 0.7673
v -7.9773 4.8338 0.7590
v -7.9224 4.8025 0.7361
v -7.8742 4.7730 0.6999
v -7.8350 4.7467 0.6521
v -7.2272 4.2271 -0.9910
v -7.2115 4.2111 -1.0543
v -7.2089 4.2014 -1.1207
v -7.2198 4.1988 -1.1870
v -7.2434 4.2032 -1.2497
v -7.2786 4.2144 -1.3058
v -7.3237 4.2319 -1.3524
v -8.0501 4.2876 -1.6413
v -8.1088 4.3139 -1.6609
v -8.1692 4.3428 -1.6657
v -8.2284 4.3729 -1.6557
v -8.2834 4.4026 -1.6311
v -8.3315 4.4306 -1.5934
v -8.3702 4.4553 -1.5444
v -8.9552 4.9394 0.1271
v -8.9699 4.9541 0.1909
v -8.9711 4.9627 0.2575
v -8.9589 4.9646 0.3236
v -8.9339 4.9597 0.3857
v -8.8972 4.9484 0.4408
v -8.8507 4.9311 0.4862
v -8.2489 4.6720 0.7769
v -8.1903 4.6457 0.7965
v -8.1298 4.6168 0.8013
v -8.0706 4.5867 0.7913
v -8.0156 4.5570 0.7667
v -7.9676 4.5291 0.7290
v -7.9289 4.5043 0.6800
v -7.3439 4.0203 -0.9915
v -7.3292 4.0055 -1.0553
v -7.3279 3.9970 -1.1219
v -7.3401 3.9951 -1.1880
v -7.3652 3.9999 -1.2501
v -7.4018 4.0113 -1.3052
v -7.4483 4.0285 -1.3506
v -8.1809 4.0729 -1.6226
v -8.2405 4.0982 -1.6405
v -8.3016 4.1259 -1.6437
v -8.3612 4.1546 -1.6319
v -8.4163 4.1828 -1.6058
v -8.4641 4.2092 -1.5667
v -8.5023 4.2324 -1.5165
v -9.0641 4.6820 0.1813
v -9.0777 4.6956 0.2457
v -9.0778 4.7031 0.3124
v -9.0642 4.7043 0.3782
v -9.0378 4.6991 0.4397
v -8.9997 4.6878 0.4939
v -8.9519 4.6709 0.5380
v -8.3388 4.4205 0.8122
v -8.2792 4.3952 0.8301
v -8.2181 4.3675 0.8333
v -8.1585 4.3388 0.8216
v -8.1034 4.3106 0.7955
v -8.0556 4.2842 0.7563
v -8.0174 4.2610 0.7061
v -7.4556 3.8114 -0.9916
v -7.4420 3.7978 -1.0560
v -7.4419 3.7903 -1.1228
v -7.4555 3.7891 -1.1886
v -7.4820 3.7943 -1.2501
v -7.5200 3.8056 -1.3042
v -7.5678 3.8225 -1.3484
v -8.3058 3.8548 -1.6039
v -8.3663 3.8791 -1.6203
v -8.4281 3.9055 -1.6219
v -8.4880 3.9327 -1.6085
v -8.5431 3.9594 -1.5809
v -8.5907 3.9842 -1.5405
v -8.6283 4.0059 -1.4892
v -9.1666 4.4224 0.2330
v -9.1792 4.4347 0.2979
v -9.1780 4.4414 0.3647
v -9.1632 4.4420 0.4302
v -9.1353 4.4366 0.4911
v -9.0959 4.4253 0.5443
v -9.0469 4.4088 0.5872
v -8.4231 4.1680 0.8454
v -8.3626 4.1438 0.8618
v -8.3009 4.1173 0.8633
v -8.2409 4.0901 0.8500
v -8.1858 4.0634 0.8224
v -8.1382 4.0386 0.7819
v -8.1007 4.0169 0.7306
v -7.5623 3.6005 -0.9916
v -7.5497 3.5881 -1.0564
v -7.5509 3.5815 -1.1232
v -7.5658 3.5808 -1.1888
v -7.5936 3.5863 -1.2496
v -7.6330 3.5975 -1.3029
v -7.6820 3.6140 -1.3458
v -8.4247 3.6334 -1.5855
v -8.4860 3.6566 -1.6004
v -8.5483 3.6817 -1.6004
v -8.6086 3.7074 -1.5855
v -8.6637 3.7325 -1.5565
v -8.7110 3.7558 -1.5148
v -8.7480 3.7760 -1.4625
v -9.2627 4.1605 0.2823
v -9.2743 4.1718 0.3475
v -9.2719 4.1777 0.4144
v -9.2557 4.1778 0.4796
v -9.2266 4.1722 0.5399
v -9.1859 4.1611 0.5922
v -9.1357 4.1452 0.6339
v -8.5018 3.9148 0.8765
v -8.4405 3.8917 0.8914
v -8.3781 3.8666 0.8914
v -8.3179 3.8409 0.8765
v -8.2628 3.8157 0.8475
v -8.2155 3.7925 0.8058
v -8.1785 3.7723 0.7535
v -7.6638 3.3877 -0.9913
v -7.6522 3.3765 -1.0565
v -7.6546 3.3706 -1.1234
v -7.6708 3.3705 -1.1886
v -7.6999 3.3761 -1.2489
v -7.7406 3.3871 -1.3011
v -7.7908 3.4031 -1.3428
v -8.5374 3.4089 -1.5674
v -8.5995 3.4309 -1.5808
v -8.6623 3.4546 -1.5793
v -8.7228 3.4788 -1.5630
v -8.7779 3.5023 -1.5326
v -8.8248 3.5241 -1.4897
v -8.8613 3.5428 -1.4365
v -9.3523 3.8968 0.3292
v -9.3629 3.9071 0.3947
v -9.3593 3.9122 0.4616
v -9.3419 3.9119 0.5265
v -9.3115 3.9063 0.5861
v -9.2695 3.8955 0.6375
v -9.2182 3.8802 0.6780
v -8.5748 3.6611 0.9057
v -8.5128 3.6392 0.9192
v -8.4499 3.6155 0.9177
v -8.3894 3.5912 0.9013
v -8.3344 3.5677 0.8710
v -8.2874 3.5460 0.8281
v -8.2510 3.5272 0.7748
v -7.7599 3.1732 -0.9908
v -7.7494 3.1629 -1.0563
v -7.7529 3.1578 -1.1232
v -7.7703 3.1581 -1.1881
v -7.8008 3.1637 -1.2477
v -7.8427 3.1745 -1.2991
v -7.8940 3.1898 -1.3396
v -8.6438 3.1814 -1.5496
v -8.7065 3.2021 -1.5616
v -8.7699 3.2243 -1.5587
v -8.8305 3.2470 -1.5409
v -8.8856 3.2690 -1.5093
v -8.9322 3.2892 -1.4653
v -8.9680 3.3066 -1.4112
v -9.4355 3.6315 0.3736
v -9.4450 3.6408 0.4394
v -9.4404 3.6452 0.5063
v -9.4217 3.6447 0.5708
v -9.3901 3.6390 0.6298
v -9.3469 3.6287 0.6802
v -9.2945 3.6140 0.7196
v -8.6423 3.4070 0.9330
v -8.5795 3.3863 0.9451
v -8.5162 3.3640 0.9421
v -8.4555 3.3414 0.9244
v -8.4005 3.3194 0.8928
v -8.3539 3.2992 0.8488
v -8.3181 3.2818 0.7947
v -7.8506 2.9569 -0.9901
v -7.8411 2.9476 -1.0559
v -7.8457 2.9431 -1.1228
v -7.8643 2.9437 -1.1873
v -7.8960 2.9493 -1.2463
v -7.9391 2.9597 -1.2968
v -7.9915 2.9743 -1.3362
v -8.7436 2.9510 -1.5321
v -8.8071 2.9704 -1.5428
v -8.8708 2.9912 -1.5385
v -8.9317 3.0123 -1.5195
v -8.9866 3.0327 -1.4867
v -9.0328 3.0514 -1.4417
v -9.0681 3.0674 -1.3868
v -9.5121 3.3646 0.4156
v -9.5207 3.3731 0.4817
v -9.5149 3.3770 0.5485
v -9.4951 3.3762 0.6127
v -9.4623 3.3707 0.6710
v -9.4181 3.3608 0.7206
v -9.3646 3.3470 0.7589
v -8.7042 3.1527 0.9585
v -8.6407 3.1333 0.9692
v -8.5770 3.1125 0.9649
v -8.5161 3.0914 0.9459
v -8.4612 3.0710 0.9131
v -8.4150 3.0523 0.8681
v -8.3797 3.0363 0.8131
v -7.9357 2.7390 -0.9892
v -7.9271 2.7306 -1.0553
v -7.9329 2.7267 -1.1221
v -7.9527 2.7275 -1.1863
v -7.9855 2.7330 -1.2446
v -8.0298 2.7429 -1.2942
v -8.0832 2.7567 -1.3325
v -8.8369 2.7180 -1.5151
v -8.9009 2.7360 -1.5246
v -8.9650 2.7553 -1.5190
v -9.0260 2.7748 -1.4987
v -9.0808 2.7937 -1.4648
v -9.1267 2.8109 -1.4188
v -9.1614 2.8255 -1.3631
v -9.5823 3.0966 0.4552
v -9.5899 3.1042 0.5215
v -9.5831 3.1076 0.5883
v -9.5622 3.1067 0.6521
v -9.5282 3.1014 0.7098
v -9.4829 3.0921 0.7586
v -9.4285 3.0791 0.7958
v -8.7604 2.8983 0.9823
v -8.6964 2.8802 0.9917
v -8.6323 2.8610 0.9861
v -8.5713 2.8414 0.9659
v -8.5165 2.8226 0.9319
v -8.4706 2.8054 0.8859
v -8.4360 2.7907 0.8303
v -8.0151 2.5197 -0.9881
v -8.0074 2.5120 -1.0544
v -8.0143 2.5086 -1.1212
v -8.0352 2.5096 -1.1850
v -8.0691 2.5149 -1.2427
v -8.1144 2.5242 -1.2914
v -8.1688 2.5371 -1.3287
v -8.9235 2.4825 -1.4986
v -8.9880 2.4991 -1.5069
v -9.0525 2.5168 -1.5001
v -9.1136 2.5348 -1.4786
v -9.1682 2.5520 -1.4436
v -9.2137 2.5677 -1.3967
v -9.2478 2.5811 -1.3404
v -9.6459 2.8275 0.4926
v -9.6526 2.8344 0.5591
v -9.6447 2.8374 0.6258
v -9.6228 2.8364 0.6892
v -9.5877 2.8314 0.7464
v -9.5414 2.8227 0.7942
v -9.4862 2.8107 0.8305
v -8.8111 2.6439 1.0044
v -8.7465 2.6273 1.0126
v -8.6821 2.6096 1.0058
v -8.6210 2.5916 0.9844
v -8.5663 2.5744 0.9493
v -8.5208 2.5587 0.9025
v -8.4868 2.5453 0.8461
v -8.0886 2.2989 -0.9869
v -8.0819 2.2920 -1.0534
v -8.0898 2.2890 -1.1200
v -8.1118 2.2900 -1.1835
v -8.1468 2.2950 -1.2406
v -8.1931 2.3037 -1.2885
v -8.2484 2.3157 -1.3248
v -9.0032 2.2447 -1.4827
v -9.0683 2.2598 -1.4897
v -9.1330 2.2760 -1.4818
v -9.1941 2.2923 -1.4593
v -9.2486 2.3080 -1.4232
v -9.2937 2.3223 -1.3756
v -9.3272 2.3344 -1.3186
v -9.7030 2.5576 0.5278
v -9.7088 2.5638 0.5944
v -9.7000 2.5665 0.6610
v -9.6770 2.5655 0.7241
v -9.6409 2.5609 0.7806
v -9.5937 2.5529 0.8277
v -9.5376 2.5419 0.8630
v -8.8561 2.3897 1.0249
v -8.7910 2.3746 1.0320
v -8.7263 2.3585 1.0240
v -8.6652 2.3421 1.0015
v -8.6107 2.3265 0.9655
v -8.5656 2.3122 0.9178
v -8.5321 2.3000 0.8608
v -8.1563 2.0768 -0.9856
v -8.1505 2.0706 -1.0522
v -8.1593 2.0680 -1.1188
v -8.1823 2.0690 -1.1819
v -8.2184 2.0736 -1.2384
v -8.2656 2.0815 -1.2855
v -8.3217 2.0925 -1.3208
v -9.0760 2.0048 -1.4673
v -9.1415 2.0184 -1.4733
v -9.2065 2.0329 -1.4642
v -9.2677 2.0476 -1.4407
v -9.3220 2.0618 -1.4037
v -9.3667 2.0746 -1.3552
v -9.3995 2.0856 -1.2977
v -9.7536 2.2871 0.5608
v -9.7585 2.2926 0.6276
v -9.7487 2.2950 0.6940
v -9.7248 2.2941 0.7568
v -9.6878 2.2900 0.8127
v -9.6397 2.2828 0.8590
v -9.5828 2.2730 0.8934
v -8.8955 2.1359 1.0439
v -8.8300 2.1223 1.0499
v -8.7650 2.1077 1.0409
v -8.7039 2.0930 1.0173
v -8.6496 2.0789 0.9804
v -8.6049 2.0661 0.9319
v -8.5720 2.0551 0.8744
v -8.2180 1.8536 -0.9842
v -8.2130 1.8480 -1.0509
v -8.2228 1.8456 -1.1173
v -8.2468 1.8465 -1.1801
v -8.2837 1.8507 -1.2360
v -8.3319 1.8579 -1.2823
v -8.3888 1.8677 -1.3167
v -9.1419 1.7629 -1.4525
v -9.2078 1.7750 -1.4574
v -9.2729 1.7879 -1.4474
v -9.3341 1.8010 -1.4228
v -9.3882 1.8136 -1.3850
v -9.4325 1.8250 -1.3358
v -9.4648 1.8348 -1.2777
v -9.7976 2.0160 0.5918
v -9.8017 2.0211 0.6586
v -9.7910 2.0233 0.7249
v -9.7662 2.0225 0.7873
v -9.7283 2.0189 0.8427
v -9.6793 2.0126 0.8883
v -9.6217 2.0039 0.9217
v -8.9293 1.8825 1.0616
v -8.8634 1.8704 1.0665
v -8.7982 1.8575 1.0565
v -8.7371 1.8444 1.0319
v -8.6830 1.8319 0.9941
v -8.6387 1.8204 0.9449
v -8.6064 1.8106 0.8869
v -8.2736 1.6294 -0.9827
v -8.2695 1.6244 -1.0495
v -8.2801 1.6222 -1.1158
v -8.3050 1.6229 -1.1782
v -8.3429 1.6265 -1.2336
v -8.3918 1.6328 -1.2792
v -8.4494 1.6415 -1.3126
v -9.2007 1.5194 -1.4383
v -9.2669 1.5299 -1.4423
v -9.3322 1.5411 -1.4313
v -9.3934 1.5526 -1.4058
v -9.4472 1.5636 -1.3672
v -9.4911 1.5737 -1.3173
v -9.5228 1.5823 -1.2588
v -9.8351 1.7448 0.6207
v -9.8384 1.7493 0.6877
v -9.8269 1.7513 0.7538
v -9.8011 1.7509 0.8159
v -9.7624 1.7478 0.8707
v -9.7127 1.7425 0.9156
v -9.6545 1.7349 0.9482
v -8.9574 1.6296 1.0779
v -8.8912 1.6191 1.0819
v -8.8259 1.6079 1.0709
v -8.7648 1.5964 1.0454
v -8.7109 1.5854 1.0068
v -8.6670 1.5753 0.9570
v -8.6353 1.5667 0.8984
v -8.3231 1.4042 -0.9811
v -8.3197 1.3997 -1.0481
v -8.3313 1.3976 -1.1142
v -8.3570 1.3981 -1.1763
v -8.3957 1.4011 -1.2311
v -8.4454 1.4065 -1.2759
v -8.5036 1.4140 -1.3086
v -9.2524 1.2743 -1.4247
v -9.3189 1.2832 -1.4278
v -9.3843 1.2928 -1.4159
v -9.4454 1.3025 -1.3896
v -9.4990 1.3120 -1.3502
v -9.5424 1.3208 -1.2998
v -9.5736 1.3283 -1.2407
v -9.8660 1.4734 0.6478
v -9.8686 1.4774 0.7148
v -9.8562 1.4794 0.7808
v -9.8297 1.4793 0.8425
v -9.7902 1.4769 0.8968
v -9.7398 1.4725 0.9410
v -9.6810 1.4662 0.9728
v -8.9800 1.3774 1.0930
v -8.9134 1.3685 1.0961
v -8.8480 1.3589 1.0842
v -8.7870 1.3491 1.0579
v -8.7334 1.3396 1.0185
v -8.6899 1.3309 0.9680
v -8.6587 1.3233 0.9090
v -8.3664 1.1783 -0.9795
v -8.3638 1.1742 -1.0465
v -8.3761 1.1722 -1.1125
v -8.4027 1.1724 -1.1742
v -8.4421 1.1748 -1.2286
v -8.4925 1.1792 -1.2727
v -8.5514 1.1854 -1.3046
v -9.2970 1.0279 -1.4118
v -9.3637 1.0351 -1.4141
v -9.4292 1.0430 -1.4013
v -9.4901 1.0512 -1.3742
v -9.5435 1.0592 -1.3342
v -9.5865 1.0666 -1.2831
v -9.6171 1.0730 -1.2237
v -9.8904 1.2020 0.6730
v -9.8922 1.2057 0.7400
v -9.8791 1.2077 0.8059
v -9.8518 1.2079 0.8673
v -9.8117 1.2062 0.9211
v -9.7606 1.2029 0.9646
v -9.7013 1.1979 0.9957
v -8.9968 1.1259 1.1069
v -8.9301 1.1186 1.1091
v -8.8646 1.1107 1.0964
v -8.8037 1.1026 1.0693
v -8.7503 1.0946 1.0292
v -8.7073 1.0872 0.9782
v -8.6767 1.0807 0.9187
v -8.4034 0.9518 -0.9779
v -8.4016 0.9481 -1.0450
v -8.4146 0.9461 -1.1108
v -8.4420 0.9459 -1.1722
v -8.4821 0.9475 -1.2260
v -8.5332 0.9509 -1.2696
v -8.5925 0.9558 -1.3007
v -9.3343 0.7803 -1.3996
v -9.4013 0.7859 -1.4010
v -9.4668 0.7921 -1.3875
v -9.5276 0.7986 -1.3596
v -9.5806 0.8051 -1.3189
v -9.6233 0.8112 -1.2674
v -9.6533 0.8167 -1.2076
v -9.9082 0.9309 0.6964
v -9.9093 0.9342 0.7635
v -9.8956 0.9363 0.8292
v -9.8676 0.9369 0.8903
v -9.8267 0.9360 0.9436
v -9.7751 0.9337 0.9866
v -9.7153 0.9301 1.0170
v -9.0081 0.8752 1.1197
v -8.9411 0.8697 1.1211
v -8.8756 0.8634 1.1076
v -8.8148 0.8569 1.0798
v -8.7618 0.8505 1.0391
v -8.7191 0.8444 0.9875
v -8.6891 0.8389 0.9277
v -8.4342 0.7247 -0.9763
v -8.4331 0.7214 -1.0434
v -8.4468 0.7193 -1.1091
v -8.4748 0.7187 -1.1702
v -8.5157 0.7196 -1.2235
v -8.5673 0.7219 -1.2664
v -8.6271 0.7255 -1.2968
v -9.3645 0.5319 -1.3880
v -9.4316 0.5358 -1.3887
v -9.4971 0.5403 -1.3744
v -9.5577 0.5452 -1.3459
v -9.6104 0.5502 -1.3046
v -9.6526 0.5550 -1.2525
v -9.6822 0.5595 -1.1924
v -9.9195 0.6601 0.7182
v -9.9200 0.6632 0.7853
v -9.9055 0.6653 0.8509
v -9.8769 0.6664 0.9117
v -9.8355 0.6663 0.9646
v -9.7834 0.6652 1.0069
v -9.7232 0.6630 1.0367
v -9.0137 0.6255 1.1315
v -8.9466 0.6216 1.1322
v -8.8811 0.6171 1.1179
v -8.8205 0.6123 1.0894
v -8.7677 0.6073 1.0481
v -8.7255 0.6024 0.9961
v -8.6960 0.5980 0.9359
v -8.4587 0.4973 -0.9747
v -8.4582 0.4942 -1.0418
v -8.4726 0.4921 -1.1074
v -8.5013 0.4911 -1.1681
v -8.5427 0.4911 -1.2210
v -8.5948 0.4922 -1.2634
v -8.6550 0.4944 -1.2931
v -9.3874 0.2827 -1.3770
v -9.4546 0.2850 -1.3770
v -9.5200 0.2877 -1.3621
v -9.5805 0.2910 -1.3329
v -9.6329 0.2945 -1.2911
v -9.6747 0.2981 -1.2386
v -9.7037 0.3016 -1.1781
v -9.9242 0.3899 0.7385
v -9.9241 0.3927 0.8056
v -9.9090 0.3950 0.8710
v -9.8798 0.3966 0.9315
v -9.8379 0.3974 0.9839
v -9.7853 0.3974 1.0258
v -9.7248 0.3967 1.0549
v -9.0136 0.3769 1.1424
v -8.9464 0.3747 1.1424
v -8.8810 0.3719 1.1274
v -8.8206 0.3686 1.0983
v -8.7681 0.3651 1.0564
v -8.7264 0.3615 1.0039
v -8.6973 0.3580 0.9435
v -8.4768 0.2697 -0.9731
v -8.4770 0.2669 -1.0402
v -8.4920 0.2646 -1.1057
v -8.5212 0.2630 -1.1661
v -8.5632 0.2622 -1.2186
v -8.6157 0.2622 -1.2604
v -8.6763 0.2629 -1.2895
v -9.4031 0.0331 -1.3667
v -9.4703 0.0336 -1.3661
v -9.5357 0.0347 -1.3505
v -9.5959 0.0363 -1.3207
v -9.6480 0.0383 -1.2784
v -9.6893 0.0407 -1.2255
v -9.7178 0.0433 -1.1647
v -9.9224 0.1203 0.7572
v -9.9217 0.1230 0.8243
v -9.9061 0.1254 0.8896
v -9.8763 0.1276 0.9498
v -9.8339 0.1293 1.0019
v -9.7809 0.1306 1.0432
v -9.7201 0.1312 1.0717
v -9.0079 0.1293 1.1523
v -8.9407 0.1288 1.1517
v -8.8754 0.1277 1.1361
v -8.8151 0.1261 1.1064
v -8.7631 0.1241 1.0640
v -8.7217 0.1217 1.0111
v -8.6932 0.1191 0.9504
v -8.4887 0.0421 -0.9716
v -8.4893 0.0394 -1.0387
v -8.5050 0.0370 -1.1040
v -8.5347 0.0348 -1.1642
v -8.5771 0.0331 -1.2162
v -8.6301 0.0318 -1.2576
v -8.6909 0.0312 -1.2861
v -9.4116 -0.2169 -1.3570
v -9.4788 -0.2181 -1.3558
v -9.5440 -0.2187 -1.3396
v -9.6039 -0.2188 -1.3093
v -9.6557 -0.2182 -1.2665
v -9.6966 -0.2170 -1.2132
v -9.7246 -0.2153 -1.1522
v -9.9140 -0.1484 0.7745
v -9.9128 -0.1459 0.8416
v -9.8966 -0.1433 0.9068
v -9.8664 -0.1405 0.9667
v -9.8236 -0.1378 1.0184
v -9.7703 -0.1353 1.0593
v -9.7093 -0.1331 1.0872
v -8.9965 -0.1170 1.1615
v -8.9294 -0.1158 1.1602
v -8.8642 -0.1152 1.1441
v -8.8042 -0.1151 1.1138
v -8.7524 -0.1157 1.0709
v -8.7115 -0.1169 1.0177
v -8.6835 -0.1186 0.9567
v -8.4941 -0.1855 -0.9700
v -8.4954 -0.1879 -1.0372
v -8.5115 -0.1906 -1.1023
v -8.5417 -0.1934 -1.1623
v -8.5846 -0.1961 -1.2139
v -8.6378 -0.1986 -1.2548
v -8.6989 -0.2008 -1.2828
v -9.4129 -0.4669 -1.3480
v -9.4799 -0.4699 -1.3462
v -9.5450 -0.4722 -1.3294
v -9.6047 -0.4739 -1.2987
v -9.6561 -0.4747 -1.2554
v -9.6965 -0.4747 -1.2018
v -9.7241 -0.4739 -1.1405
v -9.8991 -0.4162 0.7905
v -9.8974 -0.4138 0.8576
v -9.8808 -0.4109 0.9226
v -9.8501 -0.4075 0.9823
v -9.8069 -0.4038 1.0336
v -9.7534 -0.4000 1.0741
v -9.6922 -0.3963 1.1015
v -8.9795 -0.3620 1.1699
v -8.9124 -0.3591 1.1680
v -8.8474 -0.3567 1.1513
v -8.7877 -0.3551 1.1206
v -8.7363 -0.3543 1.0773
v -8.6958 -0.3543 1.0237
v -8.6683 -0.3551 0.9624
v -8.4933 -0.4128 -0.9686
v -8.4950 -0.4151 -1.0357
v -8.5116 -0.4181 -1.1007
v -8.5423 -0.4215 -1.1604
v -8.5854 -0.4252 -1.2117
v -8.6390 -0.4289 -1.2522
v -8.7002 -0.4326 -1.2796
v -9.4069 -0.7169 -1.3395
v -9.4739 -0.7216 -1.3372
v -9.5387 -0.7256 -1.3200
v -9.5981 -0.7289 -1.2887
v -9.6491 -0.7311 -1.2451
v -9.6891 -0.7323 -1.1911
v -9.7162 -0.7323 -1.1297
v -9.8777 -0.6829 0.8052
v -9.8755 -0.6806 0.8723
v -9.8585 -0.6773 0.9372
v -9.8274 -0.6733 0.9967
v -9.7840 -0.6686 1.0477
v -9.7302 -0.6635 1.0877
v -9.6690 -0.6583 1.1147
v -8.9569 -0.6057 1.1775
v -8.8899 -0.6010 1.1752
v -8.8251 -0.5969 1.1580
v -8.7657 -0.5937 1.1268
v -8.7147 -0.5914 1.0831
v -8.6746 -0.5903 1.0292
v -8.6475 -0.5903 0.9677
v -8.4861 -0.6397 -0.9672
v -8.4883 -0.6420 -1.0343
v -8.5053 -0.6452 -1.0992
v -8.5363 -0.6493 -1.1586
v -8.5798 -0.6540 -1.2096
v -8.6335 -0.6591 -1.2497
v -8.6948 -0.6643 -1.2767
v -9.3938 -0.9665 -1.3316
v -9.4606 -0.9729 -1.3288
v -9.5251 -0.9787 -1.3111
v -9.5842 -0.9835 -1.2795
v -9.6348 -0.9872 -1.2355
v -9.6744 -0.9895 -1.1812
v -9.7010 -0.9903 -1.1196
v -9.8498 -0.9483 0.8188
v -9.8472 -0.9461 0.8859
v -9.8297 -0.9425 0.9506
v -9.7984 -0.9377 1.0099
v -9.7547 -0.9320 1.0606
v -9.7008 -0.9256 1.1002
v -9.6395 -0.9188 1.1268
v -8.9286 -0.8478 1.1845
v -8.8618 -0.8414 1.1817
v -8.7972 -0.8356 1.1640
v -8.7381 -0.8308 1.1324
v -8.6875 -0.8271 1.0884
v -8.6479 -0.8249 1.0342
v -8.6213 -0.8241 0.9725
v -8.4726 -0.8661 -0.9659
v -8.4752 -0.8683 -1.0329
v -8.4926 -0.8718 -1.0977
v -8.5239 -0.8766 -1.1570
v -8.5676 -0.8824 -1.2076
v -8.6215 -0.8888 -1.2473
v -8.6828 -0.8955 -1.2738
v -9.3735 -1.2156 -1.3243
v -9.4401 -1.2238 -1.3210
v -9.5043 -1.2313 -1.3029
v -9.5630 -1.2377 -1.2709
v -9.6132 -1.2427 -1.2265
v -9.6524 -1.2461 -1.1721
v -9.6786 -1.2477 -1.1102
v -9.8154 -1.2123 0.8312
v -9.8124 -1.2101 0.8983
v -9.7946 -1.2062 0.9630
v -9.7630 -1.2007 1.0220
v -9.7191 -1.1939 1.0724
v -9.6652 -1.1861 1.1117
v -9.6038 -1.1778 1.1378
v -8.8946 -1.0884 1.1909
v -8.8280 -1.0802 1.1877
v -8.7638 -1.0728 1.1696
v -8.7051 -1.0663 1.1375
v -8.6549 -1.0613 1.0932
v -8.6157 -1.0579 1.0387
v -8.5895 -1.0563 0.9769
v -8.4528 -1.0917 -0.9646
v -8.4558 -1.0939 -1.0317
v -8.4735 -1.0978 -1.0963
v -8.5051 -1.1034 -1.1553
v -8.5490 -1.1102 -1.2058
v -8.6030 -1.1179 -1.2450
v -8.6643 -1.1262 -1.2712
v -9.3461 -1.4640 -1.3175
v -9.4124 -1.4739 -1.3138
v -9.4764 -1.4831 -1.2954
v -9.5347 -1.4911 -1.2630
v -9.5844 -1.4975 -1.2183
v -9.6232 -1.5019 -1.1636
v -9.6489 -1.5043 -1.1016
v -9.7745 -1.4748 0.8426
v -9.7711 -1.4726 0.9097
v -9.7531 -1.4683 0.9743
v -9.7212 -1.4620 1.0331
v -9.6772 -1.4541 1.0832
v -9.6233 -1.4450 1.1222
v -9.5620 -1.4352 1.1480
v -8.8551 -1.3273 1.1968
v -8.7887 -1.3174 1.1931
v -8.7248 -1.3082 1.1746
v -8.6665 -1.3002 1.1422
v -8.6167 -1.2938 1.0975
v -8.5780 -1.2894 1.0428
v -8.5523 -1.2870 0.9808
v -8.4267 -1.3165 -0.9634
v -8.4301 -1.3187 -1.0304
v -8.4481 -1.3230 -1.0950
v -8.4799 -1.3293 -1.1538
v -8.5239 -1.3372 -1.2040
v -8.5779 -1.3463 -1.2429
v -8.6391 -1.3562 -1.2687
v -9.3117 -1.7115 -1.3112
v -9.3777 -1.7231 -1.3072
v -9.4412 -1.7340 -1.2883
v -9.4991 -1.7436 -1.2556
v -9.5485 -1.7513 -1.2107
v -9.5867 -1.7568 -1.1557
v -9.6120 -1.7599 -1.0936
v -9.7272 -1.7356 0.8531
v -9.7235 -1.7334 0.9201
v -9.7052 -1.7287 0.9846
v -9.6732 -1.7217 1.0433
v -9.6291 -1.7127 1.0932
v -9.5752 -1.7022 1.1318
v -9.5140 -1.6907 1.1573
v -8.8099 -1.5645 1.2021
v -8.7439 -1.5528 1.1981
v -8.6803 -1.5419 1.1792
v -8.6224 -1.5324 1.1465
v -8.5731 -1.5247 1.1015
v -8.5348 -1.5191 1.0466
v -8.5095 -1.5160 0.9844
v -8.3944 -1.5403 -0.9622
v -8.3981 -1.5425 -1.0293
v -8.4164 -1.5473 -1.0937
v -8.4484 -1.5543 -1.1524
v -8.4924 -1.5633 -1.2023
v -8.5464 -1.5738 -1.2409
v -8.6075 -1.5852 -1.2664
v -9.2702 -1.9579 -1.3054
v -9.3359 -1.9713 -1.3010
v -9.3990 -1.9838 -1.2819
v -9.4565 -1.9949 -1.2489
v -9.5053 -2.0040 -1.2036
v -9.5432 -2.0106 -1.1485
v -9.5680 -2.0144 -1.0862
v -9.6734 -1.9947 0.8627
v -9.6694 -1.9924 0.9297
v -9.6509 -1.9873 0.9941
v -9.6188 -1.9794 1.0525
v -9.5747 -1.9693 1.1022
v -9.5209 -1.9575 1.1406
v -9.4599 -1.9444 1.1657
v -8.7591 -1.7997 1.2069
v -8.6934 -1.7864 1.2025
v -8.6303 -1.7738 1.1834
v -8.5728 -1.7627 1.1504
v -8.5240 -1.7537 1.1051
v -8.4861 -1.7471 1.0500
v -8.4613 -1.7433 0.9877
v -8.3559 -1.7630 -0.9612
v -8.3599 -1.7652 -1.0282
v -8.3784 -1.7704 -1.0926
v -8.4105 -1.7782 -1.1510
v -8.4546 -1.7883 -1.2007
v -8.5084 -1.8002 -1.2391
v -8.5694 -1.8132 -1.2642
v -9.2218 -2.2030 -1.3001
v -9.2871 -2.2181 -1.2954
v -9.3498 -2.2323 -1.2759
v -9.4068 -2.2449 -1.2426
v -9.4551 -2.2553 -1.1972
v -9.4925 -2.2629 -1.1419
v -9.5170 -2.2674 -1.0795
v -9.6133 -2.2518 0.8714
v -9.6090 -2.2495 0.9384
v -9.5903 -2.2439 1.0027
v -9.5582 -2.2352 1.0610
v -9.5141 -2.2240 1.1105
v -9.4604 -2.2107 1.1486
v -9.3997 -2.1961 1.1734
v -8.7027 -2.0331 1.2113
v -8.6375 -2.0180 1.2066
v -8.5747 -2.0037 1.1872
v -8.5178 -1.9911 1.1539
v -8.4694 -1.9807 1.1084
v -8.4320 -1.9731 1.0531
v -8.4076 -1.9686 0.9907
v -8.3112 -1.9843 -0.9602
v -8.3155 -1.9866 -1.0272
v -8.3342 -1.9922 -1.0914
v -8.3664 -2.0008 -1.1498
v -8.4104 -2.0121 -1.1992
v -8.4641 -2.0253 -1.2374
v -8.5248 -2.0399 -1.2622
v -9.1665 -2.4466 -1.2952
v -9.2313 -2.4634 -1.2902
v -9.2936 -2.4793 -1.2705
v -9.3500 -2.4934 -1.2369
v -9.3979 -2.5051 -1.1913
v -9.4348 -2.5137 -1.1358
v -9.4589 -2.5189 -1.0733
v -9.5468 -2.5068 0.8794
v -9.5423 -2.5044 0.9463
v -9.5235 -2.4983 1.0105
v -9.4913 -2.4889 1.0687
v -9.4473 -2.4765 1.1180
v -9.3938 -2.4619 1.1559
v -9.3334 -2.4457 1.1805
v -8.6408 -2.2643 1.2153
v -8.5760 -2.2475 1.2103
v -8.5137 -2.2316 1.1906
v -8.4573 -2.2175 1.1570
v -8.4094 -2.2058 1.1114
v -8.3725 -2.1972 1.0559
v -8.3484 -2.1920 0.9934
v -8.2605 -2.2042 -0.9592
v -8.2650 -2.2065 -1.0262
v -8.2838 -2.2126 -1.0904
v -8.3160 -2.2221 -1.1486
v -8.3600 -2.2344 -1.1979
v -8.4135 -2.2491 -1.2358
v -8.4739 -2.2653 -1.2603
v -9.1044 -2.6886 -1.2907
v -9.1687 -2.7071 -1.2855
v -9.2304 -2.7246 -1.2655
v -9.2864 -2.7402 -1.2317
v -9.3337 -2.7532 -1.1858
v -9.3702 -2.7628 -1.1302
v -9.3938 -2.7686 -1.0676
v -9.4740 -2.7596 0.8866
v -9.4693 -2.7571 0.9536
v -9.4504 -2.7506 1.0177
v -9.4182 -2.7403 1.0758
v -9.3743 -2.7268 1.1249
v -9.3211 -2.7108 1.1625
v -9.2610 -2.6930 1.1869
v -8.5733 -2.4935 1.2189
v -8.5090 -2.4749 1.2137
v -8.4473 -2.4574 1.1937
v -8.3913 -2.4418 1.1599
v -8.3440 -2.4288 1.1141
v -8.3075 -2.4192 1.0585
v -8.2839 -2.4134 0.9959
v -8.2037 -2.4224 -0.9584
v -8.2084 -2.4249 -1.0253
v -8.2274 -2.4314 -1.0895
v -8.2595 -2.4417 -1.1475
v -8.3034 -2.4552 -1.1966
v -8.3566 -2.4712 -1.2343
v -8.4167 -2.4890 -1.2586
v -9.0355 -2.9287 -1.2866
v -9.0994 -2.9489 -1.2811
v -9.1605 -2.9681 -1.2609
v -9.2159 -2.9852 -1.2269
v -9.2627 -2.9994 -1.1809
v -9.2986 -3.0100 -1.1251
v -9.3219 -3.0164 -1.0625
v -9.3949 -3.0100 0.8932
v -9.3900 -3.0075 0.9601
v -9.3710 -3.0004 1.0242
v -9.3389 -2.9893 1.0821
v -9.2953 -2.9747 1.1311
v -9.2423 -2.9573 1.1685
v -9.1827 -2.9379 1.1927
v -8.5003 -2.7203 1.2222
v -8.4365 -2.7001 1.2167
v -8.3754 -2.6809 1.1965
v -8.3200 -2.6638 1.1625
v -8.2732 -2.6496 1.1165
v -8.2372 -2.6390 1.0608
v -8.2140 -2.6326 0.9981
v -8.1409 -2.6389 -0.9576
v -8.1458 -2.6415 -1.0245
v -8.1648 -2.6485 -1.0886
v -8.1970 -2.6596 -1.1465
v -8.2406 -2.6743 -1.1955
v -8.2936 -2.6917 -1.2329
v -8.3532 -2.7110 -1.2570
v -8.9600 -3.1668 -1.2828
v -9.0232 -3.1887 -1.2771
v -9.0838 -3.2094 -1.2567
v -9.1386 -3.2280 -1.2226
v -9.1848 -3.2435 -1.1764
v -9.2203 -3.2550 -1.1205
v -9.2432 -3.2621 -1.0577
v -9.3096 -3.2580 0.8992
v -9.3045 -3.2553 0.9661
v -9.2855 -3.2478 1.0301
v -9.2535 -3.2359 1.0879
v -9.2101 -3.2201 1.1367
v -9.1575 -3.2013 1.1740
v -9.0983 -3.1804 1.1979
v -8.4219 -2.9448 1.2252
v -8.3586 -2.9229 1.2195
v -8.2981 -2.9021 1.1990
v -8.2433 -2.8835 1.1649
v -8.1970 -2.8681 1.1187
v -8.1615 -2.8565 1.0628
v -8.1387 -2.8495 1.0001
v -8.0722 -2.8535 -0.9568
v -8.0773 -2.8562 -1.0238
v -8.0963 -2.8637 -1.0877
v -8.1284 -2.8757 -1.1456
v -8.1718 -2.8915 -1.1944
v -8.2244 -2.9103 -1.2317
v -8.2836 -2.9312 -1.2556
v -8.8779 -3.4027 -1.2794
v -8.9405 -3.4262 -1.2735
v -9.0004 -3.4486 -1.2529
v -9.0546 -3.4686 -1.2186
v -9.1003 -3.4853 -1.1723
v -9.1353 -3.4978 -1.1163
v -9.1577 -3.5055 -1.0535
v -9.2181 -3.5033 0.9046
v -9.2129 -3.5005 0.9715
v -9.1939 -3.4925 1.0354
v -9.1620 -3.4798 1.0932
v -9.1189 -3.4628 1.1418
v -9.0667 -3.4427 1.1789
v -9.0080 -3.4202 1.2027
v -8.3379 -3.1668 1.2278
v -8.2753 -3.1432 1.2220
v -8.2154 -3.1209 1.2013
v -8.1612 -3.1008 1.1670
v -8.1155 -3.0842 1.1207
v -8.0805 -3.0717 1.0647
v -8.0581 -3.0640 1.0019
v -7.9977 -3.0661 -0.9561
v -8.0029 -3.0689 -1.0231
v -8.0219 -3.0769 -1.0870
v -8.0538 -3.0897 -1.1447
v -8.0969 -3.1066 -1.1934
v -8.1491 -3.1268 -1.2305
v -8.2078 -3.1493 -1.2543
v -8.7893 -3.6362 -1.2763
v -8.8512 -3.6614 -1.2703
v -8.9105 -3.6853 -1.2495
v -8.9640 -3.7068 -1.2150
v -9.0091 -3.7247 -1.1685
v -9.0436 -3.7381 -1.1125
v -9.0657 -3.7464 -1.0496
v -9.1205 -3.7459 0.9095
v -9.1151 -3.7430 0.9764
v -9.0962 -3.7345 1.0402
v -9.0645 -3.7209 1.0979
v -9.0217 -3.7028 1.1464
v -8.9699 -3.6813 1.1834
v -8.9118 -3.6573 1.2070
v -8.2486 -3.3862 1.2303
v -8.1866 -3.3610 1.2242
v -8.1274 -3.3371 1.2034
v -8.0739 -3.3156 1.1689
v -8.0287 -3.2977 1.1225
v -7.9943 -3.2843 1.0664
v -7.9722 -3.2760 1.0035
v -7.9174 -3.2765 -0.9555
v -7.9227 -3.2794 -1.0224
v -7.9417 -3.2879 -1.0863
v -7.9734 -3.3015 -1.1440
v -8.0162 -3.3196 -1.1925
v -8.0679 -3.3411 -1.2295
v -8.1261 -3.3652 -1.2530
v -8.6942 -3.8672 -1.2735
v -8.7555 -3.8940 -1.2673
v -8.8140 -3.9195 -1.2463
v -8.8669 -3.9424 -1.2117
v -8.9114 -3.9615 -1.1652
v -8.9453 -3.9758 -1.1090
v -8.9670 -3.9846 -1.0460
v -9.0168 -3.9856 0.9139
v -9.0113 -3.9825 0.9808
v -8.9924 -3.9735 1.0446
v -8.9609 -3.9591 1.1022
v -8.9185 -3.9399 1.1506
v -8.8672 -3.9170 1.1874
v -8.8097 -3.8914 1.2109
v -8.1539 -3.6030 1.2324
v -8.0926 -3.5761 1.2262
v -8.0341 -3.5506 1.2053
v -7.9812 -3.5278 1.1707
v -7.9367 -3.5087 1.1241
v -7.9028 -3.4944 1.0679
v -7.8811 -3.4855 1.0050
v -7.8313 -3.4845 -0.9550
v -7.8368 -3.4876 -1.0218
v -7.8557 -3.4966 -1.0857
v -7.8871 -3.5111 -1.1432
v -7.9296 -3.5302 -1.1917
v -7.9809 -3.5532 -1.2285
v -8.0384 -3.5787 -1.2519
v -8.5929 -4.0955 -1.2709
v -8.6534 -4.1239 -1.2646
v -8.7112 -4.1510 -1.2435
v -8.7633 -4.1752 -1.2088
v -8.8072 -4.1955 -1.1621
v -8.8406 -4.2107 -1.1059
v -8.8619 -4.2201 -1.0428
v -8.9070 -4.2223 0.9179
v -8.9015 -4.2190 0.9847
v -8.8827 -4.2095 1.0485
v -8.8515 -4.1943 1.1060
v -8.8095 -4.1740 1.1543
v -8.7587 -4.1497 1.1911
v -8.7018 -4.1226 1.2144
v -8.0538 -3.8169 1.2344
v -7.9933 -3.7884 1.2280
v -7.9355 -3.7614 1.2069
v -7.8834 -3.7372 1.1722
v -7.8395 -3.7169 1.1255
v -7.8061 -3.7017 1.0693
v -7.7848 -3.6923 1.0063
v -7.7397 -3.6901 -0.9544
v -7.7452 -3.6933 -1.0213
v -7.7640 -3.7028 -1.0851
v -7.7952 -3.7181 -1.1426
v -7.8372 -3.7384 -1.1909
v -7.8880 -3.7627 -1.2276
v -7.9449 -3.7897 -1.2509
v -8.4853 -4.3209 -1.2686
v -8.5450 -4.3510 -1.2622
v -8.6020 -4.3795 -1.2410
v -8.6534 -4.4051 -1.2061
v -8.6967 -4.4265 -1.1593
v -8.7296 -4.4426 -1.1030
v -8.7505 -4.4526 -1.0400
v -8.7914 -4.4558 0.9215
v -8.7858 -4.4524 0.9883
v -8.7671 -4.4424 1.0521
v -8.7362 -4.4263 1.1095
v -8.6946 -4.4049 1.1577
v -8.6445 -4.3793 1.1943
v -8.5882 -4.3507 1.2175
v -7.9485 -4.0279 1.2361
v -7.8888 -3.9979 1.2297
v -7.8318 -3.9693 1.2084
v -7.7804 -3.9437 1.1736
v -7.7371 -3.9223 1.1268
v -7.7042 -3.9062 1.0705
v -7.6833 -3.8962 1.0075
v -7.6424 -3.8931 -0.9540
v -7.6480 -3.8964 -1.0208
v -7.6667 -3.9064 -1.0846
v -7.6976 -3.9225 -1.1420
v -7.7392 -3.9439 -1.1902
v -7.7894 -3.9696 -1.2268
v -7.8456 -3.9981 -1.2500
v -8.3716 -4.5433 -1.2666
v -8.4305 -4.5749 -1.2600
v -8.4867 -4.6050 -1.2386
v -8.5373 -4.6319 -1.2037
v -8.5799 -4.6545 -1.1568
v -8.6122 -4.6714 -1.1005
v -8.6328 -4.6819 -1.0374
v -8.6698 -4.6860 0.9247
v -8.6642 -4.6824 0.9915
v -8.6457 -4.6719 1.0552
v -8.6151 -4.6550 1.1126
v -8.5740 -4.6325 1.1608
v -8.5244 -4.6055 1.1973
v -8.4690 -4.5755 1.2203
v -7.8379 -4.2359 1.2377
v -7.7791 -4.2043 1.2311
v -7.7229 -4.1742 1.2098
v -7.6722 -4.1473 1.1748
v -7.6297 -4.1248 1.1280
v -7.5973 -4.1078 1.0716
v -7.5768 -4.0973 1.0085
v -7.5398 -4.0933 -0.9535
v -7.5454 -4.0968 -1.0204
v -7.5639 -4.1073 -1.0841
v -7.5945 -4.1242 -1.1415
v -7.6356 -4.1467 -1.1896
v -7.6851 -4.1737 -1.2261
v -7.7406 -4.2037 -1.2492
v -8.2519 -4.7625 -1.2647
v -8.3099 -4.7957 -1.2580
v -8.3653 -4.8272 -1.2366
v -8.4151 -4.8555 -1.2015
v -8.4570 -4.8791 -1.1546
v -8.4888 -4.8969 -1.0982
v -8.5089 -4.9080 -1.0350
v -8.5424 -4.9127 0.9276
v -8.5368 -4.9090 0.9944
v -8.5185 -4.8980 1.0581
v -8.4882 -4.8803 1.1154
v -8.4477 -4.8567 1.1635
v -8.3988 -4.8284 1.1999
v -8.3441 -4.7969 1.2229
v -7.7222 -4.4408 1.2391
v -7.6642 -4.4076 1.2324
v -7.6089 -4.3761 1.2110
v -7.5590 -4.3478 1.1760
v -7.5172 -4.3242 1.1290
v -7.4854 -4.3064 1.0726
v -7.4652 -4.2953 1.0095
v -7.4317 -4.2906 -0.9531
v -7.4373 -4.2943 -1.0200
v -7.4557 -4.3053 -1.0837
v -7.4859 -4.3230 -1.1410
v -7.5265 -4.3466 -1.1890
v -7.5753 -4.3749 -1.2255
v -7.6301 -4.4064 -1.2484
v -8.1263 -4.9784 -1.2630
v -8.1834 -5.0131 -1.2562
v -8.2378 -5.0461 -1.2347
v -8.2869 -5.0757 -1.1996
v -8.3280 -5.1004 -1.1526
v -8.3592 -5.1190 -1.0961
v -8.3790 -5.1306 -1.0329
v -8.4094 -5.1359 0.9302
v -8.4037 -5.1320 0.9970
v -8.3856 -5.1205 1.0606
v -8.3557 -5.1020 1.1179
v -8.3157 -5.0773 1.1659
v -8.2676 -5.0478 1.2023
v -8.2137 -5.0149 1.2251
v -7.6014 -4.6424 1.2404
v -7.5443 -4.6077 1.2336
v -7.4899 -4.5747 1.2121
v -7.4408 -4.5451 1.1770
v -7.3997 -4.5204 1.1300
v -7.3685 -4.5018 1.0735
v -7.3487 -4.4902 1.0103
v -7.3184 -4.4849 -0.9528
v -7.3240 -4.4888 -1.0196
v -7.3421 -4.5003 -1.0833
v -7.3720 -4.5188 -1.1405
v -7.4120 -4.5435 -1.1885
v -7.4601 -4.5730 -1.2249
v -7.5140 -4.6059 -1.2478
v -7.9948 -5.1909 -1.2615
v -8.0510 -5.2270 -1.2546
v -8.1045 -5.2614 -1.2330
v -8.1527 -5.2923 -1.1978
v -8.1931 -5.3181 -1.1508
v -8.2238 -5.3375 -1.0943
v -8.2431 -5.3496 -1.0311
v -8.2706 -5.3553 0.9325
v -8.2650 -5.3513 0.9993
v -8.2471 -5.3393 1.0629
v -8.2176 -5.3200 1.1201
v -8.1782 -5.2943 1.1681
v -8.1308 -5.2635 1.2044
v -8.0778 -5.2292 1.2272
v -7.4756 -4.8406 1.2415
v -7.4194 -4.8044 1.2346
v -7.3659 -4.7700 1.2130
v -7.3177 -4.7392 1.1779
v -7.2773 -4.7134 1.1308
v -7.2467 -4.6939 1.0743
v -7.2273 -4.6819 1.0111
v -7.1998 -4.6761 -0.9525
v -7.2054 -4.6801 -1.0193
v -7.2234 -4.6921 -1.0829
v -7.2528 -4.7114 -1.1401
v -7.2922 -4.7372 -1.1881
v -7.3396 -4.7680 -1.2244
v -7.3926 -4.8023 -1.2472
v -7.8577 -5.3997 -1.2602
v -7.9129 -5.4373 -1.2532
v -7.9654 -5.4731 -1.2315
v -8.0127 -5.5052 -1.1963
v -8.0524 -5.5321 -1.1492
v -8.0825 -5.5523 -1.0926
v -8.1014 -5.5649 -1.0294
v -8.1263 -5.5710 0.9345
v -8.1208 -5.5668 1.0014
v -8.1030 -5.5543 1.0650
v -8.0741 -5.5342 1.1221
v -8.0353 -5.5075 1.1700
v -7.9887 -5.4754 1.2063
v -7.9365 -5.4397 1.2290
v -7.3448 -5.0354 1.2425
v -7.2896 -4.9977 1.2356
v -7.2371 -4.9619 1.2139
v -7.1897 -4.9298 1.1786
v -7.1501 -4.9029 1.1315
v -7.1200 -4.8827 1.0750
v -7.1011 -4.8702 1.0117
v -7.0762 -4.8640 -0.9522
v -7.0817 -4.8682 -1.0190
v -7.0995 -4.8807 -1.0826
v -7.1284 -4.9008 -1.1398
v -7.1672 -4.9275 -1.1877
v -7.2138 -4.9596 -1.2239
v -7.2660 -4.9953 -1.2466
v -7.7150 -5.6047 -1.2590
v -7.7691 -5.6438 -1.2519
v -7.8207 -5.6810 -1.2302
v -7.8671 -5.7143 -1.1949
v -7.9060 -5.7422 -1.1477
v -7.9354 -5.7632 -1.0911
v -7.9540 -5.7762 -1.0279
v -7.9766 -5.7826 0.9364
v -7.9710 -5.7783 1.0032
v -7.9536 -5.7654 1.0668
v -7.9251 -5.7445 1.1239
v -7.8870 -5.7167 1.1718
v -7.8412 -5.6834 1.2079
v -7.7900 -5.6463 1.2306
v -7.2091 -5.2265 1.2434
v -7.1550 -5.1874 1.2364
v -7.1034 -5.1502 1.2147
v -7.0570 -5.1169 1.1794
v -7.0181 -5.0890 1.1322
v -6.9886 -5.0680 1.0756
v -6.9701 -5.0550 1.0123
v -6.9475 -5.0486 -0.9519
v -6.9531 -5.0529 -1.0187
v -6.9705 -5.0658 -1.0823
v -6.9990 -5.0867 -1.1395
v -7.0371 -5.1145 -1.1873
v -7.0829 -5.1478 -1.2235
v -7.1341 -5.1849 -1.2461
v -7.5668 -5.8058 -1.2579
v -7.6199 -5.8463 -1.2508
v -7.6704 -5.8848 -1.2290
v -7.7159 -5.9194 -1.1936
v -7.7540 -5.9483 -1.1465
v -7.7828 -5.9700 -1.0898
v -7.8009 -5.9836 -1.0265
v -7.8214 -5.9902 0.9380
v -7.8159 -5.9857 1.0048
v -7.7988 -5.9723 1.0684
v -7.7708 -5.9507 1.1255
v -7.7334 -5.9219 1.1733
v -7.6884 -5.8874 1.2094
v -7.6382 -5.8490 1.2320
v -7.0686 -5.4140 1.2442
v -7.0155 -5.3734 1.2371
v -6.9650 -5.3349 1.2154
v -6.9195 -5.3004 1.1800
v -6.8814 -5.2715 1.1328
v -6.8526 -5.2497 1.0761
v -6.8345 -5.2362 1.0129
v -6.8140 -5.2296 -0.9517
v -6.8195 -5.2341 -1.0185
v -6.8366 -5.2475 -1.0821
v -6.8646 -5.2691 -1.1392
v -6.9020 -5.2979 -1.1870
v -6.9469 -5.3324 -1.2231
v -6.9972 -5.3708 -1.2457
v -7.4132 -6.0029 -1.2569
v -7.4652 -6.0448 -1.2498
v -7.5147 -6.0846 -1.2280
v -7.5593 -6.1204 -1.1925
v -7.5965 -6.1502 -1.1453
v -7.6247 -6.1727 -1.0886
v -7.6424 -6.1867 -1.0254
v -7.6610 -6.1936 0.9395
v -7.6556 -6.1889 1.0063
v -7.6387 -6.1750 1.0698
v -7.6113 -6.1527 1.1269
v -7.5746 -6.1229 1.1747
v -7.5306 -6.0872 1.2108
v -7.4813 -6.0475 1.2333
v -6.9234 -5.5976 1.2449
v -6.8714 -5.5557 1.2378
v -6.8219 -5.5159 1.2160
v -6.7774 -5.4801 1.1805
v -6.7401 -5.4503 1.1333
v -6.7119 -5.4278 1.0766
v -6.6942 -5.4138 1.0134
v -6.6756 -5.4069 -0.9515
v -6.6811 -5.4116 -1.0183
v -6.6979 -5.4255 -1.0818
v -6.7254 -5.4478 -1.1389
v -6.7620 -5.4776 -1.1867
v -6.8061 -5.5133 -1.2228
v -6.8553 -5.5530 -1.2453
v -7.2545 -6.1958 -1.2561
v -7.3053 -6.2391 -1.2489
v -7.3538 -6.2802 -1.2270
v -7.3973 -6.3171 -1.1916
v -7.4337 -6.3479 -1.1443
v -7.4613 -6.3711 -1.0876
v -7.4785 -6.3856 -1.0243
v -7.4954 -6.3925 0.9408
v -7.4901 -6.3877 1.0076
v -7.4736 -6.3734 1.0711
v -7.4467 -6.3503 1.1282
v -7.4107 -6.3196 1.1759
v -7.3676 -6.2828 1.2119
v -7.3195 -6.2417 1.2344
v -6.7736 -5.7773 1.2456
v -6.7227 -5.7340 1.2384
v -6.6743 -5.6929 1.2165
v -6.6307 -5.6560 1.1810
v -6.5943 -5.6252 1.1338
v -6.5668 -5.6020 1.0771
v -6.5495 -5.5875 1.0138
v -6.5326 -5.5806 -0.9513
v -6.5379 -5.5854 -1.0181
v -6.5545 -5.5997 -1.0816
v -6.5814 -5.6228 -1.1387
v -6.6173 -5.6535 -1.1864
v -6.6604 -5.6903 -1.2225
v -6.7086 -5.7314 -1.2450
v -7.0906 -6.3844 -1.2553
v -7.1403 -6.4290 -1.2481
v -7.1876 -6.4714 -1.2262
v -7.2301 -6.5094 -1.1907
v -7.2657 -6.5412 -1.1434
v -7.2926 -6.5651 -1.0867
v -7.3094 -6.5800 -1.0234
v -7.3248 -6.5871 0.9419
v -7.3195 -6.5821 1.0087
v -7.3033 -6.5673 1.0722
v -7.2770 -6.5435 1.1293
v -7.2419 -6.5119 1.1770
v -7.1997 -6.4739 1.2130
v -7.1526 -6.4316 1.2354
v -6.6192 -5.9529 1.2461
v -6.5695 -5.9083 1.2389
v -6.5222 -5.8660 1.2170
v -6.4797 -5.8279 1.1815
v -6.4441 -5.7962 1.1342
v -6.4172 -5.7722 1.0775
v -6.4003 -5.7574 1.0141
v -6.3850 -5.7503 -0.9512
v -6.3902 -5.7553 -1.0179
v -6.4064 -5.7700 -1.0814
v -6.4328 -5.7938 -1.1385
v -6.4679 -5.8255 -1.1862
v -6.5100 -5.8634 -1.2222
v -6.5571 -5.9058 -1.2447
v -6.9217 -6.5686 -1.2547
v -6.9703 -6.6145 -1.2474
v -7.0164 -6.6581 -1.2254
v -7.0579 -6.6972 -1.1899
v -7.0926 -6.7299 -1.1426
v -7.1188 -6.7545 -1.0859
v -7.1352 -6.7698 -1.0225
v -7.1492 -6.7770 0.9430
v -7.1440 -6.7719 1.0097
v -7.1282 -6.7567 1.0732
v -7.1025 -6.7322 1.1303
v -7.0682 -6.6996 1.1779
v -7.0270 -6.6605 1.2139
v -6.9810 -6.6170 1.2363
v -6.4604 -6.1244 1.2466
v -6.4118 -6.0785 1.2393
v -6.3657 -6.0349 1.2174
v -6.3242 -5.9958 1.1819
v -6.2895 -5.9631 1.1345
v -6.2633 -5.9385 1.0778
v -6.2469 -5.9232 1.0145
v -6.2329 -5.9161 -0.9510
v -6.2381 -5.9212 -1.0178
v -6.2539 -5.9363 -1.0813
v -6.2796 -5.9609 -1.1383
v -6.3139 -5.9934 -1.1860
v -6.3551 -6.0325 -1.2219
v -6.4011 -6.0761 -1.2444
v -6.7480 -6.7482 -1.2541
v -6.7953 -6.7954 -1.2468
v -6.8403 -6.8402 -1.2248
v -6.8807 -6.8804 -1.1892
v -6.9145 -6.9140 -1.1419
v -6.9401 -6.9392 -1.0851
v -6.9560 -6.9550 -1.0218
v -6.9688 -6.9622 0.9439
v -6.9637 -6.9569 1.0106
v -6.9482 -6.9413 1.0741
v -6.9231 -6.9161 1.1311
v -6.8897 -6.8826 1.1788
v -6.8495 -6.8425 1.2147
v -6.8047 -6.7978 1.2371
v -6.2972 -6.2917 1.2470
v -6.2499 -6.2445 1.2397
v -6.2049 -6.1997 1.2178
v -6.1645 -6.1595 1.1822
v -6.1307 -6.1259 1.1349
v -6.1052 -6.1006 1.0781
v -6.0892 -6.0849 1.0148
v -6.0765 -6.0777 -0.9509
v -6.0815 -6.0830 -1.0177
v -6.0970 -6.0986 -1.0811
v -6.1221 -6.1238 -1.1381
v -6.1556 -6.1573 -1.1858
v -6.1957 -6.1974 -1.2217
v -6.2405 -6.2421 -1.2441
v -6.5696 -6.9232 -1.2535
v -6.6156 -6.9716 -1.2462
v -6.6594 -7.0175 -1.2242
v -6.6987 -7.0588 -1.1886
v -6.7316 -7.0932 -1.1413
v -6.7565 -7.1192 -1.0845
v -6.7720 -7.1353 -1.0212
v -6.7836 -7.1425 0.9446
v -6.7786 -7.1371 1.0114
v -6.7636 -7.1211 1.0749
v -6.7391 -7.0953 1.1319
v -6.7065 -7.0609 1.1795
v -6.6674 -7.0197 1.2154
v -6.6238 -6.9738 1.2378
v -6.1298 -6.4545 1.2474
v -6.0837 -6.4062 1.2401
v -6.0400 -6.3602 1.2181
v -6.0006 -6.3190 1.1825
v -5.9677 -6.2845 1.1351
v -5.9429 -6.2585 1.0784
v -5.9274 -6.2424 1.0150
v -5.9158 -6.2352 -0.9508
v -5.9207 -6.2406 -1.0175
v -5.9358 -6.2566 -1.0810
v -5.9603 -6.2824 -1.1380
v -5.9929 -6.3168 -1.1856
v -6.0319 -6.3580 -1.2216
v -6.0756 -6.4039 -1.2439
v -6.3866 -7.0933 -1.2531
v -6.4313 -7.1429 -1.2457
v -6.4739 -7.1900 -1.2237
v -6.5121 -7.2323 -1.1881
v -6.5441 -7.2676 -1.1407
v -6.5682 -7.2941 -1.0839
v -6.5832 -7.3107 -1.0206
v -6.5938 -7.3179 0.9453
v -6.5890 -7.3124 1.0121
v -6.5743 -7.2960 1.0756
v -6.5505 -7.2695 1.1326
v -6.5188 -7.2343 1.1802
v -6.4808 -7.1921 1.2161
v -6.4384 -7.1450 1.2384
v -5.9582 -6.6129 1.2477
v -5.9135 -6.5634 1.2404
v -5.8709 -6.5163 1.2184
v -5.8327 -6.4740 1.1828
v -5.8008 -6.4387 1.1354
v -5.7766 -6.4121 1.0786
v -5.7616 -6.3956 1.0152
v -5.7510 -6.3883 -0.9507
v -5.7558 -6.3939 -1.0174
v -5.7705 -6.4103 -1.0809
v -5.7943 -6.4368 -1.1379
v -5.8260 -6.4720 -1.1855
v -5.8640 -6.5142 -1.2214
v -5.9064 -6.5612 -1.2437
v -6.1991 -7.2586 -1.2527
v -6.2426 -7.3093 -1.2453
v -6.2838 -7.3575 -1.2233
v -6.3209 -7.4007 -1.1876
v -6.3519 -7.4369 -1.1402
v -6.3753 -7.4641 -1.0834
v -6.3899 -7.4810 -1.0201
v -6.3996 -7.4883 0.9459
v -6.3949 -7.4826 1.0127
v -6.3806 -7.4658 1.0762
v -6.3575 -7.4387 1.1331
v -6.3267 -7.4026 1.1807
v -6.2899 -7.3594 1.2166
v -6.2487 -7.3113 1.2389
v -5.7826 -6.7667 1.2480
v -5.7392 -6.7160 1.2407
v -5.6979 -6.6678 1.2186
v -5.6609 -6.6246 1.1830
v -5.6299 -6.5885 1.1356
v -5.6065 -6.5613 1.0788
v -5.5919 -6.5444 1.0154
v -5.5822 -6.5371 -0.9506
v -5.5869 -6.5427 -1.0174
v -5.6012 -6.5595 -1.0808
v -5.6243 -6.5867 -1.1378
v -5.6550 -6.6227 -1.1854
v -5.6919 -6.6659 -1.2212
v -5.7331 -6.7140 -1.2436
v -6.0073 -7.4188 -1.2523
v -6.0494 -7.4707 -1.2449
v -6.0894 -7.5199 -1.2229
v -6.1253 -7.5641 -1.1872
v -6.1554 -7.6011 -1.1398
v -6.1780 -7.6289 -1.0830
v -6.1921 -7.6461 -1.0196
v -6.2010 -7.6534 0.9465
v -6.1964 -7.6476 1.0133
v -6.1826 -7.6304 1.0767
v -6.1602 -7.6027 1.1337
v -6.1304 -7.5659 1.1813
v -6.0946 -7.5217 1.2171
v -6.0547 -7.4725 1.2394
v -5.6032 -6.9159 1.2483
v -5.5611 -6.8641 1.2409
v -5.5211 -6.8148 1.2188
v -5.4852 -6.7706 1.1832
v -5.4551 -6.7337 1.1358
v -5.4325 -6.7059 1.0790
v -5.4184 -6.6886 1.0156
v -5.4095 -6.6813 -0.9505
v -5.4141 -6.6871 -1.0173
v -5.4279 -6.7043 -1.0807
v -5.4503 -6.7320 -1.1377
v -5.4801 -6.7689 -1.1853
v -5.5159 -6.8130 -1.2211
v -5.5558 -6.8622 -1.2434
v -5.8114 -7.5739 -1.2520
v -5.8521 -7.6269 -1.2446
v -5.8908 -7.6772 -1.2225
v -5.9255 -7.7223 -1.1869
v -5.9545 -7.7600 -1.1395
v -5.9764 -7.7884 -1.0826
v -5.9901 -7.8060 -1.0193
v -5.9983 -7.8133 0.9470
v -5.9938 -7.8074 1.0137
v -5.9804 -7.7898 1.0772
v -5.9587 -7.7615 1.1341
v -5.9298 -7.7239 1.1817
v -5.8953 -7.6788 1.2175
v -5.8567 -7.6286 1.2398
v -5.4199 -7.0603 1.2485
v -5.3792 -7.0074 1.2411
v -5.3405 -6.9571 1.2190
v -5.3058 -6.9119 1.1834
v -5.2767 -6.8742 1.1360
v -5.2548 -6.8459 1.0791
v -5.2412 -6.8282 1.0158
v -5.2330 -6.8209 -0.9504
v -5.2375 -6.8268 -1.0172
v -5.2509 -6.8444 -1.0807
v -5.2726 -6.8727 -1.1376
v -5.3014 -6.9103 -1.1852
v -5.3360 -6.9554 -1.2210
v -5.3746 -7.0057 -1.2433
v -5.6114 -7.7238 -1.2517
v -5.6507 -7.7778 -1.2443
v -5.6880 -7.8291 -1.2222
v -5.7216 -7.8751 -1.1866
v -5.7496 -7.9136 -1.1391
v -5.7707 -7.9425 -1.0823
v -5.7839 -7.9605 -1.0189
v -5.7914 -7.9678 0.9474
v -5.7871 -7.9617 1.0141
v -5.7741 -7.9438 1.0776
v -5.7532 -7.9150 1.1345
v -5.7253 -7.8766 1.1821
v -5.6919 -7.8306 1.2179
v -5.6546 -7.7794 1.2402
v -5.2329 -7.1998 1.2487
v -5.1936 -7.1458 1.2413
v -5.1563 -7.0945 1.2192
v -5.1228 -7.0485 1.1835
v -5.0947 -7.0101 1.1361
v -5.0736 -6.9811 1.0793
v -5.0605 -6.9632 1.0159
v -5.0529 -6.9559 -0.9504
v -5.0572 -6.9619 -1.0171
v -5.0702 -6.9798 -1.0806
v -5.0911 -7.0087 -1.1375
v -5.1190 -7.0470 -1.1851
v -5.1524 -7.0930 -1.2209
v -5.1897 -7.1443 -1.2432
v -5.4075 -7.8684 -1.2515
v -5.4454 -7.9234 -1.2441
v -5.4814 -7.9756 -1.2220
v -5.5137 -8.0225 -1.1863
v -5.5406 -8.0617 -1.1388
v -5.5610 -8.0911 -1.0820
v -5.5737 -8.1095 -1.0186
v -5.5806 -8.1168 0.9477
v -5.5764 -8.1106 1.0145
v -5.5639 -8.0924 1.0779
v -5.5437 -8.0630 1.1349
v -5.5169 -8.0239 1.1824
v -5.4847 -7.9770 1.2182
v -5.4487 -7.9248 1.2405
v -5.0424 -7.3344 1.2489
v -5.0045 -7.2794 1.2415
v -4.9686 -7.2271 1.2194
v -4.9363 -7.1803 1.1837
v -4.9093 -7.1411 1.1362
v -4.8889 -7.1116 1.0794
v -4.8763 -7.0933 1.0160
v -4.8693 -7.0860 -0.9503
v -4.8735 -7.0921 -1.0171
v -4.8860 -7.1104 -1.0805
v -4.9062 -7.1398 -1.1375
v -4.9331 -7.1789 -1.1850
v -4.9653 -7.2257 -1.2208
v -5.0012 -7.2780 -1.2431
v -5.1999 -8.0075 -1.2513
v -5.2363 -8.0635 -1.2438
v -5.2709 -8.1167 -1.2217
v -5.3019 -8.1644 -1.1860
v -5.3279 -8.2042 -1.1386
v -5.3474 -8.2342 -1.0818
v -5.3596 -8.2529 -1.0184
v -5.3660 -8.2602 0.9480
v -5.3620 -8.2539 1.0148
v -5.3499 -8.2353 1.0782
v -5.3305 -8.2054 1.1352
v -5.3047 -8.1656 1.1827
v -5.2737 -8.1179 1.2185
v -5.2392 -8.0648 1.2408
v -4.8485 -7.4639 1.2491
v -4.8121 -7.4079 1.2416
v -4.7775 -7.3548 1.2195
v -4.7464 -7.3070 1.1838
v -4.7205 -7.2672 1.1364
v -4.7009 -7.2372 1.0795
v -4.6888 -7.2186 1.0161
v -4.6824 -7.2112 -0.9503
v -4.6864 -7.2175 -1.0170
v -4.6984 -7.2361 -1.0805
v -4.7178 -7.2660 -1.1374
v -4.7437 -7.3058 -1.1850
v -4.7746 -7.3535 -1.2208
v -4.8092 -7.4066 -1.2430
v -4.9887 -8.1412 -1.2511
v -5.0236 -8.1981 -1.2437
v -5.0568 -8.2521 -1.2215
v -5.0865 -8.3006 -1.1858
v -5.1114 -8.3411 -1.1384
v -5.1302 -8.3716 -1.0815
v -5.1418 -8.3906 -1.0181
v -5.1477 -8.3979 0.9483
v -5.1439 -8.3915 1.0151
v -5.1323 -8.3726 1.0785
v -5.1137 -8.3422 1.1354
v -5.0889 -8.3017 1.1830
v -5.0592 -8.2533 1.2188
v -5.0261 -8.1992 1.2410
v -4.6512 -7.5883 1.2492
v -4.6163 -7.5314 1.2417
v -4.5832 -7.4773 1.2196
v -4.5534 -7.4288 1.1839
v -4.5285 -7.3883 1.1364
v -4.5097 -7.3578 1.0796
v -4.4981 -7.3389 1.0162
v -4.4922 -7.3315 -0.9502
v -4.4961 -7.3379 -1.0170
v -4.5076 -7.3568 -1.0804
v -4.5262 -7.3872 -1.1374
v -4.5510 -7.4277 -1.1849
v -4.5807 -7.4762 -1.2207
v -4.6139 -7.5302 -1.2429
v -4.7740 -8.2692 -1.2510
v -4.8074 -8.3270 -1.2435
v -4.8391 -8.3819 -1.2214
v -4.8676 -8.4312 -1.1857
v -4.8914 -8.4723 -1.1382
v -4.9094 -8.5033 -1.0813
v -4.9205 -8.5225 -1.0179
v -4.9260 -8.5299 0.9485
v -4.9223 -8.5234 1.0153
v -4.9112 -8.5042 1.0787
v -4.8934 -8.4733 1.1356
v -4.8696 -8.4322 1.1832
v -4.8412 -8.3829 1.2190
v -4.8095 -8.3280 1.2412
v -4.4509 -7.7075 1.2493
v -4.4175 -7.6497 1.2418
v -4.3857 -7.5948 1.2197
v -4.3572 -7.5455 1.1840
v -4.3334 -7.5043 1.1365
v -4.3155 -7.4734 1.0797
v -4.3043 -7.4541 1.0163
v -4.2989 -7.4468 -0.9502
v -4.3026 -7.4533 -1.0170
v -4.3136 -7.4725 -1.0804
v -4.3315 -7.5034 -1.1373
v -4.3552 -7.5445 -1.1848
v -4.3836 -7.5937 -1.2206
v -4.4153 -7.6486 -1.2429
v -4.5560 -8.3915 -1.2508
v -4.5879 -8.4502 -1.2433
v -4.6182 -8.5059 -1.2212
v -4.6454 -8.5559 -1.1855
v -4.6681 -8.5976 -1.1380
v -4.6852 -8.6291 -1.0812
v -4.6958 -8.6486 -1.0178
v -4.7008 -8.6559 0.9488
v -4.6973 -8.6494 1.0155
v -4.6868 -8.6299 1.0789
v -4.6697 -8.5985 1.1358
v -4.6471 -8.5568 1.1834
v -4.6199 -8.5068 1.2192
v -4.5897 -8.4511 1.2414
v -4.2474 -7.8214 1.2494
v -4.2156 -7.7627 1.2419
v -4.1853 -7.7070 1.2198
v -4.1581 -7.6570 1.1841
v -4.1354 -7.6152 1.1366
v -4.1183 -7.5838 1.0797
v -4.1076 -7.5643 1.0164
v -4.1026 -7.5569 -0.9502
v -4.1062 -7.5635 -1.0169
v -4.1167 -7.5830 -1.0804
v -4.1337 -7.6144 -1.1373
v -4.1564 -7.6561 -1.1848
v -4.1835 -7.7060 -1.2206
v -4.2138 -7.7618 -1.2428
v -4.3349 -8.5081 -1.2507
v -4.3652 -8.5675 -1.2432
v -4.3940 -8.6240 -1.2211
v -4.4199 -8.6747 -1.1854
v -4.4415 -8.7171 -1.1379
v -4.4578 -8.7489 -1.0810
v -4.4679 -8.7687 -1.0176
v -4.4725 -8.7761 0.9489
v -4.4691 -8.7694 1.0157
v -4.4591 -8.7497 1.0791
v -4.4429 -8.7178 1.1360
v -4.4214 -8.6755 1.1835
v -4.3955 -8.6249 1.2193
v -4.3667 -8.5684 1.2415
v -4.0411 -7.9299 1.2495
v -4.0108 -7.8704 1.2420
v -3.9820 -7.8139 1.2199
v -3.9561 -7.7632 1.1841
v -3.9345 -7.7209 1.1367
v -3.9182 -7.6890 1.0798
v -3.9081 -7.6692 1.0164
v -3.9035 -7.6619 -0.9502
v -3.9069 -7.6685 -1.0169
v -3.9169 -7.6883 -1.0803
v -3.9331 -7.7201 -1.1372
v -3.9547 -7.7624 -1.1848
v -3.9805 -7.8131 -1.2205
v -4.0093 -7.8696 -1.2428
v -4.1108 -8.6188 -1.2506
v -4.1395 -8.6790 -1.2431
v -4.1669 -8.7363 -1.2210
v -4.1914 -8.7876 -1.1852
v -4.2119 -8.8305 -1.1378
v -4.2273 -8.8628 -1.0809
v -4.2369 -8.8828 -1.0175
v -4.2412 -8.8902 0.9491
v -4.2379 -8.8834 1.0158
v -4.2284 -8.8634 1.0793
v -4.2131 -8.8312 1.1362
v -4.1926 -8.7883 1.1837
v -4.1681 -8.7370 1.2195
v -4.1408 -8.6798 1.2417
v -3.8321 -8.0329 1.2496
v -3.8033 -7.9727 1.2421
v -3.7760 -7.9155 1.2199
v -3.7515 -7.8641 1.1842
v -3.7310 -7.8212 1.1367
v -3.7155 -7.7890 1.0799
v -3.7060 -7.7689 1.0165
v -3.7017 -7.7615 -0.9501
v -3.7049 -7.7683 -1.0169
v -3.7144 -7.7883 -1.0803
v -3.7298 -7.8206 -1.1372
v -3.7502 -7.8634 -1.1847
v -3.7747 -7.9147 -1.2205
v -3.8020 -7.9719 -1.2427
v -3.8838 -8.7236 -1.2505
v -3.9110 -8.7846 -1.2430
v -3.9368 -8.8425 -1.2209
v -3.9600 -8.8944 -1.1851
v -3.9793 -8.9379 -1.1377
v -3.9939 -8.9705 -1.0808
v -4.0030 -8.9908 -1.0174
v -4.0069 -8.9982 0.9492
v -4.0039 -8.9913 1.0160
v -3.9949 -8.9711 1.0794
v -3.9803 -8.9385 1.1363
v -3.9610 -8.8951 1.1838
v -3.9379 -8.8431 1.2196
v -3.9121 -8.7852 1.2418
v -3.6204 -8.1305 1.2496
v -3.5932 -8.0695 1.2421
v -3.5674 -8.0116 1.2200
v -3.5442 -7.9596 1.1843
v -3.5249 -7.9162 1.1368
v -3.5103 -7.8836 1.0799
v -3.5013 -7.8633 1.0165
v -3.4973 -7.8559 -0.9501
v -3.5004 -7.8627 -1.0169
v -3.5094 -7.8830 -1.0803
v -3.5239 -7.9156 -1.1372
v -3.5432 -7.9590 -1.1847
v -3.5663 -8.0109 -1.2205
v -3.5921 -8.0689 -1.2427
v -3.6542 -8.8224 -1.2504
v -3.6798 -8.8840 -1.2429
v -3.7041 -8.9426 -1.2208
v -3.7258 -8.9952 -1.1851
v -3.7441 -9.0391 -1.1376
v -3.7578 -9.0721 -1.0807
v -3.7663 -9.0926 -1.0173
v -3.7699 -9.1000 0.9493
v -3.7670 -9.0931 1.0161
v -3.7586 -9.0726 1.0795
v -3.7449 -9.0396 1.1364
v -3.7267 -8.9957 1.1839
v -3.7050 -8.9432 1.2197
v -3.6807 -8.8846 1.2419
v -3.4063 -8.2225 1.2497
v -3.3807 -8.1608 1.2422
v -3.3564 -8.1022 1.2200
v -3.3346 -8.0497 1.1843
v -3.3164 -8.0058 1.1368
v -3.3027 -7.9728 1.0799
v -3.2942 -7.9523 1.0165
v -3.2906 -7.9448 -0.9501
v -3.2934 -7.9518 -1.0169
v -3.3019 -7.9723 -1.0803
v -3.3156 -8.0053 -1.1372
v -3.3337 -8.0491 -1.1847
v -3.3555 -8.1017 -1.2204
v -3.3798 -8.1602 -1.2427
v -3.4221 -8.9151 -1.2504
v -3.4460 -8.9774 -1.2429
v -3.4687 -9.0366 -1.2207
v -3.4891 -9.0897 -1.1850
v -3.5062 -9.1341 -1.1375
v -3.5190 -9.1675 -1.0806
v -3.5270 -9.1882 -1.0172
v -3.5303 -9.1956 0.9494
v -3.5276 -9.1886 1.0162
v -3.5197 -9.1679 1.0796
v -3.5069 -9.1346 1.1365
v -3.4899 -9.0902 1.1840
v -3.4695 -9.0371 1.2198
v -3.4468 -8.9779 1.2420
v -3.1898 -8.3089 1.2497
v -3.1658 -8.2465 1.2422
v -3.1431 -8.1873 1.2201
v -3.1227 -8.1342 1.1843
v -3.1057 -8.0899 1.1368
v -3.0928 -8.0565 1.0800
v -3.0848 -8.0358 1.0166
v -3.0815 -8.0283 -0.9501
v -3.0842 -8.0353 -1.0168
v -3.0921 -8.0560 -1.0803
v -3.1049 -8.0894 -1.1371
v -3.1220 -8.1337 -1.1847
v -3.1423 -8.1868 -1.2204
v -3.1651 -8.2460 -1.2426
v -3.1876 -9.0017 -1.2503
v -3.2099 -9.0646 -1.2428
v -3.2310 -9.1244 -1.2206
v -3.2500 -9.1780 -1.1849
v -3.2659 -9.2228 -1.1374
v -3.2779 -9.2565 -1.0806
v -3.2853 -9.2774 -1.0172
v -3.2883 -9.2849 0.9495
v -3.2858 -9.2778 1.0163
v -3.2784 -9.2569 1.0797
v -3.2665 -9.2232 1.1366
v -3.2507 -9.1785 1.1841
v -3.2317 -9.1249 1.2199
v -3.2105 -9.0651 1.2421
v -2.9711 -8.3895 1.2498
v -2.9488 -8.3266 1.2423
v -2.9277 -8.2668 1.2201
v -2.9087 -8.2132 1.1844
v -2.8928 -8.1684 1.1369
v -2.8808 -8.1347 1.0800
v -2.8734 -8.1138 1.0166
v -2.8704 -8.1063 -0.9501
v -2.8729 -8.1134 -1.0168
v -2.8803 -8.1343 -1.0802
v -2.8922 -8.1680 -1.1371
v -2.9080 -8.2127 -1.1846
v -2.9270 -8.2664 -1.2204
v -2.9482 -8.3261 -1.2426
v -2.9509 -9.0822 -1.2503
v -2.9715 -9.1456 -1.2428
v -2.9911 -9.2059 -1.2206
v -3.0087 -9.2600 -1.1849
v -3.0234 -9.3052 -1.1374
v -3.0345 -9.3392 -1.0805
v -3.0413 -9.3603 -1.0171
v -3.0441 -9.3678 0.9496
v -3.0418 -9.3607 1.0163
v -3.0349 -9.3396 1.0798
v -3.0239 -9.3056 1.1367
v -3.0092 -9.2604 1.1842
v -2.9917 -9.2063 1.2199
v -2.9721 -9.1460 1.2421
v -2.7505 -8.4644 1.2498
v -2.7298 -8.4009 1.2423
v -2.7102 -8.3406 1.2201
v -2.6926 -8.2865 1.1844
v -2.6779 -8.2413 1.1369
v -2.6669 -8.2073 1.0800
v -2.6600 -8.1862 1.0166
v -2.6572 -8.1787 -0.9501
v -2.6595 -8.1859 -1.0168
v -2.6664 -8.2070 -1.0802
v -2.6774 -8.2410 -1.1371
v -2.6921 -8.2861 -1.1846
v -2.7097 -8.3402 -1.2204
v -2.7293 -8.4005 -1.2426
v -2.7121 -9.1564 -1.2502
v -2.7311 -9.2204 -1.2427
v -2.7491 -9.2812 -1.2205
v -2.7653 -9.3357 -1.1848
v -2.7788 -9.3813 -1.1373
v -2.7890 -9.4155 -1.0804
v -2.7953 -9.4368 -1.0170
v -2.7978 -9.4443 0.9497
v -2.7957 -9.4371 1.0164
v -2.7894 -9.4158 1.0798
v -2.7792 -9.3816 1.1367
v -2.7657 -9.3360 1.1842
v -2.7496 -9.2815 1.2200
v -2.7316 -9.2207 1.2422
v -2.5279 -8.5335 1.2498
v -2.5089 -8.4695 1.2423
v -2.4909 -8.4087 1.2201
v -2.4748 -8.3542 1.1844
v -2.4613 -8.3086 1.1369
v -2.4511 -8.2743 1.0800
v -2.4448 -8.2530 1.0166
v -2.4423 -8.2456 -0.9501
v -2.4444 -8.2528 -1.0168
v -2.4507 -8.2740 -1.0802
v -2.4608 -8.3083 -1.1371
v -2.4743 -8.3538 -1.1846
v -2.4905 -8.4083 -1.2204
v -2.5085 -8.4691 -1.2426
v -2.4716 -9.2243 -1.2502
v -2.4888 -9.2888 -1.2427
v -2.5053 -9.3500 -1.2205
v -2.5200 -9.4049 -1.1848
v -2.5323 -9.4508 -1.1373
v -2.5416 -9.4854 -1.0804
v -2.5473 -9.5068 -1.0170
v -2.5496 -9.5143 0.9497
v -2.5476 -9.5071 1.0165
v -2.5419 -9.4856 1.0799
v -2.5327 -9.4511 1.1368
v -2.5204 -9.4052 1.1843
v -2.5056 -9.3503 1.2200
v -2.4892 -9.2891 1.2422
v -2.3036 -8.5967 1.2499
v -2.2864 -8.5323 1.2423
v -2.2699 -8.4710 1.2202
v -2.2552 -8.4161 1.1844
v -2.2429 -8.3702 1.1369
v -2.2336 -8.3357 1.0801
v -2.2279 -8.3142 1.0167
v -2.2256 -8.3067 -0.9500
v -2.2276 -8.3140 -1.0168
v -2.2333 -8.3354 -1.0802
v -2.2425 -8.3699 -1.1371
v -2.2548 -8.4158 -1.1846
v -2.2696 -8.4707 -1.2204
v -2.2860 -8.5320 -1.2426
v -2.2293 -9.2859 -1.2502
v -2.2449 -9.3508 -1.2427
v -2.2597 -9.4124 -1.2205
v -2.2730 -9.4677 -1.1847
v -2.2841 -9.5139 -1.1372
v -2.2924 -9.5487 -1.0804
v -2.2976 -9.5703 -1.0170
v -2.2996 -9.5778 0.9498
v -2.2979 -9.5705 1.0165
v -2.2927 -9.5489 1.0799
v -2.2843 -9.5142 1.1368
v -2.2733 -9.4680 1.1843
v -2.2600 -9.4127 1.2201
v -2.2452 -9.3510 1.2423
v -2.0778 -8.6541 1.2499
v -2.0622 -8.5892 1.2424
v -2.0474 -8.5275 1.2202
v -2.0341 -8.4722 1.1845
v -2.0230 -8.4260 1.1370
v -2.0146 -8.3913 1.0801
v -2.0095 -8.3697 1.0167
v -2.0074 -8.3622 -0.9500
v -2.0092 -8.3695 -1.0168
v -2.0144 -8.3910 -1.0802
v -2.0227 -8.4258 -1.1371
v -2.0338 -8.4720 -1.1846
v -2.0471 -8.5273 -1.2203
v -2.0619 -8.5889 -1.2425
v -1.9854 -9.3411 -1.2501
v -1.9993 -9.4064 -1.2426
v -2.0125 -9.4684 -1.2204
v -2.0244 -9.5240 -1.1847
v -2.0342 -9.5705 -1.1372
v -2.0417 -9.6055 -1.0803
v -2.0463 -9.6272 -1.0169
v -2.0481 -9.6347 0.9498
v -2.0465 -9.6274 1.0165
v -2.0419 -9.6057 1.0800
v -2.0345 -9.5707 1.1368
v -2.0246 -9.5243 1.1844
v -2.0128 -9.4686 1.2201
v -1.9996 -9.4066 1.2423
v -1.8505 -8.7055 1.2499
v -1.8366 -8.6402 1.2424
v -1.8234 -8.5782 1.2202
v -1.8116 -8.5226 1.1845
v -1.8017 -8.4761 1.1370
v -1.7943 -8.4411 1.0801
v -1.7897 -8.4194 1.0167
v -1.7879 -8.4119 -0.9500
v -1.7894 -8.4192 -1.0168
v -1.7941 -8.4409 -1.0802
v -1.8015 -8.4759 -1.1371
v -1.8114 -8.5223 -1.1846
v -1.8232 -8.5780 -1.2203
v -1.8364 -8.6400 -1.2425
v -1.7403 -9.3899 -1.2501
v -1.7524 -9.4555 -1.2426
v -1.7640 -9.5179 -1.2204
v -1.7744 -9.5738 -1.1847
v -1.7830 -9.6205 -1.1372
v -1.7895 -9.6557 -1.0803
v -1.7936 -9.6775 -1.0169
v -1.7951 -9.6850 0.9498
v -1.7938 -9.6776 1.0166
v -1.7897 -9.6558 1.0800
v -1.7832 -9.6207 1.1369
v -1.7746 -9.5740 1.1844
v -1.7642 -9.5181 1.2201
v -1.7526 -9.4557 1.2423
v -1.6220 -8.7510 1.2499
v -1.6098 -8.6853 1.2424
v -1.5983 -8.6230 1.2202
v -1.5879 -8.5671 1.1845
v -1.5792 -8.5204 1.1370
v -1.5727 -8.4852 1.0801
v -1.5686 -8.4634 1.0167
v -1.5671 -8.4558 -0.9500
v -1.5685 -8.4632 -1.0168
v -1.5725 -8.4850 -1.0802
v -1.5790 -8.5202 -1.1371
v -1.5877 -8.5669 -1.1846
v -1.5980 -8.6228 -1.2203
v -1.6096 -8.6851 -1.2425
v -1.4939 -9.4323 -1.2501
v -1.5043 -9.4982 -1.2426
v -1.5142 -9.5608 -1.2204
v -1.5231 -9.6170 -1.1847
v -1.5306 -9.6639 -1.1372
v -1.5362 -9.6992 -1.0803
v -1.5397 -9.7211 -1.0169
v -1.5410 -9.7287 0.9499
v -1.5398 -9.7213 1.0166
v -1.5363 -9.6994 1.0800
v -1.5308 -9.6641 1.1369
v -1.5233 -9.6172 1.1844
v -1.5144 -9.5610 1.2202
v -1.5045 -9.4984 1.2423
v -1.3923 -8.7904 1.2499
v -1.3819 -8.7245 1.2424
v -1.3720 -8.6619 1.2202
v -1.3631 -8.6057 1.1845
v -1.3556 -8.5588 1.1370
v -1.3500 -8.5235 1.0801
v -1.3466 -8.5015 1.0167
v -1.3452 -8.4940 -0.9500
v -1.3464 -8.5014 -1.0168
v -1.3499 -8.5233 -1.0802
v -1.3555 -8.5586 -1.1371
v -1.3629 -8.6055 -1.1846
v -1.3718 -8.6617 -1.2203
v -1.3817 -8.7243 -1.2425
v -1.2465 -9.4682 -1.2501
v -1.2552 -9.5343 -1.2426
v -1.2635 -9.5972 -1.2204
v -1.2709 -9.6536 -1.1846
v -1.2771 -9.7007 -1.1371
v -1.2818 -9.7361 -1.0803
v -1.2847 -9.7581 -1.0169
v -1.2858 -9.7657 0.9499
v -1.2848 -9.7583 1.0166
v -1.2819 -9.7363 1.0800
v -1.2772 -9.7008 1.1369
v -1.2710 -9.6537 1.1844
v -1.2636 -9.5974 1.2202
v -1.2553 -9.5345 1.2424
v -1.1617 -8.8239 1.2499
v -1.1530 -8.7577 1.2424
v -1.1447 -8.6948 1.2202
v -1.1373 -8.6384 1.1845
v -1.1311 -8.5913 1.1370
v -1.1264 -8.5559 1.0801
v -1.1235 -8.5339 1.0167
v -1.1224 -8.5263 -0.9500
v -1.1234 -8.5338 -1.0168
v -1.1263 -8.5558 -1.0802
v -1.1310 -8.5912 -1.1371
v -1.1372 -8.6383 -1.1846
v -1.1446 -8.6947 -1.2203
v -1.1529 -8.7575 -1.2425
v -0.9982 -9.4976 -1.2501
v -1.0052 -9.5640 -1.2426
v -1.0118 -9.6270 -1.2204
v -1.0178 -9.6836 -1.1846
v -1.0227 -9.7308 -1.1371
v -1.0265 -9.7664 -1.0803
v -1.0288 -9.7884 -1.0168
v -1.0297 -9.7960 0.9499
v -1.0289 -9.7886 1.0167
v -1.0266 -9.7665 1.0801
v -1.0228 -9.7309 1.1369
v -1.0179 -9.6837 1.1845
v -1.0119 -9.6271 1.2202
v -1.0053 -9.5641 1.2424
v -0.9304 -8.8513 1.2499
v -0.9234 -8.7849 1.2424
v -0.9167 -8.7218 1.2202
v -0.9108 -8.6652 1.1845
v -0.9058 -8.6180 1.1370
v -0.9021 -8.5824 1.0801
v -0.8998 -8.5604 1.0167
v -0.8989 -8.5528 -0.9500
v -0.8997 -8.5603 -1.0168
v -0.9020 -8.5823 -1.0802
v -0.9057 -8.6179 -1.1371
v -0.9107 -8.6651 -1.1846
v -0.9166 -8.7217 -1.2203
v -0.9232 -8.7847 -1.2425
v -0.7492 -9.5205 -1.2501
v -0.7545 -9.5870 -1.2425
v -0.7595 -9.6502 -1.2204
v -0.7639 -9.7069 -1.1846
v -0.7677 -9.7543 -1.1371
v -0.7705 -9.7899 -1.0802
v -0.7722 -9.8120 -1.0168
v -0.7729 -9.8196 0.9499
v -0.7723 -9.8121 1.0167
v -0.7706 -9.7900 1.0801
v -0.7678 -9.7544 1.1370
v -0.7640 -9.7070 1.1845
v -0.7596 -9.6503 1.2202
v -0.7546 -9.5871 1.2424
v -0.6983 -8.8726 1.2500
v -0.6931 -8.8060 1.2424
v -0.6881 -8.7428 1.2203
v -0.6836 -8.6861 1.1845
v -0.6799 -8.6387 1.1370
v -0.6771 -8.6031 1.0801
v -0.6754 -8.5810 1.0167
v -0.6747 -8.5734 -0.9500
v -0.6753 -8.5809 -1.0168
v -0.6770 -8.6030 -1.0802
v -0.6798 -8.6386 -1.1371
v -0.6835 -8.6860 -1.1846
v -0.6880 -8.7427 -1.2203
v -0.6930 -8.8059 -1.2425
v -0.4998 -9.5368 -1.2500
v -0.5033 -9.6035 -1.2425
v -0.5066 -9.6668 -1.2203
v -0.5096 -9.7236 -1.1846
v -0.5121 -9.7711 -1.1371
v -0.5139 -9.8068 -1.0802
v -0.5151 -9.8289 -1.0168
v -0.5156 -9.8365 0.9499
v -0.5152 -9.8290 1.0167
v -0.5140 -9.8068 1.0801
v -0.5121 -9.7711 1.1370
v -0.5097 -9.7237 1.1845
v -0.5067 -9.6669 1.2202
v -0.5034 -9.6036 1.2424
v -0.4658 -8.8878 1.2500
v -0.4623 -8.8211 1.2424
v -0.4590 -8.7578 1.2203
v -0.4560 -8.7010 1.1845
v -0.4535 -8.6536 1.1370
v -0.4517 -8.6179 1.0801
v -0.4505 -8.5957 1.0167
v -0.4500 -8.5881 -0.9500
v -0.4504 -8.5956 -1.0168
v -0.4516 -8.6178 -1.0802
v -0.4535 -8.6535 -1.1371
v -0.4559 -8.7009 -1.1846
v -0.4589 -8.7577 -1.2203
v -0.4622 -8.8211 -1.2425
v -0.2500 -9.5467 -1.2500
v -0.2517 -9.6134 -1.2425
v -0.2534 -9.6768 -1.2203
v -0.2549 -9.7336 -1.1846
v -0.2561 -9.7811 -1.1371
v -0.2571 -9.8169 -1.0802
v -0.2576 -9.8390 -1.0168
v -0.2579 -9.8466 0.9499
v -0.2577 -9.8391 1.0167
v -0.2571 -9.8169 1.0801
v -0.2562 -9.7812 1.1370
v -0.2549 -9.7337 1.1845
v -0.2534 -9.6769 1.2202
v -0.2518 -9.6135 1.2424
v -0.2330 -8.8970 1.2500
v -0.2313 -8.8302 1.2425
v -0.2296 -8.7668 1.2203
v -0.2281 -8.7100 1.1845
v -0.2269 -8.6625 1.1370
v -0.2259 -8.6268 1.0801
v -0.2253 -8.6046 1.0167
v -0.2251 -8.5970 -0.9500
v -0.2253 -8.6045 -1.0168
v -0.2259 -8.6267 -1.0802
v -0.2268 -8.6624 -1.1371
v -0.2280 -8.7099 -1.1846
v -0.2295 -8.7668 -1.2203
v -0.2312 -8.8301 -1.2425
v -0.0000 -9.5499 -1.2500
v -0.0000 -9.6167 -1.2425
v -0.0000 -9.6801 -1.2203
v -0.0000 -9.7370 -1.1846
v -0.0000 -9.7845 -1.1371
v -0.0000 -9.8202 -1.0802
v -0.0000 -9.8424 -1.0168
v -0.0000 -9.8500 0.9499
v -0.0000 -9.8425 1.0167
v -0.0000 -9.8203 1.0801
v -0.0000 -9.7846 1.1370
v -0.0000 -9.7371 1.1845
v -0.0000 -9.6802 1.2202
v -0.0000 -9.6168 1.2424
v -0.0000 -8.9000 1.2500
v -0.0000 -8.8333 1.2425
v -0.0000 -8.7698 1.2203
v -0.0000 -8.7130 1.1845
v -0.0000 -8.6655 1.1370
v -0.0000 -8.6297 1.0801
v -0.0000 -8.6075 1.0167
v -0.0000 -8.5999 -0.9500
v -0.0000 -8.6075 -1.0168
v -0.0000 -8.6297 -1.0802
v -0.0000 -8.6654 -1.1371
v -0.0000 -8.7129 -1.1846
v -0.0000 -8.7698 -1.2203
v -0.0000 -8.8332 -1.2425
v 0.2500 -9.5467 -1.2500
v 0.2517 -9.6134 -1.2425
v 0.2534 -9.6768 -1.2203
v 0.2549 -9.7336 -1.1846
v 0.2561 -9.7811 -1.1371
v 0.2571 -9.8169 -1.0802
v 0.2576 -9.8390 -1.0168
v 0.2579 -9.8466 0.9499
v 0.2577 -9.8391 1.0167
v 0.2571 -9.8169 1.0801
v 0.2562 -9.7812 1.1370
v 0.2549 -9.7337 1.1845
v 0.2534 -9.6769 1.2202
v 0.2518 -9.6135 1.2424
v 0.2330 -8.8970 1.2500
v 0.2313 -8.8302 1.2425
v 0.2296 -8.7668 1.2203
v 0.2281 -8.7100 1.1845
v 0.2269 -8.6625 1.1370
v 0.2259 -8.6268 1.0801
v 0.2253 -8.6046 1.0167
v 0.2251 -8.5970 -0.9500
v 0.2253 -8.6045 -1.0168
v 0.2259 -8.6267 -1.0802
v 0.2268 -8.6624 -1.1371
v 0.2280 -8.7099 -1.1846
v 0.2295 -8.7668 -1.2203
v 0.2312 -8.8301 -1.2425
v 0.4998 -9.5368 -1.2500
v 0.5033 -9.6035 -1.2425
v 0.5066 -9.6668 -1.2203
v 0.5096 -9.7236 -1.1846
v 0.5121 -9.7711 -1.1371
v 0.5139 -9.8068 -1.0802
v 0.5151 -9.8289 -1.0168
v 0.5156 -9.8365 0.9499
v 0.5152 -9.8290 1.0167
v 0.5140 -9.8068 1.0801
v 0.5121 -9.7711 1.1370
v 0.5097 -9.7237 1.1845
v 0.5067 -9.6669 1.2202
v 0.5034 -9.6036 1.2424
v 0.4658 -8.8878 1.2500
v 0.4623 -8.8211 1.2424
v 0.4590 -8.7578 1.2203
v 0.4560 -8.7010 1.1845
v 0.4535 -8.6536 1.1370
v 0.4517 -8.6179 1.0801
v 0.4505 -8.5957 1.0167
v 0.4500 -8.5881 -0.9500
v 0.4504 -8.5956 -1.0168
v 0.4516 -8.6178 -1.0802
v 0.4535 -8.6535 -1.1371
v 0.4559 -8.7009 -1.1846
v 0.4589 -8.7577 -1.2203
v 0.4622 -8.8211 -1.2425
v 0.7492 -9.5205 -1.2501
v 0.7545 -9.5870 -1.2425
v 0.7595 -9.6502 -1.2204
v 0.7639 -9.7069 -1.1846
v 0.7677 -9.7543 -1.1371
v 0.7705 -9.7899 -1.0802
v 0.7722 -9.8120 -1.0168
v 0.7729 -9.8196 0.9499
v 0.7723 -9.8121 1.0167
v 0.7706 -9.7900 1.0801
v 0.7678 -9.7544 1.1370
v 0.7640 -9.7070 1.1845
v 0.7596 -9.6503 1.2202
v 0.7546 -9.5871 1.2424
v 0.6983 -8.8726 1.2500
v 0.6931 -8.8060 1.2424
v 0.6881 -8.7428 1.2203
v 0.6836 -8.6861 1.1845
v 0.6799 -8.6387 1.1370
v 0.6771 -8.6031 1.0801
v 0.6754 -8.5810 1.0167
v 0.6747 -8.5734 -0.9500
v 0.6753 -8.5809 -1.0168
v 0.6770 -8.6030 -1.0802
v 0.6798 -8.6386 -1.1371
v 0.6835 -8.6860 -1.1846
v 0.6880 -8.7427 -1.2203
v 0.6930 -8.8059 -1.2425
v 0.9982 -9.4976 -1.2501
v 1.0052 -9.5640 -1.2426
v 1.0118 -9.6270 -1.2204
v 1.0178 -9.6836 -1.1846
v 1.0227 -9.7308 -1.1371
v 1.0265 -9.7664 -1.0803
v 1.0288 -9.7884 -1.0168
v 1.0297 -9.7960 0.9499
v 1.0289 -9.7886 1.0167
v 1.0266 -9.7665 1.0801
v 1.0228 -9.7309 1.1369
v 1.0179 -9.6837 1.1845
v 1.0119 -9.6271 1.2202
v 1.0053 -9.5641 1.2424
v 0.9304 -8.8513 1.2499
v 0.9234 -8.7849 1.2424
v 0.9167 -8.7218 1.2202
v 0.9108 -8.6652 1.1845
v 0.9058 -8.6180 1.1370
v 0.9021 -8.5824 1.0801
v 0.8998 -8.5604 1.0167
v 0.8989 -8.5528 -0.9500
v 0.8997 -8.5603 -1.0168
v 0.9020 -8.5823 -1.0802
v 0.9057 -8.6179 -1.1371
v 0.9107 -8.6651 -1.1846
v 0.9166 -8.7217 -1.2203
v 0.9232 -8.7847 -1.2425
v 1.2465 -9.4682 -1.2501
v 1.2552 -9.5343 -1.2426
v 1.2635 -9.5972 -1.2204
v 1.2709 -9.6536 -1.1846
v 1.2771 -9.7007 -1.1371
v 1.2818 -9.7361 -1.0803
v 1.2847 -9.7581 -1.0169
v 1.2858 -9.7657 0.9499
v 1.2848 -9.7583 1.0166
v 1.2819 -9.7363 1.0800
v 1.2772 -9.7008 1.1369
v 1.2710 -9.6537 1.1844
v 1.2636 -9.5974 1.2202
v 1.2553 -9.5345 1.2424
v 1.1617 -8.8239 1.2499
v 1.1530 -8.7577 1.2424
v 1.1447 -8.6948 1.2202
v 1.1373 -8.6384 1.1845
v 1.1311 -8.5913 1.1370
v 1.1264 -8.5559 1.0801
v 1.1235 -8.5339 1.0167
v 1.1224 -8.5263 -0.9500
v 1.1234 -8.5338 -1.0168
v 1.1263 -8.5558 -1.0802
v 1.1310 -8.5912 -1.1371
v 1.1372 -8.6383 -1.1846
v 1.1446 -8.6947 -1.2203
v 1.1529 -8.7575 -1.2425
v 1.4939 -9.4323 -1.2501
v 1.5043 -9.4982 -1.2426
v 1.5142 -9.5608 -1.2204
v 1.5231 -9.6170 -1.1847
v 1.5306 -9.6639 -1.1372
v 1.5362 -9.6992 -1.0803
v 1.5397 -9.7211 -1.0169
v 1.5410 -9.7287 0.9499
v 1.5398 -9.7213 1.0166
v 1.5363 -9.6994 1.0800
v 1.5308 -9.6641 1.1369
v 1.5233 -9.6172 1.1844
v 1.5144 -9.5610 1.2202
v 1.5045 -9.4984 1.2423
v 1.3923 -8.7904 1.2499
v 1.3819 -8.7245 1.2424
v 1.3720 -8.6619 1.2202
v 1.3631 -8.6057 1.1845
v 1.3556 -8.5588 1.1370
v 1.3500 -8.5235 1.0801
v 1.3466 -8.5015 1.0167
v 1.3452 -8.4940 -0.9500
v 1.3464 -8.5014 -1.0168
v 1.3499 -8.5233 -1.0802
v 1.3555 -8.5586 -1.1371
v 1.3629 -8.6055 -1.1846
v 1.3718 -8.6617 -1.2203
v 1.3817 -8.7243 -1.2425
v 1.7403 -9.3899 -1.2501
v 1.7524 -9.4555 -1.2426
v 1.7640 -9.5179 -1.2204
v 1.7744 -9.5738 -1.1847
v 1.7830 -9.6205 -1.1372
v 1.7895 -9.6557 -1.0803
v 1.7936 -9.6775 -1.0169
v 1.7951 -9.6850 0.9498
v 1.7938 -9.6776 1.0166
v 1.7897 -9.6558 1.0800
v 1.7832 -9.6207 1.1369
v 1.7746 -9.5740 1.1844
v 1.7642 -9.5181 1.2201
v 1.7526 -9.4557 1.2423
v 1.6220 -8.7510 1.2499
v 1.6098 -8.6853 1.2424
v 1.5983 -8.6230 1.2202
v 1.5879 -8.5671 1.1845
v 1.5792 -8.5204 1.1370
v 1.5727 -8.4852 1.0801
v 1.5686 -8.4634 1.0167
v 1.5671 -8.4558 -0.9500
v 1.5685 -8.4632 -1.0168
v 1.5725 -8.4850 -1.0802
v 1.5790 -8.5202 -1.1371
v 1.5877 -8.5669 -1.1846
v 1.5980 -8.6228 -1.2203
v 1.6096 -8.6851 -1.2425
v 1.9854 -9.3411 -1.2501
v 1.9993 -9.4064 -1.2426
v 2.0125 -9.4684 -1.2204
v 2.0244 -9.5240 -1.1847
v 2.0342 -9.5705 -1.1372
v 2.0417 -9.6055 -1.0803
v 2.0463 -9.6272 -1.0169
v 2.0481 -9.6347 0.9498
v 2.0465 -9.6274 1.0165
v 2.0419 -9.6057 1.0800
v 2.0345 -9.5707 1.1368
v 2.0246 -9.5243 1.1844
v 2.0128 -9.4686 1.2201
v 1.9996 -9.4066 1.2423
v 1.8505 -8.7055 1.2499
v 1.8366 -8.6402 1.2424
v 1.8234 -8.5782 1.2202
v 1.8116 -8.5226 1.1845
v 1.8017 -8.4761 1.1370
v 1.7943 -8.4411 1.0801
v 1.7897 -8.4194 1.0167
v 1.7879 -8.4119 -0.9500
v 1.7894 -8.4192 -1.0168
v 1.7941 -8.4409 -1.0802
v 1.8015 -8.4759 -1.1371
v 1.8114 -8.5223 -1.1846
v 1.8232 -8.5780 -1.2203
v 1.8364 -8.6400 -1.2425
v 2.2293 -9.2859 -1.2502
v 2.2449 -9.3508 -1.2427
v 2.2597 -9.4124 -1.2205
v 2.2730 -9.4677 -1.1847
v 2.2841 -9.5139 -1.1372
v 2.2924 -9.5487 -1.0804
v 2.2976 -9.5703 -1.0170
v 2.2996 -9.5778 0.9498
v 2.2979 -9.5705 1.0165
v 2.2927 -9.5489 1.0799
v 2.2843 -9.5142 1.1368
v 2.2733 -9.4680 1.1843
v 2.2600 -9.4127 1.2201
v 2.2452 -9.3510 1.2423
v 2.0778 -8.6541 1.2499
v 2.0622 -8.5892 1.2424
v 2.0474 -8.5275 1.2202
v 2.0341 -8.4722 1.1845
v 2.0230 -8.4260 1.1370
v 2.0146 -8.3913 1.0801
v 2.0095 -8.3697 1.0167
v 2.0074 -8.3622 -0.9500
v 2.0092 -8.3695 -1.0168
v 2.0144 -8.3910 -1.0802
v 2.0227 -8.4258 -1.1371
v 2.0338 -8.4720 -1.1846
v 2.0471 -8.5273 -1.2203
v 2.0619 -8.5889 -1.2425
v 2.4716 -9.2243 -1.2502
v 2.4888 -9.2888 -1.2427
v 2.5053 -9.3500 -1.2205
v 2.5200 -9.4049 -1.1848
v 2.5323 -9.4508 -1.1373
v 2.5416 -9.4854 -1.0804
v 2.5473 -9.5068 -1.0170
v 2.5496 -9.5143 0.9497
v 2.5476 -9.5071 1.0165
v 2.5419 -9.4856 1.0799
v 2.5327 -9.4511 1.1368
v 2.5204 -9.4052 1.1843
v 2.5056 -9.3503 1.2200
v 2.4892 -9.2891 1.2422
v 2.3036 -8.5967 1.2499
v 2.2864 -8.5323 1.2423
v 2.2699 -8.4710 1.2202
v 2.2552 -8.4161 1.1844
v 2.2429 -8.3702 1.1369
v 2.2336 -8.3357 1.0801
v 2.2279 -8.3142 1.0167
v 2.2256 -8.3067 -0.9500
v 2.2276 -8.3140 -1.0168
v 2.2333 -8.3354 -1.0802
v 2.2425 -8.3699 -1.1371
v 2.2548 -8.4158 -1.1846
v 2.2696 -8.4707 -1.2204
v 2.2860 -8.5320 -1.2426
v 2.7121 -9.1564 -1.2502
v 2.7311 -9.2204 -1.2427
v 2.7491 -9.2812 -1.2205
v 2.7653 -9.3357 -1.1848
v 2.7788 -9.3813 -1.1373
v 2.7890 -9.4155 -1.0804
v 2.7953 -9.4368 -1.0170
v 2.7978 -9.4443 0.9497
v 2.7957 -9.4371 1.0164
v 2.7894 -9.4158 1.0798
v 2.7792 -9.3816 1.1367
v 2.7657 -9.3360 1.1842
v 2.7496 -9.2815 1.2200
v 2.7316 -9.2207 1.2422
v 2.5279 -8.5335 1.2498
v 2.5089 -8.4695 1.2423
v 2.4909 -8.4087 1.2201
v 2.4748 -8.3542 1.1844
v 2.4613 -8.3086 1.1369
v 2.4511 -8.2743 1.0800
v 2.4448 -8.2530 1.0166
v 2.4423 -8.2456 -0.9501
v 2.4444 -8.2528 -1.0168
v 2.4507 -8.2740 -1.0802
v 2.4608 -8.3083 -1.1371
v 2.4743 -8.3538 -1.1846
v 2.4905 -8.4083 -1.2204
v 2.5085 -8.4691 -1.2426
v 2.9509 -9.0822 -1.2503
v 2.9715 -9.1456 -1.2428
v 2.9911 -9.2059 -1.2206
v 3.0087 -9.2600 -1.1849
v 3.0234 -9.3052 -1.1374
v 3.0345 -9.3392 -1.0805
v 3.0413 -9.3603 -1.0171
v 3.0441 -9.3678 0.9496
v 3.0418 -9.3607 1.0163
v 3.0349 -9.3396 1.0798
v 3.0239 -9.3056 1.1367
v 3.0092 -9.2604 1.1842
v 2.9917 -9.2063 1.2199
v 2.9721 -9.1460 1.2421
v 2.7505 -8.4644 1.2498
v 2.7298 -8.4009 1.2423
v 2.7102 -8.3406 1.2201
v 2.6926 -8.2865 1.1844
v 2.6779 -8.2413 1.1369
v 2.6669 -8.2073 1.0800
v 2.6600 -8.1862 1.0166
v 2.6572 -8.1787 -0.9501
v 2.6595 -8.1859 -1.0168
v 2.6664 -8.2070 -1.0802
v 2.6774 -8.2410 -1.1371
v 2.6921 -8.2861 -1.1846
v 2.7097 -8.3402 -1.2204
v 2.7293 -8.4005 -1.2426
v 3.1876 -9.0017 -1.2503
v 3.2099 -9.0646 -1.2428
v 3.2310 -9.1244 -1.2206
v 3.2500 -9.1780 -1.1849
v 3.2659 -9.2228 -1.1374
v 3.2779 -9.2565 -1.0806
v 3.2853 -9.2774 -1.0172
v 3.2883 -9.2849 0.9495
v 3.2858 -9.2778 1.0163
v 3.2784 -9.2569 1.0797
v 3.2665 -9.2232 1.1366
v 3.2507 -9.1785 1.1841
v 3.2317 -9.1249 1.2199
v 3.2105 -9.0651 1.2421
v 2.9711 -8.3895 1.2498
v 2.9488 -8.3266 1.2423
v 2.9277 -8.2668 1.2201
v 2.9087 -8.2132 1.1844
v 2.8928 -8.1684 1.1369
v 2.8808 -8.1347 1.0800
v 2.8734 -8.1138 1.0166
v 2.8704 -8.1063 -0.9501
v 2.8729 -8.1134 -1.0168
v 2.8803 -8.1343 -1.0802
v 2.8922 -8.1680 -1.1371
v 2.9080 -8.2127 -1.1846
v 2.9270 -8.2664 -1.2204
v 2.9482 -8.3261 -1.2426
v 3.4221 -8.9151 -1.2504
v 3.4460 -8.9774 -1.2429
v 3.4687 -9.0366 -1.2207
v 3.4891 -9.0897 -1.1850
v 3.5062 -9.1341 -1.1375
v 3.5190 -9.1675 -1.0806
v 3.5270 -9.1882 -1.0172
v 3.5303 -9.1956 0.9494
v 3.5276 -9.1886 1.0162
v 3.5197 -9.1679 1.0796
v 3.5069 -9.1346 1.1365
v 3.4899 -9.0902 1.1840
v 3.4695 -9.0371 1.2198
v 3.4468 -8.9779 1.2420
v 3.1898 -8.3089 1.2497
v 3.1658 -8.2465 1.2422
v 3.1431 -8.1873 1.2201
v 3.1227 -8.1342 1.1843
v 3.1057 -8.0899 1.1368
v 3.0928 -8.0565 1.0800
v 3.0848 -8.0358 1.0166
v 3.0815 -8.0283 -0.9501
v 3.0842 -8.0353 -1.0168
v 3.0921 -8.0560 -1.0803
v 3.1049 -8.0894 -1.1371
v 3.1220 -8.1337 -1.1847
v 3.1423 -8.1868 -1.2204
v 3.1651 -8.2460 -1.2426
v 3.6542 -8.8224 -1.2504
v 3.6798 -8.8840 -1.2429
v 3.7041 -8.9426 -1.2208
v 3.7258 -8.9952 -1.1851
v 3.7441 -9.0391 -1.1376
v 3.7578 -9.0721 -1.0807
v 3.7663 -9.0926 -1.0173
v 3.7699 -9.1000 0.9493
v 3.7670 -9.0931 1.0161
v 3.7586 -9.0726 1.0795
v 3.7449 -9.0396 1.1364
v 3.7267 -8.9957 1.1839
v 3.7050 -8.9432 1.2197
v 3.6807 -8.8846 1.2419
v 3.4063 -8.2225 1.2497
v 3.3807 -8.1608 1.2422
v 3.3564 -8.1022 1.2200
v 3.3346 -8.0497 1.1843
v 3.3164 -8.0058 1.1368
v 3.3027 -7.9728 1.0799
v 3.2942 -7.9523 1.0165
v 3.2906 -7.9448 -0.9501
v 3.2934 -7.9518 -1.0169
v 3.3019 -7.9723 -1.0803
v 3.3156 -8.0053 -1.1372
v 3.3337 -8.0491 -1.1847
v 3.3555 -8.1017 -1.2204
v 3.3798 -8.1602 -1.2427
v 3.8838 -8.7236 -1.2505
v 3.9110 -8.7846 -1.2430
v 3.9368 -8.8425 -1.2209
v 3.9600 -8.8944 -1.1851
v 3.9793 -8.9379 -1.1377
v 3.9939 -8.9705 -1.0808
v 4.0030 -8.9908 -1.0174
v 4.0069 -8.9982 0.9492
v 4.0039 -8.9913 1.0160
v 3.9949 -8.9711 1.0794
v 3.9803 -8.9385 1.1363
v 3.9610 -8.8951 1.1838
v 3.9379 -8.8431 1.2196
v 3.9121 -8.7852 1.2418
v 3.6204 -8.1305 1.2496
v 3.5932 -8.0695 1.2421
v 3.5674 -8.0116 1.2200
v 3.5442 -7.9596 1.1843
v 3.5249 -7.9162 1.1368
v 3.5103 -7.8836 1.0799
v 3.5013 -7.8633 1.0165
v 3.4973 -7.8559 -0.9501
v 3.5004 -7.8627 -1.0169
v 3.5094 -7.8830 -1.0803
v 3.5239 -7.9156 -1.1372
v 3.5432 -7.9590 -1.1847
v 3.5663 -8.0109 -1.2205
v 3.5921 -8.0689 -1.2427
v 4.1108 -8.6188 -1.2506
v 4.1395 -8.6790 -1.2431
v 4.1669 -8.7363 -1.2210
v 4.1914 -8.7876 -1.1852
v 4.2119 -8.8305 -1.1378
v 4.2273 -8.8628 -1.0809
v 4.2369 -8.8828 -1.0175
v 4.2412 -8.8902 0.9491
v 4.2379 -8.8834 1.0158
v 4.2284 -8.8634 1.0793
v 4.2131 -8.8312 1.1362
v 4.1926 -8.7883 1.1837
v 4.1681 -8.7370 1.2195
v 4.1408 -8.6798 1.2417
v 3.8321 -8.0329 1.2496
v 3.8033 -7.9727 1.2421
v 3.7760 -7.9155 1.2199
v 3.7515 -7.8641 1.1842
v 3.7310 -7.8212 1.1367
v 3.7155 -7.7890 1.0799
v 3.7060 -7.7689 1.0165
v 3.7017 -7.7615 -0.9501
v 3.7049 -7.7683 -1.0169
v 3.7144 -7.7883 -1.0803
v 3.7298 -7.8206 -1.1372
v 3.7502 -7.8634 -1.1847
v 3.7747 -7.9147 -1.2205
v 3.8020 -7.9719 -1.2427
v 4.3349 -8.5081 -1.2507
v 4.3652 -8.5675 -1.2432
v 4.3940 -8.6240 -1.2211
v 4.4199 -8.6747 -1.1854
v 4.4415 -8.7171 -1.1379
v 4.4578 -8.7489 -1.0810
v 4.4679 -8.7687 -1.0176
v 4.4725 -8.7761 0.9489
v 4.4691 -8.7694 1.0157
v 4.4591 -8.7497 1.0791
v 4.4429 -8.7178 1.1360
v 4.4214 -8.6755 1.1835
v 4.3955 -8.6249 1.2193
v 4.3667 -8.5684 1.2415
v 4.0411 -7.9299 1.2495
v 4.0108 -7.8704 1.2420
v 3.9820 -7.8139 1.2199
v 3.9561 -7.7632 1.1841
v 3.9345 -7.7209 1.1367
v 3.9182 -7.6890 1.0798
v 3.9081 -7.6692 1.0164
v 3.9035 -7.6619 -0.9502
v 3.9069 -7.6685 -1.0169
v 3.9169 -7.6883 -1.0803
v 3.9331 -7.7201 -1.1372
v 3.9547 -7.7624 -1.1848
v 3.9805 -7.8131 -1.2205
v 4.0093 -7.8696 -1.2428
v 4.5560 -8.3915 -1.2508
v 4.5879 -8.4502 -1.2433
v 4.6182 -8.5059 -1.2212
v 4.6454 -8.5559 -1.1855
v 4.6681 -8.5976 -1.1380
v 4.6852 -8.6291 -1.0812
v 4.6958 -8.6486 -1.0178
v 4.7008 -8.6559 0.9488
v 4.6973 -8.6494 1.0155
v 4.6868 -8.6299 1.0789
v 4.6697 -8.5985 1.1358
v 4.6471 -8.5568 1.1834
v 4.6199 -8.5068 1.2192
v 4.5897 -8.4511 1.2414
v 4.2474 -7.8214 1.2494
v 4.2156 -7.7627 1.2419
v 4.1853 -7.7070 1.2198
v 4.1581 -7.6570 1.1841
v 4.1354 -7.6152 1.1366
v 4.1183 -7.5838 1.0797
v 4.1076 -7.5643 1.0164
v 4.1026 -7.5569 -0.9502
v 4.1062 -7.5635 -1.0169
v 4.1167 -7.5830 -1.0804
v 4.1337 -7.6144 -1.1373
v 4.1564 -7.6561 -1.1848
v 4.1835 -7.7060 -1.2206
v 4.2138 -7.7618 -1.2428
v 4.7740 -8.2692 -1.2510
v 4.8074 -8.3270 -1.2435
v 4.8391 -8.3819 -1.2214
v 4.8676 -8.4312 -1.1857
v 4.8914 -8.4723 -1.1382
v 4.9094 -8.5033 -1.0813
v 4.9205 -8.5225 -1.0179
v 4.9260 -8.5299 0.9485
v 4.9223 -8.5234 1.0153
v 4.9112 -8.5042 1.0787
v 4.8934 -8.4733 1.1356
v 4.8696 -8.4322 1.1832
v 4.8412 -8.3829 1.2190
v 4.8095 -8.3280 1.2412
v 4.4509 -7.7075 1.2493
v 4.4175 -7.6497 1.2418
v 4.3857 -7.5948 1.2197
v 4.3572 -7.5455 1.1840
v 4.3334 -7.5043 1.1365
v 4.3155 -7.4734 1.0797
v 4.3043 -7.4541 1.0163
v 4.2989 -7.4468 -0.9502
v 4.3026 -7.4533 -1.0170
v 4.3136 -7.4725 -1.0804
v 4.3315 -7.5034 -1.1373
v 4.3552 -7.5445 -1.1848
v 4.3836 -7.5937 -1.2206
v 4.4153 -7.6486 -1.2429
v 4.9887 -8.1412 -1.2511
v 5.0236 -8.1981 -1.2437
v 5.0568 -8.2521 -1.2215
v 5.0865 -8.3006 -1.1858
v 5.1114 -8.3411 -1.1384
v 5.1302 -8.3716 -1.0815
v 5.1418 -8.3906 -1.0181
v 5.1477 -8.3979 0.9483
v 5.1439 -8.3915 1.0151
v 5.1323 -8.3726 1.0785
v 5.1137 -8.3422 1.1354
v 5.0889 -8.3017 1.1830
v 5.0592 -8.2533 1.2188
v 5.0261 -8.1992 1.2410
v 4.6512 -7.5883 1.2492
v 4.6163 -7.5314 1.2417
v 4.5832 -7.4773 1.2196
v 4.5534 -7.4288 1.1839
v 4.5285 -7.3883 1.1364
v 4.5097 -7.3578 1.0796
v 4.4981 -7.3389 1.0162
v 4.4922 -7.3315 -0.9502
v 4.4961 -7.3379 -1.0170
v 4.5076 -7.3568 -1.0804
v 4.5262 -7.3872 -1.1374
v 4.5510 -7.4277 -1.1849
v 4.5807 -7.4762 -1.2207
v 4.6139 -7.5302 -1.2429
v 5.1999 -8.0075 -1.2513
v 5.2363 -8.0635 -1.2438
v 5.2709 -8.1167 -1.2217
v 5.3019 -8.1644 -1.1860
v 5.3279 -8.2042 -1.1386
v 5.3474 -8.2342 -1.0818
v 5.3596 -8.2529 -1.0184
v 5.3660 -8.2602 0.9480
v 5.3620 -8.2539 1.0148
v 5.3499 -8.2353 1.0782
v 5.3305 -8.2054 1.1352
v 5.3047 -8.1656 1.1827
v 5.2737 -8.1179 1.2185
v 5.2392 -8.0648 1.2408
v 4.8485 -7.4639 1.2491
v 4.8121 -7.4079 1.2416
v 4.7775 -7.3548 1.2195
v 4.7464 -7.3070 1.1838
v 4.7205 -7.2672 1.1364
v 4.7009 -7.2372 1.0795
v 4.6888 -7.2186 1.0161
v 4.6824 -7.2112 -0.9503
v 4.6864 -7.2175 -1.0170
v 4.6984 -7.2361 -1.0805
v 4.7178 -7.2660 -1.1374
v 4.7437 -7.3058 -1.1850
v 4.7746 -7.3535 -1.2208
v 4.8092 -7.4066 -1.2430
v 5.4075 -7.8684 -1.2515
v 5.4454 -7.9234 -1.2441
v 5.4814 -7.9756 -1.2220
v 5.5137 -8.0225 -1.1863
v 5.5406 -8.0617 -1.1388
v 5.5610 -8.0911 -1.0820
v 5.5737 -8.1095 -1.0186
v 5.5806 -8.1168 0.9477
v 5.5764 -8.1106 1.0145
v 5.5639 -8.0924 1.0779
v 5.5437 -8.0630 1.1349
v 5.5169 -8.0239 1.1824
v 5.4847 -7.9770 1.2182
v 5.4487 -7.9248 1.2405
v 5.0424 -7.3344 1.2489
v 5.0045 -7.2794 1.2415
v 4.9686 -7.2271 1.2194
v 4.9363 -7.1803 1.1837
v 4.9093 -7.1411 1.1362
v 4.8889 -7.1116 1.0794
v 4.8763 -7.0933 1.0160
v 4.8693 -7.0860 -0.9503
v 4.8735 -7.0921 -1.0171
v 4.8860 -7.1104 -1.0805
v 4.9062 -7.1398 -1.1375
v 4.9331 -7.1789 -1.1850
v 4.9653 -7.2257 -1.2208
v 5.0012 -7.2780 -1.2431
v 5.6114 -7.7238 -1.2517
v 5.6507 -7.7778 -1.2443
v 5.6880 -7.8291 -1.2222
v 5.7216 -7.8751 -1.1866
v 5.7496 -7.9136 -1.1391
v 5.7707 -7.9425 -1.0823
v 5.7839 -7.9605 -1.0189
v 5.7914 -7.9678 0.9474
v 5.7871 -7.9617 1.0141
v 5.7741 -7.9438 1.0776
v 5.7532 -7.9150 1.1345
v 5.7253 -7.8766 1.1821
v 5.6919 -7.8306 1.2179
v 5.6546 -7.7794 1.2402
v 5.2329 -7.1998 1.2487
v 5.1936 -7.1458 1.2413
v 5.1563 -7.0945 1.2192
v 5.1228 -7.0485 1.1835
v 5.0947 -7.0101 1.1361
v 5.0736 -6.9811 1.0793
v 5.0605 -6.9632 1.0159
v 5.0529 -6.9559 -0.9504
v 5.0572 -6.9619 -1.0171
v 5.0702 -6.9798 -1.0806
v 5.0911 -7.0087 -1.1375
v 5.1190 -7.0470 -1.1851
v 5.1524 -7.0930 -1.2209
v 5.1897 -7.1443 -1.2432
v 5.8114 -7.5739 -1.2520
v 5.8521 -7.6269 -1.2446
v 5.8908 -7.6772 -1.2225
v 5.9255 -7.7223 -1.1869
v 5.9545 -7.7600 -1.1395
v 5.9764 -7.7884 -1.0826
v 5.9901 -7.8060 -1.0193
v 5.9983 -7.8133 0.9470
v 5.9938 -7.8074 1.0137
v 5.9804 -7.7898 1.0772
v 5.9587 -7.7615 1.1341
v 5.9298 -7.7239 1.1817
v 5.8953 -7.6788 1.2175
v 5.8567 -7.6286 1.2398
v 5.4199 -7.0603 1.2485
v 5.3792 -7.0074 1.2411
v 5.3405 -6.9571 1.2190
v 5.3058 -6.9119 1.1834
v 5.2767 -6.8742 1.1360
v 5.2548 -6.8459 1.0791
v 5.2412 -6.8282 1.0158
v 5.2330 -6.8209 -0.9504
v 5.2375 -6.8268 -1.0172
v 5.2509 -6.8444 -1.0807
v 5.2726 -6.8727 -1.1376
v 5.3014 -6.9103 -1.1852
v 5.3360 -6.9554 -1.2210
v 5.3746 -7.0057 -1.2433
v 6.0073 -7.4188 -1.2523
v 6.0494 -7.4707 -1.2449
v 6.0894 -7.5199 -1.2229
v 6.1253 -7.5641 -1.1872
v 6.1554 -7.6011 -1.1398
v 6.1780 -7.6289 -1.0830
v 6.1921 -7.6461 -1.0196
v 6.2010 -7.6534 0.9465
v 6.1964 -7.6476 1.0133
v 6.1826 -7.6304 1.0767
v 6.1602 -7.6027 1.1337
v 6.1304 -7.5659 1.1813
v 6.0946 -7.5217 1.2171
v 6.0547 -7.4725 1.2394
v 5.6032 -6.9159 1.2483
v 5.5611 -6.8641 1.2409
v 5.5211 -6.8148 1.2188
v 5.4852 -6.7706 1.1832
v 5.4551 -6.7337 1.1358
v 5.4325 -6.7059 1.0790
v 5.4184 -6.6886 1.0156
v 5.4095 -6.6813 -0.9505
v 5.4141 -6.6871 -1.0173
v 5.4279 -6.7043 -1.0807
v 5.4503 -6.7320 -1.1377
v 5.4801 -6.7689 -1.1853
v 5.5159 -6.8130 -1.2211
v 5.5558 -6.8622 -1.2434
v 6.1991 -7.2586 -1.2527
v 6.2426 -7.3093 -1.2453
v 6.2838 -7.3575 -1.2233
v 6.3209 -7.4007 -1.1876
v 6.3519 -7.4369 -1.1402
v 6.3753 -7.4641 -1.0834
v 6.3899 -7.4810 -1.0201
v 6.3996 -7.4883 0.9459
v 6.3949 -7.4826 1.0127
v 6.3806 -7.4658 1.0762
v 6.3575 -7.4387 1.1331
v 6.3267 -7.4026 1.1807
v 6.2899 -7.3594 1.2166
v 6.2487 -7.3113 1.2389
v 5.7826 -6.7667 1.2480
v 5.7392 -6.7160 1.2407
v 5.6979 -6.6678 1.2186
v 5.6609 -6.6246 1.1830
v 5.6299 -6.5885 1.1356
v 5.6065 -6.5613 1.0788
v 5.5919 -6.5444 1.0154
v 5.5822 -6.5371 -0.9506
v 5.5869 -6.5427 -1.0174
v 5.6012 -6.5595 -1.0808
v 5.6243 -6.5867 -1.1378
v 5.6550 -6.6227 -1.1854
v 5.6919 -6.6659 -1.2212
v 5.7331 -6.7140 -1.2436
v 6.3866 -7.0933 -1.2531
v 6.4313 -7.1429 -1.2457
v 6.4739 -7.1900 -1.2237
v 6.5121 -7.2323 -1.1881
v 6.5441 -7.2676 -1.1407
v 6.5682 -7.2941 -1.0839
v 6.5832 -7.3107 -1.0206
v 6.5938 -7.3179 0.9453
v 6.5890 -7.3124 1.0121
v 6.5743 -7.2960 1.0756
v 6.5505 -7.2695 1.1326
v 6.5188 -7.2343 1.1802
v 6.4808 -7.1921 1.2161
v 6.4384 -7.1450 1.2384
v 5.9582 -6.6129 1.2477
v 5.9135 -6.5634 1.2404
v 5.8709 -6.5163 1.2184
v 5.8327 -6.4740 1.1828
v 5.8008 -6.4387 1.1354
v 5.7766 -6.4121 1.0786
v 5.7616 -6.3956 1.0152
v 5.7510 -6.3883 -0.9507
v 5.7558 -6.3939 -1.0174
v 5.7705 -6.4103 -1.0809
v 5.7943 -6.4368 -1.1379
v 5.8260 -6.4720 -1.1855
v 5.8640 -6.5142 -1.2214
v 5.9064 -6.5612 -1.2437
v 6.5696 -6.9232 -1.2535
v 6.6156 -6.9716 -1.2462
v 6.6594 -7.0175 -1.2242
v 6.6987 -7.0588 -1.1886
v 6.7316 -7.0932 -1.1413
v 6.7565 -7.1192 -1.0845
v 6.7720 -7.1353 -1.0212
v 6.7836 -7.1425 0.9446
v 6.7786 -7.1371 1.0114
v 6.7636 -7.1211 1.0749
v 6.7391 -7.0953 1.1319
v 6.7065 -7.0609 1.1795
v 6.6674 -7.0197 1.2154
v 6.6238 -6.9738 1.2378
v 6.1298 -6.4545 1.2474
v 6.0837 -6.4062 1.2401
v 6.0400 -6.3602 1.2181
v 6.0006 -6.3190 1.1825
v 5.9677 -6.2845 1.1351
v 5.9429 -6.2585 1.0784
v 5.9274 -6.2424 1.0150
v 5.9158 -6.2352 -0.9508
v 5.9207 -6.2406 -1.0175
v 5.9358 -6.2566 -1.0810
v 5.9603 -6.2824 -1.1380
v 5.9929 -6.3168 -1.1856
v 6.0319 -6.3580 -1.2216
v 6.0756 -6.4039 -1.2439
v 6.7480 -6.7482 -1.2541
v 6.7953 -6.7954 -1.2468
v 6.8403 -6.8402 -1.2248
v 6.8807 -6.8804 -1.1892
v 6.9145 -6.9140 -1.1419
v 6.9401 -6.9392 -1.0851
v 6.9560 -6.9550 -1.0218
v 6.9688 -6.9622 0.9439
v 6.9637 -6.9569 1.0106
v 6.9482 -6.9413 1.0741
v 6.9231 -6.9161 1.1311
v 6.8897 -6.8826 1.1788
v 6.8495 -6.8425 1.2147
v 6.8047 -6.7978 1.2371
v 6.2972 -6.2917 1.2470
v 6.2499 -6.2445 1.2397
v 6.2049 -6.1997 1.2178
v 6.1645 -6.1595 1.1822
v 6.1307 -6.1259 1.1349
v 6.1052 -6.1006 1.0781
v 6.0892 -6.0849 1.0148
v 6.0765 -6.0777 -0.9509
v 6.0815 -6.0830 -1.0177
v 6.0970 -6.0986 -1.0811
v 6.1221 -6.1238 -1.1381
v 6.1556 -6.1573 -1.1858
v 6.1957 -6.1974 -1.2217
v 6.2405 -6.2421 -1.2441
v 6.9217 -6.5686 -1.2547
v 6.9703 -6.6145 -1.2474
v 7.0164 -6.6581 -1.2254
v 7.0579 -6.6972 -1.1899
v 7.0926 -6.7299 -1.1426
v 7.1188 -6.7545 -1.0859
v 7.1352 -6.7698 -1.0225
v 7.1492 -6.7770 0.9430
v 7.1440 -6.7719 1.0097
v 7.1282 -6.7567 1.0732
v 7.1025 -6.7322 1.1303
v 7.0682 -6.6996 1.1779
v 7.0270 -6.6605 1.2139
v 6.9810 -6.6170 1.2363
v 6.4604 -6.1244 1.2466
v 6.4118 -6.0785 1.2393
v 6.3657 -6.0349 1.2174
v 6.3242 -5.9958 1.1819
v 6.2895 -5.9631 1.1345
v 6.2633 -5.9385 1.0778
v 6.2469 -5.9232 1.0145
v 6.2329 -5.9161 -0.9510
v 6.2381 -5.9212 -1.0178
v 6.2539 -5.9363 -1.0813
v 6.2796 -5.9609 -1.1383
v 6.3139 -5.9934 -1.1860
v 6.3551 -6.0325 -1.2219
v 6.4011 -6.0761 -1.2444
v 7.0906 -6.3844 -1.2553
v 7.1403 -6.4290 -1.2481
v 7.1876 -6.4714 -1.2262
v 7.2301 -6.5094 -1.1907
v 7.2657 -6.5412 -1.1434
v 7.2926 -6.5651 -1.0867
v 7.3094 -6.5800 -1.0234
v 7.3248 -6.5871 0.9419
v 7.3195 -6.5821 1.0087
v 7.3033 -6.5673 1.0722
v 7.2770 -6.5435 1.1293
v 7.2419 -6.5119 1.1770
v 7.1997 -6.4739 1.2130
v 7.1526 -6.4316 1.2354
v 6.6192 -5.9529 1.2461
v 6.5695 -5.9083 1.2389
v 6.5222 -5.8660 1.2170
v 6.4797 -5.8279 1.1815
v 6.4441 -5.7962 1.1342
v 6.4172 -5.7722 1.0775
v 6.4003 -5.7574 1.0141
v 6.3850 -5.7503 -0.9512
v 6.3902 -5.7553 -1.0179
v 6.4064 -5.7700 -1.0814
v 6.4328 -5.7938 -1.1385
v 6.4679 -5.8255 -1.1862
v 6.5100 -5.8634 -1.2222
v 6.5571 -5.9058 -1.2447
v 7.2545 -6.1958 -1.2561
v 7.3053 -6.2391 -1.2489
v 7.3538 -6.2802 -1.2270
v 7.3973 -6.3171 -1.1916
v 7.4337 -6.3479 -1.1443
v 7.4613 -6.3711 -1.0876
v 7.4785 -6.3856 -1.0243
v 7.4954 -6.3925 0.9408
v 7.4901 -6.3877 1.0076
v 7.4736 -6.3734 1.0711
v 7.4467 -6.3503 1.1282
v 7.4107 -6.3196 1.1759
v 7.3676 -6.2828 1.2119
v 7.3195 -6.2417 1.2344
v 6.7736 -5.7773 1.2456
v 6.7227 -5.7340 1.2384
v 6.6743 -5.6929 1.2165
v 6.6307 -5.6560 1.1810
v 6.5943 -5.6252 1.1338
v 6.5668 -5.6020 1.0771
v 6.5495 -5.5875 1.0138
v 6.5326 -5.5806 -0.9513
v 6.5379 -5.5854 -1.0181
v 6.5545 -5.5997 -1.0816
v 6.5814 -5.6228 -1.1387
v 6.6173 -5.6535 -1.1864
v 6.6604 -5.6903 -1.2225
v 6.7086 -5.7314 -1.2450
v 7.4132 -6.0029 -1.2569
v 7.4652 -6.0448 -1.2498
v 7.5147 -6.0846 -1.2280
v 7.5593 -6.1204 -1.1925
v 7.5965 -6.1502 -1.1453
v 7.6247 -6.1727 -1.0886
v 7.6424 -6.1867 -1.0254
v 7.6610 -6.1936 0.9395
v 7.6556 -6.1889 1.0063
v 7.6387 -6.1750 1.0698
v 7.6113 -6.1527 1.1269
v 7.5746 -6.1229 1.1747
v 7.5306 -6.0872 1.2108
v 7.4813 -6.0475 1.2333
v 6.9234 -5.5976 1.2449
v 6.8714 -5.5557 1.2378
v 6.8219 -5.5159 1.2160
v 6.7774 -5.4801 1.1805
v 6.7401 -5.4503 1.1333
v 6.7119 -5.4278 1.0766
v 6.6942 -5.4138 1.0134
v 6.6756 -5.4069 -0.9515
v 6.6811 -5.4116 -1.0183
v 6.6979 -5.4255 -1.0818
v 6.7254 -5.4478 -1.1389
v 6.7620 -5.4776 -1.1867
v 6.8061 -5.5133 -1.2228
v 6.8553 -5.5530 -1.2453
v 7.5668 -5.8058 -1.2579
v 7.6199 -5.8463 -1.2508
v 7.6704 -5.8848 -1.2290
v 7.7159 -5.9194 -1.1936
v 7.7540 -5.9483 -1.1465
v 7.7828 -5.9700 -1.0898
v 7.8009 -5.9836 -1.0265
v 7.8214 -5.9902 0.9380
v 7.8159 -5.9857 1.0048
v 7.7988 -5.9723 1.0684
v 7.7708 -5.9507 1.1255
v 7.7334 -5.9219 1.1733
v 7.6884 -5.8874 1.2094
v 7.6382 -5.8490 1.2320
v 7.0686 -5.4140 1.2442
v 7.0155 -5.3734 1.2371
v 6.9650 -5.3349 1.2154
v 6.9195 -5.3004 1.1800
v 6.8814 -5.2715 1.1328
v 6.8526 -5.2497 1.0761
v 6.8345 -5.2362 1.0129
v 6.8140 -5.2296 -0.9517
v 6.8195 -5.2341 -1.0185
v 6.8366 -5.2475 -1.0821
v 6.8646 -5.2691 -1.1392
v 6.9020 -5.2979 -1.1870
v 6.9469 -5.3324 -1.2231
v 6.9972 -5.3708 -1.2457
v 7.7150 -5.6047 -1.2590
v 7.7691 -5.6438 -1.2519
v 7.8207 -5.6810 -1.2302
v 7.8671 -5.7143 -1.1949
v 7.9060 -5.7422 -1.1477
v 7.9354 -5.7632 -1.0911
v 7.9540 -5.7762 -1.0279
v 7.9766 -5.7826 0.9364
v 7.9710 -5.7783 1.0032
v 7.9536 -5.7654 1.0668
v 7.9251 -5.7445 1.1239
v 7.8870 -5.7167 1.1718
v 7.8412 -5.6834 1.2079
v 7.7900 -5.6463 1.2306
v 7.2091 -5.2265 1.2434
v 7.1550 -5.1874 1.2364
v 7.1034 -5.1502 1.2147
v 7.0570 -5.1169 1.1794
v 7.0181 -5.0890 1.1322
v 6.9886 -5.0680 1.0756
v 6.9701 -5.0550 1.0123
v 6.9475 -5.0486 -0.9519
v 6.9531 -5.0529 -1.0187
v 6.9705 -5.0658 -1.0823
v 6.9990 -5.0867 -1.1395
v 7.0371 -5.1145 -1.1873
v 7.0829 -5.1478 -1.2235
v 7.1341 -5.1849 -1.2461
v 7.8577 -5.3997 -1.2602
v 7.9129 -5.4373 -1.2532
v 7.9654 -5.4731 -1.2315
v 8.0127 -5.5052 -1.1963
v 8.0524 -5.5321 -1.1492
v 8.0825 -5.5523 -1.0926
v 8.1014 -5.5649 -1.0294
v 8.1263 -5.5710 0.9345
v 8.1208 -5.5668 1.0014
v 8.1030 -5.5543 1.0650
v 8.0741 -5.5342 1.1221
v 8.0353 -5.5075 1.1700
v 7.9887 -5.4754 1.2063
v 7.9365 -5.4397 1.2290
v 7.3448 -5.0354 1.2425
v 7.2896 -4.9977 1.2356
v 7.2371 -4.9619 1.2139
v 7.1897 -4.9298 1.1786
v 7.1501 -4.9029 1.1315
v 7.1200 -4.8827 1.0750
v 7.1011 -4.8702 1.0117
v 7.0762 -4.8640 -0.9522
v 7.0817 -4.8682 -1.0190
v 7.0995 -4.8807 -1.0826
v 7.1284 -4.9008 -1.1398
v 7.1672 -4.9275 -1.1877
v 7.2138 -4.9596 -1.2239
v 7.2660 -4.9953 -1.2466
v 7.9948 -5.1909 -1.2615
v 8.0510 -5.2270 -1.2546
v 8.1045 -5.2614 -1.2330
v 8.1527 -5.2923 -1.1978
v 8.1931 -5.3181 -1.1508
v 8.2238 -5.3375 -1.0943
v 8.2431 -5.3496 -1.0311
v 8.2706 -5.3553 0.9325
v 8.2650 -5.3513 0.9993
v 8.2471 -5.3393 1.0629
v 8.2176 -5.3200 1.1201
v 8.1782 -5.2943 1.1681
v 8.1308 -5.2635 1.2044
v 8.0778 -5.2292 1.2272
v 7.4756 -4.8406 1.2415
v 7.4194 -4.8044 1.2346
v 7.3659 -4.7700 1.2130
v 7.3177 -4.7392 1.1779
v 7.2773 -4.7134 1.1308
v 7.2467 -4.6939 1.0743
v 7.2273 -4.6819 1.0111
v 7.1998 -4.6761 -0.9525
v 7.2054 -4.6801 -1.0193
v 7.2234 -4.6921 -1.0829
v 7.2528 -4.7114 -1.1401
v 7.2922 -4.7372 -1.1881
v 7.3396 -4.7680 -1.2244
v 7.3926 -4.8023 -1.2472
v 8.1263 -4.9784 -1.2630
v 8.1834 -5.0131 -1.2562
v 8.2378 -5.0461 -1.2347
v 8.2869 -5.0757 -1.1996
v 8.3280 -5.1004 -1.1526
v 8.3592 -5.1190 -1.0961
v 8.3790 -5.1306 -1.0329
v 8.4094 -5.1359 0.9302
v 8.4037 -5.1320 0.9970
v 8.3856 -5.1205 1.0606
v 8.3557 -5.1020 1.1179
v 8.3157 -5.0773 1.1659
v 8.2676 -5.0478 1.2023
v 8.2137 -5.0149 1.2251
v 7.6014 -4.6424 1.2404
v 7.5443 -4.6077 1.2336
v 7.4899 -4.5747 1.2121
v 7.4408 -4.5451 1.1770
v 7.3997 -4.5204 1.1300
v 7.3685 -4.5018 1.0735
v 7.3487 -4.4902 1.0103
v 7.3184 -4.4849 -0.9528
v 7.3240 -4.4888 -1.0196
v 7.3421 -4.5003 -1.0833
v 7.3720 -4.5188 -1.1405
v 7.4120 -4.5435 -1.1885
v 7.4601 -4.5730 -1.2249
v 7.5140 -4.6059 -1.2478
v 8.2519 -4.7625 -1.2647
v 8.3099 -4.7957 -1.2580
v 8.3653 -4.8272 -1.2366
v 8.4151 -4.8555 -1.2015
v 8.4570 -4.8791 -1.1546
v 8.4888 -4.8969 -1.0982
v 8.5089 -4.9080 -1.0350
v 8.5424 -4.9127 0.9276
v 8.5368 -4.9090 0.9944
v 8.5185 -4.8980 1.0581
v 8.4882 -4.8803 1.1154
v 8.4477 -4.8567 1.1635
v 8.3988 -4.8284 1.1999
v 8.3441 -4.7969 1.2229
v 7.7222 -4.4408 1.2391
v 7.6642 -4.4076 1.2324
v 7.6089 -4.3761 1.2110
v 7.5590 -4.3478 1.1760
v 7.5172 -4.3242 1.1290
v 7.4854 -4.3064 1.0726
v 7.4652 -4.2953 1.0095
v 7.4317 -4.2906 -0.9531
v 7.4373 -4.2943 -1.0200
v 7.4557 -4.3053 -1.0837
v 7.4859 -4.3230 -1.1410
v 7.5265 -4.3466 -1.1890
v 7.5753 -4.3749 -1.2255
v 7.6301 -4.4064 -1.2484
v 8.3716 -4.5433 -1.2666
v 8.4305 -4.5749 -1.2600
v 8.4867 -4.6050 -1.2386
v 8.5373 -4.6319 -1.2037
v 8.5799 -4.6545 -1.1568
v 8.6122 -4.6714 -1.1005
v 8.6328 -4.6819 -1.0374
v 8.6698 -4.6860 0.9247
v 8.6642 -4.6824 0.9915
v 8.6457 -4.6719 1.0552
v 8.6151 -4.6550 1.1126
v 8.5740 -4.6325 1.1608
v 8.5244 -4.6055 1.1973
v 8.4690 -4.5755 1.2203
v 7.8379 -4.2359 1.2377
v 7.7791 -4.2043 1.2311
v 7.7229 -4.1742 1.2098
v 7.6722 -4.1473 1.1748
v 7.6297 -4.1248 1.1280
v 7.5973 -4.1078 1.0716
v 7.5768 -4.0973 1.0085
v 7.5398 -4.0933 -0.9535
v 7.5454 -4.0968 -1.0204
v 7.5639 -4.1073 -1.0841
v 7.5945 -4.1242 -1.1415
v 7.6356 -4.1467 -1.1896
v 7.6851 -4.1737 -1.2261
v 7.7406 -4.2037 -1.2492
v 8.4853 -4.3209 -1.2686
v 8.5450 -4.3510 -1.2622
v 8.6020 -4.3795 -1.2410
v 8.6534 -4.4051 -1.2061
v 8.6967 -4.4265 -1.1593
v 8.7296 -4.4426 -1.1030
v 8.7505 -4.4526 -1.0400
v 8.7914 -4.4558 0.9215
v 8.7858 -4.4524 0.9883
v 8.7671 -4.4424 1.0521
v 8.7362 -4.4263 1.1095
v 8.6946 -4.4049 1.1577
v 8.6445 -4.3793 1.1943
v 8.5882 -4.3507 1.2175
v 7.9485 -4.0279 1.2361
v 7.8888 -3.9979 1.2297
v 7.8318 -3.9693 1.2084
v 7.7804 -3.9437 1.1736
v 7.7371 -3.9223 1.1268
v 7.7042 -3.9062 1.0705
v 7.6833 -3.8962 1.0075
v 7.6424 -3.8931 -0.9540
v 7.6480 -3.8964 -1.0208
v 7.6667 -3.9064 -1.0846
v 7.6976 -3.9225 -1.1420
v 7.7392 -3.9439 -1.1902
v 7.7894 -3.9696 -1.2268
v 7.8456 -3.9981 -1.2500
v 8.5929 -4.0955 -1.2709
v 8.6534 -4.1239 -1.2646
v 8.7112 -4.1510 -1.2435
v 8.7633 -4.1752 -1.2088
v 8.8072 -4.1955 -1.1621
v 8.8406 -4.2107 -1.1059
v 8.8619 -4.2201 -1.0428
v 8.9070 -4.2223 0.9179
v 8.9015 -4.2190 0.9847
v 8.8827 -4.2095 1.0485
v 8.8515 -4.1943 1.1060
v 8.8095 -4.1740 1.1543
v 8.7587 -4.1497 1.1911
v 8.7018 -4.1226 1.2144
v 8.0538 -3.8169 1.2344
v 7.9933 -3.7884 1.2280
v 7.9355 -3.7614 1.2069
v 7.8834 -3.7372 1.1722
v 7.8395 -3.7169 1.1255
v 7.8061 -3.7017 1.0693
v 7.7848 -3.6923 1.0063
v 7.7397 -3.6901 -0.9544
v 7.7452 -3.6933 -1.0213
v 7.7640 -3.7028 -1.0851
v 7.7952 -3.7181 -1.1426
v 7.8372 -3.7384 -1.1909
v 7.8880 -3.7627 -1.2276
v 7.9449 -3.7897 -1.2509
v 8.6942 -3.8672 -1.2735
v 8.7555 -3.8940 -1.2673
v 8.8140 -3.9195 -1.2463
v 8.8669 -3.9424 -1.2117
v 8.9114 -3.9615 -1.1652
v 8.9453 -3.9758 -1.1090
v 8.9670 -3.9846 -1.0460
v 9.0168 -3.9856 0.9139
v 9.0113 -3.9825 0.9808
v 8.9924 -3.9735 1.0446
v 8.9609 -3.9591 1.1022
v 8.9185 -3.9399 1.1506
v 8.8672 -3.9170 1.1874
v 8.8097 -3.8914 1.2109
v 8.1539 -3.6030 1.2324
v 8.0926 -3.5761 1.2262
v 8.0341 -3.5506 1.2053
v 7.9812 -3.5278 1.1707
v 7.9367 -3.5087 1.1241
v 7.9028 -3.4944 1.0679
v 7.8811 -3.4855 1.0050
v 7.8313 -3.4845 -0.9550
v 7.8368 -3.4876 -1.0218
v 7.8557 -3.4966 -1.0857
v 7.8871 -3.5111 -1.1432
v 7.9296 -3.5302 -1.1917
v 7.9809 -3.5532 -1.2285
v 8.0384 -3.5787 -1.2519
v 8.7893 -3.6362 -1.2763
v 8.8512 -3.6614 -1.2703
v 8.9105 -3.6853 -1.2495
v 8.9640 -3.7068 -1.2150
v 9.0091 -3.7247 -1.1685
v 9.0436 -3.7381 -1.1125
v 9.0657 -3.7464 -1.0496
v 9.1205 -3.7459 0.9095
v 9.1151 -3.7430 0.9764
v 9.0962 -3.7345 1.0402
v 9.0645 -3.7209 1.0979
v 9.0217 -3.7028 1.1464
v 8.9699 -3.6813 1.1834
v 8.9118 -3.6573 1.2070
v 8.2486 -3.3862 1.2303
v 8.1866 -3.3610 1.2242
v 8.1274 -3.3371 1.2034
v 8.0739 -3.3156 1.1689
v 8.0287 -3.2977 1.1225
v 7.9943 -3.2843 1.0664
v 7.9722 -3.2760 1.0035
v 7.9174 -3.2765 -0.9555
v 7.9227 -3.2794 -1.0224
v 7.9417 -3.2879 -1.0863
v 7.9734 -3.3015 -1.1440
v 8.0162 -3.3196 -1.1925
v 8.0679 -3.3411 -1.2295
v 8.1261 -3.3652 -1.2530
v 8.8779 -3.4027 -1.2794
v 8.9405 -3.4262 -1.2735
v 9.0004 -3.4486 -1.2529
v 9.0546 -3.4686 -1.2186
v 9.1003 -3.4853 -1.1723
v 9.1353 -3.4978 -1.1163
v 9.1577 -3.5055 -1.0535
v 9.2181 -3.5033 0.9046
v 9.2129 -3.5005 0.9715
v 9.1939 -3.4925 1.0354
v 9.1620 -3.4798 1.0932
v 9.1189 -3.4628 1.1418
v 9.0667 -3.4427 1.1789
v 9.0080 -3.4202 1.2027
v 8.3379 -3.1668 1.2278
v 8.2753 -3.1432 1.2220
v 8.2154 -3.1209 1.2013
v 8.1612 -3.1008 1.1670
v 8.1155 -3.0842 1.1207
v 8.0805 -3.0717 1.0647
v 8.0581 -3.0640 1.0019
v 7.9977 -3.0661 -0.9561
v 8.0029 -3.0689 -1.0231
v 8.0219 -3.0769 -1.0870
v 8.0538 -3.0897 -1.1447
v 8.0969 -3.1066 -1.1934
v 8.1491 -3.1268 -1.2305
v 8.2078 -3.1493 -1.2543
v 8.9600 -3.1668 -1.2828
v 9.0232 -3.1887 -1.2771
v 9.0838 -3.2094 -1.2567
v 9.1386 -3.2280 -1.2226
v 9.1848 -3.2435 -1.1764
v 9.2203 -3.2550 -1.1205
v 9.2432 -3.2621 -1.0577
v 9.3096 -3.2580 0.8992
v 9.3045 -3.2553 0.9661
v 9.2855 -3.2478 1.0301
v 9.2535 -3.2359 1.0879
v 9.2101 -3.2201 1.1367
v 9.1575 -3.2013 1.1740
v 9.0983 -3.1804 1.1979
v 8.4219 -2.9448 1.2252
v 8.3586 -2.9229 1.2195
v 8.2981 -2.9021 1.1990
v 8.2433 -2.8835 1.1649
v 8.1970 -2.8681 1.1187
v 8.1615 -2.8565 1.0628
v 8.1387 -2.8495 1.0001
v 8.0722 -2.8535 -0.9568
v 8.0773 -2.8562 -1.0238
v 8.0963 -2.8637 -1.0877
v 8.1284 -2.8757 -1.1456
v 8.1718 -2.8915 -1.1944
v 8.2244 -2.9103 -1.2317
v 8.2836 -2.9312 -1.2556
v 9.0355 -2.9287 -1.2866
v 9.0994 -2.9489 -1.2811
v 9.1605 -2.9681 -1.2609
v 9.2159 -2.9852 -1.2269
v 9.2627 -2.9994 -1.1809
v 9.2986 -3.0100 -1.1251
v 9.3219 -3.0164 -1.0625
v 9.3949 -3.0100 0.8932
v 9.3900 -3.0075 0.9601
v 9.3710 -3.0004 1.0242
v 9.3389 -2.9893 1.0821
v 9.2953 -2.9747 1.1311
v 9.2423 -2.9573 1.1685
v 9.1827 -2.9379 1.1927
v 8.5003 -2.7203 1.2222
v 8.4365 -2.7001 1.2167
v 8.3754 -2.6809 1.1965
v 8.3200 -2.6638 1.1625
v 8.2732 -2.6496 1.1165
v 8.2372 -2.6390 1.0608
v 8.2140 -2.6326 0.9981
v 8.1409 -2.6389 -0.9576
v 8.1458 -2.6415 -1.0245
v 8.1648 -2.6485 -1.0886
v 8.1970 -2.6596 -1.1465
v 8.2406 -2.6743 -1.1955
v 8.2936 -2.6917 -1.2329
v 8.3532 -2.7110 -1.2570
v 9.1044 -2.6886 -1.2907
v 9.1687 -2.7071 -1.2855
v 9.2304 -2.7246 -1.2655
v 9.2864 -2.7402 -1.2317
v 9.3337 -2.7532 -1.1858
v 9.3702 -2.7628 -1.1302
v 9.3938 -2.7686 -1.0676
v 9.4740 -2.7596 0.8866
v 9.4693 -2.7571 0.9536
v 9.4504 -2.7506 1.0177
v 9.4182 -2.7403 1.0758
v 9.3743 -2.7268 1.1249
v 9.3211 -2.7108 1.1625
v 9.2610 -2.6930 1.1869
v 8.5733 -2.4935 1.2189
v 8.5090 -2.4749 1.2137
v 8.4473 -2.4574 1.1937
v 8.3913 -2.4418 1.1599
v 8.3440 -2.4288 1.1141
v 8.3075 -2.4192 1.0585
v 8.2839 -2.4134 0.9959
v 8.2037 -2.4224 -0.9584
v 8.2084 -2.4249 -1.0253
v 8.2274 -2.4314 -1.0895
v 8.2595 -2.4417 -1.1475
v 8.3034 -2.4552 -1.1966
v 8.3566 -2.4712 -1.2343
v 8.4167 -2.4890 -1.2586
v 9.1665 -2.4466 -1.2952
v 9.2313 -2.4634 -1.2902
v 9.2936 -2.4793 -1.2705
v 9.3500 -2.4934 -1.2369
v 9.3979 -2.5051 -1.1913
v 9.4348 -2.5137 -1.1358
v 9.4589 -2.5189 -1.0733
v 9.5468 -2.5068 0.8794
v 9.5423 -2.5044 0.9463
v 9.5235 -2.4983 1.0105
v 9.4913 -2.4889 1.0687
v 9.4473 -2.4765 1.1180
v 9.3938 -2.4619 1.1559
v 9.3334 -2.4457 1.1805
v 8.6408 -2.2643 1.2153
v 8.5760 -2.2475 1.2103
v 8.5137 -2.2316 1.1906
v 8.4573 -2.2175 1.1570
v 8.4094 -2.2058 1.1114
v 8.3725 -2.1972 1.0559
v 8.3484 -2.1920 0.9934
v 8.2605 -2.2042 -0.9592
v 8.2650 -2.2065 -1.0262
v 8.2838 -2.2126 -1.0904
v 8.3160 -2.2221 -1.1486
v 8.3600 -2.2344 -1.1979
v 8.4135 -2.2491 -1.2358
v 8.4739 -2.2653 -1.2603
v 9.2218 -2.2030 -1.3001
v 9.2871 -2.2181 -1.2954
v 9.3498 -2.2323 -1.2759
v 9.4068 -2.2449 -1.2426
v 9.4551 -2.2553 -1.1972
v 9.4925 -2.2629 -1.1419
v 9.5170 -2.2674 -1.0795
v 9.6133 -2.2518 0.8714
v 9.6090 -2.2495 0.9384
v 9.5903 -2.2439 1.0027
v 9.5582 -2.2352 1.0610
v 9.5141 -2.2240 1.1105
v 9.4604 -2.2107 1.1486
v 9.3997 -2.1961 1.1734
v 8.7027 -2.0331 1.2113
v 8.6375 -2.0180 1.2066
v 8.5747 -2.0037 1.1872
v 8.5178 -1.9911 1.1539
v 8.4694 -1.9807 1.1084
v 8.4320 -1.9731 1.0531
v 8.4076 -1.9686 0.9907
v 8.3112 -1.9843 -0.9602
v 8.3155 -1.9866 -1.0272
v 8.3342 -1.9922 -1.0914
v 8.3664 -2.0008 -1.1498
v 8.4104 -2.0121 -1.1992
v 8.4641 -2.0253 -1.2374
v 8.5248 -2.0399 -1.2622
v 9.2702 -1.9579 -1.3054
v 9.3359 -1.9713 -1.3010
v 9.3990 -1.9838 -1.2819
v 9.4565 -1.9949 -1.2489
v 9.5053 -2.0040 -1.2036
v 9.5432 -2.0106 -1.1485
v 9.5680 -2.0144 -1.0862
v 9.6734 -1.9947 0.8627
v 9.6694 -1.9924 0.9297
v 9.6509 -1.9873 0.9941
v 9.6188 -1.9794 1.0525
v 9.5747 -1.9693 1.1022
v 9.5209 -1.9575 1.1406
v 9.4599 -1.9444 1.1657
v 8.7591 -1.7997 1.2069
v 8.6934 -1.7864 1.2025
v 8.6303 -1.7738 1.1834
v 8.5728 -1.7627 1.1504
v 8.5240 -1.7537 1.1051
v 8.4861 -1.7471 1.0500
v 8.4613 -1.7433 0.9877
v 8.3559 -1.7630 -0.9612
v 8.3599 -1.7652 -1.0282
v 8.3784 -1.7704 -1.0926
v 8.4105 -1.7782 -1.1510
v 8.4546 -1.7883 -1.2007
v 8.5084 -1.8002 -1.2391
v 8.5694 -1.8132 -1.2642
v 9.3117 -1.7115 -1.3112
v 9.3777 -1.7231 -1.3072
v 9.4412 -1.7340 -1.2883
v 9.4991 -1.7436 -1.2556
v 9.5485 -1.7513 -1.2107
v 9.5867 -1.7568 -1.1557
v 9.6120 -1.7599 -1.0936
v 9.7272 -1.7356 0.8531
v 9.7235 -1.7334 0.9201
v 9.7052 -1.7287 0.9846
v 9.6732 -1.7217 1.0433
v 9.6291 -1.7127 1.0932
v 9.5752 -1.7022 1.1318
v 9.5140 -1.6907 1.1573
v 8.8099 -1.5645 1.2021
v 8.7439 -1.5528 1.1981
v 8.6803 -1.5419 1.1792
v 8.6224 -1.5324 1.1465
v 8.5731 -1.5247 1.1015
v 8.5348 -1.5191 1.0466
v 8.5095 -1.5160 0.9844
v 8.3944 -1.5403 -0.9622
v 8.3981 -1.5425 -1.0293
v 8.4164 -1.5473 -1.0937
v 8.4484 -1.5543 -1.1524
v 8.4924 -1.5633 -1.2023
v 8.5464 -1.5738 -1.2409
v 8.6075 -1.5852 -1.2664
v 9.3461 -1.4640 -1.3175
v 9.4124 -1.4739 -1.3138
v 9.4764 -1.4831 -1.2954
v 9.5347 -1.4911 -1.2630
v 9.5844 -1.4975 -1.2183
v 9.6232 -1.5019 -1.1636
v 9.6489 -1.5043 -1.1016
v 9.7745 -1.4748 0.8426
v 9.7711 -1.4726 0.9097
v 9.7531 -1.4683 0.9743
v 9.7212 -1.4620 1.0331
v 9.6772 -1.4541 1.0832
v 9.6233 -1.4450 1.1222
v 9.5620 -1.4352 1.1480
v 8.8551 -1.3273 1.1968
v 8.7887 -1.3174 1.1931
v 8.7248 -1.3082 1.1746
v 8.6665 -1.3002 1.1422
v 8.6167 -1.2938 1.0975
v 8.5780 -1.2894 1.0428
v 8.5523 -1.2870 0.9808
v 8.4267 -1.3165 -0.9634
v 8.4301 -1.3187 -1.0304
v 8.4481 -1.3230 -1.0950
v 8.4799 -1.3293 -1.1538
v 8.5239 -1.3372 -1.2040
v 8.5779 -1.3463 -1.2429
v 8.6391 -1.3562 -1.2687
v 9.3735 -1.2156 -1.3243
v 9.4401 -1.2238 -1.3210
v 9.5043 -1.2313 -1.3029
v 9.5630 -1.2377 -1.2709
v 9.6132 -1.2427 -1.2265
v 9.6524 -1.2461 -1.1721
v 9.6786 -1.2477 -1.1102
v 9.8154 -1.2123 0.8312
v 9.8124 -1.2101 0.8983
v 9.7946 -1.2062 0.9630
v 9.7630 -1.2007 1.0220
v 9.7191 -1.1939 1.0724
v 9.6652 -1.1861 1.1117
v 9.6038 -1.1778 1.1378
v 8.8946 -1.0884 1.1909
v 8.8280 -1.0802 1.1877
v 8.7638 -1.0728 1.1696
v 8.7051 -1.0663 1.1375
v 8.6549 -1.0613 1.0932
v 8.6157 -1.0579 1.0387
v 8.5895 -1.0563 0.9769
v 8.4528 -1.0917 -0.9646
v 8.4558 -1.0939 -1.0317
v 8.4735 -1.0978 -1.0963
v 8.5051 -1.1034 -1.1553
v 8.5490 -1.1102 -1.2058
v 8.6030 -1.1179 -1.2450
v 8.6643 -1.1262 -1.2712
v 9.3938 -0.9665 -1.3316
v 9.4606 -0.9729 -1.3288
v 9.5251 -0.9787 -1.3111
v 9.5842 -0.9835 -1.2795
v 9.6348 -0.9872 -1.2355
v 9.6744 -0.9895 -1.1812
v 9.7010 -0.9903 -1.1196
v 9.8498 -0.9483 0.8188
v 9.8472 -0.9461 0.8859
v 9.8297 -0.9425 0.9506
v 9.7984 -0.9377 1.0099
v 9.7547 -0.9320 1.0606
v 9.7008 -0.9256 1.1002
v 9.6395 -0.9188 1.1268
v 8.9286 -0.8478 1.1845
v 8.8618 -0.8414 1.1817
v 8.7972 -0.8356 1.1640
v 8.7381 -0.8308 1.1324
v 8.6875 -0.8271 1.0884
v 8.6479 -0.8249 1.0342
v 8.6213 -0.8241 0.9725
v 8.4726 -0.8661 -0.9659
v 8.4752 -0.8683 -1.0329
v 8.4926 -0.8718 -1.0977
v 8.5239 -0.8766 -1.1570
v 8.5676 -0.8824 -1.2076
v 8.6215 -0.8888 -1.2473
v 8.6828 -0.8955 -1.2738
v 9.4069 -0.7169 -1.3395
v 9.4739 -0.7216 -1.3372
v 9.5387 -0.7256 -1.3200
v 9.5981 -0.7289 -1.2887
v 9.6491 -0.7311 -1.2451
v 9.6891 -0.7323 -1.1911
v 9.7162 -0.7323 -1.1297
v 9.8777 -0.6829 0.8052
v 9.8755 -0.6806 0.8723
v 9.8585 -0.6773 0.9372
v 9.8274 -0.6733 0.9967
v 9.7840 -0.6686 1.0477
v 9.7302 -0.6635 1.0877
v 9.6690 -0.6583 1.1147
v 8.9569 -0.6057 1.1775
v 8.8899 -0.6010 1.1752
v 8.8251 -0.5969 1.1580
v 8.7657 -0.5937 1.1268
v 8.7147 -0.5914 1.0831
v 8.6746 -0.5903 1.0292
v 8.6475 -0.5903 0.9677
v 8.4861 -0.6397 -0.9672
v 8.4883 -0.6420 -1.0343
v 8.5053 -0.6452 -1.0992
v 8.5363 -0.6493 -1.1586
v 8.5798 -0.6540 -1.2096
v 8.6335 -0.6591 -1.2497
v 8.6948 -0.6643 -1.2767
v 9.4129 -0.4669 -1.3480
v 9.4799 -0.4699 -1.3462
v 9.5450 -0.4722 -1.3294
v 9.6047 -0.4739 -1.2987
v 9.6561 -0.4747 -1.2554
v 9.6965 -0.4747 -1.2018
v 9.7241 -0.4739 -1.1405
v 9.8991 -0.4162 0.7905
v 9.8974 -0.4138 0.8576
v 9.8808 -0.4109 0.9226
v 9.8501 -0.4075 0.9823
v 9.8069 -0.4038 1.0336
v 9.7534 -0.4000 1.0741
v 9.6922 -0.3963 1.1015
v 8.9795 -0.3620 1.1699
v 8.9124 -0.3591 1.1680
v 8.8474 -0.3567 1.1513
v 8.7877 -0.3551 1.1206
v 8.7363 -0.3543 1.0773
v 8.6958 -0.3543 1.0237
v 8.6683 -0.3551 0.9624
v 8.4933 -0.4128 -0.9686
v 8.4950 -0.4151 -1.0357
v 8.5116 -0.4181 -1.1007
v 8.5423 -0.4215 -1.1604
v 8.5854 -0.4252 -1.2117
v 8.6390 -0.4289 -1.2522
v 8.7002 -0.4326 -1.2796
v 9.4116 -0.2169 -1.3570
v 9.4788 -0.2181 -1.3558
v 9.5440 -0.2187 -1.3396
v 9.6039 -0.2188 -1.3093
v 9.6557 -0.2182 -1.2665
v 9.6966 -0.2170 -1.2132
v 9.7246 -0.2153 -1.1522
v 9.9140 -0.1484 0.7745
v 9.9128 -0.1459 0.8416
v 9.8966 -0.1433 0.9068
v 9.8664 -0.1405 0.9667
v 9.8236 -0.1378 1.0184
v 9.7703 -0.1353 1.0593
v 9.7093 -0.1331 1.0872
v 8.9965 -0.1170 1.1615
v 8.9294 -0.1158 1.1602
v 8.8642 -0.1152 1.1441
v 8.8042 -0.1151 1.1138
v 8.7524 -0.1157 1.0709
v 8.7115 -0.1169 1.0177
v 8.6835 -0.1186 0.9567
v 8.4941 -0.1855 -0.9700
v 8.4954 -0.1879 -1.0372
v 8.5115 -0.1906 -1.1023
v 8.5417 -0.1934 -1.1623
v 8.5846 -0.1961 -1.2139
v 8.6378 -0.1986 -1.2548
v 8.6989 -0.2008 -1.2828
o BlueTopaz_Stone
v 2.5000 10.3250 0.0000
v 0.0000 8.6250 0.0000
v 2.3776 10.3250 0.7725
v 2.5000 10.3250 0.0000
v 2.3776 10.3250 0.7725
v 1.0462 11.2750 0.3399
v 2.5000 10.3250 0.0000
v 1.0462 11.2750 0.3399
v 1.1000 11.2750 0.0000
v 1.1000 11.2750 0.0000
v 1.0462 11.2750 0.3399
v 0.0000 11.2750 0.0000
v 2.3776 10.3250 0.7725
v 0.0000 8.6250 0.0000
v 2.0225 10.3250 1.4695
v 2.3776 10.3250 0.7725
v 2.0225 10.3250 1.4695
v 0.8899 11.2750 0.6466
v 2.3776 10.3250 0.7725
v 0.8899 11.2750 0.6466
v 1.0462 11.2750 0.3399
v 1.0462 11.2750 0.3399
v 0.8899 11.2750 0.6466
v 0.0000 11.2750 0.0000
v 2.0225 10.3250 1.4695
v 0.0000 8.6250 0.0000
v 1.4695 10.3250 2.0225
v 2.0225 10.3250 1.4695
v 1.4695 10.3250 2.0225
v 0.6466 11.2750 0.8899
v 2.0225 10.3250 1.4695
v 0.6466 11.2750 0.8899
v 0.8899 11.2750 0.6466
v 0.8899 11.2750 0.6466
v 0.6466 11.2750 0.8899
v 0.0000 11.2750 0.0000
v 1.4695 10.3250 2.0225
v 0.0000 8.6250 0.0000
v 0.7725 10.3250 2.3776
v 1.4695 10.3250 2.0225
v 0.7725 10.3250 2.3776
v 0.3399 11.2750 1.0462
v 1.4695 10.3250 2.0225
v 0.3399 11.2750 1.0462
v 0.6466 11.2750 0.8899
v 0.6466 11.2750 0.8899
v 0.3399 11.2750 1.0462
v 0.0000 11.2750 0.0000
v 0.7725 10.3250 2.3776
v 0.0000 8.6250 0.0000
v 0.0000 10.3250 2.5000
v 0.7725 10.3250 2.3776
v 0.0000 10.3250 2.5000
v 0.0000 11.2750 1.1000
v 0.7725 10.3250 2.3776
v 0.0000 11.2750 1.1000
v 0.3399 11.2750 1.0462
v 0.3399 11.2750 1.0462
v 0.0000 11.2750 1.1000
v 0.0000 11.2750 0.0000
v 0.0000 10.3250 2.5000
v 0.0000 8.6250 0.0000
v -0.7725 10.3250 2.3776
v 0.0000 10.3250 2.5000
v -0.7725 10.3250 2.3776
v -0.3399 11.2750 1.0462
v 0.0000 10.3250 2.5000
v -0.3399 11.2750 1.0462
v 0.0000 11.2750 1.1000
v 0.0000 11.2750 1.1000
v -0.3399 11.2750 1.0462
v 0.0000 11.2750 0.0000
v -0.7725 10.3250 2.3776
v 0.0000 8.6250 0.0000
v -1.4695 10.3250 2.0225
v -0.7725 10.3250 2.3776
v -1.4695 10.3250 2.0225
v -0.6466 11.2750 0.8899
v -0.7725 10.3250 2.3776
v -0.6466 11.2750 0.8899
v -0.3399 11.2750 1.0462
v -0.3399 11.2750 1.0462
v -0.6466 11.2750 0.8899
v 0.0000 11.2750 0.0000
v -1.4695 10.3250 2.0225
v 0.0000 8.6250 0.0000
v -2.0225 10.3250 1.4695
v -1.4695 10.3250 2.0225
v -2.0225 10.3250 1.4695
v -0.8899 11.2750 0.6466
v -1.4695 10.3250 2.0225
v -0.8899 11.2750 0.6466
v -0.6466 11.2750 0.8899
v -0.6466 11.2750 0.8899
v -0.8899 11.2750 0.6466
v 0.0000 11.2750 0.0000
v -2.0225 10.3250 1.4695
v 0.0000 8.6250 0.0000
v -2.3776 10.3250 0.7725
v -2.0225 10.3250 1.4695
v -2.3776 10.3250 0.7725
v -1.0462 11.2750 0.3399
v -2.0225 10.3250 1.4695
v -1.0462 11.2750 0.3399
v -0.8899 11.2750 0.6466
v -0.8899 11.2750 0.6466
v -1.0462 11.2750 0.3399
v 0.0000 11.2750 0.0000
v -2.3776 10.3250 0.7725
v 0.0000 8.6250 0.0000
v -2.5000 10.3250 0.0000
v -2.3776 10.3250 0.7725
v -2.5000 10.3250 0.0000
v -1.1000 11.2750 0.0000
v -2.3776 10.3250 0.7725
v -1.1000 11.2750 0.0000
v -1.0462 11.2750 0.3399
v -1.0462 11.2750 0.3399
v -1.1000 11.2750 0.0000
v 0.0000 11.2750 0.0000
v -2.5000 10.3250 0.0000
v 0.0000 8.6250 0.0000
v -2.3776 10.3250 -0.7725
v -2.5000 10.3250 0.0000
v -2.3776 10.3250 -0.7725
v -1.0462 11.2750 -0.3399
v -2.5000 10.3250 0.0000
v -1.0462 11.2750 -0.3399
v -1.1000 11.2750 0.0000
v -1.1000 11.2750 0.0000
v -1.0462 11.2750 -0.3399
v 0.0000 11.2750 0.0000
v -2.3776 10.3250 -0.7725
v 0.0000 8.6250 0.0000
v -2.0225 10.3250 -1.4695
v -2.3776 10.3250 -0.7725
v -2.0225 10.3250 -1.4695
v -0.8899 11.2750 -0.6466
v -2.3776 10.3250 -0.7725
v -0.8899 11.2750 -0.6466
v -1.0462 11.2750 -0.3399
v -1.0462 11.2750 -0.3399
v -0.8899 11.2750 -0.6466
v 0.0000 11.2750 0.0000
v -2.0225 10.3250 -1.4695
v 0.0000 8.6250 0.0000
v -1.4695 10.3250 -2.0225
v -2.0225 10.3250 -1.4695
v -1.4695 10.3250 -2.0225
v -0.6466 11.2750 -0.8899
v -2.0225 10.3250 -1.4695
v -0.6466 11.2750 -0.8899
v -0.8899 11.2750 -0.6466
v -0.8899 11.2750 -0.6466
v -0.6466 11.2750 -0.8899
v 0.0000 11.2750 0.0000
v -1.4695 10.3250 -2.0225
v 0.0000 8.6250 0.0000
v -0.7725 10.3250 -2.3776
v -1.4695 10.3250 -2.0225
v -0.7725 10.3250 -2.3776
v -0.3399 11.2750 -1.0462
v -1.4695 10.3250 -2.0225
v -0.3399 11.2750 -1.0462
v -0.6466 11.2750 -0.8899
v -0.6466 11.2750 -0.8899
v -0.3399 11.2750 -1.0462
v 0.0000 11.2750 0.0000
v -0.7725 10.3250 -2.3776
v 0.0000 8.6250 0.0000
v -0.0000 10.3250 -2.5000
v -0.7725 10.3250 -2.3776
v -0.0000 10.3250 -2.5000
v -0.0000 11.2750 -1.1000
v -0.7725 10.3250 -2.3776
v -0.0000 11.2750 -1.1000
v -0.3399 11.2750 -1.0462
v -0.3399 11.2750 -1.0462
v -0.0000 11.2750 -1.1000
v 0.0000 11.2750 0.0000
v -0.0000 10.3250 -2.5000
v 0.0000 8.6250 0.0000
v 0.7725 10.3250 -2.3776
v -0.0000 10.3250 -2.5000
v 0.7725 10.3250 -2.3776
v 0.3399 11.2750 -1.0462
v -0.0000 10.3250 -2.5000
v 0.3399 11.2750 -1.0462
v -0.0000 11.2750 -1.1000
v -0.0000 11.2750 -1.1000
v 0.3399 11.2750 -1.0462
v 0.0000 11.2750 0.0000
v 0.7725 10.3250 -2.3776
v 0.0000 8.6250 0.0000
v 1.4695 10.3250 -2.0225
v 0.7725 10.3250 -2.3776
v 1.4695 10.3250 -2.0225
v 0.6466 11.2750 -0.8899
v 0.7725 10.3250 -2.3776
v 0.6466 11.2750 -0.8899
v 0.3399 11.2750 -1.0462
v 0.3399 11.2750 -1.0462
v 0.6466 11.2750 -0.8899
v 0.0000 11.2750 0.0000
v 1.4695 10.3250 -2.0225
v 0.0000 8.6250 0.0000
v 2.0225 10.3250 -1.4695
v 1.4695 10.3250 -2.0225
v 2.0225 10.3250 -1.4695
v 0.8899 11.2750 -0.6466
v 1.4695 10.3250 -2.0225
v 0.8899 11.2750 -0.6466
v 0.6466 11.2750 -0.8899
v 0.6466 11.2750 -0.8899
v 0.8899 11.2750 -0.6466
v 0.0000 11.2750 0.0000
v 2.0225 10.3250 -1.4695
v 0.0000 8.6250 0.0000
v 2.3776 10.3250 -0.7725
v 2.0225 10.3250 -1.4695
v 2.3776 10.3250 -0.7725
v 1.0462 11.2750 -0.3399
v 2.0225 10.3250 -1.4695
v 1.0462 11.2750 -0.3399
v 0.8899 11.2750 -0.6466
v 0.8899 11.2750 -0.6466
v 1.0462 11.2750 -0.3399
v 0.0000 11.2750 0.0000
v 2.3776 10.3250 -0.7725
v 0.0000 8.6250 0.0000
v 2.5000 10.3250 0.0000
v 2.3776 10.3250 -0.7725
v 2.5000 10.3250 0.0000
v 1.1000 11.2750 0.0000
v 2.3776 10.3250 -0.7725
v 1.1000 11.2750 0.0000
v 1.0462 11.2750 -0.3399
v 1.0462 11.2750 -0.3399
v 1.1000 11.2750 0.0000
v 0.0000 11.2750 0.0000
f 1 29 30
f 1 30 2
f 2 30 31
f 2 31 3
f 3 31 32
f 3 32 4
f 4 32 33
f 4 33 5
f 5 33 34
f 5 34 6
f 6 34 35
f 6 35 7
f 7 35 36
f 7 36 8
f 8 36 37
f 8 37 9
f 9 37 38
f 9 38 10
f 10 38 39
f 10 39 11
f 11 39 40
f 11 40 12
f 12 40 41
f 12 41 13
f 13 41 42
f 13 42 14
f 14 42 43
f 14 43 15
f 15 43 44
f 15 44 16
f 16 44 45
f 16 45 17
f 17 45 46
f 17 46 18
f 18 46 47
f 18 47 19
f 19 47 48
f 19 48 20
f 20 48 49
f 20 49 21
f 21 49 50
f 21 50 22
f 22 50 51
f 22 51 23
f 23 51 52
f 23 52 24
f 24 52 53
f 24 53 25
f 25 53 54
f 25 54 26
f 26 54 55
f 26 55 27
f 27 55 56
f 27 56 28
f 28 56 29
f 28 29 1
f 29 57 58
f 29 58 30
f 30 58 59
f 30 59 31
f 31 59 60
f 31 60 32
f 32 60 61
f 32 61 33
f 33 61 62
f 33 62 34
f 34 62 63
f 34 63 35
f 35 63 64
f 35 64 36
f 36 64 65
f 36 65 37
f 37 65 66
f 37 66 38
f 38 66 67
f 38 67 39
f 39 67 68
f 39 68 40
f 40 68 69
f 40 69 41
f 41 69 70
f 41 70 42
f 42 70 71
f 42 71 43
f 43 71 72
f 43 72 44
f 44 72 73
f 44 73 45
f 45 73 74
f 45 74 46
f 46 74 75
f 46 75 47
f 47 75 76
f 47 76 48
f 48 76 77
f 48 77 49
f 49 77 78
f 49 78 50
f 50 78 79
f 50 79 51
f 51 79 80
f 51 80 52
f 52 80 81
f 52 81 53
f 53 81 82
f 53 82 54
f 54 82 83
f 54 83 55
f 55 83 84
f 55 84 56
f 56 84 57
f 56 57 29
f 57 85 86
f 57 86 58
f 58 86 87
f 58 87 59
f 59 87 88
f 59 88 60
f 60 88 89
f 60 89 61
f 61 89 90
f 61 90 62
f 62 90 91
f 62 91 63
f 63 91 92
f 63 92 64
f 64 92 93
f 64 93 65
f 65 93 94
f 65 94 66
f 66 94 95
f 66 95 67
f 67 95 96
f 67 96 68
f 68 96 97
f 68 97 69
f 69 97 98
f 69 98 70
f 70 98 99
f 70 99 71
f 71 99 100
f 71 100 72
f 72 100 101
f 72 101 73
f 73 101 102
f 73 102 74
f 74 102 103
f 74 103 75
f 75 103 104
f 75 104 76
f 76 104 105
f 76 105 77
f 77 105 106
f 77 106 78
f 78 106 107
f 78 107 79
f 79 107 108
f 79 108 80
f 80 108 109
f 80 109 81
f 81 109 110
f 81 110 82
f 82 110 111
f 82 111 83
f 83 111 112
f 83 112 84
f 84 112 85
f 84 85 57
f 85 113 114
f 85 114 86
f 86 114 115
f 86 115 87
f 87 115 116
f 87 116 88
f 88 116 117
f 88 117 89
f 89 117 118
f 89 118 90
f 90 118 119
f 90 119 91
f 91 119 120
f 91 120 92
f 92 120 121
f 92 121 93
f 93 121 122
f 93 122 94
f 94 122 123
f 94 123 95
f 95 123 124
f 95 124 96
f 96 124 125
f 96 125 97
f 97 125 126
f 97 126 98
f 98 126 127
f 98 127 99
f 99 127 128
f 99 128 100
f 100 128 129
f 100 129 101
f 101 129 130
f 101 130 102
f 102 130 131
f 102 131 103
f 103 131 132
f 103 132 104
f 104 132 133
f 104 133 105
f 105 133 134
f 105 134 106
f 106 134 135
f 106 135 107
f 107 135 136
f 107 136 108
f 108 136 137
f 108 137 109
f 109 137 138
f 109 138 110
f 110 138 139
f 110 139 111
f 111 139 140
f 111 140 112
f 112 140 113
f 112 113 85
f 113 141 142
f 113 142 114
f 114 142 143
f 114 143 115
f 115 143 144
f 115 144 116
f 116 144 145
f 116 145 117
f 117 145 146
f 117 146 118
f 118 146 147
f 118 147 119
f 119 147 148
f 119 148 120
f 120 148 149
f 120 149 121
f 121 149 150
f 121 150 122
f 122 150 151
f 122 151 123
f 123 151 152
f 123 152 124
f 124 152 153
f 124 153 125
f 125 153 154
f 125 154 126
f 126 154 155
f 126 155 127
f 127 155 156
f 127 156 128
f 128 156 157
f 128 157 129
f 129 157 158
f 129 158 130
f 130 158 159
f 130 159 131
f 131 159 160
f 131 160 132
f 132 160 161
f 132 161 133
f 133 161 162
f 133 162 134
f 134 162 163
f 134 163 135
f 135 163 164
f 135 164 136
f 136 164 165
f 136 165 137
f 137 165 166
f 137 166 138
f 138 166 167
f 138 167 139
f 139 167 168
f 139 168 140
f 140 168 141
f 140 141 113
f 141 169 170
f 141 170 142
f 142 170 171
f 142 171 143
f 143 171 172
f 143 172 144
f 144 172 173
f 144 173 145
f 145 173 174
f 145 174 146
f 146 174 175
f 146 175 147
f 147 175 176
f 147 176 148
f 148 176 177
f 148 177 149
f 149 177 178
f 149 178 150
f 150 178 179
f 150 179 151
f 151 179 180
f 151 180 152
f 152 180 181
f 152 181 153
f 153 181 182
f 153 182 154
f 154 182 183
f 154 183 155
f 155 183 184
f 155 184 156
f 156 184 185
f 156 185 157
f 157 185 186
f 157 186 158
f 158 186 187
f 158 187 159
f 159 187 188
f 159 188 160
f 160 188 189
f 160 189 161
f 161 189 190
f 161 190 162
f 162 190 191
f 162 191 163
f 163 191 192
f 163 192 164
f 164 192 193
f 164 193 165
f 165 193 194
f 165 194 166
f 166 194 195
f 166 195 167
f 167 195 196
f 167 196 168
f 168 196 169
f 168 169 141
f 169 197 198
f 169 198 170
f 170 198 199
f 170 199 171
f 171 199 200
f 171 200 172
f 172 200 201
f 172 201 173
f 173 201 202
f 173 202 174
f 174 202 203
f 174 203 175
f 175 203 204
f 175 204 176
f 176 204 205
f 176 205 177
f 177 205 206
f 177 206 178
f 178 206 207
f 178 207 179
f 179 207 208
f 179 208 180
f 180 208 209
f 180 209 181
f 181 209 210
f 181 210 182
f 182 210 211
f 182 211 183
f 183 211 212
f 183 212 184
f 184 212 213
f 184 213 185
f 185 213 214
f 185 214 186
f 186 214 215
f 186 215 187
f 187 215 216
f 187 216 188
f 188 216 217
f 188 217 189
f 189 217 218
f 189 218 190
f 190 218 219
f 190 219 191
f 191 219 220
f 191 220 192
f 192 220 221
f 192 221 193
f 193 221 222
f 193 222 194
f 194 222 223
f 194 223 195
f 195 223 224
f 195 224 196
f 196 224 197
f 196 197 169
f 197 225 226
f 197 226 198
f 198 226 227
f 198 227 199
f 199 227 228
f 199 228 200
f 200 228 229
f 200 229 201
f 201 229 230
f 201 230 202
f 202 230 231
f 202 231 203
f 203 231 232
f 203 232 204
f 204 232 233
f 204 233 205
f 205 233 234
f 205 234 206
f 206 234 235
f 206 235 207
f 207 235 236
f 207 236 208
f 208 236 237
f 208 237 209
f 209 237 238
f 209 238 210
f 210 238 239
f 210 239 211
f 211 239 240
f 211 240 212
f 212 240 241
f 212 241 213
f 213 241 242
f 213 242 214
f 214 242 243
f 214 243 215
f 215 243 244
f 215 244 216
f 216 244 245
f 216 245 217
f 217 245 246
f 217 246 218
f 218 246 247
f 218 247 219
f 219 247 248
f 219 248 220
f 220 248 249
f 220 249 221
f 221 249 250
f 221 250 222
f 222 250 251
f 222 251 223
f 223 251 252
f 223 252 224
f 224 252 225
f 224 225 197
f 225 253 254
f 225 254 226
f 226 254 255
f 226 255 227
f 227 255 256
f 227 256 228
f 228 256 257
f 228 257 229
f 229 257 258
f 229 258 230
f 230 258 259
f 230 259 231
f 231 259 260
f 231 260 232
f 232 260 261
f 232 261 233
f 233 261 262
f 233 262 234
f 234 262 263
f 234 263 235
f 235 263 264
f 235 264 236
f 236 264 265
f 236 265 237
f 237 265 266
f 237 266 238
f 238 266 267
f 238 267 239
f 239 267 268
f 239 268 240
f 240 268 269
f 240 269 241
f 241 269 270
f 241 270 242
f 242 270 271
f 242 271 243
f 243 271 272
f 243 272 244
f 244 272 273
f 244 273 245
f 245 273 274
f 245 274 246
f 246 274 275
f 246 275 247
f 247 275 276
f 247 276 248
f 248 276 277
f 248 277 249
f 249 277 278
f 249 278 250
f 250 278 279
f 250 279 251
f 251 279 280
f 251 280 252
f 252 280 253
f 252 253 225
f 253 281 282
f 253 282 254
f 254 282 283
f 254 283 255
f 255 283 284
f 255 284 256
f 256 284 285
f 256 285 257
f 257 285 286
f 257 286 258
f 258 286 287
f 258 287 259
f 259 287 288
f 259 288 260
f 260 288 289
f 260 289 261
f 261 289 290
f 261 290 262
f 262 290 291
f 262 291 263
f 263 291 292
f 263 292 264
f 264 292 293
f 264 293 265
f 265 293 294
f 265 294 266
f 266 294 295
f 266 295 267
f 267 295 296
f 267 296 268
f 268 296 297
f 268 297 269
f 269 297 298
f 269 298 270
f 270 298 299
f 270 299 271
f 271 299 300
f 271 300 272
f 272 300 301
f 272 301 273
f 273 301 302
f 273 302 274
f 274 302 303
f 274 303 275
f 275 303 304
f 275 304 276
f 276 304 305
f 276 305 277
f 277 305 306
f 277 306 278
f 278 306 307
f 278 307 279
f 279 307 308
f 279 308 280
f 280 308 281
f 280 281 253
f 281 309 310
f 281 310 282
f 282 310 311
f 282 311 283
f 283 311 312
f 283 312 284
f 284 312 313
f 284 313 285
f 285 313 314
f 285 314 286
f 286 314 315
f 286 315 287
f 287 315 316
f 287 316 288
f 288 316 317
f 288 317 289
f 289 317 318
f 289 318 290
f 290 318 319
f 290 319 291
f 291 319 320
f 291 320 292
f 292 320 321
f 292 321 293
f 293 321 322
f 293 322 294
f 294 322 323
f 294 323 295
f 295 323 324
f 295 324 296
f 296 324 325
f 296 325 297
f 297 325 326
f 297 326 298
f 298 326 327
f 298 327 299
f 299 327 328
f 299 328 300
f 300 328 329
f 300 329 301
f 301 329 330
f 301 330 302
f 302 330 331
f 302 331 303
f 303 331 332
f 303 332 304
f 304 332 333
f 304 333 305
f 305 333 334
f 305 334 306
f 306 334 335
f 306 335 307
f 307 335 336
f 307 336 308
f 308 336 309
f 308 309 281
f 309 337 338
f 309 338 310
f 310 338 339
f 310 339 311
f 311 339 340
f 311 340 312
f 312 340 341
f 312 341 313
f 313 341 342
f 313 342 314
f 314 342 343
f 314 343 315
f 315 343 344
f 315 344 316
f 316 344 345
f 316 345 317
f 317 345 346
f 317 346 318
f 318 346 347
f 318 347 319
f 319 347 348
f 319 348 320
f 320 348 349
f 320 349 321
f 321 349 350
f 321 350 322
f 322 350 351
f 322 351 323
f 323 351 352
f 323 352 324
f 324 352 353
f 324 353 325
f 325 353 354
f 325 354 326
f 326 354 355
f 326 355 327
f 327 355 356
f 327 356 328
f 328 356 357
f 328 357 329
f 329 357 358
f 329 358 330
f 330 358 359
f 330 359 331
f 331 359 360
f 331 360 332
f 332 360 361
f 332 361 333
f 333 361 362
f 333 362 334
f 334 362 363
f 334 363 335
f 335 363 364
f 335 364 336
f 336 364 337
f 336 337 309
f 337 365 366
f 337 366 338
f 338 366 367
f 338 367 339
f 339 367 368
f 339 368 340
f 340 368 369
f 340 369 341
f 341 369 370
f 341 370 342
f 342 370 371
f 342 371 343
f 343 371 372
f 343 372 344
f 344 372 373
f 344 373 345
f 345 373 374
f 345 374 346
f 346 374 375
f 346 375 347
f 347 375 376
f 347 376 348
f 348 376 377
f 348 377 349
f 349 377 378
f 349 378 350
f 350 378 379
f 350 379 351
f 351 379 380
f 351 380 352
f 352 380 381
f 352 381 353
f 353 381 382
f 353 382 354
f 354 382 383
f 354 383 355
f 355 383 384
f 355 384 356
f 356 384 385
f 356 385 357
f 357 385 386
f 357 386 358
f 358 386 387
f 358 387 359
f 359 387 388
f 359 388 360
f 360 388 389
f 360 389 361
f 361 389 390
f 361 390 362
f 362 390 391
f 362 391 363
f 363 391 392
f 363 392 364
f 364 392 365
f 364 365 337
f 365 393 394
f 365 394 366
f 366 394 395
f 366 395 367
f 367 395 396
f 367 396 368
f 368 396 397
f 368 397 369
f 369 397 398
f 369 398 370
f 370 398 399
f 370 399 371
f 371 399 400
f 371 400 372
f 372 400 401
f 372 401 373
f 373 401 402
f 373 402 374
f 374 402 403
f 374 403 375
f 375 403 404
f 375 404 376
f 376 404 405
f 376 405 377
f 377 405 406
f 377 406 378
f 378 406 407
f 378 407 379
f 379 407 408
f 379 408 380
f 380 408 409
f 380 409 381
f 381 409 410
f 381 410 382
f 382 410 411
f 382 411 383
f 383 411 412
f 383 412 384
f 384 412 413
f 384 413 385
f 385 413 414
f 385 414 386
f 386 414 415
f 386 415 387
f 387 415 416
f 387 416 388
f 388 416 417
f 388 417 389
f 389 417 418
f 389 418 390
f 390 418 419
f 390 419 391
f 391 419 420
f 391 420 392
f 392 420 393
f 392 393 365
f 393 421 422
f 393 422 394
f 394 422 423
f 394 423 395
f 395 423 424
f 395 424 396
f 396 424 425
f 396 425 397
f 397 425 426
f 397 426 398
f 398 426 427
f 398 427 399
f 399 427 428
f 399 428 400
f 400 428 429
f 400 429 401
f 401 429 430
f 401 430 402
f 402 430 431
f 402 431 403
f 403 431 432
f 403 432 404
f 404 432 433
f 404 433 405
f 405 433 434
f 405 434 406
f 406 434 435
f 406 435 407
f 407 435 436
f 407 436 408
f 408 436 437
f 408 437 409
f 409 437 438
f 409 438 410
f 410 438 439
f 410 439 411
f 411 439 440
f 411 440 412
f 412 440 441
f 412 441 413
f 413 441 442
f 413 442 414
f 414 442 443
f 414 443 415
f 415 443 444
f 415 444 416
f 416 444 445
f 416 445 417
f 417 445 446
f 417 446 418
f 418 446 447
f 418 447 419
f 419 447 448
f 419 448 420
f 420 448 421
f 420 421 393
f 421 449 450
f 421 450 422
f 422 450 451
f 422 451 423
f 423 451 452
f 423 452 424
f 424 452 453
f 424 453 425
f 425 453 454
f 425 454 426
f 426 454 455
f 426 455 427
f 427 455 456
f 427 456 428
f 428 456 457
f 428 457 429
f 429 457 458
f 429 458 430
f 430 458 459
f 430 459 431
f 431 459 460
f 431 460 432
f 432 460 461
f 432 461 433
f 433 461 462
f 433 462 434
f 434 462 463
f 434 463 435
f 435 463 464
f 435 464 436
f 436 464 465
f 436 465 437
f 437 465 466
f 437 466 438
f 438 466 467
f 438 467 439
f 439 467 468
f 439 468 440
f 440 468 469
f 440 469 441
f 441 469 470
f 441 470 442
f 442 470 471
f 442 471 443
f 443 471 472
f 443 472 444
f 444 472 473
f 444 473 445
f 445 473 474
f 445 474 446
f 446 474 475
f 446 475 447
f 447 475 476
f 447 476 448
f 448 476 449
f 448 449 421
f 449 477 478
f 449 478 450
f 450 478 479
f 450 479 451
f 451 479 480
f 451 480 452
f 452 480 481
f 452 481 453
f 453 481 482
f 453 482 454
f 454 482 483
f 454 483 455
f 455 483 484
f 455 484 456
f 456 484 485
f 456 485 457
f 457 485 486
f 457 486 458
f 458 486 487
f 458 487 459
f 459 487 488
f 459 488 460
f 460 488 489
f 460 489 461
f 461 489 490
f 461 490 462
f 462 490 491
f 462 491 463
f 463 491 492
f 463 492 464
f 464 492 493
f 464 493 465
f 465 493 494
f 465 494 466
f 466 494 495
f 466 495 467
f 467 495 496
f 467 496 468
f 468 496 497
f 468 497 469
f 469 497 498
f 469 498 470
f 470 498 499
f 470 499 471
f 471 499 500
f 471 500 472
f 472 500 501
f 472 501 473
f 473 501 502
f 473 502 474
f 474 502 503
f 474 503 475
f 475 503 504
f 475 504 476
f 476 504 477
f 476 477 449
f 477 505 506
f 477 506 478
f 478 506 507
f 478 507 479
f 479 507 508
f 479 508 480
f 480 508 509
f 480 509 481
f 481 509 510
f 481 510 482
f 482 510 511
f 482 511 483
f 483 511 512
f 483 512 484
f 484 512 513
f 484 513 485
f 485 513 514
f 485 514 486
f 486 514 515
f 486 515 487
f 487 515 516
f 487 516 488
f 488 516 517
f 488 517 489
f 489 517 518
f 489 518 490
f 490 518 519
f 490 519 491
f 491 519 520
f 491 520 492
f 492 520 521
f 492 521 493
f 493 521 522
f 493 522 494
f 494 522 523
f 494 523 495
f 495 523 524
f 495 524 496
f 496 524 525
f 496 525 497
f 497 525 526
f 497 526 498
f 498 526 527
f 498 527 499
f 499 527 528
f 499 528 500
f 500 528 529
f 500 529 501
f 501 529 530
f 501 530 502
f 502 530 531
f 502 531 503
f 503 531 532
f 503 532 504
f 504 532 505
f 504 505 477
f 505 533 534
f 505 534 506
f 506 534 535
f 506 535 507
f 507 535 536
f 507 536 508
f 508 536 537
f 508 537 509
f 509 537 538
f 509 538 510
f 510 538 539
f 510 539 511
f 511 539 540
f 511 540 512
f 512 540 541
f 512 541 513
f 513 541 542
f 513 542 514
f 514 542 543
f 514 543 515
f 515 543 544
f 515 544 516
f 516 544 545
f 516 545 517
f 517 545 546
f 517 546 518
f 518 546 547
f 518 547 519
f 519 547 548
f 519 548 520
f 520 548 549
f 520 549 521
f 521 549 550
f 521 550 522
f 522 550 551
f 522 551 523
f 523 551 552
f 523 552 524
f 524 552 553
f 524 553 525
f 525 553 554
f 525 554 526
f 526 554 555
f 526 555 527
f 527 555 556
f 527 556 528
f 528 556 557
f 528 557 529
f 529 557 558
f 529 558 530
f 530 558 559
f 530 559 531
f 531 559 560
f 531 560 532
f 532 560 533
f 532 533 505
f 533 561 562
f 533 562 534
f 534 562 563
f 534 563 535
f 535 563 564
f 535 564 536
f 536 564 565
f 536 565 537
f 537 565 566
f 537 566 538
f 538 566 567
f 538 567 539
f 539 567 568
f 539 568 540
f 540 568 569
f 540 569 541
f 541 569 570
f 541 570 542
f 542 570 571
f 542 571 543
f 543 571 572
f 543 572 544
f 544 572 573
f 544 573 545
f 545 573 574
f 545 574 546
f 546 574 575
f 546 575 547
f 547 575 576
f 547 576 548
f 548 576 577
f 548 577 549
f 549 577 578
f 549 578 550
f 550 578 579
f 550 579 551
f 551 579 580
f 551 580 552
f 552 580 581
f 552 581 553
f 553 581 582
f 553 582 554
f 554 582 583
f 554 583 555
f 555 583 584
f 555 584 556
f 556 584 585
f 556 585 557
f 557 585 586
f 557 586 558
f 558 586 587
f 558 587 559
f 559 587 588
f 559 588 560
f 560 588 561
f 560 561 533
f 561 589 590
f 561 590 562
f 562 590 591
f 562 591 563
f 563 591 592
f 563 592 564
f 564 592 593
f 564 593 565
f 565 593 594
f 565 594 566
f 566 594 595
f 566 595 567
f 567 595 596
f 567 596 568
f 568 596 597
f 568 597 569
f 569 597 598
f 569 598 570
f 570 598 599
f 570 599 571
f 571 599 600
f 571 600 572
f 572 600 601
f 572 601 573
f 573 601 602
f 573 602 574
f 574 602 603
f 574 603 575
f 575 603 604
f 575 604 576
f 576 604 605
f 576 605 577
f 577 605 606
f 577 606 578
f 578 606 607
f 578 607 579
f 579 607 608
f 579 608 580
f 580 608 609
f 580 609 581
f 581 609 610
f 581 610 582
f 582 610 611
f 582 611 583
f 583 611 612
f 583 612 584
f 584 612 613
f 584 613 585
f 585 613 614
f 585 614 586
f 586 614 615
f 586 615 587
f 587 615 616
f 587 616 588
f 588 616 589
f 588 589 561
f 589 617 618
f 589 618 590
f 590 618 619
f 590 619 591
f 591 619 620
f 591 620 592
f 592 620 621
f 592 621 593
f 593 621 622
f 593 622 594
f 594 622 623
f 594 623 595
f 595 623 624
f 595 624 596
f 596 624 625
f 596 625 597
f 597 625 626
f 597 626 598
f 598 626 627
f 598 627 599
f 599 627 628
f 599 628 600
f 600 628 629
f 600 629 601
f 601 629 630
f 601 630 602
f 602 630 631
f 602 631 603
f 603 631 632
f 603 632 604
f 604 632 633
f 604 633 605
f 605 633 634
f 605 634 606
f 606 634 635
f 606 635 607
f 607 635 636
f 607 636 608
f 608 636 637
f 608 637 609
f 609 637 638
f 609 638 610
f 610 638 639
f 610 639 611
f 611 639 640
f 611 640 612
f 612 640 641
f 612 641 613
f 613 641 642
f 613 642 614
f 614 642 643
f 614 643 615
f 615 643 644
f 615 644 616
f 616 644 617
f 616 617 589
f 617 645 646
f 617 646 618
f 618 646 647
f 618 647 619
f 619 647 648
f 619 648 620
f 620 648 649
f 620 649 621
f 621 649 650
f 621 650 622
f 622 650 651
f 622 651 623
f 623 651 652
f 623 652 624
f 624 652 653
f 624 653 625
f 625 653 654
f 625 654 626
f 626 654 655
f 626 655 627
f 627 655 656
f 627 656 628
f 628 656 657
f 628 657 629
f 629 657 658
f 629 658 630
f 630 658 659
f 630 659 631
f 631 659 660
f 631 660 632
f 632 660 661
f 632 661 633
f 633 661 662
f 633 662 634
f 634 662 663
f 634 663 635
f 635 663 664
f 635 664 636
f 636 664 665
f 636 665 637
f 637 665 666
f 637 666 638
f 638 666 667
f 638 667 639
f 639 667 668
f 639 668 640
f 640 668 669
f 640 669 641
f 641 669 670
f 641 670 642
f 642 670 671
f 642 671 643
f 643 671 672
f 643 672 644
f 644 672 645
f 644 645 617
f 645 673 674
f 645 674 646
f 646 674 675
f 646 675 647
f 647 675 676
f 647 676 648
f 648 676 677
f 648 677 649
f 649 677 678
f 649 678 650
f 650 678 679
f 650 679 651
f 651 679 680
f 651 680 652
f 652 680 681
f 652 681 653
f 653 681 682
f 653 682 654
f 654 682 683
f 654 683 655
f 655 683 684
f 655 684 656
f 656 684 685
f 656 685 657
f 657 685 686
f 657 686 658
f 658 686 687
f 658 687 659
f 659 687 688
f 659 688 660
f 660 688 689
f 660 689 661
f 661 689 690
f 661 690 662
f 662 690 691
f 662 691 663
f 663 691 692
f 663 692 664
f 664 692 693
f 664 693 665
f 665 693 694
f 665 694 666
f 666 694 695
f 666 695 667
f 667 695 696
f 667 696 668
f 668 696 697
f 668 697 669
f 669 697 698
f 669 698 670
f 670 698 699
f 670 699 671
f 671 699 700
f 671 700 672
f 672 700 673
f 672 673 645
f 673 701 702
f 673 702 674
f 674 702 703
f 674 703 675
f 675 703 704
f 675 704 676
f 676 704 705
f 676 705 677
f 677 705 706
f 677 706 678
f 678 706 707
f 678 707 679
f 679 707 708
f 679 708 680
f 680 708 709
f 680 709 681
f 681 709 710
f 681 710 682
f 682 710 711
f 682 711 683
f 683 711 712
f 683 712 684
f 684 712 713
f 684 713 685
f 685 713 714
f 685 714 686
f 686 714 715
f 686 715 687
f 687 715 716
f 687 716 688
f 688 716 717
f 688 717 689
f 689 717 718
f 689 718 690
f 690 718 719
f 690 719 691
f 691 719 720
f 691 720 692
f 692 720 721
f 692 721 693
f 693 721 722
f 693 722 694
f 694 722 723
f 694 723 695
f 695 723 724
f 695 724 696
f 696 724 725
f 696 725 697
f 697 725 726
f 697 726 698
f 698 726 727
f 698 727 699
f 699 727 728
f 699 728 700
f 700 728 701
f 700 701 673
f 701 729 730
f 701 730 702
f 702 730 731
f 702 731 703
f 703 731 732
f 703 732 704
f 704 732 733
f 704 733 705
f 705 733 734
f 705 734 706
f 706 734 735
f 706 735 707
f 707 735 736
f 707 736 708
f 708 736 737
f 708 737 709
f 709 737 738
f 709 738 710
f 710 738 739
f 710 739 711
f 711 739 740
f 711 740 712
f 712 740 741
f 712 741 713
f 713 741 742
f 713 742 714
f 714 742 743
f 714 743 715
f 715 743 744
f 715 744 716
f 716 744 745
f 716 745 717
f 717 745 746
f 717 746 718
f 718 746 747
f 718 747 719
f 719 747 748
f 719 748 720
f 720 748 749
f 720 749 721
f 721 749 750
f 721 750 722
f 722 750 751
f 722 751 723
f 723 751 752
f 723 752 724
f 724 752 753
f 724 753 725
f 725 753 754
f 725 754 726
f 726 754 755
f 726 755 727
f 727 755 756
f 727 756 728
f 728 756 729
f 728 729 701
f 729 757 758
f 729 758 730
f 730 758 759
f 730 759 731
f 731 759 760
f 731 760 732
f 732 760 761
f 732 761 733
f 733 761 762
f 733 762 734
f 734 762 763
f 734 763 735
f 735 763 764
f 735 764 736
f 736 764 765
f 736 765 737
f 737 765 766
f 737 766 738
f 738 766 767
f 738 767 739
f 739 767 768
f 739 768 740
f 740 768 769
f 740 769 741
f 741 769 770
f 741 770 742
f 742 770 771
f 742 771 743
f 743 771 772
f 743 772 744
f 744 772 773
f 744 773 745
f 745 773 774
f 745 774 746
f 746 774 775
f 746 775 747
f 747 775 776
f 747 776 748
f 748 776 777
f 748 777 749
f 749 777 778
f 749 778 750
f 750 778 779
f 750 779 751
f 751 779 780
f 751 780 752
f 752 780 781
f 752 781 753
f 753 781 782
f 753 782 754
f 754 782 783
f 754 783 755
f 755 783 784
f 755 784 756
f 756 784 757
f 756 757 729
f 757 785 786
f 757 786 758
f 758 786 787
f 758 787 759
f 759 787 788
f 759 788 760
f 760 788 789
f 760 789 761
f 761 789 790
f 761 790 762
f 762 790 791
f 762 791 763
f 763 791 792
f 763 792 764
f 764 792 793
f 764 793 765
f 765 793 794
f 765 794 766
f 766 794 795
f 766 795 767
f 767 795 796
f 767 796 768
f 768 796 797
f 768 797 769
f 769 797 798
f 769 798 770
f 770 798 799
f 770 799 771
f 771 799 800
f 771 800 772
f 772 800 801
f 772 801 773
f 773 801 802
f 773 802 774
f 774 802 803
f 774 803 775
f 775 803 804
f 775 804 776
f 776 804 805
f 776 805 777
f 777 805 806
f 777 806 778
f 778 806 807
f 778 807 779
f 779 807 808
f 779 808 780
f 780 808 809
f 780 809 781
f 781 809 810
f 781 810 782
f 782 810 811
f 782 811 783
f 783 811 812
f 783 812 784
f 784 812 785
f 784 785 757
f 785 813 814
f 785 814 786
f 786 814 815
f 786 815 787
f 787 815 816
f 787 816 788
f 788 816 817
f 788 817 789
f 789 817 818
f 789 818 790
f 790 818 819
f 790 819 791
f 791 819 820
f 791 820 792
f 792 820 821
f 792 821 793
f 793 821 822
f 793 822 794
f 794 822 823
f 794 823 795
f 795 823 824
f 795 824 796
f 796 824 825
f 796 825 797
f 797 825 826
f 797 826 798
f 798 826 827
f 798 827 799
f 799 827 828
f 799 828 800
f 800 828 829
f 800 829 801
f 801 829 830
f 801 830 802
f 802 830 831
f 802 831 803
f 803 831 832
f 803 832 804
f 804 832 833
f 804 833 805
f 805 833 834
f 805 834 806
f 806 834 835
f 806 835 807
f 807 835 836
f 807 836 808
f 808 836 837
f 808 837 809
f 809 837 838
f 809 838 810
f 810 838 839
f 810 839 811
f 811 839 840
f 811 840 812
f 812 840 813
f 812 813 785
f 813 841 842
f 813 842 814
f 814 842 843
f 814 843 815
f 815 843 844
f 815 844 816
f 816 844 845
f 816 845 817
f 817 845 846
f 817 846 818
f 818 846 847
f 818 847 819
f 819 847 848
f 819 848 820
f 820 848 849
f 820 849 821
f 821 849 850
f 821 850 822
f 822 850 851
f 822 851 823
f 823 851 852
f 823 852 824
f 824 852 853
f 824 853 825
f 825 853 854
f 825 854 826
f 826 854 855
f 826 855 827
f 827 855 856
f 827 856 828
f 828 856 857
f 828 857 829
f 829 857 858
f 829 858 830
f 830 858 859
f 830 859 831
f 831 859 860
f 831 860 832
f 832 860 861
f 832 861 833
f 833 861 862
f 833 862 834
f 834 862 863
f 834 863 835
f 835 863 864
f 835 864 836
f 836 864 865
f 836 865 837
f 837 865 866
f 837 866 838
f 838 866 867
f 838 867 839
f 839 867 868
f 839 868 840
f 840 868 841
f 840 841 813
f 841 869 870
f 841 870 842
f 842 870 871
f 842 871 843
f 843 871 872
f 843 872 844
f 844 872 873
f 844 873 845
f 845 873 874
f 845 874 846
f 846 874 875
f 846 875 847
f 847 875 876
f 847 876 848
f 848 876 877
f 848 877 849
f 849 877 878
f 849 878 850
f 850 878 879
f 850 879 851
f 851 879 880
f 851 880 852
f 852 880 881
f 852 881 853
f 853 881 882
f 853 882 854
f 854 882 883
f 854 883 855
f 855 883 884
f 855 884 856
f 856 884 885
f 856 885 857
f 857 885 886
f 857 886 858
f 858 886 887
f 858 887 859
f 859 887 888
f 859 888 860
f 860 888 889
f 860 889 861
f 861 889 890
f 861 890 862
f 862 890 891
f 862 891 863
f 863 891 892
f 863 892 864
f 864 892 893
f 864 893 865
f 865 893 894
f 865 894 866
f 866 894 895
f 866 895 867
f 867 895 896
f 867 896 868
f 868 896 869
f 868 869 841
f 869 897 898
f 869 898 870
f 870 898 899
f 870 899 871
f 871 899 900
f 871 900 872
f 872 900 901
f 872 901 873
f 873 901 902
f 873 902 874
f 874 902 903
f 874 903 875
f 875 903 904
f 875 904 876
f 876 904 905
f 876 905 877
f 877 905 906
f 877 906 878
f 878 906 907
f 878 907 879
f 879 907 908
f 879 908 880
f 880 908 909
f 880 909 881
f 881 909 910
f 881 910 882
f 882 910 911
f 882 911 883
f 883 911 912
f 883 912 884
f 884 912 913
f 884 913 885
f 885 913 914
f 885 914 886
f 886 914 915
f 886 915 887
f 887 915 916
f 887 916 888
f 888 916 917
f 888 917 889
f 889 917 918
f 889 918 890
f 890 918 919
f 890 919 891
f 891 919 920
f 891 920 892
f 892 920 921
f 892 921 893
f 893 921 922
f 893 922 894
f 894 922 923
f 894 923 895
f 895 923 924
f 895 924 896
f 896 924 897
f 896 897 869
f 897 925 926
f 897 926 898
f 898 926 927
f 898 927 899
f 899 927 928
f 899 928 900
f 900 928 929
f 900 929 901
f 901 929 930
f 901 930 902
f 902 930 931
f 902 931 903
f 903 931 932
f 903 932 904
f 904 932 933
f 904 933 905
f 905 933 934
f 905 934 906
f 906 934 935
f 906 935 907
f 907 935 936
f 907 936 908
f 908 936 937
f 908 937 909
f 909 937 938
f 909 938 910
f 910 938 939
f 910 939 911
f 911 939 940
f 911 940 912
f 912 940 941
f 912 941 913
f 913 941 942
f 913 942 914
f 914 942 943
f 914 943 915
f 915 943 944
f 915 944 916
f 916 944 945
f 916 945 917
f 917 945 946
f 917 946 918
f 918 946 947
f 918 947 919
f 919 947 948
f 919 948 920
f 920 948 949
f 920 949 921
f 921 949 950
f 921 950 922
f 922 950 951
f 922 951 923
f 923 951 952
f 923 952 924
f 924 952 925
f 924 925 897
f 925 953 954
f 925 954 926
f 926 954 955
f 926 955 927
f 927 955 956
f 927 956 928
f 928 956 957
f 928 957 929
f 929 957 958
f 929 958 930
f 930 958 959
f 930 959 931
f 931 959 960
f 931 960 932
f 932 960 961
f 932 961 933
f 933 961 962
f 933 962 934
f 934 962 963
f 934 963 935
f 935 963 964
f 935 964 936
f 936 964 965
f 936 965 937
f 937 965 966
f 937 966 938
f 938 966 967
f 938 967 939
f 939 967 968
f 939 968 940
f 940 968 969
f 940 969 941
f 941 969 970
f 941 970 942
f 942 970 971
f 942 971 943
f 943 971 972
f 943 972 944
f 944 972 973
f 944 973 945
f 945 973 974
f 945 974 946
f 946 974 975
f 946 975 947
f 947 975 976
f 947 976 948
f 948 976 977
f 948 977 949
f 949 977 978
f 949 978 950
f 950 978 979
f 950 979 951
f 951 979 980
f 951 980 952
f 952 980 953
f 952 953 925
f 953 981 982
f 953 982 954
f 954 982 983
f 954 983 955
f 955 983 984
f 955 984 956
f 956 984 985
f 956 985 957
f 957 985 986
f 957 986 958
f 958 986 987
f 958 987 959
f 959 987 988
f 959 988 960
f 960 988 989
f 960 989 961
f 961 989 990
f 961 990 962
f 962 990 991
f 962 991 963
f 963 991 992
f 963 992 964
f 964 992 993
f 964 993 965
f 965 993 994
f 965 994 966
f 966 994 995
f 966 995 967
f 967 995 996
f 967 996 968
f 968 996 997
f 968 997 969
f 969 997 998
f 969 998 970
f 970 998 999
f 970 999 971
f 971 999 1000
f 971 1000 972
f 972 1000 1001
f 972 1001 973
f 973 1001 1002
f 973 1002 974
f 974 1002 1003
f 974 1003 975
f 975 1003 1004
f 975 1004 976
f 976 1004 1005
f 976 1005 977
f 977 1005 1006
f 977 1006 978
f 978 1006 1007
f 978 1007 979
f 979 1007 1008
f 979 1008 980
f 980 1008 981
f 980 981 953
f 981 1009 1010
f 981 1010 982
f 982 1010 1011
f 982 1011 983
f 983 1011 1012
f 983 1012 984
f 984 1012 1013
f 984 1013 985
f 985 1013 1014
f 985 1014 986
f 986 1014 1015
f 986 1015 987
f 987 1015 1016
f 987 1016 988
f 988 1016 1017
f 988 1017 989
f 989 1017 1018
f 989 1018 990
f 990 1018 1019
f 990 1019 991
f 991 1019 1020
f 991 1020 992
f 992 1020 1021
f 992 1021 993
f 993 1021 1022
f 993 1022 994
f 994 1022 1023
f 994 1023 995
f 995 1023 1024
f 995 1024 996
f 996 1024 1025
f 996 1025 997
f 997 1025 1026
f 997 1026 998
f 998 1026 1027
f 998 1027 999
f 999 1027 1028
f 999 1028 1000
f 1000 1028 1029
f 1000 1029 1001
f 1001 1029 1030
f 1001 1030 1002
f 1002 1030 1031
f 1002 1031 1003
f 1003 1031 1032
f 1003 1032 1004
f 1004 1032 1033
f 1004 1033 1005
f 1005 1033 1034
f 1005 1034 1006
f 1006 1034 1035
f 1006 1035 1007
f 1007 1035 1036
f 1007 1036 1008
f 1008 1036 1009
f 1008 1009 981
f 1009 1037 1038
f 1009 1038 1010
f 1010 1038 1039
f 1010 1039 1011
f 1011 1039 1040
f 1011 1040 1012
f 1012 1040 1041
f 1012 1041 1013
f 1013 1041 1042
f 1013 1042 1014
f 1014 1042 1043
f 1014 1043 1015
f 1015 1043 1044
f 1015 1044 1016
f 1016 1044 1045
f 1016 1045 1017
f 1017 1045 1046
f 1017 1046 1018
f 1018 1046 1047
f 1018 1047 1019
f 1019 1047 1048
f 1019 1048 1020
f 1020 1048 1049
f 1020 1049 1021
f 1021 1049 1050
f 1021 1050 1022
f 1022 1050 1051
f 1022 1051 1023
f 1023 1051 1052
f 1023 1052 1024
f 1024 1052 1053
f 1024 1053 1025
f 1025 1053 1054
f 1025 1054 1026
f 1026 1054 1055
f 1026 1055 1027
f 1027 1055 1056
f 1027 1056 1028
f 1028 1056 1057
f 1028 1057 1029
f 1029 1057 1058
f 1029 1058 1030
f 1030 1058 1059
f 1030 1059 1031
f 1031 1059 1060
f 1031 1060 1032
f 1032 1060 1061
f 1032 1061 1033
f 1033 1061 1062
f 1033 1062 1034
f 1034 1062 1063
f 1034 1063 1035
f 1035 1063 1064
f 1035 1064 1036
f 1036 1064 1037
f 1036 1037 1009
f 1037 1065 1066
f 1037 1066 1038
f 1038 1066 1067
f 1038 1067 1039
f 1039 1067 1068
f 1039 1068 1040
f 1040 1068 1069
f 1040 1069 1041
f 1041 1069 1070
f 1041 1070 1042
f 1042 1070 1071
f 1042 1071 1043
f 1043 1071 1072
f 1043 1072 1044
f 1044 1072 1073
f 1044 1073 1045
f 1045 1073 1074
f 1045 1074 1046
f 1046 1074 1075
f 1046 1075 1047
f 1047 1075 1076
f 1047 1076 1048
f 1048 1076 1077
f 1048 1077 1049
f 1049 1077 1078
f 1049 1078 1050
f 1050 1078 1079
f 1050 1079 1051
f 1051 1079 1080
f 1051 1080 1052
f 1052 1080 1081
f 1052 1081 1053
f 1053 1081 1082
f 1053 1082 1054
f 1054 1082 1083
f 1054 1083 1055
f 1055 1083 1084
f 1055 1084 1056
f 1056 1084 1085
f 1056 1085 1057
f 1057 1085 1086
f 1057 1086 1058
f 1058 1086 1087
f 1058 1087 1059
f 1059 1087 1088
f 1059 1088 1060
f 1060 1088 1089
f 1060 1089 1061
f 1061 1089 1090
f 1061 1090 1062
f 1062 1090 1091
f 1062 1091 1063
f 1063 1091 1092
f 1063 1092 1064
f 1064 1092 1065
f 1064 1065 1037
f 1065 1093 1094
f 1065 1094 1066
f 1066 1094 1095
f 1066 1095 1067
f 1067 1095 1096
f 1067 1096 1068
f 1068 1096 1097
f 1068 1097 1069
f 1069 1097 1098
f 1069 1098 1070
f 1070 1098 1099
f 1070 1099 1071
f 1071 1099 1100
f 1071 1100 1072
f 1072 1100 1101
f 1072 1101 1073
f 1073 1101 1102
f 1073 1102 1074
f 1074 1102 1103
f 1074 1103 1075
f 1075 1103 1104
f 1075 1104 1076
f 1076 1104 1105
f 1076 1105 1077
f 1077 1105 1106
f 1077 1106 1078
f 1078 1106 1107
f 1078 1107 1079
f 1079 1107 1108
f 1079 1108 1080
f 1080 1108 1109
f 1080 1109 1081
f 1081 1109 1110
f 1081 1110 1082
f 1082 1110 1111
f 1082 1111 1083
f 1083 1111 1112
f 1083 1112 1084
f 1084 1112 1113
f 1084 1113 1085
f 1085 1113 1114
f 1085 1114 1086
f 1086 1114 1115
f 1086 1115 1087
f 1087 1115 1116
f 1087 1116 1088
f 1088 1116 1117
f 1088 1117 1089
f 1089 1117 1118
f 1089 1118 1090
f 1090 1118 1119
f 1090 1119 1091
f 1091 1119 1120
f 1091 1120 1092
f 1092 1120 1093
f 1092 1093 1065
f 1093 1121 1122
f 1093 1122 1094
f 1094 1122 1123
f 1094 1123 1095
f 1095 1123 1124
f 1095 1124 1096
f 1096 1124 1125
f 1096 1125 1097
f 1097 1125 1126
f 1097 1126 1098
f 1098 1126 1127
f 1098 1127 1099
f 1099 1127 1128
f 1099 1128 1100
f 1100 1128 1129
f 1100 1129 1101
f 1101 1129 1130
f 1101 1130 1102
f 1102 1130 1131
f 1102 1131 1103
f 1103 1131 1132
f 1103 1132 1104
f 1104 1132 1133
f 1104 1133 1105
f 1105 1133 1134
f 1105 1134 1106
f 1106 1134 1135
f 1106 1135 1107
f 1107 1135 1136
f 1107 1136 1108
f 1108 1136 1137
f 1108 1137 1109
f 1109 1137 1138
f 1109 1138 1110
f 1110 1138 1139
f 1110 1139 1111
f 1111 1139 1140
f 1111 1140 1112
f 1112 1140 1141
f 1112 1141 1113
f 1113 1141 1142
f 1113 1142 1114
f 1114 1142 1143
f 1114 1143 1115
f 1115 1143 1144
f 1115 1144 1116
f 1116 1144 1145
f 1116 1145 1117
f 1117 1145 1146
f 1117 1146 1118
f 1118 1146 1147
f 1118 1147 1119
f 1119 1147 1148
f 1119 1148 1120
f 1120 1148 1121
f 1120 1121 1093
f 1121 1149 1150
f 1121 1150 1122
f 1122 1150 1151
f 1122 1151 1123
f 1123 1151 1152
f 1123 1152 1124
f 1124 1152 1153
f 1124 1153 1125
f 1125 1153 1154
f 1125 1154 1126
f 1126 1154 1155
f 1126 1155 1127
f 1127 1155 1156
f 1127 1156 1128
f 1128 1156 1157
f 1128 1157 1129
f 1129 1157 1158
f 1129 1158 1130
f 1130 1158 1159
f 1130 1159 1131
f 1131 1159 1160
f 1131 1160 1132
f 1132 1160 1161
f 1132 1161 1133
f 1133 1161 1162
f 1133 1162 1134
f 1134 1162 1163
f 1134 1163 1135
f 1135 1163 1164
f 1135 1164 1136
f 1136 1164 1165
f 1136 1165 1137
f 1137 1165 1166
f 1137 1166 1138
f 1138 1166 1167
f 1138 1167 1139
f 1139 1167 1168
f 1139 1168 1140
f 1140 1168 1169
f 1140 1169 1141
f 1141 1169 1170
f 1141 1170 1142
f 1142 1170 1171
f 1142 1171 1143
f 1143 1171 1172
f 1143 1172 1144
f 1144 1172 1173
f 1144 1173 1145
f 1145 1173 1174
f 1145 1174 1146
f 1146 1174 1175
f 1146 1175 1147
f 1147 1175 1176
f 1147 1176 1148
f 1148 1176 1149
f 1148 1149 1121
f 1149 1177 1178
f 1149 1178 1150
f 1150 1178 1179
f 1150 1179 1151
f 1151 1179 1180
f 1151 1180 1152
f 1152 1180 1181
f 1152 1181 1153
f 1153 1181 1182
f 1153 1182 1154
f 1154 1182 1183
f 1154 1183 1155
f 1155 1183 1184
f 1155 1184 1156
f 1156 1184 1185
f 1156 1185 1157
f 1157 1185 1186
f 1157 1186 1158
f 1158 1186 1187
f 1158 1187 1159
f 1159 1187 1188
f 1159 1188 1160
f 1160 1188 1189
f 1160 1189 1161
f 1161 1189 1190
f 1161 1190 1162
f 1162 1190 1191
f 1162 1191 1163
f 1163 1191 1192
f 1163 1192 1164
f 1164 1192 1193
f 1164 1193 1165
f 1165 1193 1194
f 1165 1194 1166
f 1166 1194 1195
f 1166 1195 1167
f 1167 1195 1196
f 1167 1196 1168
f 1168 1196 1197
f 1168 1197 1169
f 1169 1197 1198
f 1169 1198 1170
f 1170 1198 1199
f 1170 1199 1171
f 1171 1199 1200
f 1171 1200 1172
f 1172 1200 1201
f 1172 1201 1173
f 1173 1201 1202
f 1173 1202 1174
f 1174 1202 1203
f 1174 1203 1175
f 1175 1203 1204
f 1175 1204 1176
f 1176 1204 1177
f 1176 1177 1149
f 1177 1205 1206
f 1177 1206 1178
f 1178 1206 1207
f 1178 1207 1179
f 1179 1207 1208
f 1179 1208 1180
f 1180 1208 1209
f 1180 1209 1181
f 1181 1209 1210
f 1181 1210 1182
f 1182 1210 1211
f 1182 1211 1183
f 1183 1211 1212
f 1183 1212 1184
f 1184 1212 1213
f 1184 1213 1185
f 1185 1213 1214
f 1185 1214 1186
f 1186 1214 1215
f 1186 1215 1187
f 1187 1215 1216
f 1187 1216 1188
f 1188 1216 1217
f 1188 1217 1189
f 1189 1217 1218
f 1189 1218 1190
f 1190 1218 1219
f 1190 1219 1191
f 1191 1219 1220
f 1191 1220 1192
f 1192 1220 1221
f 1192 1221 1193
f 1193 1221 1222
f 1193 1222 1194
f 1194 1222 1223
f 1194 1223 1195
f 1195 1223 1224
f 1195 1224 1196
f 1196 1224 1225
f 1196 1225 1197
f 1197 1225 1226
f 1197 1226 1198
f 1198 1226 1227
f 1198 1227 1199
f 1199 1227 1228
f 1199 1228 1200
f 1200 1228 1229
f 1200 1229 1201
f 1201 1229 1230
f 1201 1230 1202
f 1202 1230 1231
f 1202 1231 1203
f 1203 1231 1232
f 1203 1232 1204
f 1204 1232 1205
f 1204 1205 1177
f 1205 1233 1234
f 1205 1234 1206
f 1206 1234 1235
f 1206 1235 1207
f 1207 1235 1236
f 1207 1236 1208
f 1208 1236 1237
f 1208 1237 1209
f 1209 1237 1238
f 1209 1238 1210
f 1210 1238 1239
f 1210 1239 1211
f 1211 1239 1240
f 1211 1240 1212
f 1212 1240 1241
f 1212 1241 1213
f 1213 1241 1242
f 1213 1242 1214
f 1214 1242 1243
f 1214 1243 1215
f 1215 1243 1244
f 1215 1244 1216
f 1216 1244 1245
f 1216 1245 1217
f 1217 1245 1246
f 1217 1246 1218
f 1218 1246 1247
f 1218 1247 1219
f 1219 1247 1248
f 1219 1248 1220
f 1220 1248 1249
f 1220 1249 1221
f 1221 1249 1250
f 1221 1250 1222
f 1222 1250 1251
f 1222 1251 1223
f 1223 1251 1252
f 1223 1252 1224
f 1224 1252 1253
f 1224 1253 1225
f 1225 1253 1254
f 1225 1254 1226
f 1226 1254 1255
f 1226 1255 1227
f 1227 1255 1256
f 1227 1256 1228
f 1228 1256 1257
f 1228 1257 1229
f 1229 1257 1258
f 1229 1258 1230
f 1230 1258 1259
f 1230 1259 1231
f 1231 1259 1260
f 1231 1260 1232
f 1232 1260 1233
f 1232 1233 1205
f 1233 1261 1262
f 1233 1262 1234
f 1234 1262 1263
f 1234 1263 1235
f 1235 1263 1264
f 1235 1264 1236
f 1236 1264 1265
f 1236 1265 1237
f 1237 1265 1266
f 1237 1266 1238
f 1238 1266 1267
f 1238 1267 1239
f 1239 1267 1268
f 1239 1268 1240
f 1240 1268 1269
f 1240 1269 1241
f 1241 1269 1270
f 1241 1270 1242
f 1242 1270 1271
f 1242 1271 1243
f 1243 1271 1272
f 1243 1272 1244
f 1244 1272 1273
f 1244 1273 1245
f 1245 1273 1274
f 1245 1274 1246
f 1246 1274 1275
f 1246 1275 1247
f 1247 1275 1276
f 1247 1276 1248
f 1248 1276 1277
f 1248 1277 1249
f 1249 1277 1278
f 1249 1278 1250
f 1250 1278 1279
f 1250 1279 1251
f 1251 1279 1280
f 1251 1280 1252
f 1252 1280 1281
f 1252 1281 1253
f 1253 1281 1282
f 1253 1282 1254
f 1254 1282 1283
f 1254 1283 1255
f 1255 1283 1284
f 1255 1284 1256
f 1256 1284 1285
f 1256 1285 1257
f 1257 1285 1286
f 1257 1286 1258
f 1258 1286 1287
f 1258 1287 1259
f 1259 1287 1288
f 1259 1288 1260
f 1260 1288 1261
f 1260 1261 1233
f 1261 1289 1290
f 1261 1290 1262
f 1262 1290 1291
f 1262 1291 1263
f 1263 1291 1292
f 1263 1292 1264
f 1264 1292 1293
f 1264 1293 1265
f 1265 1293 1294
f 1265 1294 1266
f 1266 1294 1295
f 1266 1295 1267
f 1267 1295 1296
f 1267 1296 1268
f 1268 1296 1297
f 1268 1297 1269
f 1269 1297 1298
f 1269 1298 1270
f 1270 1298 1299
f 1270 1299 1271
f 1271 1299 1300
f 1271 1300 1272
f 1272 1300 1301
f 1272 1301 1273
f 1273 1301 1302
f 1273 1302 1274
f 1274 1302 1303
f 1274 1303 1275
f 1275 1303 1304
f 1275 1304 1276
f 1276 1304 1305
f 1276 1305 1277
f 1277 1305 1306
f 1277 1306 1278
f 1278 1306 1307
f 1278 1307 1279
f 1279 1307 1308
f 1279 1308 1280
f 1280 1308 1309
f 1280 1309 1281
f 1281 1309 1310
f 1281 1310 1282
f 1282 1310 1311
f 1282 1311 1283
f 1283 1311 1312
f 1283 1312 1284
f 1284 1312 1313
f 1284 1313 1285
f 1285 1313 1314
f 1285 1314 1286
f 1286 1314 1315
f 1286 1315 1287
f 1287 1315 1316
f 1287 1316 1288
f 1288 1316 1289
f 1288 1289 1261
f 1289 1317 1318
f 1289 1318 1290
f 1290 1318 1319
f 1290 1319 1291
f 1291 1319 1320
f 1291 1320 1292
f 1292 1320 1321
f 1292 1321 1293
f 1293 1321 1322
f 1293 1322 1294
f 1294 1322 1323
f 1294 1323 1295
f 1295 1323 1324
f 1295 1324 1296
f 1296 1324 1325
f 1296 1325 1297
f 1297 1325 1326
f 1297 1326 1298
f 1298 1326 1327
f 1298 1327 1299
f 1299 1327 1328
f 1299 1328 1300
f 1300 1328 1329
f 1300 1329 1301
f 1301 1329 1330
f 1301 1330 1302
f 1302 1330 1331
f 1302 1331 1303
f 1303 1331 1332
f 1303 1332 1304
f 1304 1332 1333
f 1304 1333 1305
f 1305 1333 1334
f 1305 1334 1306
f 1306 1334 1335
f 1306 1335 1307
f 1307 1335 1336
f 1307 1336 1308
f 1308 1336 1337
f 1308 1337 1309
f 1309 1337 1338
f 1309 1338 1310
f 1310 1338 1339
f 1310 1339 1311
f 1311 1339 1340
f 1311 1340 1312
f 1312 1340 1341
f 1312 1341 1313
f 1313 1341 1342
f 1313 1342 1314
f 1314 1342 1343
f 1314 1343 1315
f 1315 1343 1344
f 1315 1344 1316
f 1316 1344 1317
f 1316 1317 1289
f 1317 1345 1346
f 1317 1346 1318
f 1318 1346 1347
f 1318 1347 1319
f 1319 1347 1348
f 1319 1348 1320
f 1320 1348 1349
f 1320 1349 1321
f 1321 1349 1350
f 1321 1350 1322
f 1322 1350 1351
f 1322 1351 1323
f 1323 1351 1352
f 1323 1352 1324
f 1324 1352 1353
f 1324 1353 1325
f 1325 1353 1354
f 1325 1354 1326
f 1326 1354 1355
f 1326 1355 1327
f 1327 1355 1356
f 1327 1356 1328
f 1328 1356 1357
f 1328 1357 1329
f 1329 1357 1358
f 1329 1358 1330
f 1330 1358 1359
f 1330 1359 1331
f 1331 1359 1360
f 1331 1360 1332
f 1332 1360 1361
f 1332 1361 1333
f 1333 1361 1362
f 1333 1362 1334
f 1334 1362 1363
f 1334 1363 1335
f 1335 1363 1364
f 1335 1364 1336
f 1336 1364 1365
f 1336 1365 1337
f 1337 1365 1366
f 1337 1366 1338
f 1338 1366 1367
f 1338 1367 1339
f 1339 1367 1368
f 1339 1368 1340
f 1340 1368 1369
f 1340 1369 1341
f 1341 1369 1370
f 1341 1370 1342
f 1342 1370 1371
f 1342 1371 1343
f 1343 1371 1372
f 1343 1372 1344
f 1344 1372 1345
f 1344 1345 1317
f 1345 1373 1374
f 1345 1374 1346
f 1346 1374 1375
f 1346 1375 1347
f 1347 1375 1376
f 1347 1376 1348
f 1348 1376 1377
f 1348 1377 1349
f 1349 1377 1378
f 1349 1378 1350
f 1350 1378 1379
f 1350 1379 1351
f 1351 1379 1380
f 1351 1380 1352
f 1352 1380 1381
f 1352 1381 1353
f 1353 1381 1382
f 1353 1382 1354
f 1354 1382 1383
f 1354 1383 1355
f 1355 1383 1384
f 1355 1384 1356
f 1356 1384 1385
f 1356 1385 1357
f 1357 1385 1386
f 1357 1386 1358
f 1358 1386 1387
f 1358 1387 1359
f 1359 1387 1388
f 1359 1388 1360
f 1360 1388 1389
f 1360 1389 1361
f 1361 1389 1390
f 1361 1390 1362
f 1362 1390 1391
f 1362 1391 1363
f 1363 1391 1392
f 1363 1392 1364
f 1364 1392 1393
f 1364 1393 1365
f 1365 1393 1394
f 1365 1394 1366
f 1366 1394 1395
f 1366 1395 1367
f 1367 1395 1396
f 1367 1396 1368
f 1368 1396 1397
f 1368 1397 1369
f 1369 1397 1398
f 1369 1398 1370
f 1370 1398 1399
f 1370 1399 1371
f 1371 1399 1400
f 1371 1400 1372
f 1372 1400 1373
f 1372 1373 1345
f 1373 1401 1402
f 1373 1402 1374
f 1374 1402 1403
f 1374 1403 1375
f 1375 1403 1404
f 1375 1404 1376
f 1376 1404 1405
f 1376 1405 1377
f 1377 1405 1406
f 1377 1406 1378
f 1378 1406 1407
f 1378 1407 1379
f 1379 1407 1408
f 1379 1408 1380
f 1380 1408 1409
f 1380 1409 1381
f 1381 1409 1410
f 1381 1410 1382
f 1382 1410 1411
f 1382 1411 1383
f 1383 1411 1412
f 1383 1412 1384
f 1384 1412 1413
f 1384 1413 1385
f 1385 1413 1414
f 1385 1414 1386
f 1386 1414 1415
f 1386 1415 1387
f 1387 1415 1416
f 1387 1416 1388
f 1388 1416 1417
f 1388 1417 1389
f 1389 1417 1418
f 1389 1418 1390
f 1390 1418 1419
f 1390 1419 1391
f 1391 1419 1420
f 1391 1420 1392
f 1392 1420 1421
f 1392 1421 1393
f 1393 1421 1422
f 1393 1422 1394
f 1394 1422 1423
f 1394 1423 1395
f 1395 1423 1424
f 1395 1424 1396
f 1396 1424 1425
f 1396 1425 1397
f 1397 1425 1426
f 1397 1426 1398
f 1398 1426 1427
f 1398 1427 1399
f 1399 1427 1428
f 1399 1428 1400
f 1400 1428 1401
f 1400 1401 1373
f 1401 1429 1430
f 1401 1430 1402
f 1402 1430 1431
f 1402 1431 1403
f 1403 1431 1432
f 1403 1432 1404
f 1404 1432 1433
f 1404 1433 1405
f 1405 1433 1434
f 1405 1434 1406
f 1406 1434 1435
f 1406 1435 1407
f 1407 1435 1436
f 1407 1436 1408
f 1408 1436 1437
f 1408 1437 1409
f 1409 1437 1438
f 1409 1438 1410
f 1410 1438 1439
f 1410 1439 1411
f 1411 1439 1440
f 1411 1440 1412
f 1412 1440 1441
f 1412 1441 1413
f 1413 1441 1442
f 1413 1442 1414
f 1414 1442 1443
f 1414 1443 1415
f 1415 1443 1444
f 1415 1444 1416
f 1416 1444 1445
f 1416 1445 1417
f 1417 1445 1446
f 1417 1446 1418
f 1418 1446 1447
f 1418 1447 1419
f 1419 1447 1448
f 1419 1448 1420
f 1420 1448 1449
f 1420 1449 1421
f 1421 1449 1450
f 1421 1450 1422
f 1422 1450 1451
f 1422 1451 1423
f 1423 1451 1452
f 1423 1452 1424
f 1424 1452 1453
f 1424 1453 1425
f 1425 1453 1454
f 1425 1454 1426
f 1426 1454 1455
f 1426 1455 1427
f 1427 1455 1456
f 1427 1456 1428
f 1428 1456 1429
f 1428 1429 1401
f 1429 1457 1458
f 1429 1458 1430
f 1430 1458 1459
f 1430 1459 1431
f 1431 1459 1460
f 1431 1460 1432
f 1432 1460 1461
f 1432 1461 1433
f 1433 1461 1462
f 1433 1462 1434
f 1434 1462 1463
f 1434 1463 1435
f 1435 1463 1464
f 1435 1464 1436
f 1436 1464 1465
f 1436 1465 1437
f 1437 1465 1466
f 1437 1466 1438
f 1438 1466 1467
f 1438 1467 1439
f 1439 1467 1468
f 1439 1468 1440
f 1440 1468 1469
f 1440 1469 1441
f 1441 1469 1470
f 1441 1470 1442
f 1442 1470 1471
f 1442 1471 1443
f 1443 1471 1472
f 1443 1472 1444
f 1444 1472 1473
f 1444 1473 1445
f 1445 1473 1474
f 1445 1474 1446
f 1446 1474 1475
f 1446 1475 1447
f 1447 1475 1476
f 1447 1476 1448
f 1448 1476 1477
f 1448 1477 1449
f 1449 1477 1478
f 1449 1478 1450
f 1450 1478 1479
f 1450 1479 1451
f 1451 1479 1480
f 1451 1480 1452
f 1452 1480 1481
f 1452 1481 1453
f 1453 1481 1482
f 1453 1482 1454
f 1454 1482 1483
f 1454 1483 1455
f 1455 1483 1484
f 1455 1484 1456
f 1456 1484 1457
f 1456 1457 1429
f 1457 1485 1486
f 1457 1486 1458
f 1458 1486 1487
f 1458 1487 1459
f 1459 1487 1488
f 1459 1488 1460
f 1460 1488 1489
f 1460 1489 1461
f 1461 1489 1490
f 1461 1490 1462
f 1462 1490 1491
f 1462 1491 1463
f 1463 1491 1492
f 1463 1492 1464
f 1464 1492 1493
f 1464 1493 1465
f 1465 1493 1494
f 1465 1494 1466
f 1466 1494 1495
f 1466 1495 1467
f 1467 1495 1496
f 1467 1496 1468
f 1468 1496 1497
f 1468 1497 1469
f 1469 1497 1498
f 1469 1498 1470
f 1470 1498 1499
f 1470 1499 1471
f 1471 1499 1500
f 1471 1500 1472
f 1472 1500 1501
f 1472 1501 1473
f 1473 1501 1502
f 1473 1502 1474
f 1474 1502 1503
f 1474 1503 1475
f 1475 1503 1504
f 1475 1504 1476
f 1476 1504 1505
f 1476 1505 1477
f 1477 1505 1506
f 1477 1506 1478
f 1478 1506 1507
f 1478 1507 1479
f 1479 1507 1508
f 1479 1508 1480
f 1480 1508 1509
f 1480 1509 1481
f 1481 1509 1510
f 1481 1510 1482
f 1482 1510 1511
f 1482 1511 1483
f 1483 1511 1512
f 1483 1512 1484
f 1484 1512 1485
f 1484 1485 1457
f 1485 1513 1514
f 1485 1514 1486
f 1486 1514 1515
f 1486 1515 1487
f 1487 1515 1516
f 1487 1516 1488
f 1488 1516 1517
f 1488 1517 1489
f 1489 1517 1518
f 1489 1518 1490
f 1490 1518 1519
f 1490 1519 1491
f 1491 1519 1520
f 1491 1520 1492
f 1492 1520 1521
f 1492 1521 1493
f 1493 1521 1522
f 1493 1522 1494
f 1494 1522 1523
f 1494 1523 1495
f 1495 1523 1524
f 1495 1524 1496
f 1496 1524 1525
f 1496 1525 1497
f 1497 1525 1526
f 1497 1526 1498
f 1498 1526 1527
f 1498 1527 1499
f 1499 1527 1528
f 1499 1528 1500
f 1500 1528 1529
f 1500 1529 1501
f 1501 1529 1530
f 1501 1530 1502
f 1502 1530 1531
f 1502 1531 1503
f 1503 1531 1532
f 1503 1532 1504
f 1504 1532 1533
f 1504 1533 1505
f 1505 1533 1534
f 1505 1534 1506
f 1506 1534 1535
f 1506 1535 1507
f 1507 1535 1536
f 1507 1536 1508
f 1508 1536 1537
f 1508 1537 1509
f 1509 1537 1538
f 1509 1538 1510
f 1510 1538 1539
f 1510 1539 1511
f 1511 1539 1540
f 1511 1540 1512
f 1512 1540 1513
f 1512 1513 1485
f 1513 1541 1542
f 1513 1542 1514
f 1514 1542 1543
f 1514 1543 1515
f 1515 1543 1544
f 1515 1544 1516
f 1516 1544 1545
f 1516 1545 1517
f 1517 1545 1546
f 1517 1546 1518
f 1518 1546 1547
f 1518 1547 1519
f 1519 1547 1548
f 1519 1548 1520
f 1520 1548 1549
f 1520 1549 1521
f 1521 1549 1550
f 1521 1550 1522
f 1522 1550 1551
f 1522 1551 1523
f 1523 1551 1552
f 1523 1552 1524
f 1524 1552 1553
f 1524 1553 1525
f 1525 1553 1554
f 1525 1554 1526
f 1526 1554 1555
f 1526 1555 1527
f 1527 1555 1556
f 1527 1556 1528
f 1528 1556 1557
f 1528 1557 1529
f 1529 1557 1558
f 1529 1558 1530
f 1530 1558 1559
f 1530 1559 1531
f 1531 1559 1560
f 1531 1560 1532
f 1532 1560 1561
f 1532 1561 1533
f 1533 1561 1562
f 1533 1562 1534
f 1534 1562 1563
f 1534 1563 1535
f 1535 1563 1564
f 1535 1564 1536
f 1536 1564 1565
f 1536 1565 1537
f 1537 1565 1566
f 1537 1566 1538
f 1538 1566 1567
f 1538 1567 1539
f 1539 1567 1568
f 1539 1568 1540
f 1540 1568 1541
f 1540 1541 1513
f 1541 1569 1570
f 1541 1570 1542
f 1542 1570 1571
f 1542 1571 1543
f 1543 1571 1572
f 1543 1572 1544
f 1544 1572 1573
f 1544 1573 1545
f 1545 1573 1574
f 1545 1574 1546
f 1546 1574 1575
f 1546 1575 1547
f 1547 1575 1576
f 1547 1576 1548
f 1548 1576 1577
f 1548 1577 1549
f 1549 1577 1578
f 1549 1578 1550
f 1550 1578 1579
f 1550 1579 1551
f 1551 1579 1580
f 1551 1580 1552
f 1552 1580 1581
f 1552 1581 1553
f 1553 1581 1582
f 1553 1582 1554
f 1554 1582 1583
f 1554 1583 1555
f 1555 1583 1584
f 1555 1584 1556
f 1556 1584 1585
f 1556 1585 1557
f 1557 1585 1586
f 1557 1586 1558
f 1558 1586 1587
f 1558 1587 1559
f 1559 1587 1588
f 1559 1588 1560
f 1560 1588 1589
f 1560 1589 1561
f 1561 1589 1590
f 1561 1590 1562
f 1562 1590 1591
f 1562 1591 1563
f 1563 1591 1592
f 1563 1592 1564
f 1564 1592 1593
f 1564 1593 1565
f 1565 1593 1594
f 1565 1594 1566
f 1566 1594 1595
f 1566 1595 1567
f 1567 1595 1596
f 1567 1596 1568
f 1568 1596 1569
f 1568 1569 1541
f 1569 1597 1598
f 1569 1598 1570
f 1570 1598 1599
f 1570 1599 1571
f 1571 1599 1600
f 1571 1600 1572
f 1572 1600 1601
f 1572 1601 1573
f 1573 1601 1602
f 1573 1602 1574
f 1574 1602 1603
f 1574 1603 1575
f 1575 1603 1604
f 1575 1604 1576
f 1576 1604 1605
f 1576 1605 1577
f 1577 1605 1606
f 1577 1606 1578
f 1578 1606 1607
f 1578 1607 1579
f 1579 1607 1608
f 1579 1608 1580
f 1580 1608 1609
f 1580 1609 1581
f 1581 1609 1610
f 1581 1610 1582
f 1582 1610 1611
f 1582 1611 1583
f 1583 1611 1612
f 1583 1612 1584
f 1584 1612 1613
f 1584 1613 1585
f 1585 1613 1614
f 1585 1614 1586
f 1586 1614 1615
f 1586 1615 1587
f 1587 1615 1616
f 1587 1616 1588
f 1588 1616 1617
f 1588 1617 1589
f 1589 1617 1618
f 1589 1618 1590
f 1590 1618 1619
f 1590 1619 1591
f 1591 1619 1620
f 1591 1620 1592
f 1592 1620 1621
f 1592 1621 1593
f 1593 1621 1622
f 1593 1622 1594
f 1594 1622 1623
f 1594 1623 1595
f 1595 1623 1624
f 1595 1624 1596
f 1596 1624 1597
f 1596 1597 1569
f 1597 1625 1626
f 1597 1626 1598
f 1598 1626 1627
f 1598 1627 1599
f 1599 1627 1628
f 1599 1628 1600
f 1600 1628 1629
f 1600 1629 1601
f 1601 1629 1630
f 1601 1630 1602
f 1602 1630 1631
f 1602 1631 1603
f 1603 1631 1632
f 1603 1632 1604
f 1604 1632 1633
f 1604 1633 1605
f 1605 1633 1634
f 1605 1634 1606
f 1606 1634 1635
f 1606 1635 1607
f 1607 1635 1636
f 1607 1636 1608
f 1608 1636 1637
f 1608 1637 1609
f 1609 1637 1638
f 1609 1638 1610
f 1610 1638 1639
f 1610 1639 1611
f 1611 1639 1640
f 1611 1640 1612
f 1612 1640 1641
f 1612 1641 1613
f 1613 1641 1642
f 1613 1642 1614
f 1614 1642 1643
f 1614 1643 1615
f 1615 1643 1644
f 1615 1644 1616
f 1616 1644 1645
f 1616 1645 1617
f 1617 1645 1646
f 1617 1646 1618
f 1618 1646 1647
f 1618 1647 1619
f 1619 1647 1648
f 1619 1648 1620
f 1620 1648 1649
f 1620 1649 1621
f 1621 1649 1650
f 1621 1650 1622
f 1622 1650 1651
f 1622 1651 1623
f 1623 1651 1652
f 1623 1652 1624
f 1624 1652 1625
f 1624 1625 1597
f 1625 1653 1654
f 1625 1654 1626
f 1626 1654 1655
f 1626 1655 1627
f 1627 1655 1656
f 1627 1656 1628
f 1628 1656 1657
f 1628 1657 1629
f 1629 1657 1658
f 1629 1658 1630
f 1630 1658 1659
f 1630 1659 1631
f 1631 1659 1660
f 1631 1660 1632
f 1632 1660 1661
f 1632 1661 1633
f 1633 1661 1662
f 1633 1662 1634
f 1634 1662 1663
f 1634 1663 1635
f 1635 1663 1664
f 1635 1664 1636
f 1636 1664 1665
f 1636 1665 1637
f 1637 1665 1666
f 1637 1666 1638
f 1638 1666 1667
f 1638 1667 1639
f 1639 1667 1668
f 1639 1668 1640
f 1640 1668 1669
f 1640 1669 1641
f 1641 1669 1670
f 1641 1670 1642
f 1642 1670 1671
f 1642 1671 1643
f 1643 1671 1672
f 1643 1672 1644
f 1644 1672 1673
f 1644 1673 1645
f 1645 1673 1674
f 1645 1674 1646
f 1646 1674 1675
f 1646 1675 1647
f 1647 1675 1676
f 1647 1676 1648
f 1648 1676 1677
f 1648 1677 1649
f 1649 1677 1678
f 1649 1678 1650
f 1650 1678 1679
f 1650 1679 1651
f 1651 1679 1680
f 1651 1680 1652
f 1652 1680 1653
f 1652 1653 1625
f 1653 1681 1682
f 1653 1682 1654
f 1654 1682 1683
f 1654 1683 1655
f 1655 1683 1684
f 1655 1684 1656
f 1656 1684 1685
f 1656 1685 1657
f 1657 1685 1686
f 1657 1686 1658
f 1658 1686 1687
f 1658 1687 1659
f 1659 1687 1688
f 1659 1688 1660
f 1660 1688 1689
f 1660 1689 1661
f 1661 1689 1690
f 1661 1690 1662
f 1662 1690 1691
f 1662 1691 1663
f 1663 1691 1692
f 1663 1692 1664
f 1664 1692 1693
f 1664 1693 1665
f 1665 1693 1694
f 1665 1694 1666
f 1666 1694 1695
f 1666 1695 1667
f 1667 1695 1696
f 1667 1696 1668
f 1668 1696 1697
f 1668 1697 1669
f 1669 1697 1698
f 1669 1698 1670
f 1670 1698 1699
f 1670 1699 1671
f 1671 1699 1700
f 1671 1700 1672
f 1672 1700 1701
f 1672 1701 1673
f 1673 1701 1702
f 1673 1702 1674
f 1674 1702 1703
f 1674 1703 1675
f 1675 1703 1704
f 1675 1704 1676
f 1676 1704 1705
f 1676 1705 1677
f 1677 1705 1706
f 1677 1706 1678
f 1678 1706 1707
f 1678 1707 1679
f 1679 1707 1708
f 1679 1708 1680
f 1680 1708 1681
f 1680 1681 1653
f 1681 1709 1710
f 1681 1710 1682
f 1682 1710 1711
f 1682 1711 1683
f 1683 1711 1712
f 1683 1712 1684
f 1684 1712 1713
f 1684 1713 1685
f 1685 1713 1714
f 1685 1714 1686
f 1686 1714 1715
f 1686 1715 1687
f 1687 1715 1716
f 1687 1716 1688
f 1688 1716 1717
f 1688 1717 1689
f 1689 1717 1718
f 1689 1718 1690
f 1690 1718 1719
f 1690 1719 1691
f 1691 1719 1720
f 1691 1720 1692
f 1692 1720 1721
f 1692 1721 1693
f 1693 1721 1722
f 1693 1722 1694
f 1694 1722 1723
f 1694 1723 1695
f 1695 1723 1724
f 1695 1724 1696
f 1696 1724 1725
f 1696 1725 1697
f 1697 1725 1726
f 1697 1726 1698
f 1698 1726 1727
f 1698 1727 1699
f 1699 1727 1728
f 1699 1728 1700
f 1700 1728 1729
f 1700 1729 1701
f 1701 1729 1730
f 1701 1730 1702
f 1702 1730 1731
f 1702 1731 1703
f 1703 1731 1732
f 1703 1732 1704
f 1704 1732 1733
f 1704 1733 1705
f 1705 1733 1734
f 1705 1734 1706
f 1706 1734 1735
f 1706 1735 1707
f 1707 1735 1736
f 1707 1736 1708
f 1708 1736 1709
f 1708 1709 1681
f 1709 1737 1738
f 1709 1738 1710
f 1710 1738 1739
f 1710 1739 1711
f 1711 1739 1740
f 1711 1740 1712
f 1712 1740 1741
f 1712 1741 1713
f 1713 1741 1742
f 1713 1742 1714
f 1714 1742 1743
f 1714 1743 1715
f 1715 1743 1744
f 1715 1744 1716
f 1716 1744 1745
f 1716 1745 1717
f 1717 1745 1746
f 1717 1746 1718
f 1718 1746 1747
f 1718 1747 1719
f 1719 1747 1748
f 1719 1748 1720
f 1720 1748 1749
f 1720 1749 1721
f 1721 1749 1750
f 1721 1750 1722
f 1722 1750 1751
f 1722 1751 1723
f 1723 1751 1752
f 1723 1752 1724
f 1724 1752 1753
f 1724 1753 1725
f 1725 1753 1754
f 1725 1754 1726
f 1726 1754 1755
f 1726 1755 1727
f 1727 1755 1756
f 1727 1756 1728
f 1728 1756 1757
f 1728 1757 1729
f 1729 1757 1758
f 1729 1758 1730
f 1730 1758 1759
f 1730 1759 1731
f 1731 1759 1760
f 1731 1760 1732
f 1732 1760 1761
f 1732 1761 1733
f 1733 1761 1762
f 1733 1762 1734
f 1734 1762 1763
f 1734 1763 1735
f 1735 1763 1764
f 1735 1764 1736
f 1736 1764 1737
f 1736 1737 1709
f 1737 1765 1766
f 1737 1766 1738
f 1738 1766 1767
f 1738 1767 1739
f 1739 1767 1768
f 1739 1768 1740
f 1740 1768 1769
f 1740 1769 1741
f 1741 1769 1770
f 1741 1770 1742
f 1742 1770 1771
f 1742 1771 1743
f 1743 1771 1772
f 1743 1772 1744
f 1744 1772 1773
f 1744 1773 1745
f 1745 1773 1774
f 1745 1774 1746
f 1746 1774 1775
f 1746 1775 1747
f 1747 1775 1776
f 1747 1776 1748
f 1748 1776 1777
f 1748 1777 1749
f 1749 1777 1778
f 1749 1778 1750
f 1750 1778 1779
f 1750 1779 1751
f 1751 1779 1780
f 1751 1780 1752
f 1752 1780 1781
f 1752 1781 1753
f 1753 1781 1782
f 1753 1782 1754
f 1754 1782 1783
f 1754 1783 1755
f 1755 1783 1784
f 1755 1784 1756
f 1756 1784 1785
f 1756 1785 1757
f 1757 1785 1786
f 1757 1786 1758
f 1758 1786 1787
f 1758 1787 1759
f 1759 1787 1788
f 1759 1788 1760
f 1760 1788 1789
f 1760 1789 1761
f 1761 1789 1790
f 1761 1790 1762
f 1762 1790 1791
f 1762 1791 1763
f 1763 1791 1792
f 1763 1792 1764
f 1764 1792 1765
f 1764 1765 1737
f 1765 1793 1794
f 1765 1794 1766
f 1766 1794 1795
f 1766 1795 1767
f 1767 1795 1796
f 1767 1796 1768
f 1768 1796 1797
f 1768 1797 1769
f 1769 1797 1798
f 1769 1798 1770
f 1770 1798 1799
f 1770 1799 1771
f 1771 1799 1800
f 1771 1800 1772
f 1772 1800 1801
f 1772 1801 1773
f 1773 1801 1802
f 1773 1802 1774
f 1774 1802 1803
f 1774 1803 1775
f 1775 1803 1804
f 1775 1804 1776
f 1776 1804 1805
f 1776 1805 1777
f 1777 1805 1806
f 1777 1806 1778
f 1778 1806 1807
f 1778 1807 1779
f 1779 1807 1808
f 1779 1808 1780
f 1780 1808 1809
f 1780 1809 1781
f 1781 1809 1810
f 1781 1810 1782
f 1782 1810 1811
f 1782 1811 1783
f 1783 1811 1812
f 1783 1812 1784
f 1784 1812 1813
f 1784 1813 1785
f 1785 1813 1814
f 1785 1814 1786
f 1786 1814 1815
f 1786 1815 1787
f 1787 1815 1816
f 1787 1816 1788
f 1788 1816 1817
f 1788 1817 1789
f 1789 1817 1818
f 1789 1818 1790
f 1790 1818 1819
f 1790 1819 1791
f 1791 1819 1820
f 1791 1820 1792
f 1792 1820 1793
f 1792 1793 1765
f 1793 1821 1822
f 1793 1822 1794
f 1794 1822 1823
f 1794 1823 1795
f 1795 1823 1824
f 1795 1824 1796
f 1796 1824 1825
f 1796 1825 1797
f 1797 1825 1826
f 1797 1826 1798
f 1798 1826 1827
f 1798 1827 1799
f 1799 1827 1828
f 1799 1828 1800
f 1800 1828 1829
f 1800 1829 1801
f 1801 1829 1830
f 1801 1830 1802
f 1802 1830 1831
f 1802 1831 1803
f 1803 1831 1832
f 1803 1832 1804
f 1804 1832 1833
f 1804 1833 1805
f 1805 1833 1834
f 1805 1834 1806
f 1806 1834 1835
f 1806 1835 1807
f 1807 1835 1836
f 1807 1836 1808
f 1808 1836 1837
f 1808 1837 1809
f 1809 1837 1838
f 1809 1838 1810
f 1810 1838 1839
f 1810 1839 1811
f 1811 1839 1840
f 1811 1840 1812
f 1812 1840 1841
f 1812 1841 1813
f 1813 1841 1842
f 1813 1842 1814
f 1814 1842 1843
f 1814 1843 1815
f 1815 1843 1844
f 1815 1844 1816
f 1816 1844 1845
f 1816 1845 1817
f 1817 1845 1846
f 1817 1846 1818
f 1818 1846 1847
f 1818 1847 1819
f 1819 1847 1848
f 1819 1848 1820
f 1820 1848 1821
f 1820 1821 1793
f 1821 1849 1850
f 1821 1850 1822
f 1822 1850 1851
f 1822 1851 1823
f 1823 1851 1852
f 1823 1852 1824
f 1824 1852 1853
f 1824 1853 1825
f 1825 1853 1854
f 1825 1854 1826
f 1826 1854 1855
f 1826 1855 1827
f 1827 1855 1856
f 1827 1856 1828
f 1828 1856 1857
f 1828 1857 1829
f 1829 1857 1858
f 1829 1858 1830
f 1830 1858 1859
f 1830 1859 1831
f 1831 1859 1860
f 1831 1860 1832
f 1832 1860 1861
f 1832 1861 1833
f 1833 1861 1862
f 1833 1862 1834
f 1834 1862 1863
f 1834 1863 1835
f 1835 1863 1864
f 1835 1864 1836
f 1836 1864 1865
f 1836 1865 1837
f 1837 1865 1866
f 1837 1866 1838
f 1838 1866 1867
f 1838 1867 1839
f 1839 1867 1868
f 1839 1868 1840
f 1840 1868 1869
f 1840 1869 1841
f 1841 1869 1870
f 1841 1870 1842
f 1842 1870 1871
f 1842 1871 1843
f 1843 1871 1872
f 1843 1872 1844
f 1844 1872 1873
f 1844 1873 1845
f 1845 1873 1874
f 1845 1874 1846
f 1846 1874 1875
f 1846 1875 1847
f 1847 1875 1876
f 1847 1876 1848
f 1848 1876 1849
f 1848 1849 1821
f 1849 1877 1878
f 1849 1878 1850
f 1850 1878 1879
f 1850 1879 1851
f 1851 1879 1880
f 1851 1880 1852
f 1852 1880 1881
f 1852 1881 1853
f 1853 1881 1882
f 1853 1882 1854
f 1854 1882 1883
f 1854 1883 1855
f 1855 1883 1884
f 1855 1884 1856
f 1856 1884 1885
f 1856 1885 1857
f 1857 1885 1886
f 1857 1886 1858
f 1858 1886 1887
f 1858 1887 1859
f 1859 1887 1888
f 1859 1888 1860
f 1860 1888 1889
f 1860 1889 1861
f 1861 1889 1890
f 1861 1890 1862
f 1862 1890 1891
f 1862 1891 1863
f 1863 1891 1892
f 1863 1892 1864
f 1864 1892 1893
f 1864 1893 1865
f 1865 1893 1894
f 1865 1894 1866
f 1866 1894 1895
f 1866 1895 1867
f 1867 1895 1896
f 1867 1896 1868
f 1868 1896 1897
f 1868 1897 1869
f 1869 1897 1898
f 1869 1898 1870
f 1870 1898 1899
f 1870 1899 1871
f 1871 1899 1900
f 1871 1900 1872
f 1872 1900 1901
f 1872 1901 1873
f 1873 1901 1902
f 1873 1902 1874
f 1874 1902 1903
f 1874 1903 1875
f 1875 1903 1904
f 1875 1904 1876
f 1876 1904 1877
f 1876 1877 1849
f 1877 1905 1906
f 1877 1906 1878
f 1878 1906 1907
f 1878 1907 1879
f 1879 1907 1908
f 1879 1908 1880
f 1880 1908 1909
f 1880 1909 1881
f 1881 1909 1910
f 1881 1910 1882
f 1882 1910 1911
f 1882 1911 1883
f 1883 1911 1912
f 1883 1912 1884
f 1884 1912 1913
f 1884 1913 1885
f 1885 1913 1914
f 1885 1914 1886
f 1886 1914 1915
f 1886 1915 1887
f 1887 1915 1916
f 1887 1916 1888
f 1888 1916 1917
f 1888 1917 1889
f 1889 1917 1918
f 1889 1918 1890
f 1890 1918 1919
f 1890 1919 1891
f 1891 1919 1920
f 1891 1920 1892
f 1892 1920 1921
f 1892 1921 1893
f 1893 1921 1922
f 1893 1922 1894
f 1894 1922 1923
f 1894 1923 1895
f 1895 1923 1924
f 1895 1924 1896
f 1896 1924 1925
f 1896 1925 1897
f 1897 1925 1926
f 1897 1926 1898
f 1898 1926 1927
f 1898 1927 1899
f 1899 1927 1928
f 1899 1928 1900
f 1900 1928 1929
f 1900 1929 1901
f 1901 1929 1930
f 1901 1930 1902
f 1902 1930 1931
f 1902 1931 1903
f 1903 1931 1932
f 1903 1932 1904
f 1904 1932 1905
f 1904 1905 1877
f 1905 1933 1934
f 1905 1934 1906
f 1906 1934 1935
f 1906 1935 1907
f 1907 1935 1936
f 1907 1936 1908
f 1908 1936 1937
f 1908 1937 1909
f 1909 1937 1938
f 1909 1938 1910
f 1910 1938 1939
f 1910 1939 1911
f 1911 1939 1940
f 1911 1940 1912
f 1912 1940 1941
f 1912 1941 1913
f 1913 1941 1942
f 1913 1942 1914
f 1914 1942 1943
f 1914 1943 1915
f 1915 1943 1944
f 1915 1944 1916
f 1916 1944 1945
f 1916 1945 1917
f 1917 1945 1946
f 1917 1946 1918
f 1918 1946 1947
f 1918 1947 1919
f 1919 1947 1948
f 1919 1948 1920
f 1920 1948 1949
f 1920 1949 1921
f 1921 1949 1950
f 1921 1950 1922
f 1922 1950 1951
f 1922 1951 1923
f 1923 1951 1952
f 1923 1952 1924
f 1924 1952 1953
f 1924 1953 1925
f 1925 1953 1954
f 1925 1954 1926
f 1926 1954 1955
f 1926 1955 1927
f 1927 1955 1956
f 1927 1956 1928
f 1928 1956 1957
f 1928 1957 1929
f 1929 1957 1958
f 1929 1958 1930
f 1930 1958 1959
f 1930 1959 1931
f 1931 1959 1960
f 1931 1960 1932
f 1932 1960 1933
f 1932 1933 1905
f 1933 1961 1962
f 1933 1962 1934
f 1934 1962 1963
f 1934 1963 1935
f 1935 1963 1964
f 1935 1964 1936
f 1936 1964 1965
f 1936 1965 1937
f 1937 1965 1966
f 1937 1966 1938
f 1938 1966 1967
f 1938 1967 1939
f 1939 1967 1968
f 1939 1968 1940
f 1940 1968 1969
f 1940 1969 1941
f 1941 1969 1970
f 1941 1970 1942
f 1942 1970 1971
f 1942 1971 1943
f 1943 1971 1972
f 1943 1972 1944
f 1944 1972 1973
f 1944 1973 1945
f 1945 1973 1974
f 1945 1974 1946
f 1946 1974 1975
f 1946 1975 1947
f 1947 1975 1976
f 1947 1976 1948
f 1948 1976 1977
f 1948 1977 1949
f 1949 1977 1978
f 1949 1978 1950
f 1950 1978 1979
f 1950 1979 1951
f 1951 1979 1980
f 1951 1980 1952
f 1952 1980 1981
f 1952 1981 1953
f 1953 1981 1982
f 1953 1982 1954
f 1954 1982 1983
f 1954 1983 1955
f 1955 1983 1984
f 1955 1984 1956
f 1956 1984 1985
f 1956 1985 1957
f 1957 1985 1986
f 1957 1986 1958
f 1958 1986 1987
f 1958 1987 1959
f 1959 1987 1988
f 1959 1988 1960
f 1960 1988 1961
f 1960 1961 1933
f 1961 1989 1990
f 1961 1990 1962
f 1962 1990 1991
f 1962 1991 1963
f 1963 1991 1992
f 1963 1992 1964
f 1964 1992 1993
f 1964 1993 1965
f 1965 1993 1994
f 1965 1994 1966
f 1966 1994 1995
f 1966 1995 1967
f 1967 1995 1996
f 1967 1996 1968
f 1968 1996 1997
f 1968 1997 1969
f 1969 1997 1998
f 1969 1998 1970
f 1970 1998 1999
f 1970 1999 1971
f 1971 1999 2000
f 1971 2000 1972
f 1972 2000 2001
f 1972 2001 1973
f 1973 2001 2002
f 1973 2002 1974
f 1974 2002 2003
f 1974 2003 1975
f 1975 2003 2004
f 1975 2004 1976
f 1976 2004 2005
f 1976 2005 1977
f 1977 2005 2006
f 1977 2006 1978
f 1978 2006 2007
f 1978 2007 1979
f 1979 2007 2008
f 1979 2008 1980
f 1980 2008 2009
f 1980 2009 1981
f 1981 2009 2010
f 1981 2010 1982
f 1982 2010 2011
f 1982 2011 1983
f 1983 2011 2012
f 1983 2012 1984
f 1984 2012 2013
f 1984 2013 1985
f 1985 2013 2014
f 1985 2014 1986
f 1986 2014 2015
f 1986 2015 1987
f 1987 2015 2016
f 1987 2016 1988
f 1988 2016 1989
f 1988 1989 1961
f 1989 2017 2018
f 1989 2018 1990
f 1990 2018 2019
f 1990 2019 1991
f 1991 2019 2020
f 1991 2020 1992
f 1992 2020 2021
f 1992 2021 1993
f 1993 2021 2022
f 1993 2022 1994
f 1994 2022 2023
f 1994 2023 1995
f 1995 2023 2024
f 1995 2024 1996
f 1996 2024 2025
f 1996 2025 1997
f 1997 2025 2026
f 1997 2026 1998
f 1998 2026 2027
f 1998 2027 1999
f 1999 2027 2028
f 1999 2028 2000
f 2000 2028 2029
f 2000 2029 2001
f 2001 2029 2030
f 2001 2030 2002
f 2002 2030 2031
f 2002 2031 2003
f 2003 2031 2032
f 2003 2032 2004
f 2004 2032 2033
f 2004 2033 2005
f 2005 2033 2034
f 2005 2034 2006
f 2006 2034 2035
f 2006 2035 2007
f 2007 2035 2036
f 2007 2036 2008
f 2008 2036 2037
f 2008 2037 2009
f 2009 2037 2038
f 2009 2038 2010
f 2010 2038 2039
f 2010 2039 2011
f 2011 2039 2040
f 2011 2040 2012
f 2012 2040 2041
f 2012 2041 2013
f 2013 2041 2042
f 2013 2042 2014
f 2014 2042 2043
f 2014 2043 2015
f 2015 2043 2044
f 2015 2044 2016
f 2016 2044 2017
f 2016 2017 1989
f 2017 2045 2046
f 2017 2046 2018
f 2018 2046 2047
f 2018 2047 2019
f 2019 2047 2048
f 2019 2048 2020
f 2020 2048 2049
f 2020 2049 2021
f 2021 2049 2050
f 2021 2050 2022
f 2022 2050 2051
f 2022 2051 2023
f 2023 2051 2052
f 2023 2052 2024
f 2024 2052 2053
f 2024 2053 2025
f 2025 2053 2054
f 2025 2054 2026
f 2026 2054 2055
f 2026 2055 2027
f 2027 2055 2056
f 2027 2056 2028
f 2028 2056 2057
f 2028 2057 2029
f 2029 2057 2058
f 2029 2058 2030
f 2030 2058 2059
f 2030 2059 2031
f 2031 2059 2060
f 2031 2060 2032
f 2032 2060 2061
f 2032 2061 2033
f 2033 2061 2062
f 2033 2062 2034
f 2034 2062 2063
f 2034 2063 2035
f 2035 2063 2064
f 2035 2064 2036
f 2036 2064 2065
f 2036 2065 2037
f 2037 2065 2066
f 2037 2066 2038
f 2038 2066 2067
f 2038 2067 2039
f 2039 2067 2068
f 2039 2068 2040
f 2040 2068 2069
f 2040 2069 2041
f 2041 2069 2070
f 2041 2070 2042
f 2042 2070 2071
f 2042 2071 2043
f 2043 2071 2072
f 2043 2072 2044
f 2044 2072 2045
f 2044 2045 2017
f 2045 2073 2074
f 2045 2074 2046
f 2046 2074 2075
f 2046 2075 2047
f 2047 2075 2076
f 2047 2076 2048
f 2048 2076 2077
f 2048 2077 2049
f 2049 2077 2078
f 2049 2078 2050
f 2050 2078 2079
f 2050 2079 2051
f 2051 2079 2080
f 2051 2080 2052
f 2052 2080 2081
f 2052 2081 2053
f 2053 2081 2082
f 2053 2082 2054
f 2054 2082 2083
f 2054 2083 2055
f 2055 2083 2084
f 2055 2084 2056
f 2056 2084 2085
f 2056 2085 2057
f 2057 2085 2086
f 2057 2086 2058
f 2058 2086 2087
f 2058 2087 2059
f 2059 2087 2088
f 2059 2088 2060
f 2060 2088 2089
f 2060 2089 2061
f 2061 2089 2090
f 2061 2090 2062
f 2062 2090 2091
f 2062 2091 2063
f 2063 2091 2092
f 2063 2092 2064
f 2064 2092 2093
f 2064 2093 2065
f 2065 2093 2094
f 2065 2094 2066
f 2066 2094 2095
f 2066 2095 2067
f 2067 2095 2096
f 2067 2096 2068
f 2068 2096 2097
f 2068 2097 2069
f 2069 2097 2098
f 2069 2098 2070
f 2070 2098 2099
f 2070 2099 2071
f 2071 2099 2100
f 2071 2100 2072
f 2072 2100 2073
f 2072 2073 2045
f 2073 2101 2102
f 2073 2102 2074
f 2074 2102 2103
f 2074 2103 2075
f 2075 2103 2104
f 2075 2104 2076
f 2076 2104 2105
f 2076 2105 2077
f 2077 2105 2106
f 2077 2106 2078
f 2078 2106 2107
f 2078 2107 2079
f 2079 2107 2108
f 2079 2108 2080
f 2080 2108 2109
f 2080 2109 2081
f 2081 2109 2110
f 2081 2110 2082
f 2082 2110 2111
f 2082 2111 2083
f 2083 2111 2112
f 2083 2112 2084
f 2084 2112 2113
f 2084 2113 2085
f 2085 2113 2114
f 2085 2114 2086
f 2086 2114 2115
f 2086 2115 2087
f 2087 2115 2116
f 2087 2116 2088
f 2088 2116 2117
f 2088 2117 2089
f 2089 2117 2118
f 2089 2118 2090
f 2090 2118 2119
f 2090 2119 2091
f 2091 2119 2120
f 2091 2120 2092
f 2092 2120 2121
f 2092 2121 2093
f 2093 2121 2122
f 2093 2122 2094
f 2094 2122 2123
f 2094 2123 2095
f 2095 2123 2124
f 2095 2124 2096
f 2096 2124 2125
f 2096 2125 2097
f 2097 2125 2126
f 2097 2126 2098
f 2098 2126 2127
f 2098 2127 2099
f 2099 2127 2128
f 2099 2128 2100
f 2100 2128 2101
f 2100 2101 2073
f 2101 2129 2130
f 2101 2130 2102
f 2102 2130 2131
f 2102 2131 2103
f 2103 2131 2132
f 2103 2132 2104
f 2104 2132 2133
f 2104 2133 2105
f 2105 2133 2134
f 2105 2134 2106
f 2106 2134 2135
f 2106 2135 2107
f 2107 2135 2136
f 2107 2136 2108
f 2108 2136 2137
f 2108 2137 2109
f 2109 2137 2138
f 2109 2138 2110
f 2110 2138 2139
f 2110 2139 2111
f 2111 2139 2140
f 2111 2140 2112
f 2112 2140 2141
f 2112 2141 2113
f 2113 2141 2142
f 2113 2142 2114
f 2114 2142 2143
f 2114 2143 2115
f 2115 2143 2144
f 2115 2144 2116
f 2116 2144 2145
f 2116 2145 2117
f 2117 2145 2146
f 2117 2146 2118
f 2118 2146 2147
f 2118 2147 2119
f 2119 2147 2148
f 2119 2148 2120
f 2120 2148 2149
f 2120 2149 2121
f 2121 2149 2150
f 2121 2150 2122
f 2122 2150 2151
f 2122 2151 2123
f 2123 2151 2152
f 2123 2152 2124
f 2124 2152 2153
f 2124 2153 2125
f 2125 2153 2154
f 2125 2154 2126
f 2126 2154 2155
f 2126 2155 2127
f 2127 2155 2156
f 2127 2156 2128
f 2128 2156 2129
f 2128 2129 2101
f 2129 2157 2158
f 2129 2158 2130
f 2130 2158 2159
f 2130 2159 2131
f 2131 2159 2160
f 2131 2160 2132
f 2132 2160 2161
f 2132 2161 2133
f 2133 2161 2162
f 2133 2162 2134
f 2134 2162 2163
f 2134 2163 2135
f 2135 2163 2164
f 2135 2164 2136
f 2136 2164 2165
f 2136 2165 2137
f 2137 2165 2166
f 2137 2166 2138
f 2138 2166 2167
f 2138 2167 2139
f 2139 2167 2168
f 2139 2168 2140
f 2140 2168 2169
f 2140 2169 2141
f 2141 2169 2170
f 2141 2170 2142
f 2142 2170 2171
f 2142 2171 2143
f 2143 2171 2172
f 2143 2172 2144
f 2144 2172 2173
f 2144 2173 2145
f 2145 2173 2174
f 2145 2174 2146
f 2146 2174 2175
f 2146 2175 2147
f 2147 2175 2176
f 2147 2176 2148
f 2148 2176 2177
f 2148 2177 2149
f 2149 2177 2178
f 2149 2178 2150
f 2150 2178 2179
f 2150 2179 2151
f 2151 2179 2180
f 2151 2180 2152
f 2152 2180 2181
f 2152 2181 2153
f 2153 2181 2182
f 2153 2182 2154
f 2154 2182 2183
f 2154 2183 2155
f 2155 2183 2184
f 2155 2184 2156
f 2156 2184 2157
f 2156 2157 2129
f 2157 2185 2186
f 2157 2186 2158
f 2158 2186 2187
f 2158 2187 2159
f 2159 2187 2188
f 2159 2188 2160
f 2160 2188 2189
f 2160 2189 2161
f 2161 2189 2190
f 2161 2190 2162
f 2162 2190 2191
f 2162 2191 2163
f 2163 2191 2192
f 2163 2192 2164
f 2164 2192 2193
f 2164 2193 2165
f 2165 2193 2194
f 2165 2194 2166
f 2166 2194 2195
f 2166 2195 2167
f 2167 2195 2196
f 2167 2196 2168
f 2168 2196 2197
f 2168 2197 2169
f 2169 2197 2198
f 2169 2198 2170
f 2170 2198 2199
f 2170 2199 2171
f 2171 2199 2200
f 2171 2200 2172
f 2172 2200 2201
f 2172 2201 2173
f 2173 2201 2202
f 2173 2202 2174
f 2174 2202 2203
f 2174 2203 2175
f 2175 2203 2204
f 2175 2204 2176
f 2176 2204 2205
f 2176 2205 2177
f 2177 2205 2206
f 2177 2206 2178
f 2178 2206 2207
f 2178 2207 2179
f 2179 2207 2208
f 2179 2208 2180
f 2180 2208 2209
f 2180 2209 2181
f 2181 2209 2210
f 2181 2210 2182
f 2182 2210 2211
f 2182 2211 2183
f 2183 2211 2212
f 2183 2212 2184
f 2184 2212 2185
f 2184 2185 2157
f 2185 2213 2214
f 2185 2214 2186
f 2186 2214 2215
f 2186 2215 2187
f 2187 2215 2216
f 2187 2216 2188
f 2188 2216 2217
f 2188 2217 2189
f 2189 2217 2218
f 2189 2218 2190
f 2190 2218 2219
f 2190 2219 2191
f 2191 2219 2220
f 2191 2220 2192
f 2192 2220 2221
f 2192 2221 2193
f 2193 2221 2222
f 2193 2222 2194
f 2194 2222 2223
f 2194 2223 2195
f 2195 2223 2224
f 2195 2224 2196
f 2196 2224 2225
f 2196 2225 2197
f 2197 2225 2226
f 2197 2226 2198
f 2198 2226 2227
f 2198 2227 2199
f 2199 2227 2228
f 2199 2228 2200
f 2200 2228 2229
f 2200 2229 2201
f 2201 2229 2230
f 2201 2230 2202
f 2202 2230 2231
f 2202 2231 2203
f 2203 2231 2232
f 2203 2232 2204
f 2204 2232 2233
f 2204 2233 2205
f 2205 2233 2234
f 2205 2234 2206
f 2206 2234 2235
f 2206 2235 2207
f 2207 2235 2236
f 2207 2236 2208
f 2208 2236 2237
f 2208 2237 2209
f 2209 2237 2238
f 2209 2238 2210
f 2210 2238 2239
f 2210 2239 2211
f 2211 2239 2240
f 2211 2240 2212
f 2212 2240 2213
f 2212 2213 2185
f 2213 2241 2242
f 2213 2242 2214
f 2214 2242 2243
f 2214 2243 2215
f 2215 2243 2244
f 2215 2244 2216
f 2216 2244 2245
f 2216 2245 2217
f 2217 2245 2246
f 2217 2246 2218
f 2218 2246 2247
f 2218 2247 2219
f 2219 2247 2248
f 2219 2248 2220
f 2220 2248 2249
f 2220 2249 2221
f 2221 2249 2250
f 2221 2250 2222
f 2222 2250 2251
f 2222 2251 2223
f 2223 2251 2252
f 2223 2252 2224
f 2224 2252 2253
f 2224 2253 2225
f 2225 2253 2254
f 2225 2254 2226
f 2226 2254 2255
f 2226 2255 2227
f 2227 2255 2256
f 2227 2256 2228
f 2228 2256 2257
f 2228 2257 2229
f 2229 2257 2258
f 2229 2258 2230
f 2230 2258 2259
f 2230 2259 2231
f 2231 2259 2260
f 2231 2260 2232
f 2232 2260 2261
f 2232 2261 2233
f 2233 2261 2262
f 2233 2262 2234
f 2234 2262 2263
f 2234 2263 2235
f 2235 2263 2264
f 2235 2264 2236
f 2236 2264 2265
f 2236 2265 2237
f 2237 2265 2266
f 2237 2266 2238
f 2238 2266 2267
f 2238 2267 2239
f 2239 2267 2268
f 2239 2268 2240
f 2240 2268 2241
f 2240 2241 2213
f 2241 2269 2270
f 2241 2270 2242
f 2242 2270 2271
f 2242 2271 2243
f 2243 2271 2272
f 2243 2272 2244
f 2244 2272 2273
f 2244 2273 2245
f 2245 2273 2274
f 2245 2274 2246
f 2246 2274 2275
f 2246 2275 2247
f 2247 2275 2276
f 2247 2276 2248
f 2248 2276 2277
f 2248 2277 2249
f 2249 2277 2278
f 2249 2278 2250
f 2250 2278 2279
f 2250 2279 2251
f 2251 2279 2280
f 2251 2280 2252
f 2252 2280 2281
f 2252 2281 2253
f 2253 2281 2282
f 2253 2282 2254
f 2254 2282 2283
f 2254 2283 2255
f 2255 2283 2284
f 2255 2284 2256
f 2256 2284 2285
f 2256 2285 2257
f 2257 2285 2286
f 2257 2286 2258
f 2258 2286 2287
f 2258 2287 2259
f 2259 2287 2288
f 2259 2288 2260
f 2260 2288 2289
f 2260 2289 2261
f 2261 2289 2290
f 2261 2290 2262
f 2262 2290 2291
f 2262 2291 2263
f 2263 2291 2292
f 2263 2292 2264
f 2264 2292 2293
f 2264 2293 2265
f 2265 2293 2294
f 2265 2294 2266
f 2266 2294 2295
f 2266 2295 2267
f 2267 2295 2296
f 2267 2296 2268
f 2268 2296 2269
f 2268 2269 2241
f 2269 2297 2298
f 2269 2298 2270
f 2270 2298 2299
f 2270 2299 2271
f 2271 2299 2300
f 2271 2300 2272
f 2272 2300 2301
f 2272 2301 2273
f 2273 2301 2302
f 2273 2302 2274
f 2274 2302 2303
f 2274 2303 2275
f 2275 2303 2304
f 2275 2304 2276
f 2276 2304 2305
f 2276 2305 2277
f 2277 2305 2306
f 2277 2306 2278
f 2278 2306 2307
f 2278 2307 2279
f 2279 2307 2308
f 2279 2308 2280
f 2280 2308 2309
f 2280 2309 2281
f 2281 2309 2310
f 2281 2310 2282
f 2282 2310 2311
f 2282 2311 2283
f 2283 2311 2312
f 2283 2312 2284
f 2284 2312 2313
f 2284 2313 2285
f 2285 2313 2314
f 2285 2314 2286
f 2286 2314 2315
f 2286 2315 2287
f 2287 2315 2316
f 2287 2316 2288
f 2288 2316 2317
f 2288 2317 2289
f 2289 2317 2318
f 2289 2318 2290
f 2290 2318 2319
f 2290 2319 2291
f 2291 2319 2320
f 2291 2320 2292
f 2292 2320 2321
f 2292 2321 2293
f 2293 2321 2322
f 2293 2322 2294
f 2294 2322 2323
f 2294 2323 2295
f 2295 2323 2324
f 2295 2324 2296
f 2296 2324 2297
f 2296 2297 2269
f 2297 2325 2326
f 2297 2326 2298
f 2298 2326 2327
f 2298 2327 2299
f 2299 2327 2328
f 2299 2328 2300
f 2300 2328 2329
f 2300 2329 2301
f 2301 2329 2330
f 2301 2330 2302
f 2302 2330 2331
f 2302 2331 2303
f 2303 2331 2332
f 2303 2332 2304
f 2304 2332 2333
f 2304 2333 2305
f 2305 2333 2334
f 2305 2334 2306
f 2306 2334 2335
f 2306 2335 2307
f 2307 2335 2336
f 2307 2336 2308
f 2308 2336 2337
f 2308 2337 2309
f 2309 2337 2338
f 2309 2338 2310
f 2310 2338 2339
f 2310 2339 2311
f 2311 2339 2340
f 2311 2340 2312
f 2312 2340 2341
f 2312 2341 2313
f 2313 2341 2342
f 2313 2342 2314
f 2314 2342 2343
f 2314 2343 2315
f 2315 2343 2344
f 2315 2344 2316
f 2316 2344 2345
f 2316 2345 2317
f 2317 2345 2346
f 2317 2346 2318
f 2318 2346 2347
f 2318 2347 2319
f 2319 2347 2348
f 2319 2348 2320
f 2320 2348 2349
f 2320 2349 2321
f 2321 2349 2350
f 2321 2350 2322
f 2322 2350 2351
f 2322 2351 2323
f 2323 2351 2352
f 2323 2352 2324
f 2324 2352 2325
f 2324 2325 2297
f 2325 2353 2354
f 2325 2354 2326
f 2326 2354 2355
f 2326 2355 2327
f 2327 2355 2356
f 2327 2356 2328
f 2328 2356 2357
f 2328 2357 2329
f 2329 2357 2358
f 2329 2358 2330
f 2330 2358 2359
f 2330 2359 2331
f 2331 2359 2360
f 2331 2360 2332
f 2332 2360 2361
f 2332 2361 2333
f 2333 2361 2362
f 2333 2362 2334
f 2334 2362 2363
f 2334 2363 2335
f 2335 2363 2364
f 2335 2364 2336
f 2336 2364 2365
f 2336 2365 2337
f 2337 2365 2366
f 2337 2366 2338
f 2338 2366 2367
f 2338 2367 2339
f 2339 2367 2368
f 2339 2368 2340
f 2340 2368 2369
f 2340 2369 2341
f 2341 2369 2370
f 2341 2370 2342
f 2342 2370 2371
f 2342 2371 2343
f 2343 2371 2372
f 2343 2372 2344
f 2344 2372 2373
f 2344 2373 2345
f 2345 2373 2374
f 2345 2374 2346
f 2346 2374 2375
f 2346 2375 2347
f 2347 2375 2376
f 2347 2376 2348
f 2348 2376 2377
f 2348 2377 2349
f 2349 2377 2378
f 2349 2378 2350
f 2350 2378 2379
f 2350 2379 2351
f 2351 2379 2380
f 2351 2380 2352
f 2352 2380 2353
f 2352 2353 2325
f 2353 2381 2382
f 2353 2382 2354
f 2354 2382 2383
f 2354 2383 2355
f 2355 2383 2384
f 2355 2384 2356
f 2356 2384 2385
f 2356 2385 2357
f 2357 2385 2386
f 2357 2386 2358
f 2358 2386 2387
f 2358 2387 2359
f 2359 2387 2388
f 2359 2388 2360
f 2360 2388 2389
f 2360 2389 2361
f 2361 2389 2390
f 2361 2390 2362
f 2362 2390 2391
f 2362 2391 2363
f 2363 2391 2392
f 2363 2392 2364
f 2364 2392 2393
f 2364 2393 2365
f 2365 2393 2394
f 2365 2394 2366
f 2366 2394 2395
f 2366 2395 2367
f 2367 2395 2396
f 2367 2396 2368
f 2368 2396 2397
f 2368 2397 2369
f 2369 2397 2398
f 2369 2398 2370
f 2370 2398 2399
f 2370 2399 2371
f 2371 2399 2400
f 2371 2400 2372
f 2372 2400 2401
f 2372 2401 2373
f 2373 2401 2402
f 2373 2402 2374
f 2374 2402 2403
f 2374 2403 2375
f 2375 2403 2404
f 2375 2404 2376
f 2376 2404 2405
f 2376 2405 2377
f 2377 2405 2406
f 2377 2406 2378
f 2378 2406 2407
f 2378 2407 2379
f 2379 2407 2408
f 2379 2408 2380
f 2380 2408 2381
f 2380 2381 2353
f 2381 2409 2410
f 2381 2410 2382
f 2382 2410 2411
f 2382 2411 2383
f 2383 2411 2412
f 2383 2412 2384
f 2384 2412 2413
f 2384 2413 2385
f 2385 2413 2414
f 2385 2414 2386
f 2386 2414 2415
f 2386 2415 2387
f 2387 2415 2416
f 2387 2416 2388
f 2388 2416 2417
f 2388 2417 2389
f 2389 2417 2418
f 2389 2418 2390
f 2390 2418 2419
f 2390 2419 2391
f 2391 2419 2420
f 2391 2420 2392
f 2392 2420 2421
f 2392 2421 2393
f 2393 2421 2422
f 2393 2422 2394
f 2394 2422 2423
f 2394 2423 2395
f 2395 2423 2424
f 2395 2424 2396
f 2396 2424 2425
f 2396 2425 2397
f 2397 2425 2426
f 2397 2426 2398
f 2398 2426 2427
f 2398 2427 2399
f 2399 2427 2428
f 2399 2428 2400
f 2400 2428 2429
f 2400 2429 2401
f 2401 2429 2430
f 2401 2430 2402
f 2402 2430 2431
f 2402 2431 2403
f 2403 2431 2432
f 2403 2432 2404
f 2404 2432 2433
f 2404 2433 2405
f 2405 2433 2434
f 2405 2434 2406
f 2406 2434 2435
f 2406 2435 2407
f 2407 2435 2436
f 2407 2436 2408
f 2408 2436 2409
f 2408 2409 2381
f 2409 2437 2438
f 2409 2438 2410
f 2410 2438 2439
f 2410 2439 2411
f 2411 2439 2440
f 2411 2440 2412
f 2412 2440 2441
f 2412 2441 2413
f 2413 2441 2442
f 2413 2442 2414
f 2414 2442 2443
f 2414 2443 2415
f 2415 2443 2444
f 2415 2444 2416
f 2416 2444 2445
f 2416 2445 2417
f 2417 2445 2446
f 2417 2446 2418
f 2418 2446 2447
f 2418 2447 2419
f 2419 2447 2448
f 2419 2448 2420
f 2420 2448 2449
f 2420 2449 2421
f 2421 2449 2450
f 2421 2450 2422
f 2422 2450 2451
f 2422 2451 2423
f 2423 2451 2452
f 2423 2452 2424
f 2424 2452 2453
f 2424 2453 2425
f 2425 2453 2454
f 2425 2454 2426
f 2426 2454 2455
f 2426 2455 2427
f 2427 2455 2456
f 2427 2456 2428
f 2428 2456 2457
f 2428 2457 2429
f 2429 2457 2458
f 2429 2458 2430
f 2430 2458 2459
f 2430 2459 2431
f 2431 2459 2460
f 2431 2460 2432
f 2432 2460 2461
f 2432 2461 2433
f 2433 2461 2462
f 2433 2462 2434
f 2434 2462 2463
f 2434 2463 2435
f 2435 2463 2464
f 2435 2464 2436
f 2436 2464 2437
f 2436 2437 2409
f 2437 2465 2466
f 2437 2466 2438
f 2438 2466 2467
f 2438 2467 2439
f 2439 2467 2468
f 2439 2468 2440
f 2440 2468 2469
f 2440 2469 2441
f 2441 2469 2470
f 2441 2470 2442
f 2442 2470 2471
f 2442 2471 2443
f 2443 2471 2472
f 2443 2472 2444
f 2444 2472 2473
f 2444 2473 2445
f 2445 2473 2474
f 2445 2474 2446
f 2446 2474 2475
f 2446 2475 2447
f 2447 2475 2476
f 2447 2476 2448
f 2448 2476 2477
f 2448 2477 2449
f 2449 2477 2478
f 2449 2478 2450
f 2450 2478 2479
f 2450 2479 2451
f 2451 2479 2480
f 2451 2480 2452
f 2452 2480 2481
f 2452 2481 2453
f 2453 2481 2482
f 2453 2482 2454
f 2454 2482 2483
f 2454 2483 2455
f 2455 2483 2484
f 2455 2484 2456
f 2456 2484 2485
f 2456 2485 2457
f 2457 2485 2486
f 2457 2486 2458
f 2458 2486 2487
f 2458 2487 2459
f 2459 2487 2488
f 2459 2488 2460
f 2460 2488 2489
f 2460 2489 2461
f 2461 2489 2490
f 2461 2490 2462
f 2462 2490 2491
f 2462 2491 2463
f 2463 2491 2492
f 2463 2492 2464
f 2464 2492 2465
f 2464 2465 2437
f 2465 2493 2494
f 2465 2494 2466
f 2466 2494 2495
f 2466 2495 2467
f 2467 2495 2496
f 2467 2496 2468
f 2468 2496 2497
f 2468 2497 2469
f 2469 2497 2498
f 2469 2498 2470
f 2470 2498 2499
f 2470 2499 2471
f 2471 2499 2500
f 2471 2500 2472
f 2472 2500 2501
f 2472 2501 2473
f 2473 2501 2502
f 2473 2502 2474
f 2474 2502 2503
f 2474 2503 2475
f 2475 2503 2504
f 2475 2504 2476
f 2476 2504 2505
f 2476 2505 2477
f 2477 2505 2506
f 2477 2506 2478
f 2478 2506 2507
f 2478 2507 2479
f 2479 2507 2508
f 2479 2508 2480
f 2480 2508 2509
f 2480 2509 2481
f 2481 2509 2510
f 2481 2510 2482
f 2482 2510 2511
f 2482 2511 2483
f 2483 2511 2512
f 2483 2512 2484
f 2484 2512 2513
f 2484 2513 2485
f 2485 2513 2514
f 2485 2514 2486
f 2486 2514 2515
f 2486 2515 2487
f 2487 2515 2516
f 2487 2516 2488
f 2488 2516 2517
f 2488 2517 2489
f 2489 2517 2518
f 2489 2518 2490
f 2490 2518 2519
f 2490 2519 2491
f 2491 2519 2520
f 2491 2520 2492
f 2492 2520 2493
f 2492 2493 2465
f 2493 2521 2522
f 2493 2522 2494
f 2494 2522 2523
f 2494 2523 2495
f 2495 2523 2524
f 2495 2524 2496
f 2496 2524 2525
f 2496 2525 2497
f 2497 2525 2526
f 2497 2526 2498
f 2498 2526 2527
f 2498 2527 2499
f 2499 2527 2528
f 2499 2528 2500
f 2500 2528 2529
f 2500 2529 2501
f 2501 2529 2530
f 2501 2530 2502
f 2502 2530 2531
f 2502 2531 2503
f 2503 2531 2532
f 2503 2532 2504
f 2504 2532 2533
f 2504 2533 2505
f 2505 2533 2534
f 2505 2534 2506
f 2506 2534 2535
f 2506 2535 2507
f 2507 2535 2536
f 2507 2536 2508
f 2508 2536 2537
f 2508 2537 2509
f 2509 2537 2538
f 2509 2538 2510
f 2510 2538 2539
f 2510 2539 2511
f 2511 2539 2540
f 2511 2540 2512
f 2512 2540 2541
f 2512 2541 2513
f 2513 2541 2542
f 2513 2542 2514
f 2514 2542 2543
f 2514 2543 2515
f 2515 2543 2544
f 2515 2544 2516
f 2516 2544 2545
f 2516 2545 2517
f 2517 2545 2546
f 2517 2546 2518
f 2518 2546 2547
f 2518 2547 2519
f 2519 2547 2548
f 2519 2548 2520
f 2520 2548 2521
f 2520 2521 2493
f 2521 2549 2550
f 2521 2550 2522
f 2522 2550 2551
f 2522 2551 2523
f 2523 2551 2552
f 2523 2552 2524
f 2524 2552 2553
f 2524 2553 2525
f 2525 2553 2554
f 2525 2554 2526
f 2526 2554 2555
f 2526 2555 2527
f 2527 2555 2556
f 2527 2556 2528
f 2528 2556 2557
f 2528 2557 2529
f 2529 2557 2558
f 2529 2558 2530
f 2530 2558 2559
f 2530 2559 2531
f 2531 2559 2560
f 2531 2560 2532
f 2532 2560 2561
f 2532 2561 2533
f 2533 2561 2562
f 2533 2562 2534
f 2534 2562 2563
f 2534 2563 2535
f 2535 2563 2564
f 2535 2564 2536
f 2536 2564 2565
f 2536 2565 2537
f 2537 2565 2566
f 2537 2566 2538
f 2538 2566 2567
f 2538 2567 2539
f 2539 2567 2568
f 2539 2568 2540
f 2540 2568 2569
f 2540 2569 2541
f 2541 2569 2570
f 2541 2570 2542
f 2542 2570 2571
f 2542 2571 2543
f 2543 2571 2572
f 2543 2572 2544
f 2544 2572 2573
f 2544 2573 2545
f 2545 2573 2574
f 2545 2574 2546
f 2546 2574 2575
f 2546 2575 2547
f 2547 2575 2576
f 2547 2576 2548
f 2548 2576 2549
f 2548 2549 2521
f 2549 2577 2578
f 2549 2578 2550
f 2550 2578 2579
f 2550 2579 2551
f 2551 2579 2580
f 2551 2580 2552
f 2552 2580 2581
f 2552 2581 2553
f 2553 2581 2582
f 2553 2582 2554
f 2554 2582 2583
f 2554 2583 2555
f 2555 2583 2584
f 2555 2584 2556
f 2556 2584 2585
f 2556 2585 2557
f 2557 2585 2586
f 2557 2586 2558
f 2558 2586 2587
f 2558 2587 2559
f 2559 2587 2588
f 2559 2588 2560
f 2560 2588 2589
f 2560 2589 2561
f 2561 2589 2590
f 2561 2590 2562
f 2562 2590 2591
f 2562 2591 2563
f 2563 2591 2592
f 2563 2592 2564
f 2564 2592 2593
f 2564 2593 2565
f 2565 2593 2594
f 2565 2594 2566
f 2566 2594 2595
f 2566 2595 2567
f 2567 2595 2596
f 2567 2596 2568
f 2568 2596 2597
f 2568 2597 2569
f 2569 2597 2598
f 2569 2598 2570
f 2570 2598 2599
f 2570 2599 2571
f 2571 2599 2600
f 2571 2600 2572
f 2572 2600 2601
f 2572 2601 2573
f 2573 2601 2602
f 2573 2602 2574
f 2574 2602 2603
f 2574 2603 2575
f 2575 2603 2604
f 2575 2604 2576
f 2576 2604 2577
f 2576 2577 2549
f 2577 2605 2606
f 2577 2606 2578
f 2578 2606 2607
f 2578 2607 2579
f 2579 2607 2608
f 2579 2608 2580
f 2580 2608 2609
f 2580 2609 2581
f 2581 2609 2610
f 2581 2610 2582
f 2582 2610 2611
f 2582 2611 2583
f 2583 2611 2612
f 2583 2612 2584
f 2584 2612 2613
f 2584 2613 2585
f 2585 2613 2614
f 2585 2614 2586
f 2586 2614 2615
f 2586 2615 2587
f 2587 2615 2616
f 2587 2616 2588
f 2588 2616 2617
f 2588 2617 2589
f 2589 2617 2618
f 2589 2618 2590
f 2590 2618 2619
f 2590 2619 2591
f 2591 2619 2620
f 2591 2620 2592
f 2592 2620 2621
f 2592 2621 2593
f 2593 2621 2622
f 2593 2622 2594
f 2594 2622 2623
f 2594 2623 2595
f 2595 2623 2624
f 2595 2624 2596
f 2596 2624 2625
f 2596 2625 2597
f 2597 2625 2626
f 2597 2626 2598
f 2598 2626 2627
f 2598 2627 2599
f 2599 2627 2628
f 2599 2628 2600
f 2600 2628 2629
f 2600 2629 2601
f 2601 2629 2630
f 2601 2630 2602
f 2602 2630 2631
f 2602 2631 2603
f 2603 2631 2632
f 2603 2632 2604
f 2604 2632 2605
f 2604 2605 2577
f 2605 2633 2634
f 2605 2634 2606
f 2606 2634 2635
f 2606 2635 2607
f 2607 2635 2636
f 2607 2636 2608
f 2608 2636 2637
f 2608 2637 2609
f 2609 2637 2638
f 2609 2638 2610
f 2610 2638 2639
f 2610 2639 2611
f 2611 2639 2640
f 2611 2640 2612
f 2612 2640 2641
f 2612 2641 2613
f 2613 2641 2642
f 2613 2642 2614
f 2614 2642 2643
f 2614 2643 2615
f 2615 2643 2644
f 2615 2644 2616
f 2616 2644 2645
f 2616 2645 2617
f 2617 2645 2646
f 2617 2646 2618
f 2618 2646 2647
f 2618 2647 2619
f 2619 2647 2648
f 2619 2648 2620
f 2620 2648 2649
f 2620 2649 2621
f 2621 2649 2650
f 2621 2650 2622
f 2622 2650 2651
f 2622 2651 2623
f 2623 2651 2652
f 2623 2652 2624
f 2624 2652 2653
f 2624 2653 2625
f 2625 2653 2654
f 2625 2654 2626
f 2626 2654 2655
f 2626 2655 2627
f 2627 2655 2656
f 2627 2656 2628
f 2628 2656 2657
f 2628 2657 2629
f 2629 2657 2658
f 2629 2658 2630
f 2630 2658 2659
f 2630 2659 2631
f 2631 2659 2660
f 2631 2660 2632
f 2632 2660 2633
f 2632 2633 2605
f 2633 2661 2662
f 2633 2662 2634
f 2634 2662 2663
f 2634 2663 2635
f 2635 2663 2664
f 2635 2664 2636
f 2636 2664 2665
f 2636 2665 2637
f 2637 2665 2666
f 2637 2666 2638
f 2638 2666 2667
f 2638 2667 2639
f 2639 2667 2668
f 2639 2668 2640
f 2640 2668 2669
f 2640 2669 2641
f 2641 2669 2670
f 2641 2670 2642
f 2642 2670 2671
f 2642 2671 2643
f 2643 2671 2672
f 2643 2672 2644
f 2644 2672 2673
f 2644 2673 2645
f 2645 2673 2674
f 2645 2674 2646
f 2646 2674 2675
f 2646 2675 2647
f 2647 2675 2676
f 2647 2676 2648
f 2648 2676 2677
f 2648 2677 2649
f 2649 2677 2678
f 2649 2678 2650
f 2650 2678 2679
f 2650 2679 2651
f 2651 2679 2680
f 2651 2680 2652
f 2652 2680 2681
f 2652 2681 2653
f 2653 2681 2682
f 2653 2682 2654
f 2654 2682 2683
f 2654 2683 2655
f 2655 2683 2684
f 2655 2684 2656
f 2656 2684 2685
f 2656 2685 2657
f 2657 2685 2686
f 2657 2686 2658
f 2658 2686 2687
f 2658 2687 2659
f 2659 2687 2688
f 2659 2688 2660
f 2660 2688 2661
f 2660 2661 2633
f 2661 2689 2690
f 2661 2690 2662
f 2662 2690 2691
f 2662 2691 2663
f 2663 2691 2692
f 2663 2692 2664
f 2664 2692 2693
f 2664 2693 2665
f 2665 2693 2694
f 2665 2694 2666
f 2666 2694 2695
f 2666 2695 2667
f 2667 2695 2696
f 2667 2696 2668
f 2668 2696 2697
f 2668 2697 2669
f 2669 2697 2698
f 2669 2698 2670
f 2670 2698 2699
f 2670 2699 2671
f 2671 2699 2700
f 2671 2700 2672
f 2672 2700 2701
f 2672 2701 2673
f 2673 2701 2702
f 2673 2702 2674
f 2674 2702 2703
f 2674 2703 2675
f 2675 2703 2704
f 2675 2704 2676
f 2676 2704 2705
f 2676 2705 2677
f 2677 2705 2706
f 2677 2706 2678
f 2678 2706 2707
f 2678 2707 2679
f 2679 2707 2708
f 2679 2708 2680
f 2680 2708 2709
f 2680 2709 2681
f 2681 2709 2710
f 2681 2710 2682
f 2682 2710 2711
f 2682 2711 2683
f 2683 2711 2712
f 2683 2712 2684
f 2684 2712 2713
f 2684 2713 2685
f 2685 2713 2714
f 2685 2714 2686
f 2686 2714 2715
f 2686 2715 2687
f 2687 2715 2716
f 2687 2716 2688
f 2688 2716 2689
f 2688 2689 2661
f 2689 2717 2718
f 2689 2718 2690
f 2690 2718 2719
f 2690 2719 2691
f 2691 2719 2720
f 2691 2720 2692
f 2692 2720 2721
f 2692 2721 2693
f 2693 2721 2722
f 2693 2722 2694
f 2694 2722 2723
f 2694 2723 2695
f 2695 2723 2724
f 2695 2724 2696
f 2696 2724 2725
f 2696 2725 2697
f 2697 2725 2726
f 2697 2726 2698
f 2698 2726 2727
f 2698 2727 2699
f 2699 2727 2728
f 2699 2728 2700
f 2700 2728 2729
f 2700 2729 2701
f 2701 2729 2730
f 2701 2730 2702
f 2702 2730 2731
f 2702 2731 2703
f 2703 2731 2732
f 2703 2732 2704
f 2704 2732 2733
f 2704 2733 2705
f 2705 2733 2734
f 2705 2734 2706
f 2706 2734 2735
f 2706 2735 2707
f 2707 2735 2736
f 2707 2736 2708
f 2708 2736 2737
f 2708 2737 2709
f 2709 2737 2738
f 2709 2738 2710
f 2710 2738 2739
f 2710 2739 2711
f 2711 2739 2740
f 2711 2740 2712
f 2712 2740 2741
f 2712 2741 2713
f 2713 2741 2742
f 2713 2742 2714
f 2714 2742 2743
f 2714 2743 2715
f 2715 2743 2744
f 2715 2744 2716
f 2716 2744 2717
f 2716 2717 2689
f 2717 2745 2746
f 2717 2746 2718
f 2718 2746 2747
f 2718 2747 2719
f 2719 2747 2748
f 2719 2748 2720
f 2720 2748 2749
f 2720 2749 2721
f 2721 2749 2750
f 2721 2750 2722
f 2722 2750 2751
f 2722 2751 2723
f 2723 2751 2752
f 2723 2752 2724
f 2724 2752 2753
f 2724 2753 2725
f 2725 2753 2754
f 2725 2754 2726
f 2726 2754 2755
f 2726 2755 2727
f 2727 2755 2756
f 2727 2756 2728
f 2728 2756 2757
f 2728 2757 2729
f 2729 2757 2758
f 2729 2758 2730
f 2730 2758 2759
f 2730 2759 2731
f 2731 2759 2760
f 2731 2760 2732
f 2732 2760 2761
f 2732 2761 2733
f 2733 2761 2762
f 2733 2762 2734
f 2734 2762 2763
f 2734 2763 2735
f 2735 2763 2764
f 2735 2764 2736
f 2736 2764 2765
f 2736 2765 2737
f 2737 2765 2766
f 2737 2766 2738
f 2738 2766 2767
f 2738 2767 2739
f 2739 2767 2768
f 2739 2768 2740
f 2740 2768 2769
f 2740 2769 2741
f 2741 2769 2770
f 2741 2770 2742
f 2742 2770 2771
f 2742 2771 2743
f 2743 2771 2772
f 2743 2772 2744
f 2744 2772 2745
f 2744 2745 2717
f 2745 2773 2774
f 2745 2774 2746
f 2746 2774 2775
f 2746 2775 2747
f 2747 2775 2776
f 2747 2776 2748
f 2748 2776 2777
f 2748 2777 2749
f 2749 2777 2778
f 2749 2778 2750
f 2750 2778 2779
f 2750 2779 2751
f 2751 2779 2780
f 2751 2780 2752
f 2752 2780 2781
f 2752 2781 2753
f 2753 2781 2782
f 2753 2782 2754
f 2754 2782 2783
f 2754 2783 2755
f 2755 2783 2784
f 2755 2784 2756
f 2756 2784 2785
f 2756 2785 2757
f 2757 2785 2786
f 2757 2786 2758
f 2758 2786 2787
f 2758 2787 2759
f 2759 2787 2788
f 2759 2788 2760
f 2760 2788 2789
f 2760 2789 2761
f 2761 2789 2790
f 2761 2790 2762
f 2762 2790 2791
f 2762 2791 2763
f 2763 2791 2792
f 2763 2792 2764
f 2764 2792 2793
f 2764 2793 2765
f 2765 2793 2794
f 2765 2794 2766
f 2766 2794 2795
f 2766 2795 2767
f 2767 2795 2796
f 2767 2796 2768
f 2768 2796 2797
f 2768 2797 2769
f 2769 2797 2798
f 2769 2798 2770
f 2770 2798 2799
f 2770 2799 2771
f 2771 2799 2800
f 2771 2800 2772
f 2772 2800 2773
f 2772 2773 2745
f 2773 2801 2802
f 2773 2802 2774
f 2774 2802 2803
f 2774 2803 2775
f 2775 2803 2804
f 2775 2804 2776
f 2776 2804 2805
f 2776 2805 2777
f 2777 2805 2806
f 2777 2806 2778
f 2778 2806 2807
f 2778 2807 2779
f 2779 2807 2808
f 2779 2808 2780
f 2780 2808 2809
f 2780 2809 2781
f 2781 2809 2810
f 2781 2810 2782
f 2782 2810 2811
f 2782 2811 2783
f 2783 2811 2812
f 2783 2812 2784
f 2784 2812 2813
f 2784 2813 2785
f 2785 2813 2814
f 2785 2814 2786
f 2786 2814 2815
f 2786 2815 2787
f 2787 2815 2816
f 2787 2816 2788
f 2788 2816 2817
f 2788 2817 2789
f 2789 2817 2818
f 2789 2818 2790
f 2790 2818 2819
f 2790 2819 2791
f 2791 2819 2820
f 2791 2820 2792
f 2792 2820 2821
f 2792 2821 2793
f 2793 2821 2822
f 2793 2822 2794
f 2794 2822 2823
f 2794 2823 2795
f 2795 2823 2824
f 2795 2824 2796
f 2796 2824 2825
f 2796 2825 2797
f 2797 2825 2826
f 2797 2826 2798
f 2798 2826 2827
f 2798 2827 2799
f 2799 2827 2828
f 2799 2828 2800
f 2800 2828 2801
f 2800 2801 2773
f 2801 2829 2830
f 2801 2830 2802
f 2802 2830 2831
f 2802 2831 2803
f 2803 2831 2832
f 2803 2832 2804
f 2804 2832 2833
f 2804 2833 2805
f 2805 2833 2834
f 2805 2834 2806
f 2806 2834 2835
f 2806 2835 2807
f 2807 2835 2836
f 2807 2836 2808
f 2808 2836 2837
f 2808 2837 2809
f 2809 2837 2838
f 2809 2838 2810
f 2810 2838 2839
f 2810 2839 2811
f 2811 2839 2840
f 2811 2840 2812
f 2812 2840 2841
f 2812 2841 2813
f 2813 2841 2842
f 2813 2842 2814
f 2814 2842 2843
f 2814 2843 2815
f 2815 2843 2844
f 2815 2844 2816
f 2816 2844 2845
f 2816 2845 2817
f 2817 2845 2846
f 2817 2846 2818
f 2818 2846 2847
f 2818 2847 2819
f 2819 2847 2848
f 2819 2848 2820
f 2820 2848 2849
f 2820 2849 2821
f 2821 2849 2850
f 2821 2850 2822
f 2822 2850 2851
f 2822 2851 2823
f 2823 2851 2852
f 2823 2852 2824
f 2824 2852 2853
f 2824 2853 2825
f 2825 2853 2854
f 2825 2854 2826
f 2826 2854 2855
f 2826 2855 2827
f 2827 2855 2856
f 2827 2856 2828
f 2828 2856 2829
f 2828 2829 2801
f 2829 2857 2858
f 2829 2858 2830
f 2830 2858 2859
f 2830 2859 2831
f 2831 2859 2860
f 2831 2860 2832
f 2832 2860 2861
f 2832 2861 2833
f 2833 2861 2862
f 2833 2862 2834
f 2834 2862 2863
f 2834 2863 2835
f 2835 2863 2864
f 2835 2864 2836
f 2836 2864 2865
f 2836 2865 2837
f 2837 2865 2866
f 2837 2866 2838
f 2838 2866 2867
f 2838 2867 2839
f 2839 2867 2868
f 2839 2868 2840
f 2840 2868 2869
f 2840 2869 2841
f 2841 2869 2870
f 2841 2870 2842
f 2842 2870 2871
f 2842 2871 2843
f 2843 2871 2872
f 2843 2872 2844
f 2844 2872 2873
f 2844 2873 2845
f 2845 2873 2874
f 2845 2874 2846
f 2846 2874 2875
f 2846 2875 2847
f 2847 2875 2876
f 2847 2876 2848
f 2848 2876 2877
f 2848 2877 2849
f 2849 2877 2878
f 2849 2878 2850
f 2850 2878 2879
f 2850 2879 2851
f 2851 2879 2880
f 2851 2880 2852
f 2852 2880 2881
f 2852 2881 2853
f 2853 2881 2882
f 2853 2882 2854
f 2854 2882 2883
f 2854 2883 2855
f 2855 2883 2884
f 2855 2884 2856
f 2856 2884 2857
f 2856 2857 2829
f 2857 2885 2886
f 2857 2886 2858
f 2858 2886 2887
f 2858 2887 2859
f 2859 2887 2888
f 2859 2888 2860
f 2860 2888 2889
f 2860 2889 2861
f 2861 2889 2890
f 2861 2890 2862
f 2862 2890 2891
f 2862 2891 2863
f 2863 2891 2892
f 2863 2892 2864
f 2864 2892 2893
f 2864 2893 2865
f 2865 2893 2894
f 2865 2894 2866
f 2866 2894 2895
f 2866 2895 2867
f 2867 2895 2896
f 2867 2896 2868
f 2868 2896 2897
f 2868 2897 2869
f 2869 2897 2898
f 2869 2898 2870
f 2870 2898 2899
f 2870 2899 2871
f 2871 2899 2900
f 2871 2900 2872
f 2872 2900 2901
f 2872 2901 2873
f 2873 2901 2902
f 2873 2902 2874
f 2874 2902 2903
f 2874 2903 2875
f 2875 2903 2904
f 2875 2904 2876
f 2876 2904 2905
f 2876 2905 2877
f 2877 2905 2906
f 2877 2906 2878
f 2878 2906 2907
f 2878 2907 2879
f 2879 2907 2908
f 2879 2908 2880
f 2880 2908 2909
f 2880 2909 2881
f 2881 2909 2910
f 2881 2910 2882
f 2882 2910 2911
f 2882 2911 2883
f 2883 2911 2912
f 2883 2912 2884
f 2884 2912 2885
f 2884 2885 2857
f 2885 2913 2914
f 2885 2914 2886
f 2886 2914 2915
f 2886 2915 2887
f 2887 2915 2916
f 2887 2916 2888
f 2888 2916 2917
f 2888 2917 2889
f 2889 2917 2918
f 2889 2918 2890
f 2890 2918 2919
f 2890 2919 2891
f 2891 2919 2920
f 2891 2920 2892
f 2892 2920 2921
f 2892 2921 2893
f 2893 2921 2922
f 2893 2922 2894
f 2894 2922 2923
f 2894 2923 2895
f 2895 2923 2924
f 2895 2924 2896
f 2896 2924 2925
f 2896 2925 2897
f 2897 2925 2926
f 2897 2926 2898
f 2898 2926 2927
f 2898 2927 2899
f 2899 2927 2928
f 2899 2928 2900
f 2900 2928 2929
f 2900 2929 2901
f 2901 2929 2930
f 2901 2930 2902
f 2902 2930 2931
f 2902 2931 2903
f 2903 2931 2932
f 2903 2932 2904
f 2904 2932 2933
f 2904 2933 2905
f 2905 2933 2934
f 2905 2934 2906
f 2906 2934 2935
f 2906 2935 2907
f 2907 2935 2936
f 2907 2936 2908
f 2908 2936 2937
f 2908 2937 2909
f 2909 2937 2938
f 2909 2938 2910
f 2910 2938 2939
f 2910 2939 2911
f 2911 2939 2940
f 2911 2940 2912
f 2912 2940 2913
f 2912 2913 2885
f 2913 2941 2942
f 2913 2942 2914
f 2914 2942 2943
f 2914 2943 2915
f 2915 2943 2944
f 2915 2944 2916
f 2916 2944 2945
f 2916 2945 2917
f 2917 2945 2946
f 2917 2946 2918
f 2918 2946 2947
f 2918 2947 2919
f 2919 2947 2948
f 2919 2948 2920
f 2920 2948 2949
f 2920 2949 2921
f 2921 2949 2950
f 2921 2950 2922
f 2922 2950 2951
f 2922 2951 2923
f 2923 2951 2952
f 2923 2952 2924
f 2924 2952 2953
f 2924 2953 2925
f 2925 2953 2954
f 2925 2954 2926
f 2926 2954 2955
f 2926 2955 2927
f 2927 2955 2956
f 2927 2956 2928
f 2928 2956 2957
f 2928 2957 2929
f 2929 2957 2958
f 2929 2958 2930
f 2930 2958 2959
f 2930 2959 2931
f 2931 2959 2960
f 2931 2960 2932
f 2932 2960 2961
f 2932 2961 2933
f 2933 2961 2962
f 2933 2962 2934
f 2934 2962 2963
f 2934 2963 2935
f 2935 2963 2964
f 2935 2964 2936
f 2936 2964 2965
f 2936 2965 2937
f 2937 2965 2966
f 2937 2966 2938
f 2938 2966 2967
f 2938 2967 2939
f 2939 2967 2968
f 2939 2968 2940
f 2940 2968 2941
f 2940 2941 2913
f 2941 2969 2970
f 2941 2970 2942
f 2942 2970 2971
f 2942 2971 2943
f 2943 2971 2972
f 2943 2972 2944
f 2944 2972 2973
f 2944 2973 2945
f 2945 2973 2974
f 2945 2974 2946
f 2946 2974 2975
f 2946 2975 2947
f 2947 2975 2976
f 2947 2976 2948
f 2948 2976 2977
f 2948 2977 2949
f 2949 2977 2978
f 2949 2978 2950
f 2950 2978 2979
f 2950 2979 2951
f 2951 2979 2980
f 2951 2980 2952
f 2952 2980 2981
f 2952 2981 2953
f 2953 2981 2982
f 2953 2982 2954
f 2954 2982 2983
f 2954 2983 2955
f 2955 2983 2984
f 2955 2984 2956
f 2956 2984 2985
f 2956 2985 2957
f 2957 2985 2986
f 2957 2986 2958
f 2958 2986 2987
f 2958 2987 2959
f 2959 2987 2988
f 2959 2988 2960
f 2960 2988 2989
f 2960 2989 2961
f 2961 2989 2990
f 2961 2990 2962
f 2962 2990 2991
f 2962 2991 2963
f 2963 2991 2992
f 2963 2992 2964
f 2964 2992 2993
f 2964 2993 2965
f 2965 2993 2994
f 2965 2994 2966
f 2966 2994 2995
f 2966 2995 2967
f 2967 2995 2996
f 2967 2996 2968
f 2968 2996 2969
f 2968 2969 2941
f 2969 2997 2998
f 2969 2998 2970
f 2970 2998 2999
f 2970 2999 2971
f 2971 2999 3000
f 2971 3000 2972
f 2972 3000 3001
f 2972 3001 2973
f 2973 3001 3002
f 2973 3002 2974
f 2974 3002 3003
f 2974 3003 2975
f 2975 3003 3004
f 2975 3004 2976
f 2976 3004 3005
f 2976 3005 2977
f 2977 3005 3006
f 2977 3006 2978
f 2978 3006 3007
f 2978 3007 2979
f 2979 3007 3008
f 2979 3008 2980
f 2980 3008 3009
f 2980 3009 2981
f 2981 3009 3010
f 2981 3010 2982
f 2982 3010 3011
f 2982 3011 2983
f 2983 3011 3012
f 2983 3012 2984
f 2984 3012 3013
f 2984 3013 2985
f 2985 3013 3014
f 2985 3014 2986
f 2986 3014 3015
f 2986 3015 2987
f 2987 3015 3016
f 2987 3016 2988
f 2988 3016 3017
f 2988 3017 2989
f 2989 3017 3018
f 2989 3018 2990
f 2990 3018 3019
f 2990 3019 2991
f 2991 3019 3020
f 2991 3020 2992
f 2992 3020 3021
f 2992 3021 2993
f 2993 3021 3022
f 2993 3022 2994
f 2994 3022 3023
f 2994 3023 2995
f 2995 3023 3024
f 2995 3024 2996
f 2996 3024 2997
f 2996 2997 2969
f 2997 3025 3026
f 2997 3026 2998
f 2998 3026 3027
f 2998 3027 2999
f 2999 3027 3028
f 2999 3028 3000
f 3000 3028 3029
f 3000 3029 3001
f 3001 3029 3030
f 3001 3030 3002
f 3002 3030 3031
f 3002 3031 3003
f 3003 3031 3032
f 3003 3032 3004
f 3004 3032 3033
f 3004 3033 3005
f 3005 3033 3034
f 3005 3034 3006
f 3006 3034 3035
f 3006 3035 3007
f 3007 3035 3036
f 3007 3036 3008
f 3008 3036 3037
f 3008 3037 3009
f 3009 3037 3038
f 3009 3038 3010
f 3010 3038 3039
f 3010 3039 3011
f 3011 3039 3040
f 3011 3040 3012
f 3012 3040 3041
f 3012 3041 3013
f 3013 3041 3042
f 3013 3042 3014
f 3014 3042 3043
f 3014 3043 3015
f 3015 3043 3044
f 3015 3044 3016
f 3016 3044 3045
f 3016 3045 3017
f 3017 3045 3046
f 3017 3046 3018
f 3018 3046 3047
f 3018 3047 3019
f 3019 3047 3048
f 3019 3048 3020
f 3020 3048 3049
f 3020 3049 3021
f 3021 3049 3050
f 3021 3050 3022
f 3022 3050 3051
f 3022 3051 3023
f 3023 3051 3052
f 3023 3052 3024
f 3024 3052 3025
f 3024 3025 2997
f 3025 3053 3054
f 3025 3054 3026
f 3026 3054 3055
f 3026 3055 3027
f 3027 3055 3056
f 3027 3056 3028
f 3028 3056 3057
f 3028 3057 3029
f 3029 3057 3058
f 3029 3058 3030
f 3030 3058 3059
f 3030 3059 3031
f 3031 3059 3060
f 3031 3060 3032
f 3032 3060 3061
f 3032 3061 3033
f 3033 3061 3062
f 3033 3062 3034
f 3034 3062 3063
f 3034 3063 3035
f 3035 3063 3064
f 3035 3064 3036
f 3036 3064 3065
f 3036 3065 3037
f 3037 3065 3066
f 3037 3066 3038
f 3038 3066 3067
f 3038 3067 3039
f 3039 3067 3068
f 3039 3068 3040
f 3040 3068 3069
f 3040 3069 3041
f 3041 3069 3070
f 3041 3070 3042
f 3042 3070 3071
f 3042 3071 3043
f 3043 3071 3072
f 3043 3072 3044
f 3044 3072 3073
f 3044 3073 3045
f 3045 3073 3074
f 3045 3074 3046
f 3046 3074 3075
f 3046 3075 3047
f 3047 3075 3076
f 3047 3076 3048
f 3048 3076 3077
f 3048 3077 3049
f 3049 3077 3078
f 3049 3078 3050
f 3050 3078 3079
f 3050 3079 3051
f 3051 3079 3080
f 3051 3080 3052
f 3052 3080 3053
f 3052 3053 3025
f 3053 3081 3082
f 3053 3082 3054
f 3054 3082 3083
f 3054 3083 3055
f 3055 3083 3084
f 3055 3084 3056
f 3056 3084 3085
f 3056 3085 3057
f 3057 3085 3086
f 3057 3086 3058
f 3058 3086 3087
f 3058 3087 3059
f 3059 3087 3088
f 3059 3088 3060
f 3060 3088 3089
f 3060 3089 3061
f 3061 3089 3090
f 3061 3090 3062
f 3062 3090 3091
f 3062 3091 3063
f 3063 3091 3092
f 3063 3092 3064
f 3064 3092 3093
f 3064 3093 3065
f 3065 3093 3094
f 3065 3094 3066
f 3066 3094 3095
f 3066 3095 3067
f 3067 3095 3096
f 3067 3096 3068
f 3068 3096 3097
f 3068 3097 3069
f 3069 3097 3098
f 3069 3098 3070
f 3070 3098 3099
f 3070 3099 3071
f 3071 3099 3100
f 3071 3100 3072
f 3072 3100 3101
f 3072 3101 3073
f 3073 3101 3102
f 3073 3102 3074
f 3074 3102 3103
f 3074 3103 3075
f 3075 3103 3104
f 3075 3104 3076
f 3076 3104 3105
f 3076 3105 3077
f 3077 3105 3106
f 3077 3106 3078
f 3078 3106 3107
f 3078 3107 3079
f 3079 3107 3108
f 3079 3108 3080
f 3080 3108 3081
f 3080 3081 3053
f 3081 3109 3110
f 3081 3110 3082
f 3082 3110 3111
f 3082 3111 3083
f 3083 3111 3112
f 3083 3112 3084
f 3084 3112 3113
f 3084 3113 3085
f 3085 3113 3114
f 3085 3114 3086
f 3086 3114 3115
f 3086 3115 3087
f 3087 3115 3116
f 3087 3116 3088
f 3088 3116 3117
f 3088 3117 3089
f 3089 3117 3118
f 3089 3118 3090
f 3090 3118 3119
f 3090 3119 3091
f 3091 3119 3120
f 3091 3120 3092
f 3092 3120 3121
f 3092 3121 3093
f 3093 3121 3122
f 3093 3122 3094
f 3094 3122 3123
f 3094 3123 3095
f 3095 3123 3124
f 3095 3124 3096
f 3096 3124 3125
f 3096 3125 3097
f 3097 3125 3126
f 3097 3126 3098
f 3098 3126 3127
f 3098 3127 3099
f 3099 3127 3128
f 3099 3128 3100
f 3100 3128 3129
f 3100 3129 3101
f 3101 3129 3130
f 3101 3130 3102
f 3102 3130 3131
f 3102 3131 3103
f 3103 3131 3132
f 3103 3132 3104
f 3104 3132 3133
f 3104 3133 3105
f 3105 3133 3134
f 3105 3134 3106
f 3106 3134 3135
f 3106 3135 3107
f 3107 3135 3136
f 3107 3136 3108
f 3108 3136 3109
f 3108 3109 3081
f 3109 3137 3138
f 3109 3138 3110
f 3110 3138 3139
f 3110 3139 3111
f 3111 3139 3140
f 3111 3140 3112
f 3112 3140 3141
f 3112 3141 3113
f 3113 3141 3142
f 3113 3142 3114
f 3114 3142 3143
f 3114 3143 3115
f 3115 3143 3144
f 3115 3144 3116
f 3116 3144 3145
f 3116 3145 3117
f 3117 3145 3146
f 3117 3146 3118
f 3118 3146 3147
f 3118 3147 3119
f 3119 3147 3148
f 3119 3148 3120
f 3120 3148 3149
f 3120 3149 3121
f 3121 3149 3150
f 3121 3150 3122
f 3122 3150 3151
f 3122 3151 3123
f 3123 3151 3152
f 3123 3152 3124
f 3124 3152 3153
f 3124 3153 3125
f 3125 3153 3154
f 3125 3154 3126
f 3126 3154 3155
f 3126 3155 3127
f 3127 3155 3156
f 3127 3156 3128
f 3128 3156 3157
f 3128 3157 3129
f 3129 3157 3158
f 3129 3158 3130
f 3130 3158 3159
f 3130 3159 3131
f 3131 3159 3160
f 3131 3160 3132
f 3132 3160 3161
f 3132 3161 3133
f 3133 3161 3162
f 3133 3162 3134
f 3134 3162 3163
f 3134 3163 3135
f 3135 3163 3164
f 3135 3164 3136
f 3136 3164 3137
f 3136 3137 3109
f 3137 3165 3166
f 3137 3166 3138
f 3138 3166 3167
f 3138 3167 3139
f 3139 3167 3168
f 3139 3168 3140
f 3140 3168 3169
f 3140 3169 3141
f 3141 3169 3170
f 3141 3170 3142
f 3142 3170 3171
f 3142 3171 3143
f 3143 3171 3172
f 3143 3172 3144
f 3144 3172 3173
f 3144 3173 3145
f 3145 3173 3174
f 3145 3174 3146
f 3146 3174 3175
f 3146 3175 3147
f 3147 3175 3176
f 3147 3176 3148
f 3148 3176 3177
f 3148 3177 3149
f 3149 3177 3178
f 3149 3178 3150
f 3150 3178 3179
f 3150 3179 3151
f 3151 3179 3180
f 3151 3180 3152
f 3152 3180 3181
f 3152 3181 3153
f 3153 3181 3182
f 3153 3182 3154
f 3154 3182 3183
f 3154 3183 3155
f 3155 3183 3184
f 3155 3184 3156
f 3156 3184 3185
f 3156 3185 3157
f 3157 3185 3186
f 3157 3186 3158
f 3158 3186 3187
f 3158 3187 3159
f 3159 3187 3188
f 3159 3188 3160
f 3160 3188 3189
f 3160 3189 3161
f 3161 3189 3190
f 3161 3190 3162
f 3162 3190 3191
f 3162 3191 3163
f 3163 3191 3192
f 3163 3192 3164
f 3164 3192 3165
f 3164 3165 3137
f 3165 3193 3194
f 3165 3194 3166
f 3166 3194 3195
f 3166 3195 3167
f 3167 3195 3196
f 3167 3196 3168
f 3168 3196 3197
f 3168 3197 3169
f 3169 3197 3198
f 3169 3198 3170
f 3170 3198 3199
f 3170 3199 3171
f 3171 3199 3200
f 3171 3200 3172
f 3172 3200 3201
f 3172 3201 3173
f 3173 3201 3202
f 3173 3202 3174
f 3174 3202 3203
f 3174 3203 3175
f 3175 3203 3204
f 3175 3204 3176
f 3176 3204 3205
f 3176 3205 3177
f 3177 3205 3206
f 3177 3206 3178
f 3178 3206 3207
f 3178 3207 3179
f 3179 3207 3208
f 3179 3208 3180
f 3180 3208 3209
f 3180 3209 3181
f 3181 3209 3210
f 3181 3210 3182
f 3182 3210 3211
f 3182 3211 3183
f 3183 3211 3212
f 3183 3212 3184
f 3184 3212 3213
f 3184 3213 3185
f 3185 3213 3214
f 3185 3214 3186
f 3186 3214 3215
f 3186 3215 3187
f 3187 3215 3216
f 3187 3216 3188
f 3188 3216 3217
f 3188 3217 3189
f 3189 3217 3218
f 3189 3218 3190
f 3190 3218 3219
f 3190 3219 3191
f 3191 3219 3220
f 3191 3220 3192
f 3192 3220 3193
f 3192 3193 3165
f 3193 3221 3222
f 3193 3222 3194
f 3194 3222 3223
f 3194 3223 3195
f 3195 3223 3224
f 3195 3224 3196
f 3196 3224 3225
f 3196 3225 3197
f 3197 3225 3226
f 3197 3226 3198
f 3198 3226 3227
f 3198 3227 3199
f 3199 3227 3228
f 3199 3228 3200
f 3200 3228 3229
f 3200 3229 3201
f 3201 3229 3230
f 3201 3230 3202
f 3202 3230 3231
f 3202 3231 3203
f 3203 3231 3232
f 3203 3232 3204
f 3204 3232 3233
f 3204 3233 3205
f 3205 3233 3234
f 3205 3234 3206
f 3206 3234 3235
f 3206 3235 3207
f 3207 3235 3236
f 3207 3236 3208
f 3208 3236 3237
f 3208 3237 3209
f 3209 3237 3238
f 3209 3238 3210
f 3210 3238 3239
f 3210 3239 3211
f 3211 3239 3240
f 3211 3240 3212
f 3212 3240 3241
f 3212 3241 3213
f 3213 3241 3242
f 3213 3242 3214
f 3214 3242 3243
f 3214 3243 3215
f 3215 3243 3244
f 3215 3244 3216
f 3216 3244 3245
f 3216 3245 3217
f 3217 3245 3246
f 3217 3246 3218
f 3218 3246 3247
f 3218 3247 3219
f 3219 3247 3248
f 3219 3248 3220
f 3220 3248 3221
f 3220 3221 3193
f 3221 3249 3250
f 3221 3250 3222
f 3222 3250 3251
f 3222 3251 3223
f 3223 3251 3252
f 3223 3252 3224
f 3224 3252 3253
f 3224 3253 3225
f 3225 3253 3254
f 3225 3254 3226
f 3226 3254 3255
f 3226 3255 3227
f 3227 3255 3256
f 3227 3256 3228
f 3228 3256 3257
f 3228 3257 3229
f 3229 3257 3258
f 3229 3258 3230
f 3230 3258 3259
f 3230 3259 3231
f 3231 3259 3260
f 3231 3260 3232
f 3232 3260 3261
f 3232 3261 3233
f 3233 3261 3262
f 3233 3262 3234
f 3234 3262 3263
f 3234 3263 3235
f 3235 3263 3264
f 3235 3264 3236
f 3236 3264 3265
f 3236 3265 3237
f 3237 3265 3266
f 3237 3266 3238
f 3238 3266 3267
f 3238 3267 3239
f 3239 3267 3268
f 3239 3268 3240
f 3240 3268 3269
f 3240 3269 3241
f 3241 3269 3270
f 3241 3270 3242
f 3242 3270 3271
f 3242 3271 3243
f 3243 3271 3272
f 3243 3272 3244
f 3244 3272 3273
f 3244 3273 3245
f 3245 3273 3274
f 3245 3274 3246
f 3246 3274 3275
f 3246 3275 3247
f 3247 3275 3276
f 3247 3276 3248
f 3248 3276 3249
f 3248 3249 3221
f 3249 3277 3278
f 3249 3278 3250
f 3250 3278 3279
f 3250 3279 3251
f 3251 3279 3280
f 3251 3280 3252
f 3252 3280 3281
f 3252 3281 3253
f 3253 3281 3282
f 3253 3282 3254
f 3254 3282 3283
f 3254 3283 3255
f 3255 3283 3284
f 3255 3284 3256
f 3256 3284 3285
f 3256 3285 3257
f 3257 3285 3286
f 3257 3286 3258
f 3258 3286 3287
f 3258 3287 3259
f 3259 3287 3288
f 3259 3288 3260
f 3260 3288 3289
f 3260 3289 3261
f 3261 3289 3290
f 3261 3290 3262
f 3262 3290 3291
f 3262 3291 3263
f 3263 3291 3292
f 3263 3292 3264
f 3264 3292 3293
f 3264 3293 3265
f 3265 3293 3294
f 3265 3294 3266
f 3266 3294 3295
f 3266 3295 3267
f 3267 3295 3296
f 3267 3296 3268
f 3268 3296 3297
f 3268 3297 3269
f 3269 3297 3298
f 3269 3298 3270
f 3270 3298 3299
f 3270 3299 3271
f 3271 3299 3300
f 3271 3300 3272
f 3272 3300 3301
f 3272 3301 3273
f 3273 3301 3302
f 3273 3302 3274
f 3274 3302 3303
f 3274 3303 3275
f 3275 3303 3304
f 3275 3304 3276
f 3276 3304 3277
f 3276 3277 3249
f 3277 3305 3306
f 3277 3306 3278
f 3278 3306 3307
f 3278 3307 3279
f 3279 3307 3308
f 3279 3308 3280
f 3280 3308 3309
f 3280 3309 3281
f 3281 3309 3310
f 3281 3310 3282
f 3282 3310 3311
f 3282 3311 3283
f 3283 3311 3312
f 3283 3312 3284
f 3284 3312 3313
f 3284 3313 3285
f 3285 3313 3314
f 3285 3314 3286
f 3286 3314 3315
f 3286 3315 3287
f 3287 3315 3316
f 3287 3316 3288
f 3288 3316 3317
f 3288 3317 3289
f 3289 3317 3318
f 3289 3318 3290
f 3290 3318 3319
f 3290 3319 3291
f 3291 3319 3320
f 3291 3320 3292
f 3292 3320 3321
f 3292 3321 3293
f 3293 3321 3322
f 3293 3322 3294
f 3294 3322 3323
f 3294 3323 3295
f 3295 3323 3324
f 3295 3324 3296
f 3296 3324 3325
f 3296 3325 3297
f 3297 3325 3326
f 3297 3326 3298
f 3298 3326 3327
f 3298 3327 3299
f 3299 3327 3328
f 3299 3328 3300
f 3300 3328 3329
f 3300 3329 3301
f 3301 3329 3330
f 3301 3330 3302
f 3302 3330 3331
f 3302 3331 3303
f 3303 3331 3332
f 3303 3332 3304
f 3304 3332 3305
f 3304 3305 3277
f 3305 3333 3334
f 3305 3334 3306
f 3306 3334 3335
f 3306 3335 3307
f 3307 3335 3336
f 3307 3336 3308
f 3308 3336 3337
f 3308 3337 3309
f 3309 3337 3338
f 3309 3338 3310
f 3310 3338 3339
f 3310 3339 3311
f 3311 3339 3340
f 3311 3340 3312
f 3312 3340 3341
f 3312 3341 3313
f 3313 3341 3342
f 3313 3342 3314
f 3314 3342 3343
f 3314 3343 3315
f 3315 3343 3344
f 3315 3344 3316
f 3316 3344 3345
f 3316 3345 3317
f 3317 3345 3346
f 3317 3346 3318
f 3318 3346 3347
f 3318 3347 3319
f 3319 3347 3348
f 3319 3348 3320
f 3320 3348 3349
f 3320 3349 3321
f 3321 3349 3350
f 3321 3350 3322
f 3322 3350 3351
f 3322 3351 3323
f 3323 3351 3352
f 3323 3352 3324
f 3324 3352 3353
f 3324 3353 3325
f 3325 3353 3354
f 3325 3354 3326
f 3326 3354 3355
f 3326 3355 3327
f 3327 3355 3356
f 3327 3356 3328
f 3328 3356 3357
f 3328 3357 3329
f 3329 3357 3358
f 3329 3358 3330
f 3330 3358 3359
f 3330 3359 3331
f 3331 3359 3360
f 3331 3360 3332
f 3332 3360 3333
f 3332 3333 3305
f 3333 3361 3362
f 3333 3362 3334
f 3334 3362 3363
f 3334 3363 3335
f 3335 3363 3364
f 3335 3364 3336
f 3336 3364 3365
f 3336 3365 3337
f 3337 3365 3366
f 3337 3366 3338
f 3338 3366 3367
f 3338 3367 3339
f 3339 3367 3368
f 3339 3368 3340
f 3340 3368 3369
f 3340 3369 3341
f 3341 3369 3370
f 3341 3370 3342
f 3342 3370 3371
f 3342 3371 3343
f 3343 3371 3372
f 3343 3372 3344
f 3344 3372 3373
f 3344 3373 3345
f 3345 3373 3374
f 3345 3374 3346
f 3346 3374 3375
f 3346 3375 3347
f 3347 3375 3376
f 3347 3376 3348
f 3348 3376 3377
f 3348 3377 3349
f 3349 3377 3378
f 3349 3378 3350
f 3350 3378 3379
f 3350 3379 3351
f 3351 3379 3380
f 3351 3380 3352
f 3352 3380 3381
f 3352 3381 3353
f 3353 3381 3382
f 3353 3382 3354
f 3354 3382 3383
f 3354 3383 3355
f 3355 3383 3384
f 3355 3384 3356
f 3356 3384 3385
f 3356 3385 3357
f 3357 3385 3386
f 3357 3386 3358
f 3358 3386 3387
f 3358 3387 3359
f 3359 3387 3388
f 3359 3388 3360
f 3360 3388 3361
f 3360 3361 3333
f 3361 3389 3390
f 3361 3390 3362
f 3362 3390 3391
f 3362 3391 3363
f 3363 3391 3392
f 3363 3392 3364
f 3364 3392 3393
f 3364 3393 3365
f 3365 3393 3394
f 3365 3394 3366
f 3366 3394 3395
f 3366 3395 3367
f 3367 3395 3396
f 3367 3396 3368
f 3368 3396 3397
f 3368 3397 3369
f 3369 3397 3398
f 3369 3398 3370
f 3370 3398 3399
f 3370 3399 3371
f 3371 3399 3400
f 3371 3400 3372
f 3372 3400 3401
f 3372 3401 3373
f 3373 3401 3402
f 3373 3402 3374
f 3374 3402 3403
f 3374 3403 3375
f 3375 3403 3404
f 3375 3404 3376
f 3376 3404 3405
f 3376 3405 3377
f 3377 3405 3406
f 3377 3406 3378
f 3378 3406 3407
f 3378 3407 3379
f 3379 3407 3408
f 3379 3408 3380
f 3380 3408 3409
f 3380 3409 3381
f 3381 3409 3410
f 3381 3410 3382
f 3382 3410 3411
f 3382 3411 3383
f 3383 3411 3412
f 3383 3412 3384
f 3384 3412 3413
f 3384 3413 3385
f 3385 3413 3414
f 3385 3414 3386
f 3386 3414 3415
f 3386 3415 3387
f 3387 3415 3416
f 3387 3416 3388
f 3388 3416 3389
f 3388 3389 3361
f 3389 3417 3418
f 3389 3418 3390
f 3390 3418 3419
f 3390 3419 3391
f 3391 3419 3420
f 3391 3420 3392
f 3392 3420 3421
f 3392 3421 3393
f 3393 3421 3422
f 3393 3422 3394
f 3394 3422 3423
f 3394 3423 3395
f 3395 3423 3424
f 3395 3424 3396
f 3396 3424 3425
f 3396 3425 3397
f 3397 3425 3426
f 3397 3426 3398
f 3398 3426 3427
f 3398 3427 3399
f 3399 3427 3428
f 3399 3428 3400
f 3400 3428 3429
f 3400 3429 3401
f 3401 3429 3430
f 3401 3430 3402
f 3402 3430 3431
f 3402 3431 3403
f 3403 3431 3432
f 3403 3432 3404
f 3404 3432 3433
f 3404 3433 3405
f 3405 3433 3434
f 3405 3434 3406
f 3406 3434 3435
f 3406 3435 3407
f 3407 3435 3436
f 3407 3436 3408
f 3408 3436 3437
f 3408 3437 3409
f 3409 3437 3438
f 3409 3438 3410
f 3410 3438 3439
f 3410 3439 3411
f 3411 3439 3440
f 3411 3440 3412
f 3412 3440 3441
f 3412 3441 3413
f 3413 3441 3442
f 3413 3442 3414
f 3414 3442 3443
f 3414 3443 3415
f 3415 3443 3444
f 3415 3444 3416
f 3416 3444 3417
f 3416 3417 3389
f 3417 3445 3446
f 3417 3446 3418
f 3418 3446 3447
f 3418 3447 3419
f 3419 3447 3448
f 3419 3448 3420
f 3420 3448 3449
f 3420 3449 3421
f 3421 3449 3450
f 3421 3450 3422
f 3422 3450 3451
f 3422 3451 3423
f 3423 3451 3452
f 3423 3452 3424
f 3424 3452 3453
f 3424 3453 3425
f 3425 3453 3454
f 3425 3454 3426
f 3426 3454 3455
f 3426 3455 3427
f 3427 3455 3456
f 3427 3456 3428
f 3428 3456 3457
f 3428 3457 3429
f 3429 3457 3458
f 3429 3458 3430
f 3430 3458 3459
f 3430 3459 3431
f 3431 3459 3460
f 3431 3460 3432
f 3432 3460 3461
f 3432 3461 3433
f 3433 3461 3462
f 3433 3462 3434
f 3434 3462 3463
f 3434 3463 3435
f 3435 3463 3464
f 3435 3464 3436
f 3436 3464 3465
f 3436 3465 3437
f 3437 3465 3466
f 3437 3466 3438
f 3438 3466 3467
f 3438 3467 3439
f 3439 3467 3468
f 3439 3468 3440
f 3440 3468 3469
f 3440 3469 3441
f 3441 3469 3470
f 3441 3470 3442
f 3442 3470 3471
f 3442 3471 3443
f 3443 3471 3472
f 3443 3472 3444
f 3444 3472 3445
f 3444 3445 3417
f 3445 3473 3474
f 3445 3474 3446
f 3446 3474 3475
f 3446 3475 3447
f 3447 3475 3476
f 3447 3476 3448
f 3448 3476 3477
f 3448 3477 3449
f 3449 3477 3478
f 3449 3478 3450
f 3450 3478 3479
f 3450 3479 3451
f 3451 3479 3480
f 3451 3480 3452
f 3452 3480 3481
f 3452 3481 3453
f 3453 3481 3482
f 3453 3482 3454
f 3454 3482 3483
f 3454 3483 3455
f 3455 3483 3484
f 3455 3484 3456
f 3456 3484 3485
f 3456 3485 3457
f 3457 3485 3486
f 3457 3486 3458
f 3458 3486 3487
f 3458 3487 3459
f 3459 3487 3488
f 3459 3488 3460
f 3460 3488 3489
f 3460 3489 3461
f 3461 3489 3490
f 3461 3490 3462
f 3462 3490 3491
f 3462 3491 3463
f 3463 3491 3492
f 3463 3492 3464
f 3464 3492 3493
f 3464 3493 3465
f 3465 3493 3494
f 3465 3494 3466
f 3466 3494 3495
f 3466 3495 3467
f 3467 3495 3496
f 3467 3496 3468
f 3468 3496 3497
f 3468 3497 3469
f 3469 3497 3498
f 3469 3498 3470
f 3470 3498 3499
f 3470 3499 3471
f 3471 3499 3500
f 3471 3500 3472
f 3472 3500 3473
f 3472 3473 3445
f 3473 3501 3502
f 3473 3502 3474
f 3474 3502 3503
f 3474 3503 3475
f 3475 3503 3504
f 3475 3504 3476
f 3476 3504 3505
f 3476 3505 3477
f 3477 3505 3506
f 3477 3506 3478
f 3478 3506 3507
f 3478 3507 3479
f 3479 3507 3508
f 3479 3508 3480
f 3480 3508 3509
f 3480 3509 3481
f 3481 3509 3510
f 3481 3510 3482
f 3482 3510 3511
f 3482 3511 3483
f 3483 3511 3512
f 3483 3512 3484
f 3484 3512 3513
f 3484 3513 3485
f 3485 3513 3514
f 3485 3514 3486
f 3486 3514 3515
f 3486 3515 3487
f 3487 3515 3516
f 3487 3516 3488
f 3488 3516 3517
f 3488 3517 3489
f 3489 3517 3518
f 3489 3518 3490
f 3490 3518 3519
f 3490 3519 3491
f 3491 3519 3520
f 3491 3520 3492
f 3492 3520 3521
f 3492 3521 3493
f 3493 3521 3522
f 3493 3522 3494
f 3494 3522 3523
f 3494 3523 3495
f 3495 3523 3524
f 3495 3524 3496
f 3496 3524 3525
f 3496 3525 3497
f 3497 3525 3526
f 3497 3526 3498
f 3498 3526 3527
f 3498 3527 3499
f 3499 3527 3528
f 3499 3528 3500
f 3500 3528 3501
f 3500 3501 3473
f 3501 3529 3530
f 3501 3530 3502
f 3502 3530 3531
f 3502 3531 3503
f 3503 3531 3532
f 3503 3532 3504
f 3504 3532 3533
f 3504 3533 3505
f 3505 3533 3534
f 3505 3534 3506
f 3506 3534 3535
f 3506 3535 3507
f 3507 3535 3536
f 3507 3536 3508
f 3508 3536 3537
f 3508 3537 3509
f 3509 3537 3538
f 3509 3538 3510
f 3510 3538 3539
f 3510 3539 3511
f 3511 3539 3540
f 3511 3540 3512
f 3512 3540 3541
f 3512 3541 3513
f 3513 3541 3542
f 3513 3542 3514
f 3514 3542 3543
f 3514 3543 3515
f 3515 3543 3544
f 3515 3544 3516
f 3516 3544 3545
f 3516 3545 3517
f 3517 3545 3546
f 3517 3546 3518
f 3518 3546 3547
f 3518 3547 3519
f 3519 3547 3548
f 3519 3548 3520
f 3520 3548 3549
f 3520 3549 3521
f 3521 3549 3550
f 3521 3550 3522
f 3522 3550 3551
f 3522 3551 3523
f 3523 3551 3552
f 3523 3552 3524
f 3524 3552 3553
f 3524 3553 3525
f 3525 3553 3554
f 3525 3554 3526
f 3526 3554 3555
f 3526 3555 3527
f 3527 3555 3556
f 3527 3556 3528
f 3528 3556 3529
f 3528 3529 3501
f 3529 3557 3558
f 3529 3558 3530
f 3530 3558 3559
f 3530 3559 3531
f 3531 3559 3560
f 3531 3560 3532
f 3532 3560 3561
f 3532 3561 3533
f 3533 3561 3562
f 3533 3562 3534
f 3534 3562 3563
f 3534 3563 3535
f 3535 3563 3564
f 3535 3564 3536
f 3536 3564 3565
f 3536 3565 3537
f 3537 3565 3566
f 3537 3566 3538
f 3538 3566 3567
f 3538 3567 3539
f 3539 3567 3568
f 3539 3568 3540
f 3540 3568 3569
f 3540 3569 3541
f 3541 3569 3570
f 3541 3570 3542
f 3542 3570 3571
f 3542 3571 3543
f 3543 3571 3572
f 3543 3572 3544
f 3544 3572 3573
f 3544 3573 3545
f 3545 3573 3574
f 3545 3574 3546
f 3546 3574 3575
f 3546 3575 3547
f 3547 3575 3576
f 3547 3576 3548
f 3548 3576 3577
f 3548 3577 3549
f 3549 3577 3578
f 3549 3578 3550
f 3550 3578 3579
f 3550 3579 3551
f 3551 3579 3580
f 3551 3580 3552
f 3552 3580 3581
f 3552 3581 3553
f 3553 3581 3582
f 3553 3582 3554
f 3554 3582 3583
f 3554 3583 3555
f 3555 3583 3584
f 3555 3584 3556
f 3556 3584 3557
f 3556 3557 3529
f 3557 3585 3586
f 3557 3586 3558
f 3558 3586 3587
f 3558 3587 3559
f 3559 3587 3588
f 3559 3588 3560
f 3560 3588 3589
f 3560 3589 3561
f 3561 3589 3590
f 3561 3590 3562
f 3562 3590 3591
f 3562 3591 3563
f 3563 3591 3592
f 3563 3592 3564
f 3564 3592 3593
f 3564 3593 3565
f 3565 3593 3594
f 3565 3594 3566
f 3566 3594 3595
f 3566 3595 3567
f 3567 3595 3596
f 3567 3596 3568
f 3568 3596 3597
f 3568 3597 3569
f 3569 3597 3598
f 3569 3598 3570
f 3570 3598 3599
f 3570 3599 3571
f 3571 3599 3600
f 3571 3600 3572
f 3572 3600 3601
f 3572 3601 3573
f 3573 3601 3602
f 3573 3602 3574
f 3574 3602 3603
f 3574 3603 3575
f 3575 3603 3604
f 3575 3604 3576
f 3576 3604 3605
f 3576 3605 3577
f 3577 3605 3606
f 3577 3606 3578
f 3578 3606 3607
f 3578 3607 3579
f 3579 3607 3608
f 3579 3608 3580
f 3580 3608 3609
f 3580 3609 3581
f 3581 3609 3610
f 3581 3610 3582
f 3582 3610 3611
f 3582 3611 3583
f 3583 3611 3612
f 3583 3612 3584
f 3584 3612 3585
f 3584 3585 3557
f 3585 3613 3614
f 3585 3614 3586
f 3586 3614 3615
f 3586 3615 3587
f 3587 3615 3616
f 3587 3616 3588
f 3588 3616 3617
f 3588 3617 3589
f 3589 3617 3618
f 3589 3618 3590
f 3590 3618 3619
f 3590 3619 3591
f 3591 3619 3620
f 3591 3620 3592
f 3592 3620 3621
f 3592 3621 3593
f 3593 3621 3622
f 3593 3622 3594
f 3594 3622 3623
f 3594 3623 3595
f 3595 3623 3624
f 3595 3624 3596
f 3596 3624 3625
f 3596 3625 3597
f 3597 3625 3626
f 3597 3626 3598
f 3598 3626 3627
f 3598 3627 3599
f 3599 3627 3628
f 3599 3628 3600
f 3600 3628 3629
f 3600 3629 3601
f 3601 3629 3630
f 3601 3630 3602
f 3602 3630 3631
f 3602 3631 3603
f 3603 3631 3632
f 3603 3632 3604
f 3604 3632 3633
f 3604 3633 3605
f 3605 3633 3634
f 3605 3634 3606
f 3606 3634 3635
f 3606 3635 3607
f 3607 3635 3636
f 3607 3636 3608
f 3608 3636 3637
f 3608 3637 3609
f 3609 3637 3638
f 3609 3638 3610
f 3610 3638 3639
f 3610 3639 3611
f 3611 3639 3640
f 3611 3640 3612
f 3612 3640 3613
f 3612 3613 3585
f 3613 3641 3642
f 3613 3642 3614
f 3614 3642 3643
f 3614 3643 3615
f 3615 3643 3644
f 3615 3644 3616
f 3616 3644 3645
f 3616 3645 3617
f 3617 3645 3646
f 3617 3646 3618
f 3618 3646 3647
f 3618 3647 3619
f 3619 3647 3648
f 3619 3648 3620
f 3620 3648 3649
f 3620 3649 3621
f 3621 3649 3650
f 3621 3650 3622
f 3622 3650 3651
f 3622 3651 3623
f 3623 3651 3652
f 3623 3652 3624
f 3624 3652 3653
f 3624 3653 3625
f 3625 3653 3654
f 3625 3654 3626
f 3626 3654 3655
f 3626 3655 3627
f 3627 3655 3656
f 3627 3656 3628
f 3628 3656 3657
f 3628 3657 3629
f 3629 3657 3658
f 3629 3658 3630
f 3630 3658 3659
f 3630 3659 3631
f 3631 3659 3660
f 3631 3660 3632
f 3632 3660 3661
f 3632 3661 3633
f 3633 3661 3662
f 3633 3662 3634
f 3634 3662 3663
f 3634 3663 3635
f 3635 3663 3664
f 3635 3664 3636
f 3636 3664 3665
f 3636 3665 3637
f 3637 3665 3666
f 3637 3666 3638
f 3638 3666 3667
f 3638 3667 3639
f 3639 3667 3668
f 3639 3668 3640
f 3640 3668 3641
f 3640 3641 3613
f 3641 3669 3670
f 3641 3670 3642
f 3642 3670 3671
f 3642 3671 3643
f 3643 3671 3672
f 3643 3672 3644
f 3644 3672 3673
f 3644 3673 3645
f 3645 3673 3674
f 3645 3674 3646
f 3646 3674 3675
f 3646 3675 3647
f 3647 3675 3676
f 3647 3676 3648
f 3648 3676 3677
f 3648 3677 3649
f 3649 3677 3678
f 3649 3678 3650
f 3650 3678 3679
f 3650 3679 3651
f 3651 3679 3680
f 3651 3680 3652
f 3652 3680 3681
f 3652 3681 3653
f 3653 3681 3682
f 3653 3682 3654
f 3654 3682 3683
f 3654 3683 3655
f 3655 3683 3684
f 3655 3684 3656
f 3656 3684 3685
f 3656 3685 3657
f 3657 3685 3686
f 3657 3686 3658
f 3658 3686 3687
f 3658 3687 3659
f 3659 3687 3688
f 3659 3688 3660
f 3660 3688 3689
f 3660 3689 3661
f 3661 3689 3690
f 3661 3690 3662
f 3662 3690 3691
f 3662 3691 3663
f 3663 3691 3692
f 3663 3692 3664
f 3664 3692 3693
f 3664 3693 3665
f 3665 3693 3694
f 3665 3694 3666
f 3666 3694 3695
f 3666 3695 3667
f 3667 3695 3696
f 3667 3696 3668
f 3668 3696 3669
f 3668 3669 3641
f 3669 3697 3698
f 3669 3698 3670
f 3670 3698 3699
f 3670 3699 3671
f 3671 3699 3700
f 3671 3700 3672
f 3672 3700 3701
f 3672 3701 3673
f 3673 3701 3702
f 3673 3702 3674
f 3674 3702 3703
f 3674 3703 3675
f 3675 3703 3704
f 3675 3704 3676
f 3676 3704 3705
f 3676 3705 3677
f 3677 3705 3706
f 3677 3706 3678
f 3678 3706 3707
f 3678 3707 3679
f 3679 3707 3708
f 3679 3708 3680
f 3680 3708 3709
f 3680 3709 3681
f 3681 3709 3710
f 3681 3710 3682
f 3682 3710 3711
f 3682 3711 3683
f 3683 3711 3712
f 3683 3712 3684
f 3684 3712 3713
f 3684 3713 3685
f 3685 3713 3714
f 3685 3714 3686
f 3686 3714 3715
f 3686 3715 3687
f 3687 3715 3716
f 3687 3716 3688
f 3688 3716 3717
f 3688 3717 3689
f 3689 3717 3718
f 3689 3718 3690
f 3690 3718 3719
f 3690 3719 3691
f 3691 3719 3720
f 3691 3720 3692
f 3692 3720 3721
f 3692 3721 3693
f 3693 3721 3722
f 3693 3722 3694
f 3694 3722 3723
f 3694 3723 3695
f 3695 3723 3724
f 3695 3724 3696
f 3696 3724 3697
f 3696 3697 3669
f 3697 3725 3726
f 3697 3726 3698
f 3698 3726 3727
f 3698 3727 3699
f 3699 3727 3728
f 3699 3728 3700
f 3700 3728 3729
f 3700 3729 3701
f 3701 3729 3730
f 3701 3730 3702
f 3702 3730 3731
f 3702 3731 3703
f 3703 3731 3732
f 3703 3732 3704
f 3704 3732 3733
f 3704 3733 3705
f 3705 3733 3734
f 3705 3734 3706
f 3706 3734 3735
f 3706 3735 3707
f 3707 3735 3736
f 3707 3736 3708
f 3708 3736 3737
f 3708 3737 3709
f 3709 3737 3738
f 3709 3738 3710
f 3710 3738 3739
f 3710 3739 3711
f 3711 3739 3740
f 3711 3740 3712
f 3712 3740 3741
f 3712 3741 3713
f 3713 3741 3742
f 3713 3742 3714
f 3714 3742 3743
f 3714 3743 3715
f 3715 3743 3744
f 3715 3744 3716
f 3716 3744 3745
f 3716 3745 3717
f 3717 3745 3746
f 3717 3746 3718
f 3718 3746 3747
f 3718 3747 3719
f 3719 3747 3748
f 3719 3748 3720
f 3720 3748 3749
f 3720 3749 3721
f 3721 3749 3750
f 3721 3750 3722
f 3722 3750 3751
f 3722 3751 3723
f 3723 3751 3752
f 3723 3752 3724
f 3724 3752 3725
f 3724 3725 3697
f 3725 3753 3754
f 3725 3754 3726
f 3726 3754 3755
f 3726 3755 3727
f 3727 3755 3756
f 3727 3756 3728
f 3728 3756 3757
f 3728 3757 3729
f 3729 3757 3758
f 3729 3758 3730
f 3730 3758 3759
f 3730 3759 3731
f 3731 3759 3760
f 3731 3760 3732
f 3732 3760 3761
f 3732 3761 3733
f 3733 3761 3762
f 3733 3762 3734
f 3734 3762 3763
f 3734 3763 3735
f 3735 3763 3764
f 3735 3764 3736
f 3736 3764 3765
f 3736 3765 3737
f 3737 3765 3766
f 3737 3766 3738
f 3738 3766 3767
f 3738 3767 3739
f 3739 3767 3768
f 3739 3768 3740
f 3740 3768 3769
f 3740 3769 3741
f 3741 3769 3770
f 3741 3770 3742
f 3742 3770 3771
f 3742 3771 3743
f 3743 3771 3772
f 3743 3772 3744
f 3744 3772 3773
f 3744 3773 3745
f 3745 3773 3774
f 3745 3774 3746
f 3746 3774 3775
f 3746 3775 3747
f 3747 3775 3776
f 3747 3776 3748
f 3748 3776 3777
f 3748 3777 3749
f 3749 3777 3778
f 3749 3778 3750
f 3750 3778 3779
f 3750 3779 3751
f 3751 3779 3780
f 3751 3780 3752
f 3752 3780 3753
f 3752 3753 3725
f 3753 3781 3782
f 3753 3782 3754
f 3754 3782 3783
f 3754 3783 3755
f 3755 3783 3784
f 3755 3784 3756
f 3756 3784 3785
f 3756 3785 3757
f 3757 3785 3786
f 3757 3786 3758
f 3758 3786 3787
f 3758 3787 3759
f 3759 3787 3788
f 3759 3788 3760
f 3760 3788 3789
f 3760 3789 3761
f 3761 3789 3790
f 3761 3790 3762
f 3762 3790 3791
f 3762 3791 3763
f 3763 3791 3792
f 3763 3792 3764
f 3764 3792 3793
f 3764 3793 3765
f 3765 3793 3794
f 3765 3794 3766
f 3766 3794 3795
f 3766 3795 3767
f 3767 3795 3796
f 3767 3796 3768
f 3768 3796 3797
f 3768 3797 3769
f 3769 3797 3798
f 3769 3798 3770
f 3770 3798 3799
f 3770 3799 3771
f 3771 3799 3800
f 3771 3800 3772
f 3772 3800 3801
f 3772 3801 3773
f 3773 3801 3802
f 3773 3802 3774
f 3774 3802 3803
f 3774 3803 3775
f 3775 3803 3804
f 3775 3804 3776
f 3776 3804 3805
f 3776 3805 3777
f 3777 3805 3806
f 3777 3806 3778
f 3778 3806 3807
f 3778 3807 3779
f 3779 3807 3808
f 3779 3808 3780
f 3780 3808 3781
f 3780 3781 3753
f 3781 3809 3810
f 3781 3810 3782
f 3782 3810 3811
f 3782 3811 3783
f 3783 3811 3812
f 3783 3812 3784
f 3784 3812 3813
f 3784 3813 3785
f 3785 3813 3814
f 3785 3814 3786
f 3786 3814 3815
f 3786 3815 3787
f 3787 3815 3816
f 3787 3816 3788
f 3788 3816 3817
f 3788 3817 3789
f 3789 3817 3818
f 3789 3818 3790
f 3790 3818 3819
f 3790 3819 3791
f 3791 3819 3820
f 3791 3820 3792
f 3792 3820 3821
f 3792 3821 3793
f 3793 3821 3822
f 3793 3822 3794
f 3794 3822 3823
f 3794 3823 3795
f 3795 3823 3824
f 3795 3824 3796
f 3796 3824 3825
f 3796 3825 3797
f 3797 3825 3826
f 3797 3826 3798
f 3798 3826 3827
f 3798 3827 3799
f 3799 3827 3828
f 3799 3828 3800
f 3800 3828 3829
f 3800 3829 3801
f 3801 3829 3830
f 3801 3830 3802
f 3802 3830 3831
f 3802 3831 3803
f 3803 3831 3832
f 3803 3832 3804
f 3804 3832 3833
f 3804 3833 3805
f 3805 3833 3834
f 3805 3834 3806
f 3806 3834 3835
f 3806 3835 3807
f 3807 3835 3836
f 3807 3836 3808
f 3808 3836 3809
f 3808 3809 3781
f 3809 3837 3838
f 3809 3838 3810
f 3810 3838 3839
f 3810 3839 3811
f 3811 3839 3840
f 3811 3840 3812
f 3812 3840 3841
f 3812 3841 3813
f 3813 3841 3842
f 3813 3842 3814
f 3814 3842 3843
f 3814 3843 3815
f 3815 3843 3844
f 3815 3844 3816
f 3816 3844 3845
f 3816 3845 3817
f 3817 3845 3846
f 3817 3846 3818
f 3818 3846 3847
f 3818 3847 3819
f 3819 3847 3848
f 3819 3848 3820
f 3820 3848 3849
f 3820 3849 3821
f 3821 3849 3850
f 3821 3850 3822
f 3822 3850 3851
f 3822 3851 3823
f 3823 3851 3852
f 3823 3852 3824
f 3824 3852 3853
f 3824 3853 3825
f 3825 3853 3854
f 3825 3854 3826
f 3826 3854 3855
f 3826 3855 3827
f 3827 3855 3856
f 3827 3856 3828
f 3828 3856 3857
f 3828 3857 3829
f 3829 3857 3858
f 3829 3858 3830
f 3830 3858 3859
f 3830 3859 3831
f 3831 3859 3860
f 3831 3860 3832
f 3832 3860 3861
f 3832 3861 3833
f 3833 3861 3862
f 3833 3862 3834
f 3834 3862 3863
f 3834 3863 3835
f 3835 3863 3864
f 3835 3864 3836
f 3836 3864 3837
f 3836 3837 3809
f 3837 3865 3866
f 3837 3866 3838
f 3838 3866 3867
f 3838 3867 3839
f 3839 3867 3868
f 3839 3868 3840
f 3840 3868 3869
f 3840 3869 3841
f 3841 3869 3870
f 3841 3870 3842
f 3842 3870 3871
f 3842 3871 3843
f 3843 3871 3872
f 3843 3872 3844
f 3844 3872 3873
f 3844 3873 3845
f 3845 3873 3874
f 3845 3874 3846
f 3846 3874 3875
f 3846 3875 3847
f 3847 3875 3876
f 3847 3876 3848
f 3848 3876 3877
f 3848 3877 3849
f 3849 3877 3878
f 3849 3878 3850
f 3850 3878 3879
f 3850 3879 3851
f 3851 3879 3880
f 3851 3880 3852
f 3852 3880 3881
f 3852 3881 3853
f 3853 3881 3882
f 3853 3882 3854
f 3854 3882 3883
f 3854 3883 3855
f 3855 3883 3884
f 3855 3884 3856
f 3856 3884 3885
f 3856 3885 3857
f 3857 3885 3886
f 3857 3886 3858
f 3858 3886 3887
f 3858 3887 3859
f 3859 3887 3888
f 3859 3888 3860
f 3860 3888 3889
f 3860 3889 3861
f 3861 3889 3890
f 3861 3890 3862
f 3862 3890 3891
f 3862 3891 3863
f 3863 3891 3892
f 3863 3892 3864
f 3864 3892 3865
f 3864 3865 3837
f 3865 3893 3894
f 3865 3894 3866
f 3866 3894 3895
f 3866 3895 3867
f 3867 3895 3896
f 3867 3896 3868
f 3868 3896 3897
f 3868 3897 3869
f 3869 3897 3898
f 3869 3898 3870
f 3870 3898 3899
f 3870 3899 3871
f 3871 3899 3900
f 3871 3900 3872
f 3872 3900 3901
f 3872 3901 3873
f 3873 3901 3902
f 3873 3902 3874
f 3874 3902 3903
f 3874 3903 3875
f 3875 3903 3904
f 3875 3904 3876
f 3876 3904 3905
f 3876 3905 3877
f 3877 3905 3906
f 3877 3906 3878
f 3878 3906 3907
f 3878 3907 3879
f 3879 3907 3908
f 3879 3908 3880
f 3880 3908 3909
f 3880 3909 3881
f 3881 3909 3910
f 3881 3910 3882
f 3882 3910 3911
f 3882 3911 3883
f 3883 3911 3912
f 3883 3912 3884
f 3884 3912 3913
f 3884 3913 3885
f 3885 3913 3914
f 3885 3914 3886
f 3886 3914 3915
f 3886 3915 3887
f 3887 3915 3916
f 3887 3916 3888
f 3888 3916 3917
f 3888 3917 3889
f 3889 3917 3918
f 3889 3918 3890
f 3890 3918 3919
f 3890 3919 3891
f 3891 3919 3920
f 3891 3920 3892
f 3892 3920 3893
f 3892 3893 3865
f 3893 3921 3922
f 3893 3922 3894
f 3894 3922 3923
f 3894 3923 3895
f 3895 3923 3924
f 3895 3924 3896
f 3896 3924 3925
f 3896 3925 3897
f 3897 3925 3926
f 3897 3926 3898
f 3898 3926 3927
f 3898 3927 3899
f 3899 3927 3928
f 3899 3928 3900
f 3900 3928 3929
f 3900 3929 3901
f 3901 3929 3930
f 3901 3930 3902
f 3902 3930 3931
f 3902 3931 3903
f 3903 3931 3932
f 3903 3932 3904
f 3904 3932 3933
f 3904 3933 3905
f 3905 3933 3934
f 3905 3934 3906
f 3906 3934 3935
f 3906 3935 3907
f 3907 3935 3936
f 3907 3936 3908
f 3908 3936 3937
f 3908 3937 3909
f 3909 3937 3938
f 3909 3938 3910
f 3910 3938 3939
f 3910 3939 3911
f 3911 3939 3940
f 3911 3940 3912
f 3912 3940 3941
f 3912 3941 3913
f 3913 3941 3942
f 3913 3942 3914
f 3914 3942 3943
f 3914 3943 3915
f 3915 3943 3944
f 3915 3944 3916
f 3916 3944 3945
f 3916 3945 3917
f 3917 3945 3946
f 3917 3946 3918
f 3918 3946 3947
f 3918 3947 3919
f 3919 3947 3948
f 3919 3948 3920
f 3920 3948 3921
f 3920 3921 3893
f 3921 3949 3950
f 3921 3950 3922
f 3922 3950 3951
f 3922 3951 3923
f 3923 3951 3952
f 3923 3952 3924
f 3924 3952 3953
f 3924 3953 3925
f 3925 3953 3954
f 3925 3954 3926
f 3926 3954 3955
f 3926 3955 3927
f 3927 3955 3956
f 3927 3956 3928
f 3928 3956 3957
f 3928 3957 3929
f 3929 3957 3958
f 3929 3958 3930
f 3930 3958 3959
f 3930 3959 3931
f 3931 3959 3960
f 3931 3960 3932
f 3932 3960 3961
f 3932 3961 3933
f 3933 3961 3962
f 3933 3962 3934
f 3934 3962 3963
f 3934 3963 3935
f 3935 3963 3964
f 3935 3964 3936
f 3936 3964 3965
f 3936 3965 3937
f 3937 3965 3966
f 3937 3966 3938
f 3938 3966 3967
f 3938 3967 3939
f 3939 3967 3968
f 3939 3968 3940
f 3940 3968 3969
f 3940 3969 3941
f 3941 3969 3970
f 3941 3970 3942
f 3942 3970 3971
f 3942 3971 3943
f 3943 3971 3972
f 3943 3972 3944
f 3944 3972 3973
f 3944 3973 3945
f 3945 3973 3974
f 3945 3974 3946
f 3946 3974 3975
f 3946 3975 3947
f 3947 3975 3976
f 3947 3976 3948
f 3948 3976 3949
f 3948 3949 3921
f 3949 3977 3978
f 3949 3978 3950
f 3950 3978 3979
f 3950 3979 3951
f 3951 3979 3980
f 3951 3980 3952
f 3952 3980 3981
f 3952 3981 3953
f 3953 3981 3982
f 3953 3982 3954
f 3954 3982 3983
f 3954 3983 3955
f 3955 3983 3984
f 3955 3984 3956
f 3956 3984 3985
f 3956 3985 3957
f 3957 3985 3986
f 3957 3986 3958
f 3958 3986 3987
f 3958 3987 3959
f 3959 3987 3988
f 3959 3988 3960
f 3960 3988 3989
f 3960 3989 3961
f 3961 3989 3990
f 3961 3990 3962
f 3962 3990 3991
f 3962 3991 3963
f 3963 3991 3992
f 3963 3992 3964
f 3964 3992 3993
f 3964 3993 3965
f 3965 3993 3994
f 3965 3994 3966
f 3966 3994 3995
f 3966 3995 3967
f 3967 3995 3996
f 3967 3996 3968
f 3968 3996 3997
f 3968 3997 3969
f 3969 3997 3998
f 3969 3998 3970
f 3970 3998 3999
f 3970 3999 3971
f 3971 3999 4000
f 3971 4000 3972
f 3972 4000 4001
f 3972 4001 3973
f 3973 4001 4002
f 3973 4002 3974
f 3974 4002 4003
f 3974 4003 3975
f 3975 4003 4004
f 3975 4004 3976
f 3976 4004 3977
f 3976 3977 3949
f 3977 4005 4006
f 3977 4006 3978
f 3978 4006 4007
f 3978 4007 3979
f 3979 4007 4008
f 3979 4008 3980
f 3980 4008 4009
f 3980 4009 3981
f 3981 4009 4010
f 3981 4010 3982
f 3982 4010 4011
f 3982 4011 3983
f 3983 4011 4012
f 3983 4012 3984
f 3984 4012 4013
f 3984 4013 3985
f 3985 4013 4014
f 3985 4014 3986
f 3986 4014 4015
f 3986 4015 3987
f 3987 4015 4016
f 3987 4016 3988
f 3988 4016 4017
f 3988 4017 3989
f 3989 4017 4018
f 3989 4018 3990
f 3990 4018 4019
f 3990 4019 3991
f 3991 4019 4020
f 3991 4020 3992
f 3992 4020 4021
f 3992 4021 3993
f 3993 4021 4022
f 3993 4022 3994
f 3994 4022 4023
f 3994 4023 3995
f 3995 4023 4024
f 3995 4024 3996
f 3996 4024 4025
f 3996 4025 3997
f 3997 4025 4026
f 3997 4026 3998
f 3998 4026 4027
f 3998 4027 3999
f 3999 4027 4028
f 3999 4028 4000
f 4000 4028 4029
f 4000 4029 4001
f 4001 4029 4030
f 4001 4030 4002
f 4002 4030 4031
f 4002 4031 4003
f 4003 4031 4032
f 4003 4032 4004
f 4004 4032 4005
f 4004 4005 3977
f 4005 4033 4034
f 4005 4034 4006
f 4006 4034 4035
f 4006 4035 4007
f 4007 4035 4036
f 4007 4036 4008
f 4008 4036 4037
f 4008 4037 4009
f 4009 4037 4038
f 4009 4038 4010
f 4010 4038 4039
f 4010 4039 4011
f 4011 4039 4040
f 4011 4040 4012
f 4012 4040 4041
f 4012 4041 4013
f 4013 4041 4042
f 4013 4042 4014
f 4014 4042 4043
f 4014 4043 4015
f 4015 4043 4044
f 4015 4044 4016
f 4016 4044 4045
f 4016 4045 4017
f 4017 4045 4046
f 4017 4046 4018
f 4018 4046 4047
f 4018 4047 4019
f 4019 4047 4048
f 4019 4048 4020
f 4020 4048 4049
f 4020 4049 4021
f 4021 4049 4050
f 4021 4050 4022
f 4022 4050 4051
f 4022 4051 4023
f 4023 4051 4052
f 4023 4052 4024
f 4024 4052 4053
f 4024 4053 4025
f 4025 4053 4054
f 4025 4054 4026
f 4026 4054 4055
f 4026 4055 4027
f 4027 4055 4056
f 4027 4056 4028
f 4028 4056 4057
f 4028 4057 4029
f 4029 4057 4058
f 4029 4058 4030
f 4030 4058 4059
f 4030 4059 4031
f 4031 4059 4060
f 4031 4060 4032
f 4032 4060 4033
f 4032 4033 4005
f 4033 4061 4062
f 4033 4062 4034
f 4034 4062 4063
f 4034 4063 4035
f 4035 4063 4064
f 4035 4064 4036
f 4036 4064 4065
f 4036 4065 4037
f 4037 4065 4066
f 4037 4066 4038
f 4038 4066 4067
f 4038 4067 4039
f 4039 4067 4068
f 4039 4068 4040
f 4040 4068 4069
f 4040 4069 4041
f 4041 4069 4070
f 4041 4070 4042
f 4042 4070 4071
f 4042 4071 4043
f 4043 4071 4072
f 4043 4072 4044
f 4044 4072 4073
f 4044 4073 4045
f 4045 4073 4074
f 4045 4074 4046
f 4046 4074 4075
f 4046 4075 4047
f 4047 4075 4076
f 4047 4076 4048
f 4048 4076 4077
f 4048 4077 4049
f 4049 4077 4078
f 4049 4078 4050
f 4050 4078 4079
f 4050 4079 4051
f 4051 4079 4080
f 4051 4080 4052
f 4052 4080 4081
f 4052 4081 4053
f 4053 4081 4082
f 4053 4082 4054
f 4054 4082 4083
f 4054 4083 4055
f 4055 4083 4084
f 4055 4084 4056
f 4056 4084 4085
f 4056 4085 4057
f 4057 4085 4086
f 4057 4086 4058
f 4058 4086 4087
f 4058 4087 4059
f 4059 4087 4088
f 4059 4088 4060
f 4060 4088 4061
f 4060 4061 4033
f 4061 4089 4090
f 4061 4090 4062
f 4062 4090 4091
f 4062 4091 4063
f 4063 4091 4092
f 4063 4092 4064
f 4064 4092 4093
f 4064 4093 4065
f 4065 4093 4094
f 4065 4094 4066
f 4066 4094 4095
f 4066 4095 4067
f 4067 4095 4096
f 4067 4096 4068
f 4068 4096 4097
f 4068 4097 4069
f 4069 4097 4098
f 4069 4098 4070
f 4070 4098 4099
f 4070 4099 4071
f 4071 4099 4100
f 4071 4100 4072
f 4072 4100 4101
f 4072 4101 4073
f 4073 4101 4102
f 4073 4102 4074
f 4074 4102 4103
f 4074 4103 4075
f 4075 4103 4104
f 4075 4104 4076
f 4076 4104 4105
f 4076 4105 4077
f 4077 4105 4106
f 4077 4106 4078
f 4078 4106 4107
f 4078 4107 4079
f 4079 4107 4108
f 4079 4108 4080
f 4080 4108 4109
f 4080 4109 4081
f 4081 4109 4110
f 4081 4110 4082
f 4082 4110 4111
f 4082 4111 4083
f 4083 4111 4112
f 4083 4112 4084
f 4084 4112 4113
f 4084 4113 4085
f 4085 4113 4114
f 4085 4114 4086
f 4086 4114 4115
f 4086 4115 4087
f 4087 4115 4116
f 4087 4116 4088
f 4088 4116 4089
f 4088 4089 4061
f 4089 4117 4118
f 4089 4118 4090
f 4090 4118 4119
f 4090 4119 4091
f 4091 4119 4120
f 4091 4120 4092
f 4092 4120 4121
f 4092 4121 4093
f 4093 4121 4122
f 4093 4122 4094
f 4094 4122 4123
f 4094 4123 4095
f 4095 4123 4124
f 4095 4124 4096
f 4096 4124 4125
f 4096 4125 4097
f 4097 4125 4126
f 4097 4126 4098
f 4098 4126 4127
f 4098 4127 4099
f 4099 4127 4128
f 4099 4128 4100
f 4100 4128 4129
f 4100 4129 4101
f 4101 4129 4130
f 4101 4130 4102
f 4102 4130 4131
f 4102 4131 4103
f 4103 4131 4132
f 4103 4132 4104
f 4104 4132 4133
f 4104 4133 4105
f 4105 4133 4134
f 4105 4134 4106
f 4106 4134 4135
f 4106 4135 4107
f 4107 4135 4136
f 4107 4136 4108
f 4108 4136 4137
f 4108 4137 4109
f 4109 4137 4138
f 4109 4138 4110
f 4110 4138 4139
f 4110 4139 4111
f 4111 4139 4140
f 4111 4140 4112
f 4112 4140 4141
f 4112 4141 4113
f 4113 4141 4142
f 4113 4142 4114
f 4114 4142 4143
f 4114 4143 4115
f 4115 4143 4144
f 4115 4144 4116
f 4116 4144 4117
f 4116 4117 4089
f 4117 4145 4146
f 4117 4146 4118
f 4118 4146 4147
f 4118 4147 4119
f 4119 4147 4148
f 4119 4148 4120
f 4120 4148 4149
f 4120 4149 4121
f 4121 4149 4150
f 4121 4150 4122
f 4122 4150 4151
f 4122 4151 4123
f 4123 4151 4152
f 4123 4152 4124
f 4124 4152 4153
f 4124 4153 4125
f 4125 4153 4154
f 4125 4154 4126
f 4126 4154 4155
f 4126 4155 4127
f 4127 4155 4156
f 4127 4156 4128
f 4128 4156 4157
f 4128 4157 4129
f 4129 4157 4158
f 4129 4158 4130
f 4130 4158 4159
f 4130 4159 4131
f 4131 4159 4160
f 4131 4160 4132
f 4132 4160 4161
f 4132 4161 4133
f 4133 4161 4162
f 4133 4162 4134
f 4134 4162 4163
f 4134 4163 4135
f 4135 4163 4164
f 4135 4164 4136
f 4136 4164 4165
f 4136 4165 4137
f 4137 4165 4166
f 4137 4166 4138
f 4138 4166 4167
f 4138 4167 4139
f 4139 4167 4168
f 4139 4168 4140
f 4140 4168 4169
f 4140 4169 4141
f 4141 4169 4170
f 4141 4170 4142
f 4142 4170 4171
f 4142 4171 4143
f 4143 4171 4172
f 4143 4172 4144
f 4144 4172 4145
f 4144 4145 4117
f 4145 4173 4174
f 4145 4174 4146
f 4146 4174 4175
f 4146 4175 4147
f 4147 4175 4176
f 4147 4176 4148
f 4148 4176 4177
f 4148 4177 4149
f 4149 4177 4178
f 4149 4178 4150
f 4150 4178 4179
f 4150 4179 4151
f 4151 4179 4180
f 4151 4180 4152
f 4152 4180 4181
f 4152 4181 4153
f 4153 4181 4182
f 4153 4182 4154
f 4154 4182 4183
f 4154 4183 4155
f 4155 4183 4184
f 4155 4184 4156
f 4156 4184 4185
f 4156 4185 4157
f 4157 4185 4186
f 4157 4186 4158
f 4158 4186 4187
f 4158 4187 4159
f 4159 4187 4188
f 4159 4188 4160
f 4160 4188 4189
f 4160 4189 4161
f 4161 4189 4190
f 4161 4190 4162
f 4162 4190 4191
f 4162 4191 4163
f 4163 4191 4192
f 4163 4192 4164
f 4164 4192 4193
f 4164 4193 4165
f 4165 4193 4194
f 4165 4194 4166
f 4166 4194 4195
f 4166 4195 4167
f 4167 4195 4196
f 4167 4196 4168
f 4168 4196 4197
f 4168 4197 4169
f 4169 4197 4198
f 4169 4198 4170
f 4170 4198 4199
f 4170 4199 4171
f 4171 4199 4200
f 4171 4200 4172
f 4172 4200 4173
f 4172 4173 4145
f 4173 4201 4202
f 4173 4202 4174
f 4174 4202 4203
f 4174 4203 4175
f 4175 4203 4204
f 4175 4204 4176
f 4176 4204 4205
f 4176 4205 4177
f 4177 4205 4206
f 4177 4206 4178
f 4178 4206 4207
f 4178 4207 4179
f 4179 4207 4208
f 4179 4208 4180
f 4180 4208 4209
f 4180 4209 4181
f 4181 4209 4210
f 4181 4210 4182
f 4182 4210 4211
f 4182 4211 4183
f 4183 4211 4212
f 4183 4212 4184
f 4184 4212 4213
f 4184 4213 4185
f 4185 4213 4214
f 4185 4214 4186
f 4186 4214 4215
f 4186 4215 4187
f 4187 4215 4216
f 4187 4216 4188
f 4188 4216 4217
f 4188 4217 4189
f 4189 4217 4218
f 4189 4218 4190
f 4190 4218 4219
f 4190 4219 4191
f 4191 4219 4220
f 4191 4220 4192
f 4192 4220 4221
f 4192 4221 4193
f 4193 4221 4222
f 4193 4222 4194
f 4194 4222 4223
f 4194 4223 4195
f 4195 4223 4224
f 4195 4224 4196
f 4196 4224 4225
f 4196 4225 4197
f 4197 4225 4226
f 4197 4226 4198
f 4198 4226 4227
f 4198 4227 4199
f 4199 4227 4228
f 4199 4228 4200
f 4200 4228 4201
f 4200 4201 4173
f 4201 4229 4230
f 4201 4230 4202
f 4202 4230 4231
f 4202 4231 4203
f 4203 4231 4232
f 4203 4232 4204
f 4204 4232 4233
f 4204 4233 4205
f 4205 4233 4234
f 4205 4234 4206
f 4206 4234 4235
f 4206 4235 4207
f 4207 4235 4236
f 4207 4236 4208
f 4208 4236 4237
f 4208 4237 4209
f 4209 4237 4238
f 4209 4238 4210
f 4210 4238 4239
f 4210 4239 4211
f 4211 4239 4240
f 4211 4240 4212
f 4212 4240 4241
f 4212 4241 4213
f 4213 4241 4242
f 4213 4242 4214
f 4214 4242 4243
f 4214 4243 4215
f 4215 4243 4244
f 4215 4244 4216
f 4216 4244 4245
f 4216 4245 4217
f 4217 4245 4246
f 4217 4246 4218
f 4218 4246 4247
f 4218 4247 4219
f 4219 4247 4248
f 4219 4248 4220
f 4220 4248 4249
f 4220 4249 4221
f 4221 4249 4250
f 4221 4250 4222
f 4222 4250 4251
f 4222 4251 4223
f 4223 4251 4252
f 4223 4252 4224
f 4224 4252 4253
f 4224 4253 4225
f 4225 4253 4254
f 4225 4254 4226
f 4226 4254 4255
f 4226 4255 4227
f 4227 4255 4256
f 4227 4256 4228
f 4228 4256 4229
f 4228 4229 4201
f 4229 4257 4258
f 4229 4258 4230
f 4230 4258 4259
f 4230 4259 4231
f 4231 4259 4260
f 4231 4260 4232
f 4232 4260 4261
f 4232 4261 4233
f 4233 4261 4262
f 4233 4262 4234
f 4234 4262 4263
f 4234 4263 4235
f 4235 4263 4264
f 4235 4264 4236
f 4236 4264 4265
f 4236 4265 4237
f 4237 4265 4266
f 4237 4266 4238
f 4238 4266 4267
f 4238 4267 4239
f 4239 4267 4268
f 4239 4268 4240
f 4240 4268 4269
f 4240 4269 4241
f 4241 4269 4270
f 4241 4270 4242
f 4242 4270 4271
f 4242 4271 4243
f 4243 4271 4272
f 4243 4272 4244
f 4244 4272 4273
f 4244 4273 4245
f 4245 4273 4274
f 4245 4274 4246
f 4246 4274 4275
f 4246 4275 4247
f 4247 4275 4276
f 4247 4276 4248
f 4248 4276 4277
f 4248 4277 4249
f 4249 4277 4278
f 4249 4278 4250
f 4250 4278 4279
f 4250 4279 4251
f 4251 4279 4280
f 4251 4280 4252
f 4252 4280 4281
f 4252 4281 4253
f 4253 4281 4282
f 4253 4282 4254
f 4254 4282 4283
f 4254 4283 4255
f 4255 4283 4284
f 4255 4284 4256
f 4256 4284 4257
f 4256 4257 4229
f 4257 4285 4286
f 4257 4286 4258
f 4258 4286 4287
f 4258 4287 4259
f 4259 4287 4288
f 4259 4288 4260
f 4260 4288 4289
f 4260 4289 4261
f 4261 4289 4290
f 4261 4290 4262
f 4262 4290 4291
f 4262 4291 4263
f 4263 4291 4292
f 4263 4292 4264
f 4264 4292 4293
f 4264 4293 4265
f 4265 4293 4294
f 4265 4294 4266
f 4266 4294 4295
f 4266 4295 4267
f 4267 4295 4296
f 4267 4296 4268
f 4268 4296 4297
f 4268 4297 4269
f 4269 4297 4298
f 4269 4298 4270
f 4270 4298 4299
f 4270 4299 4271
f 4271 4299 4300
f 4271 4300 4272
f 4272 4300 4301
f 4272 4301 4273
f 4273 4301 4302
f 4273 4302 4274
f 4274 4302 4303
f 4274 4303 4275
f 4275 4303 4304
f 4275 4304 4276
f 4276 4304 4305
f 4276 4305 4277
f 4277 4305 4306
f 4277 4306 4278
f 4278 4306 4307
f 4278 4307 4279
f 4279 4307 4308
f 4279 4308 4280
f 4280 4308 4309
f 4280 4309 4281
f 4281 4309 4310
f 4281 4310 4282
f 4282 4310 4311
f 4282 4311 4283
f 4283 4311 4312
f 4283 4312 4284
f 4284 4312 4285
f 4284 4285 4257
f 4285 4313 4314
f 4285 4314 4286
f 4286 4314 4315
f 4286 4315 4287
f 4287 4315 4316
f 4287 4316 4288
f 4288 4316 4317
f 4288 4317 4289
f 4289 4317 4318
f 4289 4318 4290
f 4290 4318 4319
f 4290 4319 4291
f 4291 4319 4320
f 4291 4320 4292
f 4292 4320 4321
f 4292 4321 4293
f 4293 4321 4322
f 4293 4322 4294
f 4294 4322 4323
f 4294 4323 4295
f 4295 4323 4324
f 4295 4324 4296
f 4296 4324 4325
f 4296 4325 4297
f 4297 4325 4326
f 4297 4326 4298
f 4298 4326 4327
f 4298 4327 4299
f 4299 4327 4328
f 4299 4328 4300
f 4300 4328 4329
f 4300 4329 4301
f 4301 4329 4330
f 4301 4330 4302
f 4302 4330 4331
f 4302 4331 4303
f 4303 4331 4332
f 4303 4332 4304
f 4304 4332 4333
f 4304 4333 4305
f 4305 4333 4334
f 4305 4334 4306
f 4306 4334 4335
f 4306 4335 4307
f 4307 4335 4336
f 4307 4336 4308
f 4308 4336 4337
f 4308 4337 4309
f 4309 4337 4338
f 4309 4338 4310
f 4310 4338 4339
f 4310 4339 4311
f 4311 4339 4340
f 4311 4340 4312
f 4312 4340 4313
f 4312 4313 4285
f 4313 4341 4342
f 4313 4342 4314
f 4314 4342 4343
f 4314 4343 4315
f 4315 4343 4344
f 4315 4344 4316
f 4316 4344 4345
f 4316 4345 4317
f 4317 4345 4346
f 4317 4346 4318
f 4318 4346 4347
f 4318 4347 4319
f 4319 4347 4348
f 4319 4348 4320
f 4320 4348 4349
f 4320 4349 4321
f 4321 4349 4350
f 4321 4350 4322
f 4322 4350 4351
f 4322 4351 4323
f 4323 4351 4352
f 4323 4352 4324
f 4324 4352 4353
f 4324 4353 4325
f 4325 4353 4354
f 4325 4354 4326
f 4326 4354 4355
f 4326 4355 4327
f 4327 4355 4356
f 4327 4356 4328
f 4328 4356 4357
f 4328 4357 4329
f 4329 4357 4358
f 4329 4358 4330
f 4330 4358 4359
f 4330 4359 4331
f 4331 4359 4360
f 4331 4360 4332
f 4332 4360 4361
f 4332 4361 4333
f 4333 4361 4362
f 4333 4362 4334
f 4334 4362 4363
f 4334 4363 4335
f 4335 4363 4364
f 4335 4364 4336
f 4336 4364 4365
f 4336 4365 4337
f 4337 4365 4366
f 4337 4366 4338
f 4338 4366 4367
f 4338 4367 4339
f 4339 4367 4368
f 4339 4368 4340
f 4340 4368 4341
f 4340 4341 4313
f 4341 4369 4370
f 4341 4370 4342
f 4342 4370 4371
f 4342 4371 4343
f 4343 4371 4372
f 4343 4372 4344
f 4344 4372 4373
f 4344 4373 4345
f 4345 4373 4374
f 4345 4374 4346
f 4346 4374 4375
f 4346 4375 4347
f 4347 4375 4376
f 4347 4376 4348
f 4348 4376 4377
f 4348 4377 4349
f 4349 4377 4378
f 4349 4378 4350
f 4350 4378 4379
f 4350 4379 4351
f 4351 4379 4380
f 4351 4380 4352
f 4352 4380 4381
f 4352 4381 4353
f 4353 4381 4382
f 4353 4382 4354
f 4354 4382 4383
f 4354 4383 4355
f 4355 4383 4384
f 4355 4384 4356
f 4356 4384 4385
f 4356 4385 4357
f 4357 4385 4386
f 4357 4386 4358
f 4358 4386 4387
f 4358 4387 4359
f 4359 4387 4388
f 4359 4388 4360
f 4360 4388 4389
f 4360 4389 4361
f 4361 4389 4390
f 4361 4390 4362
f 4362 4390 4391
f 4362 4391 4363
f 4363 4391 4392
f 4363 4392 4364
f 4364 4392 4393
f 4364 4393 4365
f 4365 4393 4394
f 4365 4394 4366
f 4366 4394 4395
f 4366 4395 4367
f 4367 4395 4396
f 4367 4396 4368
f 4368 4396 4369
f 4368 4369 4341
f 4369 4397 4398
f 4369 4398 4370
f 4370 4398 4399
f 4370 4399 4371
f 4371 4399 4400
f 4371 4400 4372
f 4372 4400 4401
f 4372 4401 4373
f 4373 4401 4402
f 4373 4402 4374
f 4374 4402 4403
f 4374 4403 4375
f 4375 4403 4404
f 4375 4404 4376
f 4376 4404 4405
f 4376 4405 4377
f 4377 4405 4406
f 4377 4406 4378
f 4378 4406 4407
f 4378 4407 4379
f 4379 4407 4408
f 4379 4408 4380
f 4380 4408 4409
f 4380 4409 4381
f 4381 4409 4410
f 4381 4410 4382
f 4382 4410 4411
f 4382 4411 4383
f 4383 4411 4412
f 4383 4412 4384
f 4384 4412 4413
f 4384 4413 4385
f 4385 4413 4414
f 4385 4414 4386
f 4386 4414 4415
f 4386 4415 4387
f 4387 4415 4416
f 4387 4416 4388
f 4388 4416 4417
f 4388 4417 4389
f 4389 4417 4418
f 4389 4418 4390
f 4390 4418 4419
f 4390 4419 4391
f 4391 4419 4420
f 4391 4420 4392
f 4392 4420 4421
f 4392 4421 4393
f 4393 4421 4422
f 4393 4422 4394
f 4394 4422 4423
f 4394 4423 4395
f 4395 4423 4424
f 4395 4424 4396
f 4396 4424 4397
f 4396 4397 4369
f 4397 4425 4426
f 4397 4426 4398
f 4398 4426 4427
f 4398 4427 4399
f 4399 4427 4428
f 4399 4428 4400
f 4400 4428 4429
f 4400 4429 4401
f 4401 4429 4430
f 4401 4430 4402
f 4402 4430 4431
f 4402 4431 4403
f 4403 4431 4432
f 4403 4432 4404
f 4404 4432 4433
f 4404 4433 4405
f 4405 4433 4434
f 4405 4434 4406
f 4406 4434 4435
f 4406 4435 4407
f 4407 4435 4436
f 4407 4436 4408
f 4408 4436 4437
f 4408 4437 4409
f 4409 4437 4438
f 4409 4438 4410
f 4410 4438 4439
f 4410 4439 4411
f 4411 4439 4440
f 4411 4440 4412
f 4412 4440 4441
f 4412 4441 4413
f 4413 4441 4442
f 4413 4442 4414
f 4414 4442 4443
f 4414 4443 4415
f 4415 4443 4444
f 4415 4444 4416
f 4416 4444 4445
f 4416 4445 4417
f 4417 4445 4446
f 4417 4446 4418
f 4418 4446 4447
f 4418 4447 4419
f 4419 4447 4448
f 4419 4448 4420
f 4420 4448 4449
f 4420 4449 4421
f 4421 4449 4450
f 4421 4450 4422
f 4422 4450 4451
f 4422 4451 4423
f 4423 4451 4452
f 4423 4452 4424
f 4424 4452 4425
f 4424 4425 4397
f 4425 4453 4454
f 4425 4454 4426
f 4426 4454 4455
f 4426 4455 4427
f 4427 4455 4456
f 4427 4456 4428
f 4428 4456 4457
f 4428 4457 4429
f 4429 4457 4458
f 4429 4458 4430
f 4430 4458 4459
f 4430 4459 4431
f 4431 4459 4460
f 4431 4460 4432
f 4432 4460 4461
f 4432 4461 4433
f 4433 4461 4462
f 4433 4462 4434
f 4434 4462 4463
f 4434 4463 4435
f 4435 4463 4464
f 4435 4464 4436
f 4436 4464 4465
f 4436 4465 4437
f 4437 4465 4466
f 4437 4466 4438
f 4438 4466 4467
f 4438 4467 4439
f 4439 4467 4468
f 4439 4468 4440
f 4440 4468 4469
f 4440 4469 4441
f 4441 4469 4470
f 4441 4470 4442
f 4442 4470 4471
f 4442 4471 4443
f 4443 4471 4472
f 4443 4472 4444
f 4444 4472 4473
f 4444 4473 4445
f 4445 4473 4474
f 4445 4474 4446
f 4446 4474 4475
f 4446 4475 4447
f 4447 4475 4476
f 4447 4476 4448
f 4448 4476 4477
f 4448 4477 4449
f 4449 4477 4478
f 4449 4478 4450
f 4450 4478 4479
f 4450 4479 4451
f 4451 4479 4480
f 4451 4480 4452
f 4452 4480 4453
f 4452 4453 4425
f 4453 4481 4482
f 4453 4482 4454
f 4454 4482 4483
f 4454 4483 4455
f 4455 4483 4484
f 4455 4484 4456
f 4456 4484 4485
f 4456 4485 4457
f 4457 4485 4486
f 4457 4486 4458
f 4458 4486 4487
f 4458 4487 4459
f 4459 4487 4488
f 4459 4488 4460
f 4460 4488 4489
f 4460 4489 4461
f 4461 4489 4490
f 4461 4490 4462
f 4462 4490 4491
f 4462 4491 4463
f 4463 4491 4492
f 4463 4492 4464
f 4464 4492 4493
f 4464 4493 4465
f 4465 4493 4494
f 4465 4494 4466
f 4466 4494 4495
f 4466 4495 4467
f 4467 4495 4496
f 4467 4496 4468
f 4468 4496 4497
f 4468 4497 4469
f 4469 4497 4498
f 4469 4498 4470
f 4470 4498 4499
f 4470 4499 4471
f 4471 4499 4500
f 4471 4500 4472
f 4472 4500 4501
f 4472 4501 4473
f 4473 4501 4502
f 4473 4502 4474
f 4474 4502 4503
f 4474 4503 4475
f 4475 4503 4504
f 4475 4504 4476
f 4476 4504 4505
f 4476 4505 4477
f 4477 4505 4506
f 4477 4506 4478
f 4478 4506 4507
f 4478 4507 4479
f 4479 4507 4508
f 4479 4508 4480
f 4480 4508 4481
f 4480 4481 4453
f 4481 4509 4510
f 4481 4510 4482
f 4482 4510 4511
f 4482 4511 4483
f 4483 4511 4512
f 4483 4512 4484
f 4484 4512 4513
f 4484 4513 4485
f 4485 4513 4514
f 4485 4514 4486
f 4486 4514 4515
f 4486 4515 4487
f 4487 4515 4516
f 4487 4516 4488
f 4488 4516 4517
f 4488 4517 4489
f 4489 4517 4518
f 4489 4518 4490
f 4490 4518 4519
f 4490 4519 4491
f 4491 4519 4520
f 4491 4520 4492
f 4492 4520 4521
f 4492 4521 4493
f 4493 4521 4522
f 4493 4522 4494
f 4494 4522 4523
f 4494 4523 4495
f 4495 4523 4524
f 4495 4524 4496
f 4496 4524 4525
f 4496 4525 4497
f 4497 4525 4526
f 4497 4526 4498
f 4498 4526 4527
f 4498 4527 4499
f 4499 4527 4528
f 4499 4528 4500
f 4500 4528 4529
f 4500 4529 4501
f 4501 4529 4530
f 4501 4530 4502
f 4502 4530 4531
f 4502 4531 4503
f 4503 4531 4532
f 4503 4532 4504
f 4504 4532 4533
f 4504 4533 4505
f 4505 4533 4534
f 4505 4534 4506
f 4506 4534 4535
f 4506 4535 4507
f 4507 4535 4536
f 4507 4536 4508
f 4508 4536 4509
f 4508 4509 4481
f 4509 4537 4538
f 4509 4538 4510
f 4510 4538 4539
f 4510 4539 4511
f 4511 4539 4540
f 4511 4540 4512
f 4512 4540 4541
f 4512 4541 4513
f 4513 4541 4542
f 4513 4542 4514
f 4514 4542 4543
f 4514 4543 4515
f 4515 4543 4544
f 4515 4544 4516
f 4516 4544 4545
f 4516 4545 4517
f 4517 4545 4546
f 4517 4546 4518
f 4518 4546 4547
f 4518 4547 4519
f 4519 4547 4548
f 4519 4548 4520
f 4520 4548 4549
f 4520 4549 4521
f 4521 4549 4550
f 4521 4550 4522
f 4522 4550 4551
f 4522 4551 4523
f 4523 4551 4552
f 4523 4552 4524
f 4524 4552 4553
f 4524 4553 4525
f 4525 4553 4554
f 4525 4554 4526
f 4526 4554 4555
f 4526 4555 4527
f 4527 4555 4556
f 4527 4556 4528
f 4528 4556 4557
f 4528 4557 4529
f 4529 4557 4558
f 4529 4558 4530
f 4530 4558 4559
f 4530 4559 4531
f 4531 4559 4560
f 4531 4560 4532
f 4532 4560 4561
f 4532 4561 4533
f 4533 4561 4562
f 4533 4562 4534
f 4534 4562 4563
f 4534 4563 4535
f 4535 4563 4564
f 4535 4564 4536
f 4536 4564 4537
f 4536 4537 4509
f 4537 4565 4566
f 4537 4566 4538
f 4538 4566 4567
f 4538 4567 4539
f 4539 4567 4568
f 4539 4568 4540
f 4540 4568 4569
f 4540 4569 4541
f 4541 4569 4570
f 4541 4570 4542
f 4542 4570 4571
f 4542 4571 4543
f 4543 4571 4572
f 4543 4572 4544
f 4544 4572 4573
f 4544 4573 4545
f 4545 4573 4574
f 4545 4574 4546
f 4546 4574 4575
f 4546 4575 4547
f 4547 4575 4576
f 4547 4576 4548
f 4548 4576 4577
f 4548 4577 4549
f 4549 4577 4578
f 4549 4578 4550
f 4550 4578 4579
f 4550 4579 4551
f 4551 4579 4580
f 4551 4580 4552
f 4552 4580 4581
f 4552 4581 4553
f 4553 4581 4582
f 4553 4582 4554
f 4554 4582 4583
f 4554 4583 4555
f 4555 4583 4584
f 4555 4584 4556
f 4556 4584 4585
f 4556 4585 4557
f 4557 4585 4586
f 4557 4586 4558
f 4558 4586 4587
f 4558 4587 4559
f 4559 4587 4588
f 4559 4588 4560
f 4560 4588 4589
f 4560 4589 4561
f 4561 4589 4590
f 4561 4590 4562
f 4562 4590 4591
f 4562 4591 4563
f 4563 4591 4592
f 4563 4592 4564
f 4564 4592 4565
f 4564 4565 4537
f 4565 4593 4594
f 4565 4594 4566
f 4566 4594 4595
f 4566 4595 4567
f 4567 4595 4596
f 4567 4596 4568
f 4568 4596 4597
f 4568 4597 4569
f 4569 4597 4598
f 4569 4598 4570
f 4570 4598 4599
f 4570 4599 4571
f 4571 4599 4600
f 4571 4600 4572
f 4572 4600 4601
f 4572 4601 4573
f 4573 4601 4602
f 4573 4602 4574
f 4574 4602 4603
f 4574 4603 4575
f 4575 4603 4604
f 4575 4604 4576
f 4576 4604 4605
f 4576 4605 4577
f 4577 4605 4606
f 4577 4606 4578
f 4578 4606 4607
f 4578 4607 4579
f 4579 4607 4608
f 4579 4608 4580
f 4580 4608 4609
f 4580 4609 4581
f 4581 4609 4610
f 4581 4610 4582
f 4582 4610 4611
f 4582 4611 4583
f 4583 4611 4612
f 4583 4612 4584
f 4584 4612 4613
f 4584 4613 4585
f 4585 4613 4614
f 4585 4614 4586
f 4586 4614 4615
f 4586 4615 4587
f 4587 4615 4616
f 4587 4616 4588
f 4588 4616 4617
f 4588 4617 4589
f 4589 4617 4618
f 4589 4618 4590
f 4590 4618 4619
f 4590 4619 4591
f 4591 4619 4620
f 4591 4620 4592
f 4592 4620 4593
f 4592 4593 4565
f 4593 4621 4622
f 4593 4622 4594
f 4594 4622 4623
f 4594 4623 4595
f 4595 4623 4624
f 4595 4624 4596
f 4596 4624 4625
f 4596 4625 4597
f 4597 4625 4626
f 4597 4626 4598
f 4598 4626 4627
f 4598 4627 4599
f 4599 4627 4628
f 4599 4628 4600
f 4600 4628 4629
f 4600 4629 4601
f 4601 4629 4630
f 4601 4630 4602
f 4602 4630 4631
f 4602 4631 4603
f 4603 4631 4632
f 4603 4632 4604
f 4604 4632 4633
f 4604 4633 4605
f 4605 4633 4634
f 4605 4634 4606
f 4606 4634 4635
f 4606 4635 4607
f 4607 4635 4636
f 4607 4636 4608
f 4608 4636 4637
f 4608 4637 4609
f 4609 4637 4638
f 4609 4638 4610
f 4610 4638 4639
f 4610 4639 4611
f 4611 4639 4640
f 4611 4640 4612
f 4612 4640 4641
f 4612 4641 4613
f 4613 4641 4642
f 4613 4642 4614
f 4614 4642 4643
f 4614 4643 4615
f 4615 4643 4644
f 4615 4644 4616
f 4616 4644 4645
f 4616 4645 4617
f 4617 4645 4646
f 4617 4646 4618
f 4618 4646 4647
f 4618 4647 4619
f 4619 4647 4648
f 4619 4648 4620
f 4620 4648 4621
f 4620 4621 4593
f 4621 4649 4650
f 4621 4650 4622
f 4622 4650 4651
f 4622 4651 4623
f 4623 4651 4652
f 4623 4652 4624
f 4624 4652 4653
f 4624 4653 4625
f 4625 4653 4654
f 4625 4654 4626
f 4626 4654 4655
f 4626 4655 4627
f 4627 4655 4656
f 4627 4656 4628
f 4628 4656 4657
f 4628 4657 4629
f 4629 4657 4658
f 4629 4658 4630
f 4630 4658 4659
f 4630 4659 4631
f 4631 4659 4660
f 4631 4660 4632
f 4632 4660 4661
f 4632 4661 4633
f 4633 4661 4662
f 4633 4662 4634
f 4634 4662 4663
f 4634 4663 4635
f 4635 4663 4664
f 4635 4664 4636
f 4636 4664 4665
f 4636 4665 4637
f 4637 4665 4666
f 4637 4666 4638
f 4638 4666 4667
f 4638 4667 4639
f 4639 4667 4668
f 4639 4668 4640
f 4640 4668 4669
f 4640 4669 4641
f 4641 4669 4670
f 4641 4670 4642
f 4642 4670 4671
f 4642 4671 4643
f 4643 4671 4672
f 4643 4672 4644
f 4644 4672 4673
f 4644 4673 4645
f 4645 4673 4674
f 4645 4674 4646
f 4646 4674 4675
f 4646 4675 4647
f 4647 4675 4676
f 4647 4676 4648
f 4648 4676 4649
f 4648 4649 4621
f 4649 4677 4678
f 4649 4678 4650
f 4650 4678 4679
f 4650 4679 4651
f 4651 4679 4680
f 4651 4680 4652
f 4652 4680 4681
f 4652 4681 4653
f 4653 4681 4682
f 4653 4682 4654
f 4654 4682 4683
f 4654 4683 4655
f 4655 4683 4684
f 4655 4684 4656
f 4656 4684 4685
f 4656 4685 4657
f 4657 4685 4686
f 4657 4686 4658
f 4658 4686 4687
f 4658 4687 4659
f 4659 4687 4688
f 4659 4688 4660
f 4660 4688 4689
f 4660 4689 4661
f 4661 4689 4690
f 4661 4690 4662
f 4662 4690 4691
f 4662 4691 4663
f 4663 4691 4692
f 4663 4692 4664
f 4664 4692 4693
f 4664 4693 4665
f 4665 4693 4694
f 4665 4694 4666
f 4666 4694 4695
f 4666 4695 4667
f 4667 4695 4696
f 4667 4696 4668
f 4668 4696 4697
f 4668 4697 4669
f 4669 4697 4698
f 4669 4698 4670
f 4670 4698 4699
f 4670 4699 4671
f 4671 4699 4700
f 4671 4700 4672
f 4672 4700 4701
f 4672 4701 4673
f 4673 4701 4702
f 4673 4702 4674
f 4674 4702 4703
f 4674 4703 4675
f 4675 4703 4704
f 4675 4704 4676
f 4676 4704 4677
f 4676 4677 4649
f 4677 4705 4706
f 4677 4706 4678
f 4678 4706 4707
f 4678 4707 4679
f 4679 4707 4708
f 4679 4708 4680
f 4680 4708 4709
f 4680 4709 4681
f 4681 4709 4710
f 4681 4710 4682
f 4682 4710 4711
f 4682 4711 4683
f 4683 4711 4712
f 4683 4712 4684
f 4684 4712 4713
f 4684 4713 4685
f 4685 4713 4714
f 4685 4714 4686
f 4686 4714 4715
f 4686 4715 4687
f 4687 4715 4716
f 4687 4716 4688
f 4688 4716 4717
f 4688 4717 4689
f 4689 4717 4718
f 4689 4718 4690
f 4690 4718 4719
f 4690 4719 4691
f 4691 4719 4720
f 4691 4720 4692
f 4692 4720 4721
f 4692 4721 4693
f 4693 4721 4722
f 4693 4722 4694
f 4694 4722 4723
f 4694 4723 4695
f 4695 4723 4724
f 4695 4724 4696
f 4696 4724 4725
f 4696 4725 4697
f 4697 4725 4726
f 4697 4726 4698
f 4698 4726 4727
f 4698 4727 4699
f 4699 4727 4728
f 4699 4728 4700
f 4700 4728 4729
f 4700 4729 4701
f 4701 4729 4730
f 4701 4730 4702
f 4702 4730 4731
f 4702 4731 4703
f 4703 4731 4732
f 4703 4732 4704
f 4704 4732 4705
f 4704 4705 4677
f 4705 4733 4734
f 4705 4734 4706
f 4706 4734 4735
f 4706 4735 4707
f 4707 4735 4736
f 4707 4736 4708
f 4708 4736 4737
f 4708 4737 4709
f 4709 4737 4738
f 4709 4738 4710
f 4710 4738 4739
f 4710 4739 4711
f 4711 4739 4740
f 4711 4740 4712
f 4712 4740 4741
f 4712 4741 4713
f 4713 4741 4742
f 4713 4742 4714
f 4714 4742 4743
f 4714 4743 4715
f 4715 4743 4744
f 4715 4744 4716
f 4716 4744 4745
f 4716 4745 4717
f 4717 4745 4746
f 4717 4746 4718
f 4718 4746 4747
f 4718 4747 4719
f 4719 4747 4748
f 4719 4748 4720
f 4720 4748 4749
f 4720 4749 4721
f 4721 4749 4750
f 4721 4750 4722
f 4722 4750 4751
f 4722 4751 4723
f 4723 4751 4752
f 4723 4752 4724
f 4724 4752 4753
f 4724 4753 4725
f 4725 4753 4754
f 4725 4754 4726
f 4726 4754 4755
f 4726 4755 4727
f 4727 4755 4756
f 4727 4756 4728
f 4728 4756 4757
f 4728 4757 4729
f 4729 4757 4758
f 4729 4758 4730
f 4730 4758 4759
f 4730 4759 4731
f 4731 4759 4760
f 4731 4760 4732
f 4732 4760 4733
f 4732 4733 4705
f 4733 4761 4762
f 4733 4762 4734
f 4734 4762 4763
f 4734 4763 4735
f 4735 4763 4764
f 4735 4764 4736
f 4736 4764 4765
f 4736 4765 4737
f 4737 4765 4766
f 4737 4766 4738
f 4738 4766 4767
f 4738 4767 4739
f 4739 4767 4768
f 4739 4768 4740
f 4740 4768 4769
f 4740 4769 4741
f 4741 4769 4770
f 4741 4770 4742
f 4742 4770 4771
f 4742 4771 4743
f 4743 4771 4772
f 4743 4772 4744
f 4744 4772 4773
f 4744 4773 4745
f 4745 4773 4774
f 4745 4774 4746
f 4746 4774 4775
f 4746 4775 4747
f 4747 4775 4776
f 4747 4776 4748
f 4748 4776 4777
f 4748 4777 4749
f 4749 4777 4778
f 4749 4778 4750
f 4750 4778 4779
f 4750 4779 4751
f 4751 4779 4780
f 4751 4780 4752
f 4752 4780 4781
f 4752 4781 4753
f 4753 4781 4782
f 4753 4782 4754
f 4754 4782 4783
f 4754 4783 4755
f 4755 4783 4784
f 4755 4784 4756
f 4756 4784 4785
f 4756 4785 4757
f 4757 4785 4786
f 4757 4786 4758
f 4758 4786 4787
f 4758 4787 4759
f 4759 4787 4788
f 4759 4788 4760
f 4760 4788 4761
f 4760 4761 4733
f 4761 4789 4790
f 4761 4790 4762
f 4762 4790 4791
f 4762 4791 4763
f 4763 4791 4792
f 4763 4792 4764
f 4764 4792 4793
f 4764 4793 4765
f 4765 4793 4794
f 4765 4794 4766
f 4766 4794 4795
f 4766 4795 4767
f 4767 4795 4796
f 4767 4796 4768
f 4768 4796 4797
f 4768 4797 4769
f 4769 4797 4798
f 4769 4798 4770
f 4770 4798 4799
f 4770 4799 4771
f 4771 4799 4800
f 4771 4800 4772
f 4772 4800 4801
f 4772 4801 4773
f 4773 4801 4802
f 4773 4802 4774
f 4774 4802 4803
f 4774 4803 4775
f 4775 4803 4804
f 4775 4804 4776
f 4776 4804 4805
f 4776 4805 4777
f 4777 4805 4806
f 4777 4806 4778
f 4778 4806 4807
f 4778 4807 4779
f 4779 4807 4808
f 4779 4808 4780
f 4780 4808 4809
f 4780 4809 4781
f 4781 4809 4810
f 4781 4810 4782
f 4782 4810 4811
f 4782 4811 4783
f 4783 4811 4812
f 4783 4812 4784
f 4784 4812 4813
f 4784 4813 4785
f 4785 4813 4814
f 4785 4814 4786
f 4786 4814 4815
f 4786 4815 4787
f 4787 4815 4816
f 4787 4816 4788
f 4788 4816 4789
f 4788 4789 4761
f 4789 4817 4818
f 4789 4818 4790
f 4790 4818 4819
f 4790 4819 4791
f 4791 4819 4820
f 4791 4820 4792
f 4792 4820 4821
f 4792 4821 4793
f 4793 4821 4822
f 4793 4822 4794
f 4794 4822 4823
f 4794 4823 4795
f 4795 4823 4824
f 4795 4824 4796
f 4796 4824 4825
f 4796 4825 4797
f 4797 4825 4826
f 4797 4826 4798
f 4798 4826 4827
f 4798 4827 4799
f 4799 4827 4828
f 4799 4828 4800
f 4800 4828 4829
f 4800 4829 4801
f 4801 4829 4830
f 4801 4830 4802
f 4802 4830 4831
f 4802 4831 4803
f 4803 4831 4832
f 4803 4832 4804
f 4804 4832 4833
f 4804 4833 4805
f 4805 4833 4834
f 4805 4834 4806
f 4806 4834 4835
f 4806 4835 4807
f 4807 4835 4836
f 4807 4836 4808
f 4808 4836 4837
f 4808 4837 4809
f 4809 4837 4838
f 4809 4838 4810
f 4810 4838 4839
f 4810 4839 4811
f 4811 4839 4840
f 4811 4840 4812
f 4812 4840 4841
f 4812 4841 4813
f 4813 4841 4842
f 4813 4842 4814
f 4814 4842 4843
f 4814 4843 4815
f 4815 4843 4844
f 4815 4844 4816
f 4816 4844 4817
f 4816 4817 4789
f 4817 4845 4846
f 4817 4846 4818
f 4818 4846 4847
f 4818 4847 4819
f 4819 4847 4848
f 4819 4848 4820
f 4820 4848 4849
f 4820 4849 4821
f 4821 4849 4850
f 4821 4850 4822
f 4822 4850 4851
f 4822 4851 4823
f 4823 4851 4852
f 4823 4852 4824
f 4824 4852 4853
f 4824 4853 4825
f 4825 4853 4854
f 4825 4854 4826
f 4826 4854 4855
f 4826 4855 4827
f 4827 4855 4856
f 4827 4856 4828
f 4828 4856 4857
f 4828 4857 4829
f 4829 4857 4858
f 4829 4858 4830
f 4830 4858 4859
f 4830 4859 4831
f 4831 4859 4860
f 4831 4860 4832
f 4832 4860 4861
f 4832 4861 4833
f 4833 4861 4862
f 4833 4862 4834
f 4834 4862 4863
f 4834 4863 4835
f 4835 4863 4864
f 4835 4864 4836
f 4836 4864 4865
f 4836 4865 4837
f 4837 4865 4866
f 4837 4866 4838
f 4838 4866 4867
f 4838 4867 4839
f 4839 4867 4868
f 4839 4868 4840
f 4840 4868 4869
f 4840 4869 4841
f 4841 4869 4870
f 4841 4870 4842
f 4842 4870 4871
f 4842 4871 4843
f 4843 4871 4872
f 4843 4872 4844
f 4844 4872 4845
f 4844 4845 4817
f 4845 4873 4874
f 4845 4874 4846
f 4846 4874 4875
f 4846 4875 4847
f 4847 4875 4876
f 4847 4876 4848
f 4848 4876 4877
f 4848 4877 4849
f 4849 4877 4878
f 4849 4878 4850
f 4850 4878 4879
f 4850 4879 4851
f 4851 4879 4880
f 4851 4880 4852
f 4852 4880 4881
f 4852 4881 4853
f 4853 4881 4882
f 4853 4882 4854
f 4854 4882 4883
f 4854 4883 4855
f 4855 4883 4884
f 4855 4884 4856
f 4856 4884 4885
f 4856 4885 4857
f 4857 4885 4886
f 4857 4886 4858
f 4858 4886 4887
f 4858 4887 4859
f 4859 4887 4888
f 4859 4888 4860
f 4860 4888 4889
f 4860 4889 4861
f 4861 4889 4890
f 4861 4890 4862
f 4862 4890 4891
f 4862 4891 4863
f 4863 4891 4892
f 4863 4892 4864
f 4864 4892 4893
f 4864 4893 4865
f 4865 4893 4894
f 4865 4894 4866
f 4866 4894 4895
f 4866 4895 4867
f 4867 4895 4896
f 4867 4896 4868
f 4868 4896 4897
f 4868 4897 4869
f 4869 4897 4898
f 4869 4898 4870
f 4870 4898 4899
f 4870 4899 4871
f 4871 4899 4900
f 4871 4900 4872
f 4872 4900 4873
f 4872 4873 4845
f 4873 4901 4902
f 4873 4902 4874
f 4874 4902 4903
f 4874 4903 4875
f 4875 4903 4904
f 4875 4904 4876
f 4876 4904 4905
f 4876 4905 4877
f 4877 4905 4906
f 4877 4906 4878
f 4878 4906 4907
f 4878 4907 4879
f 4879 4907 4908
f 4879 4908 4880
f 4880 4908 4909
f 4880 4909 4881
f 4881 4909 4910
f 4881 4910 4882
f 4882 4910 4911
f 4882 4911 4883
f 4883 4911 4912
f 4883 4912 4884
f 4884 4912 4913
f 4884 4913 4885
f 4885 4913 4914
f 4885 4914 4886
f 4886 4914 4915
f 4886 4915 4887
f 4887 4915 4916
f 4887 4916 4888
f 4888 4916 4917
f 4888 4917 4889
f 4889 4917 4918
f 4889 4918 4890
f 4890 4918 4919
f 4890 4919 4891
f 4891 4919 4920
f 4891 4920 4892
f 4892 4920 4921
f 4892 4921 4893
f 4893 4921 4922
f 4893 4922 4894
f 4894 4922 4923
f 4894 4923 4895
f 4895 4923 4924
f 4895 4924 4896
f 4896 4924 4925
f 4896 4925 4897
f 4897 4925 4926
f 4897 4926 4898
f 4898 4926 4927
f 4898 4927 4899
f 4899 4927 4928
f 4899 4928 4900
f 4900 4928 4901
f 4900 4901 4873
f 4901 4929 4930
f 4901 4930 4902
f 4902 4930 4931
f 4902 4931 4903
f 4903 4931 4932
f 4903 4932 4904
f 4904 4932 4933
f 4904 4933 4905
f 4905 4933 4934
f 4905 4934 4906
f 4906 4934 4935
f 4906 4935 4907
f 4907 4935 4936
f 4907 4936 4908
f 4908 4936 4937
f 4908 4937 4909
f 4909 4937 4938
f 4909 4938 4910
f 4910 4938 4939
f 4910 4939 4911
f 4911 4939 4940
f 4911 4940 4912
f 4912 4940 4941
f 4912 4941 4913
f 4913 4941 4942
f 4913 4942 4914
f 4914 4942 4943
f 4914 4943 4915
f 4915 4943 4944
f 4915 4944 4916
f 4916 4944 4945
f 4916 4945 4917
f 4917 4945 4946
f 4917 4946 4918
f 4918 4946 4947
f 4918 4947 4919
f 4919 4947 4948
f 4919 4948 4920
f 4920 4948 4949
f 4920 4949 4921
f 4921 4949 4950
f 4921 4950 4922
f 4922 4950 4951
f 4922 4951 4923
f 4923 4951 4952
f 4923 4952 4924
f 4924 4952 4953
f 4924 4953 4925
f 4925 4953 4954
f 4925 4954 4926
f 4926 4954 4955
f 4926 4955 4927
f 4927 4955 4956
f 4927 4956 4928
f 4928 4956 4929
f 4928 4929 4901
f 4929 4957 4958
f 4929 4958 4930
f 4930 4958 4959
f 4930 4959 4931
f 4931 4959 4960
f 4931 4960 4932
f 4932 4960 4961
f 4932 4961 4933
f 4933 4961 4962
f 4933 4962 4934
f 4934 4962 4963
f 4934 4963 4935
f 4935 4963 4964
f 4935 4964 4936
f 4936 4964 4965
f 4936 4965 4937
f 4937 4965 4966
f 4937 4966 4938
f 4938 4966 4967
f 4938 4967 4939
f 4939 4967 4968
f 4939 4968 4940
f 4940 4968 4969
f 4940 4969 4941
f 4941 4969 4970
f 4941 4970 4942
f 4942 4970 4971
f 4942 4971 4943
f 4943 4971 4972
f 4943 4972 4944
f 4944 4972 4973
f 4944 4973 4945
f 4945 4973 4974
f 4945 4974 4946
f 4946 4974 4975
f 4946 4975 4947
f 4947 4975 4976
f 4947 4976 4948
f 4948 4976 4977
f 4948 4977 4949
f 4949 4977 4978
f 4949 4978 4950
f 4950 4978 4979
f 4950 4979 4951
f 4951 4979 4980
f 4951 4980 4952
f 4952 4980 4981
f 4952 4981 4953
f 4953 4981 4982
f 4953 4982 4954
f 4954 4982 4983
f 4954 4983 4955
f 4955 4983 4984
f 4955 4984 4956
f 4956 4984 4957
f 4956 4957 4929
f 4957 4985 4986
f 4957 4986 4958
f 4958 4986 4987
f 4958 4987 4959
f 4959 4987 4988
f 4959 4988 4960
f 4960 4988 4989
f 4960 4989 4961
f 4961 4989 4990
f 4961 4990 4962
f 4962 4990 4991
f 4962 4991 4963
f 4963 4991 4992
f 4963 4992 4964
f 4964 4992 4993
f 4964 4993 4965
f 4965 4993 4994
f 4965 4994 4966
f 4966 4994 4995
f 4966 4995 4967
f 4967 4995 4996
f 4967 4996 4968
f 4968 4996 4997
f 4968 4997 4969
f 4969 4997 4998
f 4969 4998 4970
f 4970 4998 4999
f 4970 4999 4971
f 4971 4999 5000
f 4971 5000 4972
f 4972 5000 5001
f 4972 5001 4973
f 4973 5001 5002
f 4973 5002 4974
f 4974 5002 5003
f 4974 5003 4975
f 4975 5003 5004
f 4975 5004 4976
f 4976 5004 5005
f 4976 5005 4977
f 4977 5005 5006
f 4977 5006 4978
f 4978 5006 5007
f 4978 5007 4979
f 4979 5007 5008
f 4979 5008 4980
f 4980 5008 5009
f 4980 5009 4981
f 4981 5009 5010
f 4981 5010 4982
f 4982 5010 5011
f 4982 5011 4983
f 4983 5011 5012
f 4983 5012 4984
f 4984 5012 4985
f 4984 4985 4957
f 4985 5013 5014
f 4985 5014 4986
f 4986 5014 5015
f 4986 5015 4987
f 4987 5015 5016
f 4987 5016 4988
f 4988 5016 5017
f 4988 5017 4989
f 4989 5017 5018
f 4989 5018 4990
f 4990 5018 5019
f 4990 5019 4991
f 4991 5019 5020
f 4991 5020 4992
f 4992 5020 5021
f 4992 5021 4993
f 4993 5021 5022
f 4993 5022 4994
f 4994 5022 5023
f 4994 5023 4995
f 4995 5023 5024
f 4995 5024 4996
f 4996 5024 5025
f 4996 5025 4997
f 4997 5025 5026
f 4997 5026 4998
f 4998 5026 5027
f 4998 5027 4999
f 4999 5027 5028
f 4999 5028 5000
f 5000 5028 5029
f 5000 5029 5001
f 5001 5029 5030
f 5001 5030 5002
f 5002 5030 5031
f 5002 5031 5003
f 5003 5031 5032
f 5003 5032 5004
f 5004 5032 5033
f 5004 5033 5005
f 5005 5033 5034
f 5005 5034 5006
f 5006 5034 5035
f 5006 5035 5007
f 5007 5035 5036
f 5007 5036 5008
f 5008 5036 5037
f 5008 5037 5009
f 5009 5037 5038
f 5009 5038 5010
f 5010 5038 5039
f 5010 5039 5011
f 5011 5039 5040
f 5011 5040 5012
f 5012 5040 5013
f 5012 5013 4985
f 5013 5041 5042
f 5013 5042 5014
f 5014 5042 5043
f 5014 5043 5015
f 5015 5043 5044
f 5015 5044 5016
f 5016 5044 5045
f 5016 5045 5017
f 5017 5045 5046
f 5017 5046 5018
f 5018 5046 5047
f 5018 5047 5019
f 5019 5047 5048
f 5019 5048 5020
f 5020 5048 5049
f 5020 5049 5021
f 5021 5049 5050
f 5021 5050 5022
f 5022 5050 5051
f 5022 5051 5023
f 5023 5051 5052
f 5023 5052 5024
f 5024 5052 5053
f 5024 5053 5025
f 5025 5053 5054
f 5025 5054 5026
f 5026 5054 5055
f 5026 5055 5027
f 5027 5055 5056
f 5027 5056 5028
f 5028 5056 5057
f 5028 5057 5029
f 5029 5057 5058
f 5029 5058 5030
f 5030 5058 5059
f 5030 5059 5031
f 5031 5059 5060
f 5031 5060 5032
f 5032 5060 5061
f 5032 5061 5033
f 5033 5061 5062
f 5033 5062 5034
f 5034 5062 5063
f 5034 5063 5035
f 5035 5063 5064
f 5035 5064 5036
f 5036 5064 5065
f 5036 5065 5037
f 5037 5065 5066
f 5037 5066 5038
f 5038 5066 5067
f 5038 5067 5039
f 5039 5067 5068
f 5039 5068 5040
f 5040 5068 5041
f 5040 5041 5013
f 5041 5069 5070
f 5041 5070 5042
f 5042 5070 5071
f 5042 5071 5043
f 5043 5071 5072
f 5043 5072 5044
f 5044 5072 5073
f 5044 5073 5045
f 5045 5073 5074
f 5045 5074 5046
f 5046 5074 5075
f 5046 5075 5047
f 5047 5075 5076
f 5047 5076 5048
f 5048 5076 5077
f 5048 5077 5049
f 5049 5077 5078
f 5049 5078 5050
f 5050 5078 5079
f 5050 5079 5051
f 5051 5079 5080
f 5051 5080 5052
f 5052 5080 5081
f 5052 5081 5053
f 5053 5081 5082
f 5053 5082 5054
f 5054 5082 5083
f 5054 5083 5055
f 5055 5083 5084
f 5055 5084 5056
f 5056 5084 5085
f 5056 5085 5057
f 5057 5085 5086
f 5057 5086 5058
f 5058 5086 5087
f 5058 5087 5059
f 5059 5087 5088
f 5059 5088 5060
f 5060 5088 5089
f 5060 5089 5061
f 5061 5089 5090
f 5061 5090 5062
f 5062 5090 5091
f 5062 5091 5063
f 5063 5091 5092
f 5063 5092 5064
f 5064 5092 5093
f 5064 5093 5065
f 5065 5093 5094
f 5065 5094 5066
f 5066 5094 5095
f 5066 5095 5067
f 5067 5095 5096
f 5067 5096 5068
f 5068 5096 5069
f 5068 5069 5041
f 5069 5097 5098
f 5069 5098 5070
f 5070 5098 5099
f 5070 5099 5071
f 5071 5099 5100
f 5071 5100 5072
f 5072 5100 5101
f 5072 5101 5073
f 5073 5101 5102
f 5073 5102 5074
f 5074 5102 5103
f 5074 5103 5075
f 5075 5103 5104
f 5075 5104 5076
f 5076 5104 5105
f 5076 5105 5077
f 5077 5105 5106
f 5077 5106 5078
f 5078 5106 5107
f 5078 5107 5079
f 5079 5107 5108
f 5079 5108 5080
f 5080 5108 5109
f 5080 5109 5081
f 5081 5109 5110
f 5081 5110 5082
f 5082 5110 5111
f 5082 5111 5083
f 5083 5111 5112
f 5083 5112 5084
f 5084 5112 5113
f 5084 5113 5085
f 5085 5113 5114
f 5085 5114 5086
f 5086 5114 5115
f 5086 5115 5087
f 5087 5115 5116
f 5087 5116 5088
f 5088 5116 5117
f 5088 5117 5089
f 5089 5117 5118
f 5089 5118 5090
f 5090 5118 5119
f 5090 5119 5091
f 5091 5119 5120
f 5091 5120 5092
f 5092 5120 5121
f 5092 5121 5093
f 5093 5121 5122
f 5093 5122 5094
f 5094 5122 5123
f 5094 5123 5095
f 5095 5123 5124
f 5095 5124 5096
f 5096 5124 5097
f 5096 5097 5069
f 5097 5125 5126
f 5097 5126 5098
f 5098 5126 5127
f 5098 5127 5099
f 5099 5127 5128
f 5099 5128 5100
f 5100 5128 5129
f 5100 5129 5101
f 5101 5129 5130
f 5101 5130 5102
f 5102 5130 5131
f 5102 5131 5103
f 5103 5131 5132
f 5103 5132 5104
f 5104 5132 5133
f 5104 5133 5105
f 5105 5133 5134
f 5105 5134 5106
f 5106 5134 5135
f 5106 5135 5107
f 5107 5135 5136
f 5107 5136 5108
f 5108 5136 5137
f 5108 5137 5109
f 5109 5137 5138
f 5109 5138 5110
f 5110 5138 5139
f 5110 5139 5111
f 5111 5139 5140
f 5111 5140 5112
f 5112 5140 5141
f 5112 5141 5113
f 5113 5141 5142
f 5113 5142 5114
f 5114 5142 5143
f 5114 5143 5115
f 5115 5143 5144
f 5115 5144 5116
f 5116 5144 5145
f 5116 5145 5117
f 5117 5145 5146
f 5117 5146 5118
f 5118 5146 5147
f 5118 5147 5119
f 5119 5147 5148
f 5119 5148 5120
f 5120 5148 5149
f 5120 5149 5121
f 5121 5149 5150
f 5121 5150 5122
f 5122 5150 5151
f 5122 5151 5123
f 5123 5151 5152
f 5123 5152 5124
f 5124 5152 5125
f 5124 5125 5097
f 5125 5153 5154
f 5125 5154 5126
f 5126 5154 5155
f 5126 5155 5127
f 5127 5155 5156
f 5127 5156 5128
f 5128 5156 5157
f 5128 5157 5129
f 5129 5157 5158
f 5129 5158 5130
f 5130 5158 5159
f 5130 5159 5131
f 5131 5159 5160
f 5131 5160 5132
f 5132 5160 5161
f 5132 5161 5133
f 5133 5161 5162
f 5133 5162 5134
f 5134 5162 5163
f 5134 5163 5135
f 5135 5163 5164
f 5135 5164 5136
f 5136 5164 5165
f 5136 5165 5137
f 5137 5165 5166
f 5137 5166 5138
f 5138 5166 5167
f 5138 5167 5139
f 5139 5167 5168
f 5139 5168 5140
f 5140 5168 5169
f 5140 5169 5141
f 5141 5169 5170
f 5141 5170 5142
f 5142 5170 5171
f 5142 5171 5143
f 5143 5171 5172
f 5143 5172 5144
f 5144 5172 5173
f 5144 5173 5145
f 5145 5173 5174
f 5145 5174 5146
f 5146 5174 5175
f 5146 5175 5147
f 5147 5175 5176
f 5147 5176 5148
f 5148 5176 5177
f 5148 5177 5149
f 5149 5177 5178
f 5149 5178 5150
f 5150 5178 5179
f 5150 5179 5151
f 5151 5179 5180
f 5151 5180 5152
f 5152 5180 5153
f 5152 5153 5125
f 5153 5181 5182
f 5153 5182 5154
f 5154 5182 5183
f 5154 5183 5155
f 5155 5183 5184
f 5155 5184 5156
f 5156 5184 5185
f 5156 5185 5157
f 5157 5185 5186
f 5157 5186 5158
f 5158 5186 5187
f 5158 5187 5159
f 5159 5187 5188
f 5159 5188 5160
f 5160 5188 5189
f 5160 5189 5161
f 5161 5189 5190
f 5161 5190 5162
f 5162 5190 5191
f 5162 5191 5163
f 5163 5191 5192
f 5163 5192 5164
f 5164 5192 5193
f 5164 5193 5165
f 5165 5193 5194
f 5165 5194 5166
f 5166 5194 5195
f 5166 5195 5167
f 5167 5195 5196
f 5167 5196 5168
f 5168 5196 5197
f 5168 5197 5169
f 5169 5197 5198
f 5169 5198 5170
f 5170 5198 5199
f 5170 5199 5171
f 5171 5199 5200
f 5171 5200 5172
f 5172 5200 5201
f 5172 5201 5173
f 5173 5201 5202
f 5173 5202 5174
f 5174 5202 5203
f 5174 5203 5175
f 5175 5203 5204
f 5175 5204 5176
f 5176 5204 5205
f 5176 5205 5177
f 5177 5205 5206
f 5177 5206 5178
f 5178 5206 5207
f 5178 5207 5179
f 5179 5207 5208
f 5179 5208 5180
f 5180 5208 5181
f 5180 5181 5153
f 5181 5209 5210
f 5181 5210 5182
f 5182 5210 5211
f 5182 5211 5183
f 5183 5211 5212
f 5183 5212 5184
f 5184 5212 5213
f 5184 5213 5185
f 5185 5213 5214
f 5185 5214 5186
f 5186 5214 5215
f 5186 5215 5187
f 5187 5215 5216
f 5187 5216 5188
f 5188 5216 5217
f 5188 5217 5189
f 5189 5217 5218
f 5189 5218 5190
f 5190 5218 5219
f 5190 5219 5191
f 5191 5219 5220
f 5191 5220 5192
f 5192 5220 5221
f 5192 5221 5193
f 5193 5221 5222
f 5193 5222 5194
f 5194 5222 5223
f 5194 5223 5195
f 5195 5223 5224
f 5195 5224 5196
f 5196 5224 5225
f 5196 5225 5197
f 5197 5225 5226
f 5197 5226 5198
f 5198 5226 5227
f 5198 5227 5199
f 5199 5227 5228
f 5199 5228 5200
f 5200 5228 5229
f 5200 5229 5201
f 5201 5229 5230
f 5201 5230 5202
f 5202 5230 5231
f 5202 5231 5203
f 5203 5231 5232
f 5203 5232 5204
f 5204 5232 5233
f 5204 5233 5205
f 5205 5233 5234
f 5205 5234 5206
f 5206 5234 5235
f 5206 5235 5207
f 5207 5235 5236
f 5207 5236 5208
f 5208 5236 5209
f 5208 5209 5181
f 5209 5237 5238
f 5209 5238 5210
f 5210 5238 5239
f 5210 5239 5211
f 5211 5239 5240
f 5211 5240 5212
f 5212 5240 5241
f 5212 5241 5213
f 5213 5241 5242
f 5213 5242 5214
f 5214 5242 5243
f 5214 5243 5215
f 5215 5243 5244
f 5215 5244 5216
f 5216 5244 5245
f 5216 5245 5217
f 5217 5245 5246
f 5217 5246 5218
f 5218 5246 5247
f 5218 5247 5219
f 5219 5247 5248
f 5219 5248 5220
f 5220 5248 5249
f 5220 5249 5221
f 5221 5249 5250
f 5221 5250 5222
f 5222 5250 5251
f 5222 5251 5223
f 5223 5251 5252
f 5223 5252 5224
f 5224 5252 5253
f 5224 5253 5225
f 5225 5253 5254
f 5225 5254 5226
f 5226 5254 5255
f 5226 5255 5227
f 5227 5255 5256
f 5227 5256 5228
f 5228 5256 5257
f 5228 5257 5229
f 5229 5257 5258
f 5229 5258 5230
f 5230 5258 5259
f 5230 5259 5231
f 5231 5259 5260
f 5231 5260 5232
f 5232 5260 5261
f 5232 5261 5233
f 5233 5261 5262
f 5233 5262 5234
f 5234 5262 5263
f 5234 5263 5235
f 5235 5263 5264
f 5235 5264 5236
f 5236 5264 5237
f 5236 5237 5209
f 5237 5265 5266
f 5237 5266 5238
f 5238 5266 5267
f 5238 5267 5239
f 5239 5267 5268
f 5239 5268 5240
f 5240 5268 5269
f 5240 5269 5241
f 5241 5269 5270
f 5241 5270 5242
f 5242 5270 5271
f 5242 5271 5243
f 5243 5271 5272
f 5243 5272 5244
f 5244 5272 5273
f 5244 5273 5245
f 5245 5273 5274
f 5245 5274 5246
f 5246 5274 5275
f 5246 5275 5247
f 5247 5275 5276
f 5247 5276 5248
f 5248 5276 5277
f 5248 5277 5249
f 5249 5277 5278
f 5249 5278 5250
f 5250 5278 5279
f 5250 5279 5251
f 5251 5279 5280
f 5251 5280 5252
f 5252 5280 5281
f 5252 5281 5253
f 5253 5281 5282
f 5253 5282 5254
f 5254 5282 5283
f 5254 5283 5255
f 5255 5283 5284
f 5255 5284 5256
f 5256 5284 5285
f 5256 5285 5257
f 5257 5285 5286
f 5257 5286 5258
f 5258 5286 5287
f 5258 5287 5259
f 5259 5287 5288
f 5259 5288 5260
f 5260 5288 5289
f 5260 5289 5261
f 5261 5289 5290
f 5261 5290 5262
f 5262 5290 5291
f 5262 5291 5263
f 5263 5291 5292
f 5263 5292 5264
f 5264 5292 5265
f 5264 5265 5237
f 5265 5293 5294
f 5265 5294 5266
f 5266 5294 5295
f 5266 5295 5267
f 5267 5295 5296
f 5267 5296 5268
f 5268 5296 5297
f 5268 5297 5269
f 5269 5297 5298
f 5269 5298 5270
f 5270 5298 5299
f 5270 5299 5271
f 5271 5299 5300
f 5271 5300 5272
f 5272 5300 5301
f 5272 5301 5273
f 5273 5301 5302
f 5273 5302 5274
f 5274 5302 5303
f 5274 5303 5275
f 5275 5303 5304
f 5275 5304 5276
f 5276 5304 5305
f 5276 5305 5277
f 5277 5305 5306
f 5277 5306 5278
f 5278 5306 5307
f 5278 5307 5279
f 5279 5307 5308
f 5279 5308 5280
f 5280 5308 5309
f 5280 5309 5281
f 5281 5309 5310
f 5281 5310 5282
f 5282 5310 5311
f 5282 5311 5283
f 5283 5311 5312
f 5283 5312 5284
f 5284 5312 5313
f 5284 5313 5285
f 5285 5313 5314
f 5285 5314 5286
f 5286 5314 5315
f 5286 5315 5287
f 5287 5315 5316
f 5287 5316 5288
f 5288 5316 5317
f 5288 5317 5289
f 5289 5317 5318
f 5289 5318 5290
f 5290 5318 5319
f 5290 5319 5291
f 5291 5319 5320
f 5291 5320 5292
f 5292 5320 5293
f 5292 5293 5265
f 5293 5321 5322
f 5293 5322 5294
f 5294 5322 5323
f 5294 5323 5295
f 5295 5323 5324
f 5295 5324 5296
f 5296 5324 5325
f 5296 5325 5297
f 5297 5325 5326
f 5297 5326 5298
f 5298 5326 5327
f 5298 5327 5299
f 5299 5327 5328
f 5299 5328 5300
f 5300 5328 5329
f 5300 5329 5301
f 5301 5329 5330
f 5301 5330 5302
f 5302 5330 5331
f 5302 5331 5303
f 5303 5331 5332
f 5303 5332 5304
f 5304 5332 5333
f 5304 5333 5305
f 5305 5333 5334
f 5305 5334 5306
f 5306 5334 5335
f 5306 5335 5307
f 5307 5335 5336
f 5307 5336 5308
f 5308 5336 5337
f 5308 5337 5309
f 5309 5337 5338
f 5309 5338 5310
f 5310 5338 5339
f 5310 5339 5311
f 5311 5339 5340
f 5311 5340 5312
f 5312 5340 5341
f 5312 5341 5313
f 5313 5341 5342
f 5313 5342 5314
f 5314 5342 5343
f 5314 5343 5315
f 5315 5343 5344
f 5315 5344 5316
f 5316 5344 5345
f 5316 5345 5317
f 5317 5345 5346
f 5317 5346 5318
f 5318 5346 5347
f 5318 5347 5319
f 5319 5347 5348
f 5319 5348 5320
f 5320 5348 5321
f 5320 5321 5293
f 5321 5349 5350
f 5321 5350 5322
f 5322 5350 5351
f 5322 5351 5323
f 5323 5351 5352
f 5323 5352 5324
f 5324 5352 5353
f 5324 5353 5325
f 5325 5353 5354
f 5325 5354 5326
f 5326 5354 5355
f 5326 5355 5327
f 5327 5355 5356
f 5327 5356 5328
f 5328 5356 5357
f 5328 5357 5329
f 5329 5357 5358
f 5329 5358 5330
f 5330 5358 5359
f 5330 5359 5331
f 5331 5359 5360
f 5331 5360 5332
f 5332 5360 5361
f 5332 5361 5333
f 5333 5361 5362
f 5333 5362 5334
f 5334 5362 5363
f 5334 5363 5335
f 5335 5363 5364
f 5335 5364 5336
f 5336 5364 5365
f 5336 5365 5337
f 5337 5365 5366
f 5337 5366 5338
f 5338 5366 5367
f 5338 5367 5339
f 5339 5367 5368
f 5339 5368 5340
f 5340 5368 5369
f 5340 5369 5341
f 5341 5369 5370
f 5341 5370 5342
f 5342 5370 5371
f 5342 5371 5343
f 5343 5371 5372
f 5343 5372 5344
f 5344 5372 5373
f 5344 5373 5345
f 5345 5373 5374
f 5345 5374 5346
f 5346 5374 5375
f 5346 5375 5347
f 5347 5375 5376
f 5347 5376 5348
f 5348 5376 5349
f 5348 5349 5321
f 5349 5377 5378
f 5349 5378 5350
f 5350 5378 5379
f 5350 5379 5351
f 5351 5379 5380
f 5351 5380 5352
f 5352 5380 5381
f 5352 5381 5353
f 5353 5381 5382
f 5353 5382 5354
f 5354 5382 5383
f 5354 5383 5355
f 5355 5383 5384
f 5355 5384 5356
f 5356 5384 5385
f 5356 5385 5357
f 5357 5385 5386
f 5357 5386 5358
f 5358 5386 5387
f 5358 5387 5359
f 5359 5387 5388
f 5359 5388 5360
f 5360 5388 5389
f 5360 5389 5361
f 5361 5389 5390
f 5361 5390 5362
f 5362 5390 5391
f 5362 5391 5363
f 5363 5391 5392
f 5363 5392 5364
f 5364 5392 5393
f 5364 5393 5365
f 5365 5393 5394
f 5365 5394 5366
f 5366 5394 5395
f 5366 5395 5367
f 5367 5395 5396
f 5367 5396 5368
f 5368 5396 5397
f 5368 5397 5369
f 5369 5397 5398
f 5369 5398 5370
f 5370 5398 5399
f 5370 5399 5371
f 5371 5399 5400
f 5371 5400 5372
f 5372 5400 5401
f 5372 5401 5373
f 5373 5401 5402
f 5373 5402 5374
f 5374 5402 5403
f 5374 5403 5375
f 5375 5403 5404
f 5375 5404 5376
f 5376 5404 5377
f 5376 5377 5349
f 5377 5405 5406
f 5377 5406 5378
f 5378 5406 5407
f 5378 5407 5379
f 5379 5407 5408
f 5379 5408 5380
f 5380 5408 5409
f 5380 5409 5381
f 5381 5409 5410
f 5381 5410 5382
f 5382 5410 5411
f 5382 5411 5383
f 5383 5411 5412
f 5383 5412 5384
f 5384 5412 5413
f 5384 5413 5385
f 5385 5413 5414
f 5385 5414 5386
f 5386 5414 5415
f 5386 5415 5387
f 5387 5415 5416
f 5387 5416 5388
f 5388 5416 5417
f 5388 5417 5389
f 5389 5417 5418
f 5389 5418 5390
f 5390 5418 5419
f 5390 5419 5391
f 5391 5419 5420
f 5391 5420 5392
f 5392 5420 5421
f 5392 5421 5393
f 5393 5421 5422
f 5393 5422 5394
f 5394 5422 5423
f 5394 5423 5395
f 5395 5423 5424
f 5395 5424 5396
f 5396 5424 5425
f 5396 5425 5397
f 5397 5425 5426
f 5397 5426 5398
f 5398 5426 5427
f 5398 5427 5399
f 5399 5427 5428
f 5399 5428 5400
f 5400 5428 5429
f 5400 5429 5401
f 5401 5429 5430
f 5401 5430 5402
f 5402 5430 5431
f 5402 5431 5403
f 5403 5431 5432
f 5403 5432 5404
f 5404 5432 5405
f 5404 5405 5377
f 5405 5433 5434
f 5405 5434 5406
f 5406 5434 5435
f 5406 5435 5407
f 5407 5435 5436
f 5407 5436 5408
f 5408 5436 5437
f 5408 5437 5409
f 5409 5437 5438
f 5409 5438 5410
f 5410 5438 5439
f 5410 5439 5411
f 5411 5439 5440
f 5411 5440 5412
f 5412 5440 5441
f 5412 5441 5413
f 5413 5441 5442
f 5413 5442 5414
f 5414 5442 5443
f 5414 5443 5415
f 5415 5443 5444
f 5415 5444 5416
f 5416 5444 5445
f 5416 5445 5417
f 5417 5445 5446
f 5417 5446 5418
f 5418 5446 5447
f 5418 5447 5419
f 5419 5447 5448
f 5419 5448 5420
f 5420 5448 5449
f 5420 5449 5421
f 5421 5449 5450
f 5421 5450 5422
f 5422 5450 5451
f 5422 5451 5423
f 5423 5451 5452
f 5423 5452 5424
f 5424 5452 5453
f 5424 5453 5425
f 5425 5453 5454
f 5425 5454 5426
f 5426 5454 5455
f 5426 5455 5427
f 5427 5455 5456
f 5427 5456 5428
f 5428 5456 5457
f 5428 5457 5429
f 5429 5457 5458
f 5429 5458 5430
f 5430 5458 5459
f 5430 5459 5431
f 5431 5459 5460
f 5431 5460 5432
f 5432 5460 5433
f 5432 5433 5405
f 5433 5461 5462
f 5433 5462 5434
f 5434 5462 5463
f 5434 5463 5435
f 5435 5463 5464
f 5435 5464 5436
f 5436 5464 5465
f 5436 5465 5437
f 5437 5465 5466
f 5437 5466 5438
f 5438 5466 5467
f 5438 5467 5439
f 5439 5467 5468
f 5439 5468 5440
f 5440 5468 5469
f 5440 5469 5441
f 5441 5469 5470
f 5441 5470 5442
f 5442 5470 5471
f 5442 5471 5443
f 5443 5471 5472
f 5443 5472 5444
f 5444 5472 5473
f 5444 5473 5445
f 5445 5473 5474
f 5445 5474 5446
f 5446 5474 5475
f 5446 5475 5447
f 5447 5475 5476
f 5447 5476 5448
f 5448 5476 5477
f 5448 5477 5449
f 5449 5477 5478
f 5449 5478 5450
f 5450 5478 5479
f 5450 5479 5451
f 5451 5479 5480
f 5451 5480 5452
f 5452 5480 5481
f 5452 5481 5453
f 5453 5481 5482
f 5453 5482 5454
f 5454 5482 5483
f 5454 5483 5455
f 5455 5483 5484
f 5455 5484 5456
f 5456 5484 5485
f 5456 5485 5457
f 5457 5485 5486
f 5457 5486 5458
f 5458 5486 5487
f 5458 5487 5459
f 5459 5487 5488
f 5459 5488 5460
f 5460 5488 5461
f 5460 5461 5433
f 5461 5489 5490
f 5461 5490 5462
f 5462 5490 5491
f 5462 5491 5463
f 5463 5491 5492
f 5463 5492 5464
f 5464 5492 5493
f 5464 5493 5465
f 5465 5493 5494
f 5465 5494 5466
f 5466 5494 5495
f 5466 5495 5467
f 5467 5495 5496
f 5467 5496 5468
f 5468 5496 5497
f 5468 5497 5469
f 5469 5497 5498
f 5469 5498 5470
f 5470 5498 5499
f 5470 5499 5471
f 5471 5499 5500
f 5471 5500 5472
f 5472 5500 5501
f 5472 5501 5473
f 5473 5501 5502
f 5473 5502 5474
f 5474 5502 5503
f 5474 5503 5475
f 5475 5503 5504
f 5475 5504 5476
f 5476 5504 5505
f 5476 5505 5477
f 5477 5505 5506
f 5477 5506 5478
f 5478 5506 5507
f 5478 5507 5479
f 5479 5507 5508
f 5479 5508 5480
f 5480 5508 5509
f 5480 5509 5481
f 5481 5509 5510
f 5481 5510 5482
f 5482 5510 5511
f 5482 5511 5483
f 5483 5511 5512
f 5483 5512 5484
f 5484 5512 5513
f 5484 5513 5485
f 5485 5513 5514
f 5485 5514 5486
f 5486 5514 5515
f 5486 5515 5487
f 5487 5515 5516
f 5487 5516 5488
f 5488 5516 5489
f 5488 5489 5461
f 5489 5517 5518
f 5489 5518 5490
f 5490 5518 5519
f 5490 5519 5491
f 5491 5519 5520
f 5491 5520 5492
f 5492 5520 5521
f 5492 5521 5493
f 5493 5521 5522
f 5493 5522 5494
f 5494 5522 5523
f 5494 5523 5495
f 5495 5523 5524
f 5495 5524 5496
f 5496 5524 5525
f 5496 5525 5497
f 5497 5525 5526
f 5497 5526 5498
f 5498 5526 5527
f 5498 5527 5499
f 5499 5527 5528
f 5499 5528 5500
f 5500 5528 5529
f 5500 5529 5501
f 5501 5529 5530
f 5501 5530 5502
f 5502 5530 5531
f 5502 5531 5503
f 5503 5531 5532
f 5503 5532 5504
f 5504 5532 5533
f 5504 5533 5505
f 5505 5533 5534
f 5505 5534 5506
f 5506 5534 5535
f 5506 5535 5507
f 5507 5535 5536
f 5507 5536 5508
f 5508 5536 5537
f 5508 5537 5509
f 5509 5537 5538
f 5509 5538 5510
f 5510 5538 5539
f 5510 5539 5511
f 5511 5539 5540
f 5511 5540 5512
f 5512 5540 5541
f 5512 5541 5513
f 5513 5541 5542
f 5513 5542 5514
f 5514 5542 5543
f 5514 5543 5515
f 5515 5543 5544
f 5515 5544 5516
f 5516 5544 5517
f 5516 5517 5489
f 5517 5545 5546
f 5517 5546 5518
f 5518 5546 5547
f 5518 5547 5519
f 5519 5547 5548
f 5519 5548 5520
f 5520 5548 5549
f 5520 5549 5521
f 5521 5549 5550
f 5521 5550 5522
f 5522 5550 5551
f 5522 5551 5523
f 5523 5551 5552
f 5523 5552 5524
f 5524 5552 5553
f 5524 5553 5525
f 5525 5553 5554
f 5525 5554 5526
f 5526 5554 5555
f 5526 5555 5527
f 5527 5555 5556
f 5527 5556 5528
f 5528 5556 5557
f 5528 5557 5529
f 5529 5557 5558
f 5529 5558 5530
f 5530 5558 5559
f 5530 5559 5531
f 5531 5559 5560
f 5531 5560 5532
f 5532 5560 5561
f 5532 5561 5533
f 5533 5561 5562
f 5533 5562 5534
f 5534 5562 5563
f 5534 5563 5535
f 5535 5563 5564
f 5535 5564 5536
f 5536 5564 5565
f 5536 5565 5537
f 5537 5565 5566
f 5537 5566 5538
f 5538 5566 5567
f 5538 5567 5539
f 5539 5567 5568
f 5539 5568 5540
f 5540 5568 5569
f 5540 5569 5541
f 5541 5569 5570
f 5541 5570 5542
f 5542 5570 5571
f 5542 5571 5543
f 5543 5571 5572
f 5543 5572 5544
f 5544 5572 5545
f 5544 5545 5517
f 5545 5573 5574
f 5545 5574 5546
f 5546 5574 5575
f 5546 5575 5547
f 5547 5575 5576
f 5547 5576 5548
f 5548 5576 5577
f 5548 5577 5549
f 5549 5577 5578
f 5549 5578 5550
f 5550 5578 5579
f 5550 5579 5551
f 5551 5579 5580
f 5551 5580 5552
f 5552 5580 5581
f 5552 5581 5553
f 5553 5581 5582
f 5553 5582 5554
f 5554 5582 5583
f 5554 5583 5555
f 5555 5583 5584
f 5555 5584 5556
f 5556 5584 5585
f 5556 5585 5557
f 5557 5585 5586
f 5557 5586 5558
f 5558 5586 5587
f 5558 5587 5559
f 5559 5587 5588
f 5559 5588 5560
f 5560 5588 5589
f 5560 5589 5561
f 5561 5589 5590
f 5561 5590 5562
f 5562 5590 5591
f 5562 5591 5563
f 5563 5591 5592
f 5563 5592 5564
f 5564 5592 5593
f 5564 5593 5565
f 5565 5593 5594
f 5565 5594 5566
f 5566 5594 5595
f 5566 5595 5567
f 5567 5595 5596
f 5567 5596 5568
f 5568 5596 5597
f 5568 5597 5569
f 5569 5597 5598
f 5569 5598 5570
f 5570 5598 5599
f 5570 5599 5571
f 5571 5599 5600
f 5571 5600 5572
f 5572 5600 5573
f 5572 5573 5545
f 5573 5601 5602
f 5573 5602 5574
f 5574 5602 5603
f 5574 5603 5575
f 5575 5603 5604
f 5575 5604 5576
f 5576 5604 5605
f 5576 5605 5577
f 5577 5605 5606
f 5577 5606 5578
f 5578 5606 5607
f 5578 5607 5579
f 5579 5607 5608
f 5579 5608 5580
f 5580 5608 5609
f 5580 5609 5581
f 5581 5609 5610
f 5581 5610 5582
f 5582 5610 5611
f 5582 5611 5583
f 5583 5611 5612
f 5583 5612 5584
f 5584 5612 5613
f 5584 5613 5585
f 5585 5613 5614
f 5585 5614 5586
f 5586 5614 5615
f 5586 5615 5587
f 5587 5615 5616
f 5587 5616 5588
f 5588 5616 5617
f 5588 5617 5589
f 5589 5617 5618
f 5589 5618 5590
f 5590 5618 5619
f 5590 5619 5591
f 5591 5619 5620
f 5591 5620 5592
f 5592 5620 5621
f 5592 5621 5593
f 5593 5621 5622
f 5593 5622 5594
f 5594 5622 5623
f 5594 5623 5595
f 5595 5623 5624
f 5595 5624 5596
f 5596 5624 5625
f 5596 5625 5597
f 5597 5625 5626
f 5597 5626 5598
f 5598 5626 5627
f 5598 5627 5599
f 5599 5627 5628
f 5599 5628 5600
f 5600 5628 5601
f 5600 5601 5573
f 5601 5629 5630
f 5601 5630 5602
f 5602 5630 5631
f 5602 5631 5603
f 5603 5631 5632
f 5603 5632 5604
f 5604 5632 5633
f 5604 5633 5605
f 5605 5633 5634
f 5605 5634 5606
f 5606 5634 5635
f 5606 5635 5607
f 5607 5635 5636
f 5607 5636 5608
f 5608 5636 5637
f 5608 5637 5609
f 5609 5637 5638
f 5609 5638 5610
f 5610 5638 5639
f 5610 5639 5611
f 5611 5639 5640
f 5611 5640 5612
f 5612 5640 5641
f 5612 5641 5613
f 5613 5641 5642
f 5613 5642 5614
f 5614 5642 5643
f 5614 5643 5615
f 5615 5643 5644
f 5615 5644 5616
f 5616 5644 5645
f 5616 5645 5617
f 5617 5645 5646
f 5617 5646 5618
f 5618 5646 5647
f 5618 5647 5619
f 5619 5647 5648
f 5619 5648 5620
f 5620 5648 5649
f 5620 5649 5621
f 5621 5649 5650
f 5621 5650 5622
f 5622 5650 5651
f 5622 5651 5623
f 5623 5651 5652
f 5623 5652 5624
f 5624 5652 5653
f 5624 5653 5625
f 5625 5653 5654
f 5625 5654 5626
f 5626 5654 5655
f 5626 5655 5627
f 5627 5655 5656
f 5627 5656 5628
f 5628 5656 5629
f 5628 5629 5601
f 5629 5657 5658
f 5629 5658 5630
f 5630 5658 5659
f 5630 5659 5631
f 5631 5659 5660
f 5631 5660 5632
f 5632 5660 5661
f 5632 5661 5633
f 5633 5661 5662
f 5633 5662 5634
f 5634 5662 5663
f 5634 5663 5635
f 5635 5663 5664
f 5635 5664 5636
f 5636 5664 5665
f 5636 5665 5637
f 5637 5665 5666
f 5637 5666 5638
f 5638 5666 5667
f 5638 5667 5639
f 5639 5667 5668
f 5639 5668 5640
f 5640 5668 5669
f 5640 5669 5641
f 5641 5669 5670
f 5641 5670 5642
f 5642 5670 5671
f 5642 5671 5643
f 5643 5671 5672
f 5643 5672 5644
f 5644 5672 5673
f 5644 5673 5645
f 5645 5673 5674
f 5645 5674 5646
f 5646 5674 5675
f 5646 5675 5647
f 5647 5675 5676
f 5647 5676 5648
f 5648 5676 5677
f 5648 5677 5649
f 5649 5677 5678
f 5649 5678 5650
f 5650 5678 5679
f 5650 5679 5651
f 5651 5679 5680
f 5651 5680 5652
f 5652 5680 5681
f 5652 5681 5653
f 5653 5681 5682
f 5653 5682 5654
f 5654 5682 5683
f 5654 5683 5655
f 5655 5683 5684
f 5655 5684 5656
f 5656 5684 5657
f 5656 5657 5629
f 5657 5685 5686
f 5657 5686 5658
f 5658 5686 5687
f 5658 5687 5659
f 5659 5687 5688
f 5659 5688 5660
f 5660 5688 5689
f 5660 5689 5661
f 5661 5689 5690
f 5661 5690 5662
f 5662 5690 5691
f 5662 5691 5663
f 5663 5691 5692
f 5663 5692 5664
f 5664 5692 5693
f 5664 5693 5665
f 5665 5693 5694
f 5665 5694 5666
f 5666 5694 5695
f 5666 5695 5667
f 5667 5695 5696
f 5667 5696 5668
f 5668 5696 5697
f 5668 5697 5669
f 5669 5697 5698
f 5669 5698 5670
f 5670 5698 5699
f 5670 5699 5671
f 5671 5699 5700
f 5671 5700 5672
f 5672 5700 5701
f 5672 5701 5673
f 5673 5701 5702
f 5673 5702 5674
f 5674 5702 5703
f 5674 5703 5675
f 5675 5703 5704
f 5675 5704 5676
f 5676 5704 5705
f 5676 5705 5677
f 5677 5705 5706
f 5677 5706 5678
f 5678 5706 5707
f 5678 5707 5679
f 5679 5707 5708
f 5679 5708 5680
f 5680 5708 5709
f 5680 5709 5681
f 5681 5709 5710
f 5681 5710 5682
f 5682 5710 5711
f 5682 5711 5683
f 5683 5711 5712
f 5683 5712 5684
f 5684 5712 5685
f 5684 5685 5657
f 5685 5713 5714
f 5685 5714 5686
f 5686 5714 5715
f 5686 5715 5687
f 5687 5715 5716
f 5687 5716 5688
f 5688 5716 5717
f 5688 5717 5689
f 5689 5717 5718
f 5689 5718 5690
f 5690 5718 5719
f 5690 5719 5691
f 5691 5719 5720
f 5691 5720 5692
f 5692 5720 5721
f 5692 5721 5693
f 5693 5721 5722
f 5693 5722 5694
f 5694 5722 5723
f 5694 5723 5695
f 5695 5723 5724
f 5695 5724 5696
f 5696 5724 5725
f 5696 5725 5697
f 5697 5725 5726
f 5697 5726 5698
f 5698 5726 5727
f 5698 5727 5699
f 5699 5727 5728
f 5699 5728 5700
f 5700 5728 5729
f 5700 5729 5701
f 5701 5729 5730
f 5701 5730 5702
f 5702 5730 5731
f 5702 5731 5703
f 5703 5731 5732
f 5703 5732 5704
f 5704 5732 5733
f 5704 5733 5705
f 5705 5733 5734
f 5705 5734 5706
f 5706 5734 5735
f 5706 5735 5707
f 5707 5735 5736
f 5707 5736 5708
f 5708 5736 5737
f 5708 5737 5709
f 5709 5737 5738
f 5709 5738 5710
f 5710 5738 5739
f 5710 5739 5711
f 5711 5739 5740
f 5711 5740 5712
f 5712 5740 5713
f 5712 5713 5685
f 5713 5741 5742
f 5713 5742 5714
f 5714 5742 5743
f 5714 5743 5715
f 5715 5743 5744
f 5715 5744 5716
f 5716 5744 5745
f 5716 5745 5717
f 5717 5745 5746
f 5717 5746 5718
f 5718 5746 5747
f 5718 5747 5719
f 5719 5747 5748
f 5719 5748 5720
f 5720 5748 5749
f 5720 5749 5721
f 5721 5749 5750
f 5721 5750 5722
f 5722 5750 5751
f 5722 5751 5723
f 5723 5751 5752
f 5723 5752 5724
f 5724 5752 5753
f 5724 5753 5725
f 5725 5753 5754
f 5725 5754 5726
f 5726 5754 5755
f 5726 5755 5727
f 5727 5755 5756
f 5727 5756 5728
f 5728 5756 5757
f 5728 5757 5729
f 5729 5757 5758
f 5729 5758 5730
f 5730 5758 5759
f 5730 5759 5731
f 5731 5759 5760
f 5731 5760 5732
f 5732 5760 5761
f 5732 5761 5733
f 5733 5761 5762
f 5733 5762 5734
f 5734 5762 5763
f 5734 5763 5735
f 5735 5763 5764
f 5735 5764 5736
f 5736 5764 5765
f 5736 5765 5737
f 5737 5765 5766
f 5737 5766 5738
f 5738 5766 5767
f 5738 5767 5739
f 5739 5767 5768
f 5739 5768 5740
f 5740 5768 5741
f 5740 5741 5713
f 5741 5769 5770
f 5741 5770 5742
f 5742 5770 5771
f 5742 5771 5743
f 5743 5771 5772
f 5743 5772 5744
f 5744 5772 5773
f 5744 5773 5745
f 5745 5773 5774
f 5745 5774 5746
f 5746 5774 5775
f 5746 5775 5747
f 5747 5775 5776
f 5747 5776 5748
f 5748 5776 5777
f 5748 5777 5749
f 5749 5777 5778
f 5749 5778 5750
f 5750 5778 5779
f 5750 5779 5751
f 5751 5779 5780
f 5751 5780 5752
f 5752 5780 5781
f 5752 5781 5753
f 5753 5781 5782
f 5753 5782 5754
f 5754 5782 5783
f 5754 5783 5755
f 5755 5783 5784
f 5755 5784 5756
f 5756 5784 5785
f 5756 5785 5757
f 5757 5785 5786
f 5757 5786 5758
f 5758 5786 5787
f 5758 5787 5759
f 5759 5787 5788
f 5759 5788 5760
f 5760 5788 5789
f 5760 5789 5761
f 5761 5789 5790
f 5761 5790 5762
f 5762 5790 5791
f 5762 5791 5763
f 5763 5791 5792
f 5763 5792 5764
f 5764 5792 5793
f 5764 5793 5765
f 5765 5793 5794
f 5765 5794 5766
f 5766 5794 5795
f 5766 5795 5767
f 5767 5795 5796
f 5767 5796 5768
f 5768 5796 5769
f 5768 5769 5741
f 5769 5797 5798
f 5769 5798 5770
f 5770 5798 5799
f 5770 5799 5771
f 5771 5799 5800
f 5771 5800 5772
f 5772 5800 5801
f 5772 5801 5773
f 5773 5801 5802
f 5773 5802 5774
f 5774 5802 5803
f 5774 5803 5775
f 5775 5803 5804
f 5775 5804 5776
f 5776 5804 5805
f 5776 5805 5777
f 5777 5805 5806
f 5777 5806 5778
f 5778 5806 5807
f 5778 5807 5779
f 5779 5807 5808
f 5779 5808 5780
f 5780 5808 5809
f 5780 5809 5781
f 5781 5809 5810
f 5781 5810 5782
f 5782 5810 5811
f 5782 5811 5783
f 5783 5811 5812
f 5783 5812 5784
f 5784 5812 5813
f 5784 5813 5785
f 5785 5813 5814
f 5785 5814 5786
f 5786 5814 5815
f 5786 5815 5787
f 5787 5815 5816
f 5787 5816 5788
f 5788 5816 5817
f 5788 5817 5789
f 5789 5817 5818
f 5789 5818 5790
f 5790 5818 5819
f 5790 5819 5791
f 5791 5819 5820
f 5791 5820 5792
f 5792 5820 5821
f 5792 5821 5793
f 5793 5821 5822
f 5793 5822 5794
f 5794 5822 5823
f 5794 5823 5795
f 5795 5823 5824
f 5795 5824 5796
f 5796 5824 5797
f 5796 5797 5769
f 5797 5825 5826
f 5797 5826 5798
f 5798 5826 5827
f 5798 5827 5799
f 5799 5827 5828
f 5799 5828 5800
f 5800 5828 5829
f 5800 5829 5801
f 5801 5829 5830
f 5801 5830 5802
f 5802 5830 5831
f 5802 5831 5803
f 5803 5831 5832
f 5803 5832 5804
f 5804 5832 5833
f 5804 5833 5805
f 5805 5833 5834
f 5805 5834 5806
f 5806 5834 5835
f 5806 5835 5807
f 5807 5835 5836
f 5807 5836 5808
f 5808 5836 5837
f 5808 5837 5809
f 5809 5837 5838
f 5809 5838 5810
f 5810 5838 5839
f 5810 5839 5811
f 5811 5839 5840
f 5811 5840 5812
f 5812 5840 5841
f 5812 5841 5813
f 5813 5841 5842
f 5813 5842 5814
f 5814 5842 5843
f 5814 5843 5815
f 5815 5843 5844
f 5815 5844 5816
f 5816 5844 5845
f 5816 5845 5817
f 5817 5845 5846
f 5817 5846 5818
f 5818 5846 5847
f 5818 5847 5819
f 5819 5847 5848
f 5819 5848 5820
f 5820 5848 5849
f 5820 5849 5821
f 5821 5849 5850
f 5821 5850 5822
f 5822 5850 5851
f 5822 5851 5823
f 5823 5851 5852
f 5823 5852 5824
f 5824 5852 5825
f 5824 5825 5797
f 5825 5853 5854
f 5825 5854 5826
f 5826 5854 5855
f 5826 5855 5827
f 5827 5855 5856
f 5827 5856 5828
f 5828 5856 5857
f 5828 5857 5829
f 5829 5857 5858
f 5829 5858 5830
f 5830 5858 5859
f 5830 5859 5831
f 5831 5859 5860
f 5831 5860 5832
f 5832 5860 5861
f 5832 5861 5833
f 5833 5861 5862
f 5833 5862 5834
f 5834 5862 5863
f 5834 5863 5835
f 5835 5863 5864
f 5835 5864 5836
f 5836 5864 5865
f 5836 5865 5837
f 5837 5865 5866
f 5837 5866 5838
f 5838 5866 5867
f 5838 5867 5839
f 5839 5867 5868
f 5839 5868 5840
f 5840 5868 5869
f 5840 5869 5841
f 5841 5869 5870
f 5841 5870 5842
f 5842 5870 5871
f 5842 5871 5843
f 5843 5871 5872
f 5843 5872 5844
f 5844 5872 5873
f 5844 5873 5845
f 5845 5873 5874
f 5845 5874 5846
f 5846 5874 5875
f 5846 5875 5847
f 5847 5875 5876
f 5847 5876 5848
f 5848 5876 5877
f 5848 5877 5849
f 5849 5877 5878
f 5849 5878 5850
f 5850 5878 5879
f 5850 5879 5851
f 5851 5879 5880
f 5851 5880 5852
f 5852 5880 5853
f 5852 5853 5825
f 5853 5881 5882
f 5853 5882 5854
f 5854 5882 5883
f 5854 5883 5855
f 5855 5883 5884
f 5855 5884 5856
f 5856 5884 5885
f 5856 5885 5857
f 5857 5885 5886
f 5857 5886 5858
f 5858 5886 5887
f 5858 5887 5859
f 5859 5887 5888
f 5859 5888 5860
f 5860 5888 5889
f 5860 5889 5861
f 5861 5889 5890
f 5861 5890 5862
f 5862 5890 5891
f 5862 5891 5863
f 5863 5891 5892
f 5863 5892 5864
f 5864 5892 5893
f 5864 5893 5865
f 5865 5893 5894
f 5865 5894 5866
f 5866 5894 5895
f 5866 5895 5867
f 5867 5895 5896
f 5867 5896 5868
f 5868 5896 5897
f 5868 5897 5869
f 5869 5897 5898
f 5869 5898 5870
f 5870 5898 5899
f 5870 5899 5871
f 5871 5899 5900
f 5871 5900 5872
f 5872 5900 5901
f 5872 5901 5873
f 5873 5901 5902
f 5873 5902 5874
f 5874 5902 5903
f 5874 5903 5875
f 5875 5903 5904
f 5875 5904 5876
f 5876 5904 5905
f 5876 5905 5877
f 5877 5905 5906
f 5877 5906 5878
f 5878 5906 5907
f 5878 5907 5879
f 5879 5907 5908
f 5879 5908 5880
f 5880 5908 5881
f 5880 5881 5853
f 5881 5909 5910
f 5881 5910 5882
f 5882 5910 5911
f 5882 5911 5883
f 5883 5911 5912
f 5883 5912 5884
f 5884 5912 5913
f 5884 5913 5885
f 5885 5913 5914
f 5885 5914 5886
f 5886 5914 5915
f 5886 5915 5887
f 5887 5915 5916
f 5887 5916 5888
f 5888 5916 5917
f 5888 5917 5889
f 5889 5917 5918
f 5889 5918 5890
f 5890 5918 5919
f 5890 5919 5891
f 5891 5919 5920
f 5891 5920 5892
f 5892 5920 5921
f 5892 5921 5893
f 5893 5921 5922
f 5893 5922 5894
f 5894 5922 5923
f 5894 5923 5895
f 5895 5923 5924
f 5895 5924 5896
f 5896 5924 5925
f 5896 5925 5897
f 5897 5925 5926
f 5897 5926 5898
f 5898 5926 5927
f 5898 5927 5899
f 5899 5927 5928
f 5899 5928 5900
f 5900 5928 5929
f 5900 5929 5901
f 5901 5929 5930
f 5901 5930 5902
f 5902 5930 5931
f 5902 5931 5903
f 5903 5931 5932
f 5903 5932 5904
f 5904 5932 5933
f 5904 5933 5905
f 5905 5933 5934
f 5905 5934 5906
f 5906 5934 5935
f 5906 5935 5907
f 5907 5935 5936
f 5907 5936 5908
f 5908 5936 5909
f 5908 5909 5881
f 5909 5937 5938
f 5909 5938 5910
f 5910 5938 5939
f 5910 5939 5911
f 5911 5939 5940
f 5911 5940 5912
f 5912 5940 5941
f 5912 5941 5913
f 5913 5941 5942
f 5913 5942 5914
f 5914 5942 5943
f 5914 5943 5915
f 5915 5943 5944
f 5915 5944 5916
f 5916 5944 5945
f 5916 5945 5917
f 5917 5945 5946
f 5917 5946 5918
f 5918 5946 5947
f 5918 5947 5919
f 5919 5947 5948
f 5919 5948 5920
f 5920 5948 5949
f 5920 5949 5921
f 5921 5949 5950
f 5921 5950 5922
f 5922 5950 5951
f 5922 5951 5923
f 5923 5951 5952
f 5923 5952 5924
f 5924 5952 5953
f 5924 5953 5925
f 5925 5953 5954
f 5925 5954 5926
f 5926 5954 5955
f 5926 5955 5927
f 5927 5955 5956
f 5927 5956 5928
f 5928 5956 5957
f 5928 5957 5929
f 5929 5957 5958
f 5929 5958 5930
f 5930 5958 5959
f 5930 5959 5931
f 5931 5959 5960
f 5931 5960 5932
f 5932 5960 5961
f 5932 5961 5933
f 5933 5961 5962
f 5933 5962 5934
f 5934 5962 5963
f 5934 5963 5935
f 5935 5963 5964
f 5935 5964 5936
f 5936 5964 5937
f 5936 5937 5909
f 5937 5965 5966
f 5937 5966 5938
f 5938 5966 5967
f 5938 5967 5939
f 5939 5967 5968
f 5939 5968 5940
f 5940 5968 5969
f 5940 5969 5941
f 5941 5969 5970
f 5941 5970 5942
f 5942 5970 5971
f 5942 5971 5943
f 5943 5971 5972
f 5943 5972 5944
f 5944 5972 5973
f 5944 5973 5945
f 5945 5973 5974
f 5945 5974 5946
f 5946 5974 5975
f 5946 5975 5947
f 5947 5975 5976
f 5947 5976 5948
f 5948 5976 5977
f 5948 5977 5949
f 5949 5977 5978
f 5949 5978 5950
f 5950 5978 5979
f 5950 5979 5951
f 5951 5979 5980
f 5951 5980 5952
f 5952 5980 5981
f 5952 5981 5953
f 5953 5981 5982
f 5953 5982 5954
f 5954 5982 5983
f 5954 5983 5955
f 5955 5983 5984
f 5955 5984 5956
f 5956 5984 5985
f 5956 5985 5957
f 5957 5985 5986
f 5957 5986 5958
f 5958 5986 5987
f 5958 5987 5959
f 5959 5987 5988
f 5959 5988 5960
f 5960 5988 5989
f 5960 5989 5961
f 5961 5989 5990
f 5961 5990 5962
f 5962 5990 5991
f 5962 5991 5963
f 5963 5991 5992
f 5963 5992 5964
f 5964 5992 5965
f 5964 5965 5937
f 5965 5993 5994
f 5965 5994 5966
f 5966 5994 5995
f 5966 5995 5967
f 5967 5995 5996
f 5967 5996 5968
f 5968 5996 5997
f 5968 5997 5969
f 5969 5997 5998
f 5969 5998 5970
f 5970 5998 5999
f 5970 5999 5971
f 5971 5999 6000
f 5971 6000 5972
f 5972 6000 6001
f 5972 6001 5973
f 5973 6001 6002
f 5973 6002 5974
f 5974 6002 6003
f 5974 6003 5975
f 5975 6003 6004
f 5975 6004 5976
f 5976 6004 6005
f 5976 6005 5977
f 5977 6005 6006
f 5977 6006 5978
f 5978 6006 6007
f 5978 6007 5979
f 5979 6007 6008
f 5979 6008 5980
f 5980 6008 6009
f 5980 6009 5981
f 5981 6009 6010
f 5981 6010 5982
f 5982 6010 6011
f 5982 6011 5983
f 5983 6011 6012
f 5983 6012 5984
f 5984 6012 6013
f 5984 6013 5985
f 5985 6013 6014
f 5985 6014 5986
f 5986 6014 6015
f 5986 6015 5987
f 5987 6015 6016
f 5987 6016 5988
f 5988 6016 6017
f 5988 6017 5989
f 5989 6017 6018
f 5989 6018 5990
f 5990 6018 6019
f 5990 6019 5991
f 5991 6019 6020
f 5991 6020 5992
f 5992 6020 5993
f 5992 5993 5965
f 5993 6021 6022
f 5993 6022 5994
f 5994 6022 6023
f 5994 6023 5995
f 5995 6023 6024
f 5995 6024 5996
f 5996 6024 6025
f 5996 6025 5997
f 5997 6025 6026
f 5997 6026 5998
f 5998 6026 6027
f 5998 6027 5999
f 5999 6027 6028
f 5999 6028 6000
f 6000 6028 6029
f 6000 6029 6001
f 6001 6029 6030
f 6001 6030 6002
f 6002 6030 6031
f 6002 6031 6003
f 6003 6031 6032
f 6003 6032 6004
f 6004 6032 6033
f 6004 6033 6005
f 6005 6033 6034
f 6005 6034 6006
f 6006 6034 6035
f 6006 6035 6007
f 6007 6035 6036
f 6007 6036 6008
f 6008 6036 6037
f 6008 6037 6009
f 6009 6037 6038
f 6009 6038 6010
f 6010 6038 6039
f 6010 6039 6011
f 6011 6039 6040
f 6011 6040 6012
f 6012 6040 6041
f 6012 6041 6013
f 6013 6041 6042
f 6013 6042 6014
f 6014 6042 6043
f 6014 6043 6015
f 6015 6043 6044
f 6015 6044 6016
f 6016 6044 6045
f 6016 6045 6017
f 6017 6045 6046
f 6017 6046 6018
f 6018 6046 6047
f 6018 6047 6019
f 6019 6047 6048
f 6019 6048 6020
f 6020 6048 6021
f 6020 6021 5993
f 6021 6049 6050
f 6021 6050 6022
f 6022 6050 6051
f 6022 6051 6023
f 6023 6051 6052
f 6023 6052 6024
f 6024 6052 6053
f 6024 6053 6025
f 6025 6053 6054
f 6025 6054 6026
f 6026 6054 6055
f 6026 6055 6027
f 6027 6055 6056
f 6027 6056 6028
f 6028 6056 6057
f 6028 6057 6029
f 6029 6057 6058
f 6029 6058 6030
f 6030 6058 6059
f 6030 6059 6031
f 6031 6059 6060
f 6031 6060 6032
f 6032 6060 6061
f 6032 6061 6033
f 6033 6061 6062
f 6033 6062 6034
f 6034 6062 6063
f 6034 6063 6035
f 6035 6063 6064
f 6035 6064 6036
f 6036 6064 6065
f 6036 6065 6037
f 6037 6065 6066
f 6037 6066 6038
f 6038 6066 6067
f 6038 6067 6039
f 6039 6067 6068
f 6039 6068 6040
f 6040 6068 6069
f 6040 6069 6041
f 6041 6069 6070
f 6041 6070 6042
f 6042 6070 6071
f 6042 6071 6043
f 6043 6071 6072
f 6043 6072 6044
f 6044 6072 6073
f 6044 6073 6045
f 6045 6073 6074
f 6045 6074 6046
f 6046 6074 6075
f 6046 6075 6047
f 6047 6075 6076
f 6047 6076 6048
f 6048 6076 6049
f 6048 6049 6021
f 6049 6077 6078
f 6049 6078 6050
f 6050 6078 6079
f 6050 6079 6051
f 6051 6079 6080
f 6051 6080 6052
f 6052 6080 6081
f 6052 6081 6053
f 6053 6081 6082
f 6053 6082 6054
f 6054 6082 6083
f 6054 6083 6055
f 6055 6083 6084
f 6055 6084 6056
f 6056 6084 6085
f 6056 6085 6057
f 6057 6085 6086
f 6057 6086 6058
f 6058 6086 6087
f 6058 6087 6059
f 6059 6087 6088
f 6059 6088 6060
f 6060 6088 6089
f 6060 6089 6061
f 6061 6089 6090
f 6061 6090 6062
f 6062 6090 6091
f 6062 6091 6063
f 6063 6091 6092
f 6063 6092 6064
f 6064 6092 6093
f 6064 6093 6065
f 6065 6093 6094
f 6065 6094 6066
f 6066 6094 6095
f 6066 6095 6067
f 6067 6095 6096
f 6067 6096 6068
f 6068 6096 6097
f 6068 6097 6069
f 6069 6097 6098
f 6069 6098 6070
f 6070 6098 6099
f 6070 6099 6071
f 6071 6099 6100
f 6071 6100 6072
f 6072 6100 6101
f 6072 6101 6073
f 6073 6101 6102
f 6073 6102 6074
f 6074 6102 6103
f 6074 6103 6075
f 6075 6103 6104
f 6075 6104 6076
f 6076 6104 6077
f 6076 6077 6049
f 6077 6105 6106
f 6077 6106 6078
f 6078 6106 6107
f 6078 6107 6079
f 6079 6107 6108
f 6079 6108 6080
f 6080 6108 6109
f 6080 6109 6081
f 6081 6109 6110
f 6081 6110 6082
f 6082 6110 6111
f 6082 6111 6083
f 6083 6111 6112
f 6083 6112 6084
f 6084 6112 6113
f 6084 6113 6085
f 6085 6113 6114
f 6085 6114 6086
f 6086 6114 6115
f 6086 6115 6087
f 6087 6115 6116
f 6087 6116 6088
f 6088 6116 6117
f 6088 6117 6089
f 6089 6117 6118
f 6089 6118 6090
f 6090 6118 6119
f 6090 6119 6091
f 6091 6119 6120
f 6091 6120 6092
f 6092 6120 6121
f 6092 6121 6093
f 6093 6121 6122
f 6093 6122 6094
f 6094 6122 6123
f 6094 6123 6095
f 6095 6123 6124
f 6095 6124 6096
f 6096 6124 6125
f 6096 6125 6097
f 6097 6125 6126
f 6097 6126 6098
f 6098 6126 6127
f 6098 6127 6099
f 6099 6127 6128
f 6099 6128 6100
f 6100 6128 6129
f 6100 6129 6101
f 6101 6129 6130
f 6101 6130 6102
f 6102 6130 6131
f 6102 6131 6103
f 6103 6131 6132
f 6103 6132 6104
f 6104 6132 6105
f 6104 6105 6077
f 6105 6133 6134
f 6105 6134 6106
f 6106 6134 6135
f 6106 6135 6107
f 6107 6135 6136
f 6107 6136 6108
f 6108 6136 6137
f 6108 6137 6109
f 6109 6137 6138
f 6109 6138 6110
f 6110 6138 6139
f 6110 6139 6111
f 6111 6139 6140
f 6111 6140 6112
f 6112 6140 6141
f 6112 6141 6113
f 6113 6141 6142
f 6113 6142 6114
f 6114 6142 6143
f 6114 6143 6115
f 6115 6143 6144
f 6115 6144 6116
f 6116 6144 6145
f 6116 6145 6117
f 6117 6145 6146
f 6117 6146 6118
f 6118 6146 6147
f 6118 6147 6119
f 6119 6147 6148
f 6119 6148 6120
f 6120 6148 6149
f 6120 6149 6121
f 6121 6149 6150
f 6121 6150 6122
f 6122 6150 6151
f 6122 6151 6123
f 6123 6151 6152
f 6123 6152 6124
f 6124 6152 6153
f 6124 6153 6125
f 6125 6153 6154
f 6125 6154 6126
f 6126 6154 6155
f 6126 6155 6127
f 6127 6155 6156
f 6127 6156 6128
f 6128 6156 6157
f 6128 6157 6129
f 6129 6157 6158
f 6129 6158 6130
f 6130 6158 6159
f 6130 6159 6131
f 6131 6159 6160
f 6131 6160 6132
f 6132 6160 6133
f 6132 6133 6105
f 6133 6161 6162
f 6133 6162 6134
f 6134 6162 6163
f 6134 6163 6135
f 6135 6163 6164
f 6135 6164 6136
f 6136 6164 6165
f 6136 6165 6137
f 6137 6165 6166
f 6137 6166 6138
f 6138 6166 6167
f 6138 6167 6139
f 6139 6167 6168
f 6139 6168 6140
f 6140 6168 6169
f 6140 6169 6141
f 6141 6169 6170
f 6141 6170 6142
f 6142 6170 6171
f 6142 6171 6143
f 6143 6171 6172
f 6143 6172 6144
f 6144 6172 6173
f 6144 6173 6145
f 6145 6173 6174
f 6145 6174 6146
f 6146 6174 6175
f 6146 6175 6147
f 6147 6175 6176
f 6147 6176 6148
f 6148 6176 6177
f 6148 6177 6149
f 6149 6177 6178
f 6149 6178 6150
f 6150 6178 6179
f 6150 6179 6151
f 6151 6179 6180
f 6151 6180 6152
f 6152 6180 6181
f 6152 6181 6153
f 6153 6181 6182
f 6153 6182 6154
f 6154 6182 6183
f 6154 6183 6155
f 6155 6183 6184
f 6155 6184 6156
f 6156 6184 6185
f 6156 6185 6157
f 6157 6185 6186
f 6157 6186 6158
f 6158 6186 6187
f 6158 6187 6159
f 6159 6187 6188
f 6159 6188 6160
f 6160 6188 6161
f 6160 6161 6133
f 6161 6189 6190
f 6161 6190 6162
f 6162 6190 6191
f 6162 6191 6163
f 6163 6191 6192
f 6163 6192 6164
f 6164 6192 6193
f 6164 6193 6165
f 6165 6193 6194
f 6165 6194 6166
f 6166 6194 6195
f 6166 6195 6167
f 6167 6195 6196
f 6167 6196 6168
f 6168 6196 6197
f 6168 6197 6169
f 6169 6197 6198
f 6169 6198 6170
f 6170 6198 6199
f 6170 6199 6171
f 6171 6199 6200
f 6171 6200 6172
f 6172 6200 6201
f 6172 6201 6173
f 6173 6201 6202
f 6173 6202 6174
f 6174 6202 6203
f 6174 6203 6175
f 6175 6203 6204
f 6175 6204 6176
f 6176 6204 6205
f 6176 6205 6177
f 6177 6205 6206
f 6177 6206 6178
f 6178 6206 6207
f 6178 6207 6179
f 6179 6207 6208
f 6179 6208 6180
f 6180 6208 6209
f 6180 6209 6181
f 6181 6209 6210
f 6181 6210 6182
f 6182 6210 6211
f 6182 6211 6183
f 6183 6211 6212
f 6183 6212 6184
f 6184 6212 6213
f 6184 6213 6185
f 6185 6213 6214
f 6185 6214 6186
f 6186 6214 6215
f 6186 6215 6187
f 6187 6215 6216
f 6187 6216 6188
f 6188 6216 6189
f 6188 6189 6161
f 6189 6217 6218
f 6189 6218 6190
f 6190 6218 6219
f 6190 6219 6191
f 6191 6219 6220
f 6191 6220 6192
f 6192 6220 6221
f 6192 6221 6193
f 6193 6221 6222
f 6193 6222 6194
f 6194 6222 6223
f 6194 6223 6195
f 6195 6223 6224
f 6195 6224 6196
f 6196 6224 6225
f 6196 6225 6197
f 6197 6225 6226
f 6197 6226 6198
f 6198 6226 6227
f 6198 6227 6199
f 6199 6227 6228
f 6199 6228 6200
f 6200 6228 6229
f 6200 6229 6201
f 6201 6229 6230
f 6201 6230 6202
f 6202 6230 6231
f 6202 6231 6203
f 6203 6231 6232
f 6203 6232 6204
f 6204 6232 6233
f 6204 6233 6205
f 6205 6233 6234
f 6205 6234 6206
f 6206 6234 6235
f 6206 6235 6207
f 6207 6235 6236
f 6207 6236 6208
f 6208 6236 6237
f 6208 6237 6209
f 6209 6237 6238
f 6209 6238 6210
f 6210 6238 6239
f 6210 6239 6211
f 6211 6239 6240
f 6211 6240 6212
f 6212 6240 6241
f 6212 6241 6213
f 6213 6241 6242
f 6213 6242 6214
f 6214 6242 6243
f 6214 6243 6215
f 6215 6243 6244
f 6215 6244 6216
f 6216 6244 6217
f 6216 6217 6189
f 6217 6245 6246
f 6217 6246 6218
f 6218 6246 6247
f 6218 6247 6219
f 6219 6247 6248
f 6219 6248 6220
f 6220 6248 6249
f 6220 6249 6221
f 6221 6249 6250
f 6221 6250 6222
f 6222 6250 6251
f 6222 6251 6223
f 6223 6251 6252
f 6223 6252 6224
f 6224 6252 6253
f 6224 6253 6225
f 6225 6253 6254
f 6225 6254 6226
f 6226 6254 6255
f 6226 6255 6227
f 6227 6255 6256
f 6227 6256 6228
f 6228 6256 6257
f 6228 6257 6229
f 6229 6257 6258
f 6229 6258 6230
f 6230 6258 6259
f 6230 6259 6231
f 6231 6259 6260
f 6231 6260 6232
f 6232 6260 6261
f 6232 6261 6233
f 6233 6261 6262
f 6233 6262 6234
f 6234 6262 6263
f 6234 6263 6235
f 6235 6263 6264
f 6235 6264 6236
f 6236 6264 6265
f 6236 6265 6237
f 6237 6265 6266
f 6237 6266 6238
f 6238 6266 6267
f 6238 6267 6239
f 6239 6267 6268
f 6239 6268 6240
f 6240 6268 6269
f 6240 6269 6241
f 6241 6269 6270
f 6241 6270 6242
f 6242 6270 6271
f 6242 6271 6243
f 6243 6271 6272
f 6243 6272 6244
f 6244 6272 6245
f 6244 6245 6217
f 6245 6273 6274
f 6245 6274 6246
f 6246 6274 6275
f 6246 6275 6247
f 6247 6275 6276
f 6247 6276 6248
f 6248 6276 6277
f 6248 6277 6249
f 6249 6277 6278
f 6249 6278 6250
f 6250 6278 6279
f 6250 6279 6251
f 6251 6279 6280
f 6251 6280 6252
f 6252 6280 6281
f 6252 6281 6253
f 6253 6281 6282
f 6253 6282 6254
f 6254 6282 6283
f 6254 6283 6255
f 6255 6283 6284
f 6255 6284 6256
f 6256 6284 6285
f 6256 6285 6257
f 6257 6285 6286
f 6257 6286 6258
f 6258 6286 6287
f 6258 6287 6259
f 6259 6287 6288
f 6259 6288 6260
f 6260 6288 6289
f 6260 6289 6261
f 6261 6289 6290
f 6261 6290 6262
f 6262 6290 6291
f 6262 6291 6263
f 6263 6291 6292
f 6263 6292 6264
f 6264 6292 6293
f 6264 6293 6265
f 6265 6293 6294
f 6265 6294 6266
f 6266 6294 6295
f 6266 6295 6267
f 6267 6295 6296
f 6267 6296 6268
f 6268 6296 6297
f 6268 6297 6269
f 6269 6297 6298
f 6269 6298 6270
f 6270 6298 6299
f 6270 6299 6271
f 6271 6299 6300
f 6271 6300 6272
f 6272 6300 6273
f 6272 6273 6245
f 6273 6301 6302
f 6273 6302 6274
f 6274 6302 6303
f 6274 6303 6275
f 6275 6303 6304
f 6275 6304 6276
f 6276 6304 6305
f 6276 6305 6277
f 6277 6305 6306
f 6277 6306 6278
f 6278 6306 6307
f 6278 6307 6279
f 6279 6307 6308
f 6279 6308 6280
f 6280 6308 6309
f 6280 6309 6281
f 6281 6309 6310
f 6281 6310 6282
f 6282 6310 6311
f 6282 6311 6283
f 6283 6311 6312
f 6283 6312 6284
f 6284 6312 6313
f 6284 6313 6285
f 6285 6313 6314
f 6285 6314 6286
f 6286 6314 6315
f 6286 6315 6287
f 6287 6315 6316
f 6287 6316 6288
f 6288 6316 6317
f 6288 6317 6289
f 6289 6317 6318
f 6289 6318 6290
f 6290 6318 6319
f 6290 6319 6291
f 6291 6319 6320
f 6291 6320 6292
f 6292 6320 6321
f 6292 6321 6293
f 6293 6321 6322
f 6293 6322 6294
f 6294 6322 6323
f 6294 6323 6295
f 6295 6323 6324
f 6295 6324 6296
f 6296 6324 6325
f 6296 6325 6297
f 6297 6325 6326
f 6297 6326 6298
f 6298 6326 6327
f 6298 6327 6299
f 6299 6327 6328
f 6299 6328 6300
f 6300 6328 6301
f 6300 6301 6273
f 6301 6329 6330
f 6301 6330 6302
f 6302 6330 6331
f 6302 6331 6303
f 6303 6331 6332
f 6303 6332 6304
f 6304 6332 6333
f 6304 6333 6305
f 6305 6333 6334
f 6305 6334 6306
f 6306 6334 6335
f 6306 6335 6307
f 6307 6335 6336
f 6307 6336 6308
f 6308 6336 6337
f 6308 6337 6309
f 6309 6337 6338
f 6309 6338 6310
f 6310 6338 6339
f 6310 6339 6311
f 6311 6339 6340
f 6311 6340 6312
f 6312 6340 6341
f 6312 6341 6313
f 6313 6341 6342
f 6313 6342 6314
f 6314 6342 6343
f 6314 6343 6315
f 6315 6343 6344
f 6315 6344 6316
f 6316 6344 6345
f 6316 6345 6317
f 6317 6345 6346
f 6317 6346 6318
f 6318 6346 6347
f 6318 6347 6319
f 6319 6347 6348
f 6319 6348 6320
f 6320 6348 6349
f 6320 6349 6321
f 6321 6349 6350
f 6321 6350 6322
f 6322 6350 6351
f 6322 6351 6323
f 6323 6351 6352
f 6323 6352 6324
f 6324 6352 6353
f 6324 6353 6325
f 6325 6353 6354
f 6325 6354 6326
f 6326 6354 6355
f 6326 6355 6327
f 6327 6355 6356
f 6327 6356 6328
f 6328 6356 6329
f 6328 6329 6301
f 6329 6357 6358
f 6329 6358 6330
f 6330 6358 6359
f 6330 6359 6331
f 6331 6359 6360
f 6331 6360 6332
f 6332 6360 6361
f 6332 6361 6333
f 6333 6361 6362
f 6333 6362 6334
f 6334 6362 6363
f 6334 6363 6335
f 6335 6363 6364
f 6335 6364 6336
f 6336 6364 6365
f 6336 6365 6337
f 6337 6365 6366
f 6337 6366 6338
f 6338 6366 6367
f 6338 6367 6339
f 6339 6367 6368
f 6339 6368 6340
f 6340 6368 6369
f 6340 6369 6341
f 6341 6369 6370
f 6341 6370 6342
f 6342 6370 6371
f 6342 6371 6343
f 6343 6371 6372
f 6343 6372 6344
f 6344 6372 6373
f 6344 6373 6345
f 6345 6373 6374
f 6345 6374 6346
f 6346 6374 6375
f 6346 6375 6347
f 6347 6375 6376
f 6347 6376 6348
f 6348 6376 6377
f 6348 6377 6349
f 6349 6377 6378
f 6349 6378 6350
f 6350 6378 6379
f 6350 6379 6351
f 6351 6379 6380
f 6351 6380 6352
f 6352 6380 6381
f 6352 6381 6353
f 6353 6381 6382
f 6353 6382 6354
f 6354 6382 6383
f 6354 6383 6355
f 6355 6383 6384
f 6355 6384 6356
f 6356 6384 6357
f 6356 6357 6329
f 6357 6385 6386
f 6357 6386 6358
f 6358 6386 6387
f 6358 6387 6359
f 6359 6387 6388
f 6359 6388 6360
f 6360 6388 6389
f 6360 6389 6361
f 6361 6389 6390
f 6361 6390 6362
f 6362 6390 6391
f 6362 6391 6363
f 6363 6391 6392
f 6363 6392 6364
f 6364 6392 6393
f 6364 6393 6365
f 6365 6393 6394
f 6365 6394 6366
f 6366 6394 6395
f 6366 6395 6367
f 6367 6395 6396
f 6367 6396 6368
f 6368 6396 6397
f 6368 6397 6369
f 6369 6397 6398
f 6369 6398 6370
f 6370 6398 6399
f 6370 6399 6371
f 6371 6399 6400
f 6371 6400 6372
f 6372 6400 6401
f 6372 6401 6373
f 6373 6401 6402
f 6373 6402 6374
f 6374 6402 6403
f 6374 6403 6375
f 6375 6403 6404
f 6375 6404 6376
f 6376 6404 6405
f 6376 6405 6377
f 6377 6405 6406
f 6377 6406 6378
f 6378 6406 6407
f 6378 6407 6379
f 6379 6407 6408
f 6379 6408 6380
f 6380 6408 6409
f 6380 6409 6381
f 6381 6409 6410
f 6381 6410 6382
f 6382 6410 6411
f 6382 6411 6383
f 6383 6411 6412
f 6383 6412 6384
f 6384 6412 6385
f 6384 6385 6357
f 6385 6413 6414
f 6385 6414 6386
f 6386 6414 6415
f 6386 6415 6387
f 6387 6415 6416
f 6387 6416 6388
f 6388 6416 6417
f 6388 6417 6389
f 6389 6417 6418
f 6389 6418 6390
f 6390 6418 6419
f 6390 6419 6391
f 6391 6419 6420
f 6391 6420 6392
f 6392 6420 6421
f 6392 6421 6393
f 6393 6421 6422
f 6393 6422 6394
f 6394 6422 6423
f 6394 6423 6395
f 6395 6423 6424
f 6395 6424 6396
f 6396 6424 6425
f 6396 6425 6397
f 6397 6425 6426
f 6397 6426 6398
f 6398 6426 6427
f 6398 6427 6399
f 6399 6427 6428
f 6399 6428 6400
f 6400 6428 6429
f 6400 6429 6401
f 6401 6429 6430
f 6401 6430 6402
f 6402 6430 6431
f 6402 6431 6403
f 6403 6431 6432
f 6403 6432 6404
f 6404 6432 6433
f 6404 6433 6405
f 6405 6433 6434
f 6405 6434 6406
f 6406 6434 6435
f 6406 6435 6407
f 6407 6435 6436
f 6407 6436 6408
f 6408 6436 6437
f 6408 6437 6409
f 6409 6437 6438
f 6409 6438 6410
f 6410 6438 6439
f 6410 6439 6411
f 6411 6439 6440
f 6411 6440 6412
f 6412 6440 6413
f 6412 6413 6385
f 6413 6441 6442
f 6413 6442 6414
f 6414 6442 6443
f 6414 6443 6415
f 6415 6443 6444
f 6415 6444 6416
f 6416 6444 6445
f 6416 6445 6417
f 6417 6445 6446
f 6417 6446 6418
f 6418 6446 6447
f 6418 6447 6419
f 6419 6447 6448
f 6419 6448 6420
f 6420 6448 6449
f 6420 6449 6421
f 6421 6449 6450
f 6421 6450 6422
f 6422 6450 6451
f 6422 6451 6423
f 6423 6451 6452
f 6423 6452 6424
f 6424 6452 6453
f 6424 6453 6425
f 6425 6453 6454
f 6425 6454 6426
f 6426 6454 6455
f 6426 6455 6427
f 6427 6455 6456
f 6427 6456 6428
f 6428 6456 6457
f 6428 6457 6429
f 6429 6457 6458
f 6429 6458 6430
f 6430 6458 6459
f 6430 6459 6431
f 6431 6459 6460
f 6431 6460 6432
f 6432 6460 6461
f 6432 6461 6433
f 6433 6461 6462
f 6433 6462 6434
f 6434 6462 6463
f 6434 6463 6435
f 6435 6463 6464
f 6435 6464 6436
f 6436 6464 6465
f 6436 6465 6437
f 6437 6465 6466
f 6437 6466 6438
f 6438 6466 6467
f 6438 6467 6439
f 6439 6467 6468
f 6439 6468 6440
f 6440 6468 6441
f 6440 6441 6413
f 6441 6469 6470
f 6441 6470 6442
f 6442 6470 6471
f 6442 6471 6443
f 6443 6471 6472
f 6443 6472 6444
f 6444 6472 6473
f 6444 6473 6445
f 6445 6473 6474
f 6445 6474 6446
f 6446 6474 6475
f 6446 6475 6447
f 6447 6475 6476
f 6447 6476 6448
f 6448 6476 6477
f 6448 6477 6449
f 6449 6477 6478
f 6449 6478 6450
f 6450 6478 6479
f 6450 6479 6451
f 6451 6479 6480
f 6451 6480 6452
f 6452 6480 6481
f 6452 6481 6453
f 6453 6481 6482
f 6453 6482 6454
f 6454 6482 6483
f 6454 6483 6455
f 6455 6483 6484
f 6455 6484 6456
f 6456 6484 6485
f 6456 6485 6457
f 6457 6485 6486
f 6457 6486 6458
f 6458 6486 6487
f 6458 6487 6459
f 6459 6487 6488
f 6459 6488 6460
f 6460 6488 6489
f 6460 6489 6461
f 6461 6489 6490
f 6461 6490 6462
f 6462 6490 6491
f 6462 6491 6463
f 6463 6491 6492
f 6463 6492 6464
f 6464 6492 6493
f 6464 6493 6465
f 6465 6493 6494
f 6465 6494 6466
f 6466 6494 6495
f 6466 6495 6467
f 6467 6495 6496
f 6467 6496 6468
f 6468 6496 6469
f 6468 6469 6441
f 6469 6497 6498
f 6469 6498 6470
f 6470 6498 6499
f 6470 6499 6471
f 6471 6499 6500
f 6471 6500 6472
f 6472 6500 6501
f 6472 6501 6473
f 6473 6501 6502
f 6473 6502 6474
f 6474 6502 6503
f 6474 6503 6475
f 6475 6503 6504
f 6475 6504 6476
f 6476 6504 6505
f 6476 6505 6477
f 6477 6505 6506
f 6477 6506 6478
f 6478 6506 6507
f 6478 6507 6479
f 6479 6507 6508
f 6479 6508 6480
f 6480 6508 6509
f 6480 6509 6481
f 6481 6509 6510
f 6481 6510 6482
f 6482 6510 6511
f 6482 6511 6483
f 6483 6511 6512
f 6483 6512 6484
f 6484 6512 6513
f 6484 6513 6485
f 6485 6513 6514
f 6485 6514 6486
f 6486 6514 6515
f 6486 6515 6487
f 6487 6515 6516
f 6487 6516 6488
f 6488 6516 6517
f 6488 6517 6489
f 6489 6517 6518
f 6489 6518 6490
f 6490 6518 6519
f 6490 6519 6491
f 6491 6519 6520
f 6491 6520 6492
f 6492 6520 6521
f 6492 6521 6493
f 6493 6521 6522
f 6493 6522 6494
f 6494 6522 6523
f 6494 6523 6495
f 6495 6523 6524
f 6495 6524 6496
f 6496 6524 6497
f 6496 6497 6469
f 6497 6525 6526
f 6497 6526 6498
f 6498 6526 6527
f 6498 6527 6499
f 6499 6527 6528
f 6499 6528 6500
f 6500 6528 6529
f 6500 6529 6501
f 6501 6529 6530
f 6501 6530 6502
f 6502 6530 6531
f 6502 6531 6503
f 6503 6531 6532
f 6503 6532 6504
f 6504 6532 6533
f 6504 6533 6505
f 6505 6533 6534
f 6505 6534 6506
f 6506 6534 6535
f 6506 6535 6507
f 6507 6535 6536
f 6507 6536 6508
f 6508 6536 6537
f 6508 6537 6509
f 6509 6537 6538
f 6509 6538 6510
f 6510 6538 6539
f 6510 6539 6511
f 6511 6539 6540
f 6511 6540 6512
f 6512 6540 6541
f 6512 6541 6513
f 6513 6541 6542
f 6513 6542 6514
f 6514 6542 6543
f 6514 6543 6515
f 6515 6543 6544
f 6515 6544 6516
f 6516 6544 6545
f 6516 6545 6517
f 6517 6545 6546
f 6517 6546 6518
f 6518 6546 6547
f 6518 6547 6519
f 6519 6547 6548
f 6519 6548 6520
f 6520 6548 6549
f 6520 6549 6521
f 6521 6549 6550
f 6521 6550 6522
f 6522 6550 6551
f 6522 6551 6523
f 6523 6551 6552
f 6523 6552 6524
f 6524 6552 6525
f 6524 6525 6497
f 6525 6553 6554
f 6525 6554 6526
f 6526 6554 6555
f 6526 6555 6527
f 6527 6555 6556
f 6527 6556 6528
f 6528 6556 6557
f 6528 6557 6529
f 6529 6557 6558
f 6529 6558 6530
f 6530 6558 6559
f 6530 6559 6531
f 6531 6559 6560
f 6531 6560 6532
f 6532 6560 6561
f 6532 6561 6533
f 6533 6561 6562
f 6533 6562 6534
f 6534 6562 6563
f 6534 6563 6535
f 6535 6563 6564
f 6535 6564 6536
f 6536 6564 6565
f 6536 6565 6537
f 6537 6565 6566
f 6537 6566 6538
f 6538 6566 6567
f 6538 6567 6539
f 6539 6567 6568
f 6539 6568 6540
f 6540 6568 6569
f 6540 6569 6541
f 6541 6569 6570
f 6541 6570 6542
f 6542 6570 6571
f 6542 6571 6543
f 6543 6571 6572
f 6543 6572 6544
f 6544 6572 6573
f 6544 6573 6545
f 6545 6573 6574
f 6545 6574 6546
f 6546 6574 6575
f 6546 6575 6547
f 6547 6575 6576
f 6547 6576 6548
f 6548 6576 6577
f 6548 6577 6549
f 6549 6577 6578
f 6549 6578 6550
f 6550 6578 6579
f 6550 6579 6551
f 6551 6579 6580
f 6551 6580 6552
f 6552 6580 6553
f 6552 6553 6525
f 6553 6581 6582
f 6553 6582 6554
f 6554 6582 6583
f 6554 6583 6555
f 6555 6583 6584
f 6555 6584 6556
f 6556 6584 6585
f 6556 6585 6557
f 6557 6585 6586
f 6557 6586 6558
f 6558 6586 6587
f 6558 6587 6559
f 6559 6587 6588
f 6559 6588 6560
f 6560 6588 6589
f 6560 6589 6561
f 6561 6589 6590
f 6561 6590 6562
f 6562 6590 6591
f 6562 6591 6563
f 6563 6591 6592
f 6563 6592 6564
f 6564 6592 6593
f 6564 6593 6565
f 6565 6593 6594
f 6565 6594 6566
f 6566 6594 6595
f 6566 6595 6567
f 6567 6595 6596
f 6567 6596 6568
f 6568 6596 6597
f 6568 6597 6569
f 6569 6597 6598
f 6569 6598 6570
f 6570 6598 6599
f 6570 6599 6571
f 6571 6599 6600
f 6571 6600 6572
f 6572 6600 6601
f 6572 6601 6573
f 6573 6601 6602
f 6573 6602 6574
f 6574 6602 6603
f 6574 6603 6575
f 6575 6603 6604
f 6575 6604 6576
f 6576 6604 6605
f 6576 6605 6577
f 6577 6605 6606
f 6577 6606 6578
f 6578 6606 6607
f 6578 6607 6579
f 6579 6607 6608
f 6579 6608 6580
f 6580 6608 6581
f 6580 6581 6553
f 6581 6609 6610
f 6581 6610 6582
f 6582 6610 6611
f 6582 6611 6583
f 6583 6611 6612
f 6583 6612 6584
f 6584 6612 6613
f 6584 6613 6585
f 6585 6613 6614
f 6585 6614 6586
f 6586 6614 6615
f 6586 6615 6587
f 6587 6615 6616
f 6587 6616 6588
f 6588 6616 6617
f 6588 6617 6589
f 6589 6617 6618
f 6589 6618 6590
f 6590 6618 6619
f 6590 6619 6591
f 6591 6619 6620
f 6591 6620 6592
f 6592 6620 6621
f 6592 6621 6593
f 6593 6621 6622
f 6593 6622 6594
f 6594 6622 6623
f 6594 6623 6595
f 6595 6623 6624
f 6595 6624 6596
f 6596 6624 6625
f 6596 6625 6597
f 6597 6625 6626
f 6597 6626 6598
f 6598 6626 6627
f 6598 6627 6599
f 6599 6627 6628
f 6599 6628 6600
f 6600 6628 6629
f 6600 6629 6601
f 6601 6629 6630
f 6601 6630 6602
f 6602 6630 6631
f 6602 6631 6603
f 6603 6631 6632
f 6603 6632 6604
f 6604 6632 6633
f 6604 6633 6605
f 6605 6633 6634
f 6605 6634 6606
f 6606 6634 6635
f 6606 6635 6607
f 6607 6635 6636
f 6607 6636 6608
f 6608 6636 6609
f 6608 6609 6581
f 6609 6637 6638
f 6609 6638 6610
f 6610 6638 6639
f 6610 6639 6611
f 6611 6639 6640
f 6611 6640 6612
f 6612 6640 6641
f 6612 6641 6613
f 6613 6641 6642
f 6613 6642 6614
f 6614 6642 6643
f 6614 6643 6615
f 6615 6643 6644
f 6615 6644 6616
f 6616 6644 6645
f 6616 6645 6617
f 6617 6645 6646
f 6617 6646 6618
f 6618 6646 6647
f 6618 6647 6619
f 6619 6647 6648
f 6619 6648 6620
f 6620 6648 6649
f 6620 6649 6621
f 6621 6649 6650
f 6621 6650 6622
f 6622 6650 6651
f 6622 6651 6623
f 6623 6651 6652
f 6623 6652 6624
f 6624 6652 6653
f 6624 6653 6625
f 6625 6653 6654
f 6625 6654 6626
f 6626 6654 6655
f 6626 6655 6627
f 6627 6655 6656
f 6627 6656 6628
f 6628 6656 6657
f 6628 6657 6629
f 6629 6657 6658
f 6629 6658 6630
f 6630 6658 6659
f 6630 6659 6631
f 6631 6659 6660
f 6631 6660 6632
f 6632 6660 6661
f 6632 6661 6633
f 6633 6661 6662
f 6633 6662 6634
f 6634 6662 6663
f 6634 6663 6635
f 6635 6663 6664
f 6635 6664 6636
f 6636 6664 6637
f 6636 6637 6609
f 6637 6665 6666
f 6637 6666 6638
f 6638 6666 6667
f 6638 6667 6639
f 6639 6667 6668
f 6639 6668 6640
f 6640 6668 6669
f 6640 6669 6641
f 6641 6669 6670
f 6641 6670 6642
f 6642 6670 6671
f 6642 6671 6643
f 6643 6671 6672
f 6643 6672 6644
f 6644 6672 6673
f 6644 6673 6645
f 6645 6673 6674
f 6645 6674 6646
f 6646 6674 6675
f 6646 6675 6647
f 6647 6675 6676
f 6647 6676 6648
f 6648 6676 6677
f 6648 6677 6649
f 6649 6677 6678
f 6649 6678 6650
f 6650 6678 6679
f 6650 6679 6651
f 6651 6679 6680
f 6651 6680 6652
f 6652 6680 6681
f 6652 6681 6653
f 6653 6681 6682
f 6653 6682 6654
f 6654 6682 6683
f 6654 6683 6655
f 6655 6683 6684
f 6655 6684 6656
f 6656 6684 6685
f 6656 6685 6657
f 6657 6685 6686
f 6657 6686 6658
f 6658 6686 6687
f 6658 6687 6659
f 6659 6687 6688
f 6659 6688 6660
f 6660 6688 6689
f 6660 6689 6661
f 6661 6689 6690
f 6661 6690 6662
f 6662 6690 6691
f 6662 6691 6663
f 6663 6691 6692
f 6663 6692 6664
f 6664 6692 6665
f 6664 6665 6637
f 6665 6693 6694
f 6665 6694 6666
f 6666 6694 6695
f 6666 6695 6667
f 6667 6695 6696
f 6667 6696 6668
f 6668 6696 6697
f 6668 6697 6669
f 6669 6697 6698
f 6669 6698 6670
f 6670 6698 6699
f 6670 6699 6671
f 6671 6699 6700
f 6671 6700 6672
f 6672 6700 6701
f 6672 6701 6673
f 6673 6701 6702
f 6673 6702 6674
f 6674 6702 6703
f 6674 6703 6675
f 6675 6703 6704
f 6675 6704 6676
f 6676 6704 6705
f 6676 6705 6677
f 6677 6705 6706
f 6677 6706 6678
f 6678 6706 6707
f 6678 6707 6679
f 6679 6707 6708
f 6679 6708 6680
f 6680 6708 6709
f 6680 6709 6681
f 6681 6709 6710
f 6681 6710 6682
f 6682 6710 6711
f 6682 6711 6683
f 6683 6711 6712
f 6683 6712 6684
f 6684 6712 6713
f 6684 6713 6685
f 6685 6713 6714
f 6685 6714 6686
f 6686 6714 6715
f 6686 6715 6687
f 6687 6715 6716
f 6687 6716 6688
f 6688 6716 6717
f 6688 6717 6689
f 6689 6717 6718
f 6689 6718 6690
f 6690 6718 6719
f 6690 6719 6691
f 6691 6719 6720
f 6691 6720 6692
f 6692 6720 6693
f 6692 6693 6665
f 6693 1 2
f 6693 2 6694
f 6694 2 3
f 6694 3 6695
f 6695 3 4
f 6695 4 6696
f 6696 4 5
f 6696 5 6697
f 6697 5 6
f 6697 6 6698
f 6698 6 7
f 6698 7 6699
f 6699 7 8
f 6699 8 6700
f 6700 8 9
f 6700 9 6701
f 6701 9 10
f 6701 10 6702
f 6702 10 11
f 6702 11 6703
f 6703 11 12
f 6703 12 6704
f 6704 12 13
f 6704 13 6705
f 6705 13 14
f 6705 14 6706
f 6706 14 15
f 6706 15 6707
f 6707 15 16
f 6707 16 6708
f 6708 16 17
f 6708 17 6709
f 6709 17 18
f 6709 18 6710
f 6710 18 19
f 6710 19 6711
f 6711 19 20
f 6711 20 6712
f 6712 20 21
f 6712 21 6713
f 6713 21 22
f 6713 22 6714
f 6714 22 23
f 6714 23 6715
f 6715 23 24
f 6715 24 6716
f 6716 24 25
f 6716 25 6717
f 6717 25 26
f 6717 26 6718
f 6718 26 27
f 6718 27 6719
f 6719 27 28
f 6719 28 6720
f 6720 28 1
f 6720 1 6693
f 6721 6749 6750
f 6721 6750 6722
f 6722 6750 6751
f 6722 6751 6723
f 6723 6751 6752
f 6723 6752 6724
f 6724 6752 6753
f 6724 6753 6725
f 6725 6753 6754
f 6725 6754 6726
f 6726 6754 6755
f 6726 6755 6727
f 6727 6755 6756
f 6727 6756 6728
f 6728 6756 6757
f 6728 6757 6729
f 6729 6757 6758
f 6729 6758 6730
f 6730 6758 6759
f 6730 6759 6731
f 6731 6759 6760
f 6731 6760 6732
f 6732 6760 6761
f 6732 6761 6733
f 6733 6761 6762
f 6733 6762 6734
f 6734 6762 6763
f 6734 6763 6735
f 6735 6763 6764
f 6735 6764 6736
f 6736 6764 6765
f 6736 6765 6737
f 6737 6765 6766
f 6737 6766 6738
f 6738 6766 6767
f 6738 6767 6739
f 6739 6767 6768
f 6739 6768 6740
f 6740 6768 6769
f 6740 6769 6741
f 6741 6769 6770
f 6741 6770 6742
f 6742 6770 6771
f 6742 6771 6743
f 6743 6771 6772
f 6743 6772 6744
f 6744 6772 6773
f 6744 6773 6745
f 6745 6773 6774
f 6745 6774 6746
f 6746 6774 6775
f 6746 6775 6747
f 6747 6775 6776
f 6747 6776 6748
f 6748 6776 6749
f 6748 6749 6721
f 6749 6777 6778
f 6749 6778 6750
f 6750 6778 6779
f 6750 6779 6751
f 6751 6779 6780
f 6751 6780 6752
f 6752 6780 6781
f 6752 6781 6753
f 6753 6781 6782
f 6753 6782 6754
f 6754 6782 6783
f 6754 6783 6755
f 6755 6783 6784
f 6755 6784 6756
f 6756 6784 6785
f 6756 6785 6757
f 6757 6785 6786
f 6757 6786 6758
f 6758 6786 6787
f 6758 6787 6759
f 6759 6787 6788
f 6759 6788 6760
f 6760 6788 6789
f 6760 6789 6761
f 6761 6789 6790
f 6761 6790 6762
f 6762 6790 6791
f 6762 6791 6763
f 6763 6791 6792
f 6763 6792 6764
f 6764 6792 6793
f 6764 6793 6765
f 6765 6793 6794
f 6765 6794 6766
f 6766 6794 6795
f 6766 6795 6767
f 6767 6795 6796
f 6767 6796 6768
f 6768 6796 6797
f 6768 6797 6769
f 6769 6797 6798
f 6769 6798 6770
f 6770 6798 6799
f 6770 6799 6771
f 6771 6799 6800
f 6771 6800 6772
f 6772 6800 6801
f 6772 6801 6773
f 6773 6801 6802
f 6773 6802 6774
f 6774 6802 6803
f 6774 6803 6775
f 6775 6803 6804
f 6775 6804 6776
f 6776 6804 6777
f 6776 6777 6749
f 6777 6805 6806
f 6777 6806 6778
f 6778 6806 6807
f 6778 6807 6779
f 6779 6807 6808
f 6779 6808 6780
f 6780 6808 6809
f 6780 6809 6781
f 6781 6809 6810
f 6781 6810 6782
f 6782 6810 6811
f 6782 6811 6783
f 6783 6811 6812
f 6783 6812 6784
f 6784 6812 6813
f 6784 6813 6785
f 6785 6813 6814
f 6785 6814 6786
f 6786 6814 6815
f 6786 6815 6787
f 6787 6815 6816
f 6787 6816 6788
f 6788 6816 6817
f 6788 6817 6789
f 6789 6817 6818
f 6789 6818 6790
f 6790 6818 6819
f 6790 6819 6791
f 6791 6819 6820
f 6791 6820 6792
f 6792 6820 6821
f 6792 6821 6793
f 6793 6821 6822
f 6793 6822 6794
f 6794 6822 6823
f 6794 6823 6795
f 6795 6823 6824
f 6795 6824 6796
f 6796 6824 6825
f 6796 6825 6797
f 6797 6825 6826
f 6797 6826 6798
f 6798 6826 6827
f 6798 6827 6799
f 6799 6827 6828
f 6799 6828 6800
f 6800 6828 6829
f 6800 6829 6801
f 6801 6829 6830
f 6801 6830 6802
f 6802 6830 6831
f 6802 6831 6803
f 6803 6831 6832
f 6803 6832 6804
f 6804 6832 6805
f 6804 6805 6777
f 6805 6833 6834
f 6805 6834 6806
f 6806 6834 6835
f 6806 6835 6807
f 6807 6835 6836
f 6807 6836 6808
f 6808 6836 6837
f 6808 6837 6809
f 6809 6837 6838
f 6809 6838 6810
f 6810 6838 6839
f 6810 6839 6811
f 6811 6839 6840
f 6811 6840 6812
f 6812 6840 6841
f 6812 6841 6813
f 6813 6841 6842
f 6813 6842 6814
f 6814 6842 6843
f 6814 6843 6815
f 6815 6843 6844
f 6815 6844 6816
f 6816 6844 6845
f 6816 6845 6817
f 6817 6845 6846
f 6817 6846 6818
f 6818 6846 6847
f 6818 6847 6819
f 6819 6847 6848
f 6819 6848 6820
f 6820 6848 6849
f 6820 6849 6821
f 6821 6849 6850
f 6821 6850 6822
f 6822 6850 6851
f 6822 6851 6823
f 6823 6851 6852
f 6823 6852 6824
f 6824 6852 6853
f 6824 6853 6825
f 6825 6853 6854
f 6825 6854 6826
f 6826 6854 6855
f 6826 6855 6827
f 6827 6855 6856
f 6827 6856 6828
f 6828 6856 6857
f 6828 6857 6829
f 6829 6857 6858
f 6829 6858 6830
f 6830 6858 6859
f 6830 6859 6831
f 6831 6859 6860
f 6831 6860 6832
f 6832 6860 6833
f 6832 6833 6805
f 6833 6861 6862
f 6833 6862 6834
f 6834 6862 6863
f 6834 6863 6835
f 6835 6863 6864
f 6835 6864 6836
f 6836 6864 6865
f 6836 6865 6837
f 6837 6865 6866
f 6837 6866 6838
f 6838 6866 6867
f 6838 6867 6839
f 6839 6867 6868
f 6839 6868 6840
f 6840 6868 6869
f 6840 6869 6841
f 6841 6869 6870
f 6841 6870 6842
f 6842 6870 6871
f 6842 6871 6843
f 6843 6871 6872
f 6843 6872 6844
f 6844 6872 6873
f 6844 6873 6845
f 6845 6873 6874
f 6845 6874 6846
f 6846 6874 6875
f 6846 6875 6847
f 6847 6875 6876
f 6847 6876 6848
f 6848 6876 6877
f 6848 6877 6849
f 6849 6877 6878
f 6849 6878 6850
f 6850 6878 6879
f 6850 6879 6851
f 6851 6879 6880
f 6851 6880 6852
f 6852 6880 6881
f 6852 6881 6853
f 6853 6881 6882
f 6853 6882 6854
f 6854 6882 6883
f 6854 6883 6855
f 6855 6883 6884
f 6855 6884 6856
f 6856 6884 6885
f 6856 6885 6857
f 6857 6885 6886
f 6857 6886 6858
f 6858 6886 6887
f 6858 6887 6859
f 6859 6887 6888
f 6859 6888 6860
f 6860 6888 6861
f 6860 6861 6833
f 6861 6889 6890
f 6861 6890 6862
f 6862 6890 6891
f 6862 6891 6863
f 6863 6891 6892
f 6863 6892 6864
f 6864 6892 6893
f 6864 6893 6865
f 6865 6893 6894
f 6865 6894 6866
f 6866 6894 6895
f 6866 6895 6867
f 6867 6895 6896
f 6867 6896 6868
f 6868 6896 6897
f 6868 6897 6869
f 6869 6897 6898
f 6869 6898 6870
f 6870 6898 6899
f 6870 6899 6871
f 6871 6899 6900
f 6871 6900 6872
f 6872 6900 6901
f 6872 6901 6873
f 6873 6901 6902
f 6873 6902 6874
f 6874 6902 6903
f 6874 6903 6875
f 6875 6903 6904
f 6875 6904 6876
f 6876 6904 6905
f 6876 6905 6877
f 6877 6905 6906
f 6877 6906 6878
f 6878 6906 6907
f 6878 6907 6879
f 6879 6907 6908
f 6879 6908 6880
f 6880 6908 6909
f 6880 6909 6881
f 6881 6909 6910
f 6881 6910 6882
f 6882 6910 6911
f 6882 6911 6883
f 6883 6911 6912
f 6883 6912 6884
f 6884 6912 6913
f 6884 6913 6885
f 6885 6913 6914
f 6885 6914 6886
f 6886 6914 6915
f 6886 6915 6887
f 6887 6915 6916
f 6887 6916 6888
f 6888 6916 6889
f 6888 6889 6861
f 6889 6917 6918
f 6889 6918 6890
f 6890 6918 6919
f 6890 6919 6891
f 6891 6919 6920
f 6891 6920 6892
f 6892 6920 6921
f 6892 6921 6893
f 6893 6921 6922
f 6893 6922 6894
f 6894 6922 6923
f 6894 6923 6895
f 6895 6923 6924
f 6895 6924 6896
f 6896 6924 6925
f 6896 6925 6897
f 6897 6925 6926
f 6897 6926 6898
f 6898 6926 6927
f 6898 6927 6899
f 6899 6927 6928
f 6899 6928 6900
f 6900 6928 6929
f 6900 6929 6901
f 6901 6929 6930
f 6901 6930 6902
f 6902 6930 6931
f 6902 6931 6903
f 6903 6931 6932
f 6903 6932 6904
f 6904 6932 6933
f 6904 6933 6905
f 6905 6933 6934
f 6905 6934 6906
f 6906 6934 6935
f 6906 6935 6907
f 6907 6935 6936
f 6907 6936 6908
f 6908 6936 6937
f 6908 6937 6909
f 6909 6937 6938
f 6909 6938 6910
f 6910 6938 6939
f 6910 6939 6911
f 6911 6939 6940
f 6911 6940 6912
f 6912 6940 6941
f 6912 6941 6913
f 6913 6941 6942
f 6913 6942 6914
f 6914 6942 6943
f 6914 6943 6915
f 6915 6943 6944
f 6915 6944 6916
f 6916 6944 6917
f 6916 6917 6889
f 6917 6945 6946
f 6917 6946 6918
f 6918 6946 6947
f 6918 6947 6919
f 6919 6947 6948
f 6919 6948 6920
f 6920 6948 6949
f 6920 6949 6921
f 6921 6949 6950
f 6921 6950 6922
f 6922 6950 6951
f 6922 6951 6923
f 6923 6951 6952
f 6923 6952 6924
f 6924 6952 6953
f 6924 6953 6925
f 6925 6953 6954
f 6925 6954 6926
f 6926 6954 6955
f 6926 6955 6927
f 6927 6955 6956
f 6927 6956 6928
f 6928 6956 6957
f 6928 6957 6929
f 6929 6957 6958
f 6929 6958 6930
f 6930 6958 6959
f 6930 6959 6931
f 6931 6959 6960
f 6931 6960 6932
f 6932 6960 6961
f 6932 6961 6933
f 6933 6961 6962
f 6933 6962 6934
f 6934 6962 6963
f 6934 6963 6935
f 6935 6963 6964
f 6935 6964 6936
f 6936 6964 6965
f 6936 6965 6937
f 6937 6965 6966
f 6937 6966 6938
f 6938 6966 6967
f 6938 6967 6939
f 6939 6967 6968
f 6939 6968 6940
f 6940 6968 6969
f 6940 6969 6941
f 6941 6969 6970
f 6941 6970 6942
f 6942 6970 6971
f 6942 6971 6943
f 6943 6971 6972
f 6943 6972 6944
f 6944 6972 6945
f 6944 6945 6917
f 6945 6973 6974
f 6945 6974 6946
f 6946 6974 6975
f 6946 6975 6947
f 6947 6975 6976
f 6947 6976 6948
f 6948 6976 6977
f 6948 6977 6949
f 6949 6977 6978
f 6949 6978 6950
f 6950 6978 6979
f 6950 6979 6951
f 6951 6979 6980
f 6951 6980 6952
f 6952 6980 6981
f 6952 6981 6953
f 6953 6981 6982
f 6953 6982 6954
f 6954 6982 6983
f 6954 6983 6955
f 6955 6983 6984
f 6955 6984 6956
f 6956 6984 6985
f 6956 6985 6957
f 6957 6985 6986
f 6957 6986 6958
f 6958 6986 6987
f 6958 6987 6959
f 6959 6987 6988
f 6959 6988 6960
f 6960 6988 6989
f 6960 6989 6961
f 6961 6989 6990
f 6961 6990 6962
f 6962 6990 6991
f 6962 6991 6963
f 6963 6991 6992
f 6963 6992 6964
f 6964 6992 6993
f 6964 6993 6965
f 6965 6993 6994
f 6965 6994 6966
f 6966 6994 6995
f 6966 6995 6967
f 6967 6995 6996
f 6967 6996 6968
f 6968 6996 6997
f 6968 6997 6969
f 6969 6997 6998
f 6969 6998 6970
f 6970 6998 6999
f 6970 6999 6971
f 6971 6999 7000
f 6971 7000 6972
f 6972 7000 6973
f 6972 6973 6945
f 6973 7001 7002
f 6973 7002 6974
f 6974 7002 7003
f 6974 7003 6975
f 6975 7003 7004
f 6975 7004 6976
f 6976 7004 7005
f 6976 7005 6977
f 6977 7005 7006
f 6977 7006 6978
f 6978 7006 7007
f 6978 7007 6979
f 6979 7007 7008
f 6979 7008 6980
f 6980 7008 7009
f 6980 7009 6981
f 6981 7009 7010
f 6981 7010 6982
f 6982 7010 7011
f 6982 7011 6983
f 6983 7011 7012
f 6983 7012 6984
f 6984 7012 7013
f 6984 7013 6985
f 6985 7013 7014
f 6985 7014 6986
f 6986 7014 7015
f 6986 7015 6987
f 6987 7015 7016
f 6987 7016 6988
f 6988 7016 7017
f 6988 7017 6989
f 6989 7017 7018
f 6989 7018 6990
f 6990 7018 7019
f 6990 7019 6991
f 6991 7019 7020
f 6991 7020 6992
f 6992 7020 7021
f 6992 7021 6993
f 6993 7021 7022
f 6993 7022 6994
f 6994 7022 7023
f 6994 7023 6995
f 6995 7023 7024
f 6995 7024 6996
f 6996 7024 7025
f 6996 7025 6997
f 6997 7025 7026
f 6997 7026 6998
f 6998 7026 7027
f 6998 7027 6999
f 6999 7027 7028
f 6999 7028 7000
f 7000 7028 7001
f 7000 7001 6973
f 7001 7029 7030
f 7001 7030 7002
f 7002 7030 7031
f 7002 7031 7003
f 7003 7031 7032
f 7003 7032 7004
f 7004 7032 7033
f 7004 7033 7005
f 7005 7033 7034
f 7005 7034 7006
f 7006 7034 7035
f 7006 7035 7007
f 7007 7035 7036
f 7007 7036 7008
f 7008 7036 7037
f 7008 7037 7009
f 7009 7037 7038
f 7009 7038 7010
f 7010 7038 7039
f 7010 7039 7011
f 7011 7039 7040
f 7011 7040 7012
f 7012 7040 7041
f 7012 7041 7013
f 7013 7041 7042
f 7013 7042 7014
f 7014 7042 7043
f 7014 7043 7015
f 7015 7043 7044
f 7015 7044 7016
f 7016 7044 7045
f 7016 7045 7017
f 7017 7045 7046
f 7017 7046 7018
f 7018 7046 7047
f 7018 7047 7019
f 7019 7047 7048
f 7019 7048 7020
f 7020 7048 7049
f 7020 7049 7021
f 7021 7049 7050
f 7021 7050 7022
f 7022 7050 7051
f 7022 7051 7023
f 7023 7051 7052
f 7023 7052 7024
f 7024 7052 7053
f 7024 7053 7025
f 7025 7053 7054
f 7025 7054 7026
f 7026 7054 7055
f 7026 7055 7027
f 7027 7055 7056
f 7027 7056 7028
f 7028 7056 7029
f 7028 7029 7001
f 7029 7057 7058
f 7029 7058 7030
f 7030 7058 7059
f 7030 7059 7031
f 7031 7059 7060
f 7031 7060 7032
f 7032 7060 7061
f 7032 7061 7033
f 7033 7061 7062
f 7033 7062 7034
f 7034 7062 7063
f 7034 7063 7035
f 7035 7063 7064
f 7035 7064 7036
f 7036 7064 7065
f 7036 7065 7037
f 7037 7065 7066
f 7037 7066 7038
f 7038 7066 7067
f 7038 7067 7039
f 7039 7067 7068
f 7039 7068 7040
f 7040 7068 7069
f 7040 7069 7041
f 7041 7069 7070
f 7041 7070 7042
f 7042 7070 7071
f 7042 7071 7043
f 7043 7071 7072
f 7043 7072 7044
f 7044 7072 7073
f 7044 7073 7045
f 7045 7073 7074
f 7045 7074 7046
f 7046 7074 7075
f 7046 7075 7047
f 7047 7075 7076
f 7047 7076 7048
f 7048 7076 7077
f 7048 7077 7049
f 7049 7077 7078
f 7049 7078 7050
f 7050 7078 7079
f 7050 7079 7051
f 7051 7079 7080
f 7051 7080 7052
f 7052 7080 7081
f 7052 7081 7053
f 7053 7081 7082
f 7053 7082 7054
f 7054 7082 7083
f 7054 7083 7055
f 7055 7083 7084
f 7055 7084 7056
f 7056 7084 7057
f 7056 7057 7029
f 7057 7085 7086
f 7057 7086 7058
f 7058 7086 7087
f 7058 7087 7059
f 7059 7087 7088
f 7059 7088 7060
f 7060 7088 7089
f 7060 7089 7061
f 7061 7089 7090
f 7061 7090 7062
f 7062 7090 7091
f 7062 7091 7063
f 7063 7091 7092
f 7063 7092 7064
f 7064 7092 7093
f 7064 7093 7065
f 7065 7093 7094
f 7065 7094 7066
f 7066 7094 7095
f 7066 7095 7067
f 7067 7095 7096
f 7067 7096 7068
f 7068 7096 7097
f 7068 7097 7069
f 7069 7097 7098
f 7069 7098 7070
f 7070 7098 7099
f 7070 7099 7071
f 7071 7099 7100
f 7071 7100 7072
f 7072 7100 7101
f 7072 7101 7073
f 7073 7101 7102
f 7073 7102 7074
f 7074 7102 7103
f 7074 7103 7075
f 7075 7103 7104
f 7075 7104 7076
f 7076 7104 7105
f 7076 7105 7077
f 7077 7105 7106
f 7077 7106 7078
f 7078 7106 7107
f 7078 7107 7079
f 7079 7107 7108
f 7079 7108 7080
f 7080 7108 7109
f 7080 7109 7081
f 7081 7109 7110
f 7081 7110 7082
f 7082 7110 7111
f 7082 7111 7083
f 7083 7111 7112
f 7083 7112 7084
f 7084 7112 7085
f 7084 7085 7057
f 7085 7113 7114
f 7085 7114 7086
f 7086 7114 7115
f 7086 7115 7087
f 7087 7115 7116
f 7087 7116 7088
f 7088 7116 7117
f 7088 7117 7089
f 7089 7117 7118
f 7089 7118 7090
f 7090 7118 7119
f 7090 7119 7091
f 7091 7119 7120
f 7091 7120 7092
f 7092 7120 7121
f 7092 7121 7093
f 7093 7121 7122
f 7093 7122 7094
f 7094 7122 7123
f 7094 7123 7095
f 7095 7123 7124
f 7095 7124 7096
f 7096 7124 7125
f 7096 7125 7097
f 7097 7125 7126
f 7097 7126 7098
f 7098 7126 7127
f 7098 7127 7099
f 7099 7127 7128
f 7099 7128 7100
f 7100 7128 7129
f 7100 7129 7101
f 7101 7129 7130
f 7101 7130 7102
f 7102 7130 7131
f 7102 7131 7103
f 7103 7131 7132
f 7103 7132 7104
f 7104 7132 7133
f 7104 7133 7105
f 7105 7133 7134
f 7105 7134 7106
f 7106 7134 7135
f 7106 7135 7107
f 7107 7135 7136
f 7107 7136 7108
f 7108 7136 7137
f 7108 7137 7109
f 7109 7137 7138
f 7109 7138 7110
f 7110 7138 7139
f 7110 7139 7111
f 7111 7139 7140
f 7111 7140 7112
f 7112 7140 7113
f 7112 7113 7085
f 7113 7141 7142
f 7113 7142 7114
f 7114 7142 7143
f 7114 7143 7115
f 7115 7143 7144
f 7115 7144 7116
f 7116 7144 7145
f 7116 7145 7117
f 7117 7145 7146
f 7117 7146 7118
f 7118 7146 7147
f 7118 7147 7119
f 7119 7147 7148
f 7119 7148 7120
f 7120 7148 7149
f 7120 7149 7121
f 7121 7149 7150
f 7121 7150 7122
f 7122 7150 7151
f 7122 7151 7123
f 7123 7151 7152
f 7123 7152 7124
f 7124 7152 7153
f 7124 7153 7125
f 7125 7153 7154
f 7125 7154 7126
f 7126 7154 7155
f 7126 7155 7127
f 7127 7155 7156
f 7127 7156 7128
f 7128 7156 7157
f 7128 7157 7129
f 7129 7157 7158
f 7129 7158 7130
f 7130 7158 7159
f 7130 7159 7131
f 7131 7159 7160
f 7131 7160 7132
f 7132 7160 7161
f 7132 7161 7133
f 7133 7161 7162
f 7133 7162 7134
f 7134 7162 7163
f 7134 7163 7135
f 7135 7163 7164
f 7135 7164 7136
f 7136 7164 7165
f 7136 7165 7137
f 7137 7165 7166
f 7137 7166 7138
f 7138 7166 7167
f 7138 7167 7139
f 7139 7167 7168
f 7139 7168 7140
f 7140 7168 7141
f 7140 7141 7113
f 7141 7169 7170
f 7141 7170 7142
f 7142 7170 7171
f 7142 7171 7143
f 7143 7171 7172
f 7143 7172 7144
f 7144 7172 7173
f 7144 7173 7145
f 7145 7173 7174
f 7145 7174 7146
f 7146 7174 7175
f 7146 7175 7147
f 7147 7175 7176
f 7147 7176 7148
f 7148 7176 7177
f 7148 7177 7149
f 7149 7177 7178
f 7149 7178 7150
f 7150 7178 7179
f 7150 7179 7151
f 7151 7179 7180
f 7151 7180 7152
f 7152 7180 7181
f 7152 7181 7153
f 7153 7181 7182
f 7153 7182 7154
f 7154 7182 7183
f 7154 7183 7155
f 7155 7183 7184
f 7155 7184 7156
f 7156 7184 7185
f 7156 7185 7157
f 7157 7185 7186
f 7157 7186 7158
f 7158 7186 7187
f 7158 7187 7159
f 7159 7187 7188
f 7159 7188 7160
f 7160 7188 7189
f 7160 7189 7161
f 7161 7189 7190
f 7161 7190 7162
f 7162 7190 7191
f 7162 7191 7163
f 7163 7191 7192
f 7163 7192 7164
f 7164 7192 7193
f 7164 7193 7165
f 7165 7193 7194
f 7165 7194 7166
f 7166 7194 7195
f 7166 7195 7167
f 7167 7195 7196
f 7167 7196 7168
f 7168 7196 7169
f 7168 7169 7141
f 7169 7197 7198
f 7169 7198 7170
f 7170 7198 7199
f 7170 7199 7171
f 7171 7199 7200
f 7171 7200 7172
f 7172 7200 7201
f 7172 7201 7173
f 7173 7201 7202
f 7173 7202 7174
f 7174 7202 7203
f 7174 7203 7175
f 7175 7203 7204
f 7175 7204 7176
f 7176 7204 7205
f 7176 7205 7177
f 7177 7205 7206
f 7177 7206 7178
f 7178 7206 7207
f 7178 7207 7179
f 7179 7207 7208
f 7179 7208 7180
f 7180 7208 7209
f 7180 7209 7181
f 7181 7209 7210
f 7181 7210 7182
f 7182 7210 7211
f 7182 7211 7183
f 7183 7211 7212
f 7183 7212 7184
f 7184 7212 7213
f 7184 7213 7185
f 7185 7213 7214
f 7185 7214 7186
f 7186 7214 7215
f 7186 7215 7187
f 7187 7215 7216
f 7187 7216 7188
f 7188 7216 7217
f 7188 7217 7189
f 7189 7217 7218
f 7189 7218 7190
f 7190 7218 7219
f 7190 7219 7191
f 7191 7219 7220
f 7191 7220 7192
f 7192 7220 7221
f 7192 7221 7193
f 7193 7221 7222
f 7193 7222 7194
f 7194 7222 7223
f 7194 7223 7195
f 7195 7223 7224
f 7195 7224 7196
f 7196 7224 7197
f 7196 7197 7169
f 7197 7225 7226
f 7197 7226 7198
f 7198 7226 7227
f 7198 7227 7199
f 7199 7227 7228
f 7199 7228 7200
f 7200 7228 7229
f 7200 7229 7201
f 7201 7229 7230
f 7201 7230 7202
f 7202 7230 7231
f 7202 7231 7203
f 7203 7231 7232
f 7203 7232 7204
f 7204 7232 7233
f 7204 7233 7205
f 7205 7233 7234
f 7205 7234 7206
f 7206 7234 7235
f 7206 7235 7207
f 7207 7235 7236
f 7207 7236 7208
f 7208 7236 7237
f 7208 7237 7209
f 7209 7237 7238
f 7209 7238 7210
f 7210 7238 7239
f 7210 7239 7211
f 7211 7239 7240
f 7211 7240 7212
f 7212 7240 7241
f 7212 7241 7213
f 7213 7241 7242
f 7213 7242 7214
f 7214 7242 7243
f 7214 7243 7215
f 7215 7243 7244
f 7215 7244 7216
f 7216 7244 7245
f 7216 7245 7217
f 7217 7245 7246
f 7217 7246 7218
f 7218 7246 7247
f 7218 7247 7219
f 7219 7247 7248
f 7219 7248 7220
f 7220 7248 7249
f 7220 7249 7221
f 7221 7249 7250
f 7221 7250 7222
f 7222 7250 7251
f 7222 7251 7223
f 7223 7251 7252
f 7223 7252 7224
f 7224 7252 7225
f 7224 7225 7197
f 7225 7253 7254
f 7225 7254 7226
f 7226 7254 7255
f 7226 7255 7227
f 7227 7255 7256
f 7227 7256 7228
f 7228 7256 7257
f 7228 7257 7229
f 7229 7257 7258
f 7229 7258 7230
f 7230 7258 7259
f 7230 7259 7231
f 7231 7259 7260
f 7231 7260 7232
f 7232 7260 7261
f 7232 7261 7233
f 7233 7261 7262
f 7233 7262 7234
f 7234 7262 7263
f 7234 7263 7235
f 7235 7263 7264
f 7235 7264 7236
f 7236 7264 7265
f 7236 7265 7237
f 7237 7265 7266
f 7237 7266 7238
f 7238 7266 7267
f 7238 7267 7239
f 7239 7267 7268
f 7239 7268 7240
f 7240 7268 7269
f 7240 7269 7241
f 7241 7269 7270
f 7241 7270 7242
f 7242 7270 7271
f 7242 7271 7243
f 7243 7271 7272
f 7243 7272 7244
f 7244 7272 7273
f 7244 7273 7245
f 7245 7273 7274
f 7245 7274 7246
f 7246 7274 7275
f 7246 7275 7247
f 7247 7275 7276
f 7247 7276 7248
f 7248 7276 7277
f 7248 7277 7249
f 7249 7277 7278
f 7249 7278 7250
f 7250 7278 7279
f 7250 7279 7251
f 7251 7279 7280
f 7251 7280 7252
f 7252 7280 7253
f 7252 7253 7225
f 7253 7281 7282
f 7253 7282 7254
f 7254 7282 7283
f 7254 7283 7255
f 7255 7283 7284
f 7255 7284 7256
f 7256 7284 7285
f 7256 7285 7257
f 7257 7285 7286
f 7257 7286 7258
f 7258 7286 7287
f 7258 7287 7259
f 7259 7287 7288
f 7259 7288 7260
f 7260 7288 7289
f 7260 7289 7261
f 7261 7289 7290
f 7261 7290 7262
f 7262 7290 7291
f 7262 7291 7263
f 7263 7291 7292
f 7263 7292 7264
f 7264 7292 7293
f 7264 7293 7265
f 7265 7293 7294
f 7265 7294 7266
f 7266 7294 7295
f 7266 7295 7267
f 7267 7295 7296
f 7267 7296 7268
f 7268 7296 7297
f 7268 7297 7269
f 7269 7297 7298
f 7269 7298 7270
f 7270 7298 7299
f 7270 7299 7271
f 7271 7299 7300
f 7271 7300 7272
f 7272 7300 7301
f 7272 7301 7273
f 7273 7301 7302
f 7273 7302 7274
f 7274 7302 7303
f 7274 7303 7275
f 7275 7303 7304
f 7275 7304 7276
f 7276 7304 7305
f 7276 7305 7277
f 7277 7305 7306
f 7277 7306 7278
f 7278 7306 7307
f 7278 7307 7279
f 7279 7307 7308
f 7279 7308 7280
f 7280 7308 7281
f 7280 7281 7253
f 7281 7309 7310
f 7281 7310 7282
f 7282 7310 7311
f 7282 7311 7283
f 7283 7311 7312
f 7283 7312 7284
f 7284 7312 7313
f 7284 7313 7285
f 7285 7313 7314
f 7285 7314 7286
f 7286 7314 7315
f 7286 7315 7287
f 7287 7315 7316
f 7287 7316 7288
f 7288 7316 7317
f 7288 7317 7289
f 7289 7317 7318
f 7289 7318 7290
f 7290 7318 7319
f 7290 7319 7291
f 7291 7319 7320
f 7291 7320 7292
f 7292 7320 7321
f 7292 7321 7293
f 7293 7321 7322
f 7293 7322 7294
f 7294 7322 7323
f 7294 7323 7295
f 7295 7323 7324
f 7295 7324 7296
f 7296 7324 7325
f 7296 7325 7297
f 7297 7325 7326
f 7297 7326 7298
f 7298 7326 7327
f 7298 7327 7299
f 7299 7327 7328
f 7299 7328 7300
f 7300 7328 7329
f 7300 7329 7301
f 7301 7329 7330
f 7301 7330 7302
f 7302 7330 7331
f 7302 7331 7303
f 7303 7331 7332
f 7303 7332 7304
f 7304 7332 7333
f 7304 7333 7305
f 7305 7333 7334
f 7305 7334 7306
f 7306 7334 7335
f 7306 7335 7307
f 7307 7335 7336
f 7307 7336 7308
f 7308 7336 7309
f 7308 7309 7281
f 7309 7337 7338
f 7309 7338 7310
f 7310 7338 7339
f 7310 7339 7311
f 7311 7339 7340
f 7311 7340 7312
f 7312 7340 7341
f 7312 7341 7313
f 7313 7341 7342
f 7313 7342 7314
f 7314 7342 7343
f 7314 7343 7315
f 7315 7343 7344
f 7315 7344 7316
f 7316 7344 7345
f 7316 7345 7317
f 7317 7345 7346
f 7317 7346 7318
f 7318 7346 7347
f 7318 7347 7319
f 7319 7347 7348
f 7319 7348 7320
f 7320 7348 7349
f 7320 7349 7321
f 7321 7349 7350
f 7321 7350 7322
f 7322 7350 7351
f 7322 7351 7323
f 7323 7351 7352
f 7323 7352 7324
f 7324 7352 7353
f 7324 7353 7325
f 7325 7353 7354
f 7325 7354 7326
f 7326 7354 7355
f 7326 7355 7327
f 7327 7355 7356
f 7327 7356 7328
f 7328 7356 7357
f 7328 7357 7329
f 7329 7357 7358
f 7329 7358 7330
f 7330 7358 7359
f 7330 7359 7331
f 7331 7359 7360
f 7331 7360 7332
f 7332 7360 7361
f 7332 7361 7333
f 7333 7361 7362
f 7333 7362 7334
f 7334 7362 7363
f 7334 7363 7335
f 7335 7363 7364
f 7335 7364 7336
f 7336 7364 7337
f 7336 7337 7309
f 7337 7365 7366
f 7337 7366 7338
f 7338 7366 7367
f 7338 7367 7339
f 7339 7367 7368
f 7339 7368 7340
f 7340 7368 7369
f 7340 7369 7341
f 7341 7369 7370
f 7341 7370 7342
f 7342 7370 7371
f 7342 7371 7343
f 7343 7371 7372
f 7343 7372 7344
f 7344 7372 7373
f 7344 7373 7345
f 7345 7373 7374
f 7345 7374 7346
f 7346 7374 7375
f 7346 7375 7347
f 7347 7375 7376
f 7347 7376 7348
f 7348 7376 7377
f 7348 7377 7349
f 7349 7377 7378
f 7349 7378 7350
f 7350 7378 7379
f 7350 7379 7351
f 7351 7379 7380
f 7351 7380 7352
f 7352 7380 7381
f 7352 7381 7353
f 7353 7381 7382
f 7353 7382 7354
f 7354 7382 7383
f 7354 7383 7355
f 7355 7383 7384
f 7355 7384 7356
f 7356 7384 7385
f 7356 7385 7357
f 7357 7385 7386
f 7357 7386 7358
f 7358 7386 7387
f 7358 7387 7359
f 7359 7387 7388
f 7359 7388 7360
f 7360 7388 7389
f 7360 7389 7361
f 7361 7389 7390
f 7361 7390 7362
f 7362 7390 7391
f 7362 7391 7363
f 7363 7391 7392
f 7363 7392 7364
f 7364 7392 7365
f 7364 7365 7337
f 7365 7393 7394
f 7365 7394 7366
f 7366 7394 7395
f 7366 7395 7367
f 7367 7395 7396
f 7367 7396 7368
f 7368 7396 7397
f 7368 7397 7369
f 7369 7397 7398
f 7369 7398 7370
f 7370 7398 7399
f 7370 7399 7371
f 7371 7399 7400
f 7371 7400 7372
f 7372 7400 7401
f 7372 7401 7373
f 7373 7401 7402
f 7373 7402 7374
f 7374 7402 7403
f 7374 7403 7375
f 7375 7403 7404
f 7375 7404 7376
f 7376 7404 7405
f 7376 7405 7377
f 7377 7405 7406
f 7377 7406 7378
f 7378 7406 7407
f 7378 7407 7379
f 7379 7407 7408
f 7379 7408 7380
f 7380 7408 7409
f 7380 7409 7381
f 7381 7409 7410
f 7381 7410 7382
f 7382 7410 7411
f 7382 7411 7383
f 7383 7411 7412
f 7383 7412 7384
f 7384 7412 7413
f 7384 7413 7385
f 7385 7413 7414
f 7385 7414 7386
f 7386 7414 7415
f 7386 7415 7387
f 7387 7415 7416
f 7387 7416 7388
f 7388 7416 7417
f 7388 7417 7389
f 7389 7417 7418
f 7389 7418 7390
f 7390 7418 7419
f 7390 7419 7391
f 7391 7419 7420
f 7391 7420 7392
f 7392 7420 7393
f 7392 7393 7365
f 7393 7421 7422
f 7393 7422 7394
f 7394 7422 7423
f 7394 7423 7395
f 7395 7423 7424
f 7395 7424 7396
f 7396 7424 7425
f 7396 7425 7397
f 7397 7425 7426
f 7397 7426 7398
f 7398 7426 7427
f 7398 7427 7399
f 7399 7427 7428
f 7399 7428 7400
f 7400 7428 7429
f 7400 7429 7401
f 7401 7429 7430
f 7401 7430 7402
f 7402 7430 7431
f 7402 7431 7403
f 7403 7431 7432
f 7403 7432 7404
f 7404 7432 7433
f 7404 7433 7405
f 7405 7433 7434
f 7405 7434 7406
f 7406 7434 7435
f 7406 7435 7407
f 7407 7435 7436
f 7407 7436 7408
f 7408 7436 7437
f 7408 7437 7409
f 7409 7437 7438
f 7409 7438 7410
f 7410 7438 7439
f 7410 7439 7411
f 7411 7439 7440
f 7411 7440 7412
f 7412 7440 7441
f 7412 7441 7413
f 7413 7441 7442
f 7413 7442 7414
f 7414 7442 7443
f 7414 7443 7415
f 7415 7443 7444
f 7415 7444 7416
f 7416 7444 7445
f 7416 7445 7417
f 7417 7445 7446
f 7417 7446 7418
f 7418 7446 7447
f 7418 7447 7419
f 7419 7447 7448
f 7419 7448 7420
f 7420 7448 7421
f 7420 7421 7393
f 7421 7449 7450
f 7421 7450 7422
f 7422 7450 7451
f 7422 7451 7423
f 7423 7451 7452
f 7423 7452 7424
f 7424 7452 7453
f 7424 7453 7425
f 7425 7453 7454
f 7425 7454 7426
f 7426 7454 7455
f 7426 7455 7427
f 7427 7455 7456
f 7427 7456 7428
f 7428 7456 7457
f 7428 7457 7429
f 7429 7457 7458
f 7429 7458 7430
f 7430 7458 7459
f 7430 7459 7431
f 7431 7459 7460
f 7431 7460 7432
f 7432 7460 7461
f 7432 7461 7433
f 7433 7461 7462
f 7433 7462 7434
f 7434 7462 7463
f 7434 7463 7435
f 7435 7463 7464
f 7435 7464 7436
f 7436 7464 7465
f 7436 7465 7437
f 7437 7465 7466
f 7437 7466 7438
f 7438 7466 7467
f 7438 7467 7439
f 7439 7467 7468
f 7439 7468 7440
f 7440 7468 7469
f 7440 7469 7441
f 7441 7469 7470
f 7441 7470 7442
f 7442 7470 7471
f 7442 7471 7443
f 7443 7471 7472
f 7443 7472 7444
f 7444 7472 7473
f 7444 7473 7445
f 7445 7473 7474
f 7445 7474 7446
f 7446 7474 7475
f 7446 7475 7447
f 7447 7475 7476
f 7447 7476 7448
f 7448 7476 7449
f 7448 7449 7421
f 7449 7477 7478
f 7449 7478 7450
f 7450 7478 7479
f 7450 7479 7451
f 7451 7479 7480
f 7451 7480 7452
f 7452 7480 7481
f 7452 7481 7453
f 7453 7481 7482
f 7453 7482 7454
f 7454 7482 7483
f 7454 7483 7455
f 7455 7483 7484
f 7455 7484 7456
f 7456 7484 7485
f 7456 7485 7457
f 7457 7485 7486
f 7457 7486 7458
f 7458 7486 7487
f 7458 7487 7459
f 7459 7487 7488
f 7459 7488 7460
f 7460 7488 7489
f 7460 7489 7461
f 7461 7489 7490
f 7461 7490 7462
f 7462 7490 7491
f 7462 7491 7463
f 7463 7491 7492
f 7463 7492 7464
f 7464 7492 7493
f 7464 7493 7465
f 7465 7493 7494
f 7465 7494 7466
f 7466 7494 7495
f 7466 7495 7467
f 7467 7495 7496
f 7467 7496 7468
f 7468 7496 7497
f 7468 7497 7469
f 7469 7497 7498
f 7469 7498 7470
f 7470 7498 7499
f 7470 7499 7471
f 7471 7499 7500
f 7471 7500 7472
f 7472 7500 7501
f 7472 7501 7473
f 7473 7501 7502
f 7473 7502 7474
f 7474 7502 7503
f 7474 7503 7475
f 7475 7503 7504
f 7475 7504 7476
f 7476 7504 7477
f 7476 7477 7449
f 7477 7505 7506
f 7477 7506 7478
f 7478 7506 7507
f 7478 7507 7479
f 7479 7507 7508
f 7479 7508 7480
f 7480 7508 7509
f 7480 7509 7481
f 7481 7509 7510
f 7481 7510 7482
f 7482 7510 7511
f 7482 7511 7483
f 7483 7511 7512
f 7483 7512 7484
f 7484 7512 7513
f 7484 7513 7485
f 7485 7513 7514
f 7485 7514 7486
f 7486 7514 7515
f 7486 7515 7487
f 7487 7515 7516
f 7487 7516 7488
f 7488 7516 7517
f 7488 7517 7489
f 7489 7517 7518
f 7489 7518 7490
f 7490 7518 7519
f 7490 7519 7491
f 7491 7519 7520
f 7491 7520 7492
f 7492 7520 7521
f 7492 7521 7493
f 7493 7521 7522
f 7493 7522 7494
f 7494 7522 7523
f 7494 7523 7495
f 7495 7523 7524
f 7495 7524 7496
f 7496 7524 7525
f 7496 7525 7497
f 7497 7525 7526
f 7497 7526 7498
f 7498 7526 7527
f 7498 7527 7499
f 7499 7527 7528
f 7499 7528 7500
f 7500 7528 7529
f 7500 7529 7501
f 7501 7529 7530
f 7501 7530 7502
f 7502 7530 7531
f 7502 7531 7503
f 7503 7531 7532
f 7503 7532 7504
f 7504 7532 7505
f 7504 7505 7477
f 7505 7533 7534
f 7505 7534 7506
f 7506 7534 7535
f 7506 7535 7507
f 7507 7535 7536
f 7507 7536 7508
f 7508 7536 7537
f 7508 7537 7509
f 7509 7537 7538
f 7509 7538 7510
f 7510 7538 7539
f 7510 7539 7511
f 7511 7539 7540
f 7511 7540 7512
f 7512 7540 7541
f 7512 7541 7513
f 7513 7541 7542
f 7513 7542 7514
f 7514 7542 7543
f 7514 7543 7515
f 7515 7543 7544
f 7515 7544 7516
f 7516 7544 7545
f 7516 7545 7517
f 7517 7545 7546
f 7517 7546 7518
f 7518 7546 7547
f 7518 7547 7519
f 7519 7547 7548
f 7519 7548 7520
f 7520 7548 7549
f 7520 7549 7521
f 7521 7549 7550
f 7521 7550 7522
f 7522 7550 7551
f 7522 7551 7523
f 7523 7551 7552
f 7523 7552 7524
f 7524 7552 7553
f 7524 7553 7525
f 7525 7553 7554
f 7525 7554 7526
f 7526 7554 7555
f 7526 7555 7527
f 7527 7555 7556
f 7527 7556 7528
f 7528 7556 7557
f 7528 7557 7529
f 7529 7557 7558
f 7529 7558 7530
f 7530 7558 7559
f 7530 7559 7531
f 7531 7559 7560
f 7531 7560 7532
f 7532 7560 7533
f 7532 7533 7505
f 7533 7561 7562
f 7533 7562 7534
f 7534 7562 7563
f 7534 7563 7535
f 7535 7563 7564
f 7535 7564 7536
f 7536 7564 7565
f 7536 7565 7537
f 7537 7565 7566
f 7537 7566 7538
f 7538 7566 7567
f 7538 7567 7539
f 7539 7567 7568
f 7539 7568 7540
f 7540 7568 7569
f 7540 7569 7541
f 7541 7569 7570
f 7541 7570 7542
f 7542 7570 7571
f 7542 7571 7543
f 7543 7571 7572
f 7543 7572 7544
f 7544 7572 7573
f 7544 7573 7545
f 7545 7573 7574
f 7545 7574 7546
f 7546 7574 7575
f 7546 7575 7547
f 7547 7575 7576
f 7547 7576 7548
f 7548 7576 7577
f 7548 7577 7549
f 7549 7577 7578
f 7549 7578 7550
f 7550 7578 7579
f 7550 7579 7551
f 7551 7579 7580
f 7551 7580 7552
f 7552 7580 7581
f 7552 7581 7553
f 7553 7581 7582
f 7553 7582 7554
f 7554 7582 7583
f 7554 7583 7555
f 7555 7583 7584
f 7555 7584 7556
f 7556 7584 7585
f 7556 7585 7557
f 7557 7585 7586
f 7557 7586 7558
f 7558 7586 7587
f 7558 7587 7559
f 7559 7587 7588
f 7559 7588 7560
f 7560 7588 7561
f 7560 7561 7533
f 7561 7589 7590
f 7561 7590 7562
f 7562 7590 7591
f 7562 7591 7563
f 7563 7591 7592
f 7563 7592 7564
f 7564 7592 7593
f 7564 7593 7565
f 7565 7593 7594
f 7565 7594 7566
f 7566 7594 7595
f 7566 7595 7567
f 7567 7595 7596
f 7567 7596 7568
f 7568 7596 7597
f 7568 7597 7569
f 7569 7597 7598
f 7569 7598 7570
f 7570 7598 7599
f 7570 7599 7571
f 7571 7599 7600
f 7571 7600 7572
f 7572 7600 7601
f 7572 7601 7573
f 7573 7601 7602
f 7573 7602 7574
f 7574 7602 7603
f 7574 7603 7575
f 7575 7603 7604
f 7575 7604 7576
f 7576 7604 7605
f 7576 7605 7577
f 7577 7605 7606
f 7577 7606 7578
f 7578 7606 7607
f 7578 7607 7579
f 7579 7607 7608
f 7579 7608 7580
f 7580 7608 7609
f 7580 7609 7581
f 7581 7609 7610
f 7581 7610 7582
f 7582 7610 7611
f 7582 7611 7583
f 7583 7611 7612
f 7583 7612 7584
f 7584 7612 7613
f 7584 7613 7585
f 7585 7613 7614
f 7585 7614 7586
f 7586 7614 7615
f 7586 7615 7587
f 7587 7615 7616
f 7587 7616 7588
f 7588 7616 7589
f 7588 7589 7561
f 7589 7617 7618
f 7589 7618 7590
f 7590 7618 7619
f 7590 7619 7591
f 7591 7619 7620
f 7591 7620 7592
f 7592 7620 7621
f 7592 7621 7593
f 7593 7621 7622
f 7593 7622 7594
f 7594 7622 7623
f 7594 7623 7595
f 7595 7623 7624
f 7595 7624 7596
f 7596 7624 7625
f 7596 7625 7597
f 7597 7625 7626
f 7597 7626 7598
f 7598 7626 7627
f 7598 7627 7599
f 7599 7627 7628
f 7599 7628 7600
f 7600 7628 7629
f 7600 7629 7601
f 7601 7629 7630
f 7601 7630 7602
f 7602 7630 7631
f 7602 7631 7603
f 7603 7631 7632
f 7603 7632 7604
f 7604 7632 7633
f 7604 7633 7605
f 7605 7633 7634
f 7605 7634 7606
f 7606 7634 7635
f 7606 7635 7607
f 7607 7635 7636
f 7607 7636 7608
f 7608 7636 7637
f 7608 7637 7609
f 7609 7637 7638
f 7609 7638 7610
f 7610 7638 7639
f 7610 7639 7611
f 7611 7639 7640
f 7611 7640 7612
f 7612 7640 7641
f 7612 7641 7613
f 7613 7641 7642
f 7613 7642 7614
f 7614 7642 7643
f 7614 7643 7615
f 7615 7643 7644
f 7615 7644 7616
f 7616 7644 7617
f 7616 7617 7589
f 7617 7645 7646
f 7617 7646 7618
f 7618 7646 7647
f 7618 7647 7619
f 7619 7647 7648
f 7619 7648 7620
f 7620 7648 7649
f 7620 7649 7621
f 7621 7649 7650
f 7621 7650 7622
f 7622 7650 7651
f 7622 7651 7623
f 7623 7651 7652
f 7623 7652 7624
f 7624 7652 7653
f 7624 7653 7625
f 7625 7653 7654
f 7625 7654 7626
f 7626 7654 7655
f 7626 7655 7627
f 7627 7655 7656
f 7627 7656 7628
f 7628 7656 7657
f 7628 7657 7629
f 7629 7657 7658
f 7629 7658 7630
f 7630 7658 7659
f 7630 7659 7631
f 7631 7659 7660
f 7631 7660 7632
f 7632 7660 7661
f 7632 7661 7633
f 7633 7661 7662
f 7633 7662 7634
f 7634 7662 7663
f 7634 7663 7635
f 7635 7663 7664
f 7635 7664 7636
f 7636 7664 7665
f 7636 7665 7637
f 7637 7665 7666
f 7637 7666 7638
f 7638 7666 7667
f 7638 7667 7639
f 7639 7667 7668
f 7639 7668 7640
f 7640 7668 7669
f 7640 7669 7641
f 7641 7669 7670
f 7641 7670 7642
f 7642 7670 7671
f 7642 7671 7643
f 7643 7671 7672
f 7643 7672 7644
f 7644 7672 7645
f 7644 7645 7617
f 7645 7673 7674
f 7645 7674 7646
f 7646 7674 7675
f 7646 7675 7647
f 7647 7675 7676
f 7647 7676 7648
f 7648 7676 7677
f 7648 7677 7649
f 7649 7677 7678
f 7649 7678 7650
f 7650 7678 7679
f 7650 7679 7651
f 7651 7679 7680
f 7651 7680 7652
f 7652 7680 7681
f 7652 7681 7653
f 7653 7681 7682
f 7653 7682 7654
f 7654 7682 7683
f 7654 7683 7655
f 7655 7683 7684
f 7655 7684 7656
f 7656 7684 7685
f 7656 7685 7657
f 7657 7685 7686
f 7657 7686 7658
f 7658 7686 7687
f 7658 7687 7659
f 7659 7687 7688
f 7659 7688 7660
f 7660 7688 7689
f 7660 7689 7661
f 7661 7689 7690
f 7661 7690 7662
f 7662 7690 7691
f 7662 7691 7663
f 7663 7691 7692
f 7663 7692 7664
f 7664 7692 7693
f 7664 7693 7665
f 7665 7693 7694
f 7665 7694 7666
f 7666 7694 7695
f 7666 7695 7667
f 7667 7695 7696
f 7667 7696 7668
f 7668 7696 7697
f 7668 7697 7669
f 7669 7697 7698
f 7669 7698 7670
f 7670 7698 7699
f 7670 7699 7671
f 7671 7699 7700
f 7671 7700 7672
f 7672 7700 7673
f 7672 7673 7645
f 7673 7701 7702
f 7673 7702 7674
f 7674 7702 7703
f 7674 7703 7675
f 7675 7703 7704
f 7675 7704 7676
f 7676 7704 7705
f 7676 7705 7677
f 7677 7705 7706
f 7677 7706 7678
f 7678 7706 7707
f 7678 7707 7679
f 7679 7707 7708
f 7679 7708 7680
f 7680 7708 7709
f 7680 7709 7681
f 7681 7709 7710
f 7681 7710 7682
f 7682 7710 7711
f 7682 7711 7683
f 7683 7711 7712
f 7683 7712 7684
f 7684 7712 7713
f 7684 7713 7685
f 7685 7713 7714
f 7685 7714 7686
f 7686 7714 7715
f 7686 7715 7687
f 7687 7715 7716
f 7687 7716 7688
f 7688 7716 7717
f 7688 7717 7689
f 7689 7717 7718
f 7689 7718 7690
f 7690 7718 7719
f 7690 7719 7691
f 7691 7719 7720
f 7691 7720 7692
f 7692 7720 7721
f 7692 7721 7693
f 7693 7721 7722
f 7693 7722 7694
f 7694 7722 7723
f 7694 7723 7695
f 7695 7723 7724
f 7695 7724 7696
f 7696 7724 7725
f 7696 7725 7697
f 7697 7725 7726
f 7697 7726 7698
f 7698 7726 7727
f 7698 7727 7699
f 7699 7727 7728
f 7699 7728 7700
f 7700 7728 7701
f 7700 7701 7673
f 7701 7729 7730
f 7701 7730 7702
f 7702 7730 7731
f 7702 7731 7703
f 7703 7731 7732
f 7703 7732 7704
f 7704 7732 7733
f 7704 7733 7705
f 7705 7733 7734
f 7705 7734 7706
f 7706 7734 7735
f 7706 7735 7707
f 7707 7735 7736
f 7707 7736 7708
f 7708 7736 7737
f 7708 7737 7709
f 7709 7737 7738
f 7709 7738 7710
f 7710 7738 7739
f 7710 7739 7711
f 7711 7739 7740
f 7711 7740 7712
f 7712 7740 7741
f 7712 7741 7713
f 7713 7741 7742
f 7713 7742 7714
f 7714 7742 7743
f 7714 7743 7715
f 7715 7743 7744
f 7715 7744 7716
f 7716 7744 7745
f 7716 7745 7717
f 7717 7745 7746
f 7717 7746 7718
f 7718 7746 7747
f 7718 7747 7719
f 7719 7747 7748
f 7719 7748 7720
f 7720 7748 7749
f 7720 7749 7721
f 7721 7749 7750
f 7721 7750 7722
f 7722 7750 7751
f 7722 7751 7723
f 7723 7751 7752
f 7723 7752 7724
f 7724 7752 7753
f 7724 7753 7725
f 7725 7753 7754
f 7725 7754 7726
f 7726 7754 7755
f 7726 7755 7727
f 7727 7755 7756
f 7727 7756 7728
f 7728 7756 7729
f 7728 7729 7701
f 7729 7757 7758
f 7729 7758 7730
f 7730 7758 7759
f 7730 7759 7731
f 7731 7759 7760
f 7731 7760 7732
f 7732 7760 7761
f 7732 7761 7733
f 7733 7761 7762
f 7733 7762 7734
f 7734 7762 7763
f 7734 7763 7735
f 7735 7763 7764
f 7735 7764 7736
f 7736 7764 7765
f 7736 7765 7737
f 7737 7765 7766
f 7737 7766 7738
f 7738 7766 7767
f 7738 7767 7739
f 7739 7767 7768
f 7739 7768 7740
f 7740 7768 7769
f 7740 7769 7741
f 7741 7769 7770
f 7741 7770 7742
f 7742 7770 7771
f 7742 7771 7743
f 7743 7771 7772
f 7743 7772 7744
f 7744 7772 7773
f 7744 7773 7745
f 7745 7773 7774
f 7745 7774 7746
f 7746 7774 7775
f 7746 7775 7747
f 7747 7775 7776
f 7747 7776 7748
f 7748 7776 7777
f 7748 7777 7749
f 7749 7777 7778
f 7749 7778 7750
f 7750 7778 7779
f 7750 7779 7751
f 7751 7779 7780
f 7751 7780 7752
f 7752 7780 7781
f 7752 7781 7753
f 7753 7781 7782
f 7753 7782 7754
f 7754 7782 7783
f 7754 7783 7755
f 7755 7783 7784
f 7755 7784 7756
f 7756 7784 7757
f 7756 7757 7729
f 7757 7785 7786
f 7757 7786 7758
f 7758 7786 7787
f 7758 7787 7759
f 7759 7787 7788
f 7759 7788 7760
f 7760 7788 7789
f 7760 7789 7761
f 7761 7789 7790
f 7761 7790 7762
f 7762 7790 7791
f 7762 7791 7763
f 7763 7791 7792
f 7763 7792 7764
f 7764 7792 7793
f 7764 7793 7765
f 7765 7793 7794
f 7765 7794 7766
f 7766 7794 7795
f 7766 7795 7767
f 7767 7795 7796
f 7767 7796 7768
f 7768 7796 7797
f 7768 7797 7769
f 7769 7797 7798
f 7769 7798 7770
f 7770 7798 7799
f 7770 7799 7771
f 7771 7799 7800
f 7771 7800 7772
f 7772 7800 7801
f 7772 7801 7773
f 7773 7801 7802
f 7773 7802 7774
f 7774 7802 7803
f 7774 7803 7775
f 7775 7803 7804
f 7775 7804 7776
f 7776 7804 7805
f 7776 7805 7777
f 7777 7805 7806
f 7777 7806 7778
f 7778 7806 7807
f 7778 7807 7779
f 7779 7807 7808
f 7779 7808 7780
f 7780 7808 7809
f 7780 7809 7781
f 7781 7809 7810
f 7781 7810 7782
f 7782 7810 7811
f 7782 7811 7783
f 7783 7811 7812
f 7783 7812 7784
f 7784 7812 7785
f 7784 7785 7757
f 7785 7813 7814
f 7785 7814 7786
f 7786 7814 7815
f 7786 7815 7787
f 7787 7815 7816
f 7787 7816 7788
f 7788 7816 7817
f 7788 7817 7789
f 7789 7817 7818
f 7789 7818 7790
f 7790 7818 7819
f 7790 7819 7791
f 7791 7819 7820
f 7791 7820 7792
f 7792 7820 7821
f 7792 7821 7793
f 7793 7821 7822
f 7793 7822 7794
f 7794 7822 7823
f 7794 7823 7795
f 7795 7823 7824
f 7795 7824 7796
f 7796 7824 7825
f 7796 7825 7797
f 7797 7825 7826
f 7797 7826 7798
f 7798 7826 7827
f 7798 7827 7799
f 7799 7827 7828
f 7799 7828 7800
f 7800 7828 7829
f 7800 7829 7801
f 7801 7829 7830
f 7801 7830 7802
f 7802 7830 7831
f 7802 7831 7803
f 7803 7831 7832
f 7803 7832 7804
f 7804 7832 7833
f 7804 7833 7805
f 7805 7833 7834
f 7805 7834 7806
f 7806 7834 7835
f 7806 7835 7807
f 7807 7835 7836
f 7807 7836 7808
f 7808 7836 7837
f 7808 7837 7809
f 7809 7837 7838
f 7809 7838 7810
f 7810 7838 7839
f 7810 7839 7811
f 7811 7839 7840
f 7811 7840 7812
f 7812 7840 7813
f 7812 7813 7785
f 7813 7841 7842
f 7813 7842 7814
f 7814 7842 7843
f 7814 7843 7815
f 7815 7843 7844
f 7815 7844 7816
f 7816 7844 7845
f 7816 7845 7817
f 7817 7845 7846
f 7817 7846 7818
f 7818 7846 7847
f 7818 7847 7819
f 7819 7847 7848
f 7819 7848 7820
f 7820 7848 7849
f 7820 7849 7821
f 7821 7849 7850
f 7821 7850 7822
f 7822 7850 7851
f 7822 7851 7823
f 7823 7851 7852
f 7823 7852 7824
f 7824 7852 7853
f 7824 7853 7825
f 7825 7853 7854
f 7825 7854 7826
f 7826 7854 7855
f 7826 7855 7827
f 7827 7855 7856
f 7827 7856 7828
f 7828 7856 7857
f 7828 7857 7829
f 7829 7857 7858
f 7829 7858 7830
f 7830 7858 7859
f 7830 7859 7831
f 7831 7859 7860
f 7831 7860 7832
f 7832 7860 7861
f 7832 7861 7833
f 7833 7861 7862
f 7833 7862 7834
f 7834 7862 7863
f 7834 7863 7835
f 7835 7863 7864
f 7835 7864 7836
f 7836 7864 7865
f 7836 7865 7837
f 7837 7865 7866
f 7837 7866 7838
f 7838 7866 7867
f 7838 7867 7839
f 7839 7867 7868
f 7839 7868 7840
f 7840 7868 7841
f 7840 7841 7813
f 7841 7869 7870
f 7841 7870 7842
f 7842 7870 7871
f 7842 7871 7843
f 7843 7871 7872
f 7843 7872 7844
f 7844 7872 7873
f 7844 7873 7845
f 7845 7873 7874
f 7845 7874 7846
f 7846 7874 7875
f 7846 7875 7847
f 7847 7875 7876
f 7847 7876 7848
f 7848 7876 7877
f 7848 7877 7849
f 7849 7877 7878
f 7849 7878 7850
f 7850 7878 7879
f 7850 7879 7851
f 7851 7879 7880
f 7851 7880 7852
f 7852 7880 7881
f 7852 7881 7853
f 7853 7881 7882
f 7853 7882 7854
f 7854 7882 7883
f 7854 7883 7855
f 7855 7883 7884
f 7855 7884 7856
f 7856 7884 7885
f 7856 7885 7857
f 7857 7885 7886
f 7857 7886 7858
f 7858 7886 7887
f 7858 7887 7859
f 7859 7887 7888
f 7859 7888 7860
f 7860 7888 7889
f 7860 7889 7861
f 7861 7889 7890
f 7861 7890 7862
f 7862 7890 7891
f 7862 7891 7863
f 7863 7891 7892
f 7863 7892 7864
f 7864 7892 7893
f 7864 7893 7865
f 7865 7893 7894
f 7865 7894 7866
f 7866 7894 7895
f 7866 7895 7867
f 7867 7895 7896
f 7867 7896 7868
f 7868 7896 7869
f 7868 7869 7841
f 7869 7897 7898
f 7869 7898 7870
f 7870 7898 7899
f 7870 7899 7871
f 7871 7899 7900
f 7871 7900 7872
f 7872 7900 7901
f 7872 7901 7873
f 7873 7901 7902
f 7873 7902 7874
f 7874 7902 7903
f 7874 7903 7875
f 7875 7903 7904
f 7875 7904 7876
f 7876 7904 7905
f 7876 7905 7877
f 7877 7905 7906
f 7877 7906 7878
f 7878 7906 7907
f 7878 7907 7879
f 7879 7907 7908
f 7879 7908 7880
f 7880 7908 7909
f 7880 7909 7881
f 7881 7909 7910
f 7881 7910 7882
f 7882 7910 7911
f 7882 7911 7883
f 7883 7911 7912
f 7883 7912 7884
f 7884 7912 7913
f 7884 7913 7885
f 7885 7913 7914
f 7885 7914 7886
f 7886 7914 7915
f 7886 7915 7887
f 7887 7915 7916
f 7887 7916 7888
f 7888 7916 7917
f 7888 7917 7889
f 7889 7917 7918
f 7889 7918 7890
f 7890 7918 7919
f 7890 7919 7891
f 7891 7919 7920
f 7891 7920 7892
f 7892 7920 7921
f 7892 7921 7893
f 7893 7921 7922
f 7893 7922 7894
f 7894 7922 7923
f 7894 7923 7895
f 7895 7923 7924
f 7895 7924 7896
f 7896 7924 7897
f 7896 7897 7869
f 7897 7925 7926
f 7897 7926 7898
f 7898 7926 7927
f 7898 7927 7899
f 7899 7927 7928
f 7899 7928 7900
f 7900 7928 7929
f 7900 7929 7901
f 7901 7929 7930
f 7901 7930 7902
f 7902 7930 7931
f 7902 7931 7903
f 7903 7931 7932
f 7903 7932 7904
f 7904 7932 7933
f 7904 7933 7905
f 7905 7933 7934
f 7905 7934 7906
f 7906 7934 7935
f 7906 7935 7907
f 7907 7935 7936
f 7907 7936 7908
f 7908 7936 7937
f 7908 7937 7909
f 7909 7937 7938
f 7909 7938 7910
f 7910 7938 7939
f 7910 7939 7911
f 7911 7939 7940
f 7911 7940 7912
f 7912 7940 7941
f 7912 7941 7913
f 7913 7941 7942
f 7913 7942 7914
f 7914 7942 7943
f 7914 7943 7915
f 7915 7943 7944
f 7915 7944 7916
f 7916 7944 7945
f 7916 7945 7917
f 7917 7945 7946
f 7917 7946 7918
f 7918 7946 7947
f 7918 7947 7919
f 7919 7947 7948
f 7919 7948 7920
f 7920 7948 7949
f 7920 7949 7921
f 7921 7949 7950
f 7921 7950 7922
f 7922 7950 7951
f 7922 7951 7923
f 7923 7951 7952
f 7923 7952 7924
f 7924 7952 7925
f 7924 7925 7897
f 7925 7953 7954
f 7925 7954 7926
f 7926 7954 7955
f 7926 7955 7927
f 7927 7955 7956
f 7927 7956 7928
f 7928 7956 7957
f 7928 7957 7929
f 7929 7957 7958
f 7929 7958 7930
f 7930 7958 7959
f 7930 7959 7931
f 7931 7959 7960
f 7931 7960 7932
f 7932 7960 7961
f 7932 7961 7933
f 7933 7961 7962
f 7933 7962 7934
f 7934 7962 7963
f 7934 7963 7935
f 7935 7963 7964
f 7935 7964 7936
f 7936 7964 7965
f 7936 7965 7937
f 7937 7965 7966
f 7937 7966 7938
f 7938 7966 7967
f 7938 7967 7939
f 7939 7967 7968
f 7939 7968 7940
f 7940 7968 7969
f 7940 7969 7941
f 7941 7969 7970
f 7941 7970 7942
f 7942 7970 7971
f 7942 7971 7943
f 7943 7971 7972
f 7943 7972 7944
f 7944 7972 7973
f 7944 7973 7945
f 7945 7973 7974
f 7945 7974 7946
f 7946 7974 7975
f 7946 7975 7947
f 7947 7975 7976
f 7947 7976 7948
f 7948 7976 7977
f 7948 7977 7949
f 7949 7977 7978
f 7949 7978 7950
f 7950 7978 7979
f 7950 7979 7951
f 7951 7979 7980
f 7951 7980 7952
f 7952 7980 7953
f 7952 7953 7925
f 7953 7981 7982
f 7953 7982 7954
f 7954 7982 7983
f 7954 7983 7955
f 7955 7983 7984
f 7955 7984 7956
f 7956 7984 7985
f 7956 7985 7957
f 7957 7985 7986
f 7957 7986 7958
f 7958 7986 7987
f 7958 7987 7959
f 7959 7987 7988
f 7959 7988 7960
f 7960 7988 7989
f 7960 7989 7961
f 7961 7989 7990
f 7961 7990 7962
f 7962 7990 7991
f 7962 7991 7963
f 7963 7991 7992
f 7963 7992 7964
f 7964 7992 7993
f 7964 7993 7965
f 7965 7993 7994
f 7965 7994 7966
f 7966 7994 7995
f 7966 7995 7967
f 7967 7995 7996
f 7967 7996 7968
f 7968 7996 7997
f 7968 7997 7969
f 7969 7997 7998
f 7969 7998 7970
f 7970 7998 7999
f 7970 7999 7971
f 7971 7999 8000
f 7971 8000 7972
f 7972 8000 8001
f 7972 8001 7973
f 7973 8001 8002
f 7973 8002 7974
f 7974 8002 8003
f 7974 8003 7975
f 7975 8003 8004
f 7975 8004 7976
f 7976 8004 8005
f 7976 8005 7977
f 7977 8005 8006
f 7977 8006 7978
f 7978 8006 8007
f 7978 8007 7979
f 7979 8007 8008
f 7979 8008 7980
f 7980 8008 7981
f 7980 7981 7953
f 7981 8009 8010
f 7981 8010 7982
f 7982 8010 8011
f 7982 8011 7983
f 7983 8011 8012
f 7983 8012 7984
f 7984 8012 8013
f 7984 8013 7985
f 7985 8013 8014
f 7985 8014 7986
f 7986 8014 8015
f 7986 8015 7987
f 7987 8015 8016
f 7987 8016 7988
f 7988 8016 8017
f 7988 8017 7989
f 7989 8017 8018
f 7989 8018 7990
f 7990 8018 8019
f 7990 8019 7991
f 7991 8019 8020
f 7991 8020 7992
f 7992 8020 8021
f 7992 8021 7993
f 7993 8021 8022
f 7993 8022 7994
f 7994 8022 8023
f 7994 8023 7995
f 7995 8023 8024
f 7995 8024 7996
f 7996 8024 8025
f 7996 8025 7997
f 7997 8025 8026
f 7997 8026 7998
f 7998 8026 8027
f 7998 8027 7999
f 7999 8027 8028
f 7999 8028 8000
f 8000 8028 8029
f 8000 8029 8001
f 8001 8029 8030
f 8001 8030 8002
f 8002 8030 8031
f 8002 8031 8003
f 8003 8031 8032
f 8003 8032 8004
f 8004 8032 8033
f 8004 8033 8005
f 8005 8033 8034
f 8005 8034 8006
f 8006 8034 8035
f 8006 8035 8007
f 8007 8035 8036
f 8007 8036 8008
f 8008 8036 8009
f 8008 8009 7981
f 8009 8037 8038
f 8009 8038 8010
f 8010 8038 8039
f 8010 8039 8011
f 8011 8039 8040
f 8011 8040 8012
f 8012 8040 8041
f 8012 8041 8013
f 8013 8041 8042
f 8013 8042 8014
f 8014 8042 8043
f 8014 8043 8015
f 8015 8043 8044
f 8015 8044 8016
f 8016 8044 8045
f 8016 8045 8017
f 8017 8045 8046
f 8017 8046 8018
f 8018 8046 8047
f 8018 8047 8019
f 8019 8047 8048
f 8019 8048 8020
f 8020 8048 8049
f 8020 8049 8021
f 8021 8049 8050
f 8021 8050 8022
f 8022 8050 8051
f 8022 8051 8023
f 8023 8051 8052
f 8023 8052 8024
f 8024 8052 8053
f 8024 8053 8025
f 8025 8053 8054
f 8025 8054 8026
f 8026 8054 8055
f 8026 8055 8027
f 8027 8055 8056
f 8027 8056 8028
f 8028 8056 8057
f 8028 8057 8029
f 8029 8057 8058
f 8029 8058 8030
f 8030 8058 8059
f 8030 8059 8031
f 8031 8059 8060
f 8031 8060 8032
f 8032 8060 8061
f 8032 8061 8033
f 8033 8061 8062
f 8033 8062 8034
f 8034 8062 8063
f 8034 8063 8035
f 8035 8063 8064
f 8035 8064 8036
f 8036 8064 8037
f 8036 8037 8009
f 8037 8065 8066
f 8037 8066 8038
f 8038 8066 8067
f 8038 8067 8039
f 8039 8067 8068
f 8039 8068 8040
f 8040 8068 8069
f 8040 8069 8041
f 8041 8069 8070
f 8041 8070 8042
f 8042 8070 8071
f 8042 8071 8043
f 8043 8071 8072
f 8043 8072 8044
f 8044 8072 8073
f 8044 8073 8045
f 8045 8073 8074
f 8045 8074 8046
f 8046 8074 8075
f 8046 8075 8047
f 8047 8075 8076
f 8047 8076 8048
f 8048 8076 8077
f 8048 8077 8049
f 8049 8077 8078
f 8049 8078 8050
f 8050 8078 8079
f 8050 8079 8051
f 8051 8079 8080
f 8051 8080 8052
f 8052 8080 8081
f 8052 8081 8053
f 8053 8081 8082
f 8053 8082 8054
f 8054 8082 8083
f 8054 8083 8055
f 8055 8083 8084
f 8055 8084 8056
f 8056 8084 8085
f 8056 8085 8057
f 8057 8085 8086
f 8057 8086 8058
f 8058 8086 8087
f 8058 8087 8059
f 8059 8087 8088
f 8059 8088 8060
f 8060 8088 8089
f 8060 8089 8061
f 8061 8089 8090
f 8061 8090 8062
f 8062 8090 8091
f 8062 8091 8063
f 8063 8091 8092
f 8063 8092 8064
f 8064 8092 8065
f 8064 8065 8037
f 8065 8093 8094
f 8065 8094 8066
f 8066 8094 8095
f 8066 8095 8067
f 8067 8095 8096
f 8067 8096 8068
f 8068 8096 8097
f 8068 8097 8069
f 8069 8097 8098
f 8069 8098 8070
f 8070 8098 8099
f 8070 8099 8071
f 8071 8099 8100
f 8071 8100 8072
f 8072 8100 8101
f 8072 8101 8073
f 8073 8101 8102
f 8073 8102 8074
f 8074 8102 8103
f 8074 8103 8075
f 8075 8103 8104
f 8075 8104 8076
f 8076 8104 8105
f 8076 8105 8077
f 8077 8105 8106
f 8077 8106 8078
f 8078 8106 8107
f 8078 8107 8079
f 8079 8107 8108
f 8079 8108 8080
f 8080 8108 8109
f 8080 8109 8081
f 8081 8109 8110
f 8081 8110 8082
f 8082 8110 8111
f 8082 8111 8083
f 8083 8111 8112
f 8083 8112 8084
f 8084 8112 8113
f 8084 8113 8085
f 8085 8113 8114
f 8085 8114 8086
f 8086 8114 8115
f 8086 8115 8087
f 8087 8115 8116
f 8087 8116 8088
f 8088 8116 8117
f 8088 8117 8089
f 8089 8117 8118
f 8089 8118 8090
f 8090 8118 8119
f 8090 8119 8091
f 8091 8119 8120
f 8091 8120 8092
f 8092 8120 8093
f 8092 8093 8065
f 8093 8121 8122
f 8093 8122 8094
f 8094 8122 8123
f 8094 8123 8095
f 8095 8123 8124
f 8095 8124 8096
f 8096 8124 8125
f 8096 8125 8097
f 8097 8125 8126
f 8097 8126 8098
f 8098 8126 8127
f 8098 8127 8099
f 8099 8127 8128
f 8099 8128 8100
f 8100 8128 8129
f 8100 8129 8101
f 8101 8129 8130
f 8101 8130 8102
f 8102 8130 8131
f 8102 8131 8103
f 8103 8131 8132
f 8103 8132 8104
f 8104 8132 8133
f 8104 8133 8105
f 8105 8133 8134
f 8105 8134 8106
f 8106 8134 8135
f 8106 8135 8107
f 8107 8135 8136
f 8107 8136 8108
f 8108 8136 8137
f 8108 8137 8109
f 8109 8137 8138
f 8109 8138 8110
f 8110 8138 8139
f 8110 8139 8111
f 8111 8139 8140
f 8111 8140 8112
f 8112 8140 8141
f 8112 8141 8113
f 8113 8141 8142
f 8113 8142 8114
f 8114 8142 8143
f 8114 8143 8115
f 8115 8143 8144
f 8115 8144 8116
f 8116 8144 8145
f 8116 8145 8117
f 8117 8145 8146
f 8117 8146 8118
f 8118 8146 8147
f 8118 8147 8119
f 8119 8147 8148
f 8119 8148 8120
f 8120 8148 8121
f 8120 8121 8093
f 8121 8149 8150
f 8121 8150 8122
f 8122 8150 8151
f 8122 8151 8123
f 8123 8151 8152
f 8123 8152 8124
f 8124 8152 8153
f 8124 8153 8125
f 8125 8153 8154
f 8125 8154 8126
f 8126 8154 8155
f 8126 8155 8127
f 8127 8155 8156
f 8127 8156 8128
f 8128 8156 8157
f 8128 8157 8129
f 8129 8157 8158
f 8129 8158 8130
f 8130 8158 8159
f 8130 8159 8131
f 8131 8159 8160
f 8131 8160 8132
f 8132 8160 8161
f 8132 8161 8133
f 8133 8161 8162
f 8133 8162 8134
f 8134 8162 8163
f 8134 8163 8135
f 8135 8163 8164
f 8135 8164 8136
f 8136 8164 8165
f 8136 8165 8137
f 8137 8165 8166
f 8137 8166 8138
f 8138 8166 8167
f 8138 8167 8139
f 8139 8167 8168
f 8139 8168 8140
f 8140 8168 8169
f 8140 8169 8141
f 8141 8169 8170
f 8141 8170 8142
f 8142 8170 8171
f 8142 8171 8143
f 8143 8171 8172
f 8143 8172 8144
f 8144 8172 8173
f 8144 8173 8145
f 8145 8173 8174
f 8145 8174 8146
f 8146 8174 8175
f 8146 8175 8147
f 8147 8175 8176
f 8147 8176 8148
f 8148 8176 8149
f 8148 8149 8121
f 8149 8177 8178
f 8149 8178 8150
f 8150 8178 8179
f 8150 8179 8151
f 8151 8179 8180
f 8151 8180 8152
f 8152 8180 8181
f 8152 8181 8153
f 8153 8181 8182
f 8153 8182 8154
f 8154 8182 8183
f 8154 8183 8155
f 8155 8183 8184
f 8155 8184 8156
f 8156 8184 8185
f 8156 8185 8157
f 8157 8185 8186
f 8157 8186 8158
f 8158 8186 8187
f 8158 8187 8159
f 8159 8187 8188
f 8159 8188 8160
f 8160 8188 8189
f 8160 8189 8161
f 8161 8189 8190
f 8161 8190 8162
f 8162 8190 8191
f 8162 8191 8163
f 8163 8191 8192
f 8163 8192 8164
f 8164 8192 8193
f 8164 8193 8165
f 8165 8193 8194
f 8165 8194 8166
f 8166 8194 8195
f 8166 8195 8167
f 8167 8195 8196
f 8167 8196 8168
f 8168 8196 8197
f 8168 8197 8169
f 8169 8197 8198
f 8169 8198 8170
f 8170 8198 8199
f 8170 8199 8171
f 8171 8199 8200
f 8171 8200 8172
f 8172 8200 8201
f 8172 8201 8173
f 8173 8201 8202
f 8173 8202 8174
f 8174 8202 8203
f 8174 8203 8175
f 8175 8203 8204
f 8175 8204 8176
f 8176 8204 8177
f 8176 8177 8149
f 8177 8205 8206
f 8177 8206 8178
f 8178 8206 8207
f 8178 8207 8179
f 8179 8207 8208
f 8179 8208 8180
f 8180 8208 8209
f 8180 8209 8181
f 8181 8209 8210
f 8181 8210 8182
f 8182 8210 8211
f 8182 8211 8183
f 8183 8211 8212
f 8183 8212 8184
f 8184 8212 8213
f 8184 8213 8185
f 8185 8213 8214
f 8185 8214 8186
f 8186 8214 8215
f 8186 8215 8187
f 8187 8215 8216
f 8187 8216 8188
f 8188 8216 8217
f 8188 8217 8189
f 8189 8217 8218
f 8189 8218 8190
f 8190 8218 8219
f 8190 8219 8191
f 8191 8219 8220
f 8191 8220 8192
f 8192 8220 8221
f 8192 8221 8193
f 8193 8221 8222
f 8193 8222 8194
f 8194 8222 8223
f 8194 8223 8195
f 8195 8223 8224
f 8195 8224 8196
f 8196 8224 8225
f 8196 8225 8197
f 8197 8225 8226
f 8197 8226 8198
f 8198 8226 8227
f 8198 8227 8199
f 8199 8227 8228
f 8199 8228 8200
f 8200 8228 8229
f 8200 8229 8201
f 8201 8229 8230
f 8201 8230 8202
f 8202 8230 8231
f 8202 8231 8203
f 8203 8231 8232
f 8203 8232 8204
f 8204 8232 8205
f 8204 8205 8177
f 8205 8233 8234
f 8205 8234 8206
f 8206 8234 8235
f 8206 8235 8207
f 8207 8235 8236
f 8207 8236 8208
f 8208 8236 8237
f 8208 8237 8209
f 8209 8237 8238
f 8209 8238 8210
f 8210 8238 8239
f 8210 8239 8211
f 8211 8239 8240
f 8211 8240 8212
f 8212 8240 8241
f 8212 8241 8213
f 8213 8241 8242
f 8213 8242 8214
f 8214 8242 8243
f 8214 8243 8215
f 8215 8243 8244
f 8215 8244 8216
f 8216 8244 8245
f 8216 8245 8217
f 8217 8245 8246
f 8217 8246 8218
f 8218 8246 8247
f 8218 8247 8219
f 8219 8247 8248
f 8219 8248 8220
f 8220 8248 8249
f 8220 8249 8221
f 8221 8249 8250
f 8221 8250 8222
f 8222 8250 8251
f 8222 8251 8223
f 8223 8251 8252
f 8223 8252 8224
f 8224 8252 8253
f 8224 8253 8225
f 8225 8253 8254
f 8225 8254 8226
f 8226 8254 8255
f 8226 8255 8227
f 8227 8255 8256
f 8227 8256 8228
f 8228 8256 8257
f 8228 8257 8229
f 8229 8257 8258
f 8229 8258 8230
f 8230 8258 8259
f 8230 8259 8231
f 8231 8259 8260
f 8231 8260 8232
f 8232 8260 8233
f 8232 8233 8205
f 8233 8261 8262
f 8233 8262 8234
f 8234 8262 8263
f 8234 8263 8235
f 8235 8263 8264
f 8235 8264 8236
f 8236 8264 8265
f 8236 8265 8237
f 8237 8265 8266
f 8237 8266 8238
f 8238 8266 8267
f 8238 8267 8239
f 8239 8267 8268
f 8239 8268 8240
f 8240 8268 8269
f 8240 8269 8241
f 8241 8269 8270
f 8241 8270 8242
f 8242 8270 8271
f 8242 8271 8243
f 8243 8271 8272
f 8243 8272 8244
f 8244 8272 8273
f 8244 8273 8245
f 8245 8273 8274
f 8245 8274 8246
f 8246 8274 8275
f 8246 8275 8247
f 8247 8275 8276
f 8247 8276 8248
f 8248 8276 8277
f 8248 8277 8249
f 8249 8277 8278
f 8249 8278 8250
f 8250 8278 8279
f 8250 8279 8251
f 8251 8279 8280
f 8251 8280 8252
f 8252 8280 8281
f 8252 8281 8253
f 8253 8281 8282
f 8253 8282 8254
f 8254 8282 8283
f 8254 8283 8255
f 8255 8283 8284
f 8255 8284 8256
f 8256 8284 8285
f 8256 8285 8257
f 8257 8285 8286
f 8257 8286 8258
f 8258 8286 8287
f 8258 8287 8259
f 8259 8287 8288
f 8259 8288 8260
f 8260 8288 8261
f 8260 8261 8233
f 8261 8289 8290
f 8261 8290 8262
f 8262 8290 8291
f 8262 8291 8263
f 8263 8291 8292
f 8263 8292 8264
f 8264 8292 8293
f 8264 8293 8265
f 8265 8293 8294
f 8265 8294 8266
f 8266 8294 8295
f 8266 8295 8267
f 8267 8295 8296
f 8267 8296 8268
f 8268 8296 8297
f 8268 8297 8269
f 8269 8297 8298
f 8269 8298 8270
f 8270 8298 8299
f 8270 8299 8271
f 8271 8299 8300
f 8271 8300 8272
f 8272 8300 8301
f 8272 8301 8273
f 8273 8301 8302
f 8273 8302 8274
f 8274 8302 8303
f 8274 8303 8275
f 8275 8303 8304
f 8275 8304 8276
f 8276 8304 8305
f 8276 8305 8277
f 8277 8305 8306
f 8277 8306 8278
f 8278 8306 8307
f 8278 8307 8279
f 8279 8307 8308
f 8279 8308 8280
f 8280 8308 8309
f 8280 8309 8281
f 8281 8309 8310
f 8281 8310 8282
f 8282 8310 8311
f 8282 8311 8283
f 8283 8311 8312
f 8283 8312 8284
f 8284 8312 8313
f 8284 8313 8285
f 8285 8313 8314
f 8285 8314 8286
f 8286 8314 8315
f 8286 8315 8287
f 8287 8315 8316
f 8287 8316 8288
f 8288 8316 8289
f 8288 8289 8261
f 8289 8317 8318
f 8289 8318 8290
f 8290 8318 8319
f 8290 8319 8291
f 8291 8319 8320
f 8291 8320 8292
f 8292 8320 8321
f 8292 8321 8293
f 8293 8321 8322
f 8293 8322 8294
f 8294 8322 8323
f 8294 8323 8295
f 8295 8323 8324
f 8295 8324 8296
f 8296 8324 8325
f 8296 8325 8297
f 8297 8325 8326
f 8297 8326 8298
f 8298 8326 8327
f 8298 8327 8299
f 8299 8327 8328
f 8299 8328 8300
f 8300 8328 8329
f 8300 8329 8301
f 8301 8329 8330
f 8301 8330 8302
f 8302 8330 8331
f 8302 8331 8303
f 8303 8331 8332
f 8303 8332 8304
f 8304 8332 8333
f 8304 8333 8305
f 8305 8333 8334
f 8305 8334 8306
f 8306 8334 8335
f 8306 8335 8307
f 8307 8335 8336
f 8307 8336 8308
f 8308 8336 8337
f 8308 8337 8309
f 8309 8337 8338
f 8309 8338 8310
f 8310 8338 8339
f 8310 8339 8311
f 8311 8339 8340
f 8311 8340 8312
f 8312 8340 8341
f 8312 8341 8313
f 8313 8341 8342
f 8313 8342 8314
f 8314 8342 8343
f 8314 8343 8315
f 8315 8343 8344
f 8315 8344 8316
f 8316 8344 8317
f 8316 8317 8289
f 8317 8345 8346
f 8317 8346 8318
f 8318 8346 8347
f 8318 8347 8319
f 8319 8347 8348
f 8319 8348 8320
f 8320 8348 8349
f 8320 8349 8321
f 8321 8349 8350
f 8321 8350 8322
f 8322 8350 8351
f 8322 8351 8323
f 8323 8351 8352
f 8323 8352 8324
f 8324 8352 8353
f 8324 8353 8325
f 8325 8353 8354
f 8325 8354 8326
f 8326 8354 8355
f 8326 8355 8327
f 8327 8355 8356
f 8327 8356 8328
f 8328 8356 8357
f 8328 8357 8329
f 8329 8357 8358
f 8329 8358 8330
f 8330 8358 8359
f 8330 8359 8331
f 8331 8359 8360
f 8331 8360 8332
f 8332 8360 8361
f 8332 8361 8333
f 8333 8361 8362
f 8333 8362 8334
f 8334 8362 8363
f 8334 8363 8335
f 8335 8363 8364
f 8335 8364 8336
f 8336 8364 8365
f 8336 8365 8337
f 8337 8365 8366
f 8337 8366 8338
f 8338 8366 8367
f 8338 8367 8339
f 8339 8367 8368
f 8339 8368 8340
f 8340 8368 8369
f 8340 8369 8341
f 8341 8369 8370
f 8341 8370 8342
f 8342 8370 8371
f 8342 8371 8343
f 8343 8371 8372
f 8343 8372 8344
f 8344 8372 8345
f 8344 8345 8317
f 8345 8373 8374
f 8345 8374 8346
f 8346 8374 8375
f 8346 8375 8347
f 8347 8375 8376
f 8347 8376 8348
f 8348 8376 8377
f 8348 8377 8349
f 8349 8377 8378
f 8349 8378 8350
f 8350 8378 8379
f 8350 8379 8351
f 8351 8379 8380
f 8351 8380 8352
f 8352 8380 8381
f 8352 8381 8353
f 8353 8381 8382
f 8353 8382 8354
f 8354 8382 8383
f 8354 8383 8355
f 8355 8383 8384
f 8355 8384 8356
f 8356 8384 8385
f 8356 8385 8357
f 8357 8385 8386
f 8357 8386 8358
f 8358 8386 8387
f 8358 8387 8359
f 8359 8387 8388
f 8359 8388 8360
f 8360 8388 8389
f 8360 8389 8361
f 8361 8389 8390
f 8361 8390 8362
f 8362 8390 8391
f 8362 8391 8363
f 8363 8391 8392
f 8363 8392 8364
f 8364 8392 8393
f 8364 8393 8365
f 8365 8393 8394
f 8365 8394 8366
f 8366 8394 8395
f 8366 8395 8367
f 8367 8395 8396
f 8367 8396 8368
f 8368 8396 8397
f 8368 8397 8369
f 8369 8397 8398
f 8369 8398 8370
f 8370 8398 8399
f 8370 8399 8371
f 8371 8399 8400
f 8371 8400 8372
f 8372 8400 8373
f 8372 8373 8345
f 8373 8401 8402
f 8373 8402 8374
f 8374 8402 8403
f 8374 8403 8375
f 8375 8403 8404
f 8375 8404 8376
f 8376 8404 8405
f 8376 8405 8377
f 8377 8405 8406
f 8377 8406 8378
f 8378 8406 8407
f 8378 8407 8379
f 8379 8407 8408
f 8379 8408 8380
f 8380 8408 8409
f 8380 8409 8381
f 8381 8409 8410
f 8381 8410 8382
f 8382 8410 8411
f 8382 8411 8383
f 8383 8411 8412
f 8383 8412 8384
f 8384 8412 8413
f 8384 8413 8385
f 8385 8413 8414
f 8385 8414 8386
f 8386 8414 8415
f 8386 8415 8387
f 8387 8415 8416
f 8387 8416 8388
f 8388 8416 8417
f 8388 8417 8389
f 8389 8417 8418
f 8389 8418 8390
f 8390 8418 8419
f 8390 8419 8391
f 8391 8419 8420
f 8391 8420 8392
f 8392 8420 8421
f 8392 8421 8393
f 8393 8421 8422
f 8393 8422 8394
f 8394 8422 8423
f 8394 8423 8395
f 8395 8423 8424
f 8395 8424 8396
f 8396 8424 8425
f 8396 8425 8397
f 8397 8425 8426
f 8397 8426 8398
f 8398 8426 8427
f 8398 8427 8399
f 8399 8427 8428
f 8399 8428 8400
f 8400 8428 8401
f 8400 8401 8373
f 8401 8429 8430
f 8401 8430 8402
f 8402 8430 8431
f 8402 8431 8403
f 8403 8431 8432
f 8403 8432 8404
f 8404 8432 8433
f 8404 8433 8405
f 8405 8433 8434
f 8405 8434 8406
f 8406 8434 8435
f 8406 8435 8407
f 8407 8435 8436
f 8407 8436 8408
f 8408 8436 8437
f 8408 8437 8409
f 8409 8437 8438
f 8409 8438 8410
f 8410 8438 8439
f 8410 8439 8411
f 8411 8439 8440
f 8411 8440 8412
f 8412 8440 8441
f 8412 8441 8413
f 8413 8441 8442
f 8413 8442 8414
f 8414 8442 8443
f 8414 8443 8415
f 8415 8443 8444
f 8415 8444 8416
f 8416 8444 8445
f 8416 8445 8417
f 8417 8445 8446
f 8417 8446 8418
f 8418 8446 8447
f 8418 8447 8419
f 8419 8447 8448
f 8419 8448 8420
f 8420 8448 8449
f 8420 8449 8421
f 8421 8449 8450
f 8421 8450 8422
f 8422 8450 8451
f 8422 8451 8423
f 8423 8451 8452
f 8423 8452 8424
f 8424 8452 8453
f 8424 8453 8425
f 8425 8453 8454
f 8425 8454 8426
f 8426 8454 8455
f 8426 8455 8427
f 8427 8455 8456
f 8427 8456 8428
f 8428 8456 8429
f 8428 8429 8401
f 8429 8457 8458
f 8429 8458 8430
f 8430 8458 8459
f 8430 8459 8431
f 8431 8459 8460
f 8431 8460 8432
f 8432 8460 8461
f 8432 8461 8433
f 8433 8461 8462
f 8433 8462 8434
f 8434 8462 8463
f 8434 8463 8435
f 8435 8463 8464
f 8435 8464 8436
f 8436 8464 8465
f 8436 8465 8437
f 8437 8465 8466
f 8437 8466 8438
f 8438 8466 8467
f 8438 8467 8439
f 8439 8467 8468
f 8439 8468 8440
f 8440 8468 8469
f 8440 8469 8441
f 8441 8469 8470
f 8441 8470 8442
f 8442 8470 8471
f 8442 8471 8443
f 8443 8471 8472
f 8443 8472 8444
f 8444 8472 8473
f 8444 8473 8445
f 8445 8473 8474
f 8445 8474 8446
f 8446 8474 8475
f 8446 8475 8447
f 8447 8475 8476
f 8447 8476 8448
f 8448 8476 8477
f 8448 8477 8449
f 8449 8477 8478
f 8449 8478 8450
f 8450 8478 8479
f 8450 8479 8451
f 8451 8479 8480
f 8451 8480 8452
f 8452 8480 8481
f 8452 8481 8453
f 8453 8481 8482
f 8453 8482 8454
f 8454 8482 8483
f 8454 8483 8455
f 8455 8483 8484
f 8455 8484 8456
f 8456 8484 8457
f 8456 8457 8429
f 8457 8485 8486
f 8457 8486 8458
f 8458 8486 8487
f 8458 8487 8459
f 8459 8487 8488
f 8459 8488 8460
f 8460 8488 8489
f 8460 8489 8461
f 8461 8489 8490
f 8461 8490 8462
f 8462 8490 8491
f 8462 8491 8463
f 8463 8491 8492
f 8463 8492 8464
f 8464 8492 8493
f 8464 8493 8465
f 8465 8493 8494
f 8465 8494 8466
f 8466 8494 8495
f 8466 8495 8467
f 8467 8495 8496
f 8467 8496 8468
f 8468 8496 8497
f 8468 8497 8469
f 8469 8497 8498
f 8469 8498 8470
f 8470 8498 8499
f 8470 8499 8471
f 8471 8499 8500
f 8471 8500 8472
f 8472 8500 8501
f 8472 8501 8473
f 8473 8501 8502
f 8473 8502 8474
f 8474 8502 8503
f 8474 8503 8475
f 8475 8503 8504
f 8475 8504 8476
f 8476 8504 8505
f 8476 8505 8477
f 8477 8505 8506
f 8477 8506 8478
f 8478 8506 8507
f 8478 8507 8479
f 8479 8507 8508
f 8479 8508 8480
f 8480 8508 8509
f 8480 8509 8481
f 8481 8509 8510
f 8481 8510 8482
f 8482 8510 8511
f 8482 8511 8483
f 8483 8511 8512
f 8483 8512 8484
f 8484 8512 8485
f 8484 8485 8457
f 8485 8513 8514
f 8485 8514 8486
f 8486 8514 8515
f 8486 8515 8487
f 8487 8515 8516
f 8487 8516 8488
f 8488 8516 8517
f 8488 8517 8489
f 8489 8517 8518
f 8489 8518 8490
f 8490 8518 8519
f 8490 8519 8491
f 8491 8519 8520
f 8491 8520 8492
f 8492 8520 8521
f 8492 8521 8493
f 8493 8521 8522
f 8493 8522 8494
f 8494 8522 8523
f 8494 8523 8495
f 8495 8523 8524
f 8495 8524 8496
f 8496 8524 8525
f 8496 8525 8497
f 8497 8525 8526
f 8497 8526 8498
f 8498 8526 8527
f 8498 8527 8499
f 8499 8527 8528
f 8499 8528 8500
f 8500 8528 8529
f 8500 8529 8501
f 8501 8529 8530
f 8501 8530 8502
f 8502 8530 8531
f 8502 8531 8503
f 8503 8531 8532
f 8503 8532 8504
f 8504 8532 8533
f 8504 8533 8505
f 8505 8533 8534
f 8505 8534 8506
f 8506 8534 8535
f 8506 8535 8507
f 8507 8535 8536
f 8507 8536 8508
f 8508 8536 8537
f 8508 8537 8509
f 8509 8537 8538
f 8509 8538 8510
f 8510 8538 8539
f 8510 8539 8511
f 8511 8539 8540
f 8511 8540 8512
f 8512 8540 8513
f 8512 8513 8485
f 8513 8541 8542
f 8513 8542 8514
f 8514 8542 8543
f 8514 8543 8515
f 8515 8543 8544
f 8515 8544 8516
f 8516 8544 8545
f 8516 8545 8517
f 8517 8545 8546
f 8517 8546 8518
f 8518 8546 8547
f 8518 8547 8519
f 8519 8547 8548
f 8519 8548 8520
f 8520 8548 8549
f 8520 8549 8521
f 8521 8549 8550
f 8521 8550 8522
f 8522 8550 8551
f 8522 8551 8523
f 8523 8551 8552
f 8523 8552 8524
f 8524 8552 8553
f 8524 8553 8525
f 8525 8553 8554
f 8525 8554 8526
f 8526 8554 8555
f 8526 8555 8527
f 8527 8555 8556
f 8527 8556 8528
f 8528 8556 8557
f 8528 8557 8529
f 8529 8557 8558
f 8529 8558 8530
f 8530 8558 8559
f 8530 8559 8531
f 8531 8559 8560
f 8531 8560 8532
f 8532 8560 8561
f 8532 8561 8533
f 8533 8561 8562
f 8533 8562 8534
f 8534 8562 8563
f 8534 8563 8535
f 8535 8563 8564
f 8535 8564 8536
f 8536 8564 8565
f 8536 8565 8537
f 8537 8565 8566
f 8537 8566 8538
f 8538 8566 8567
f 8538 8567 8539
f 8539 8567 8568
f 8539 8568 8540
f 8540 8568 8541
f 8540 8541 8513
f 8541 8569 8570
f 8541 8570 8542
f 8542 8570 8571
f 8542 8571 8543
f 8543 8571 8572
f 8543 8572 8544
f 8544 8572 8573
f 8544 8573 8545
f 8545 8573 8574
f 8545 8574 8546
f 8546 8574 8575
f 8546 8575 8547
f 8547 8575 8576
f 8547 8576 8548
f 8548 8576 8577
f 8548 8577 8549
f 8549 8577 8578
f 8549 8578 8550
f 8550 8578 8579
f 8550 8579 8551
f 8551 8579 8580
f 8551 8580 8552
f 8552 8580 8581
f 8552 8581 8553
f 8553 8581 8582
f 8553 8582 8554
f 8554 8582 8583
f 8554 8583 8555
f 8555 8583 8584
f 8555 8584 8556
f 8556 8584 8585
f 8556 8585 8557
f 8557 8585 8586
f 8557 8586 8558
f 8558 8586 8587
f 8558 8587 8559
f 8559 8587 8588
f 8559 8588 8560
f 8560 8588 8589
f 8560 8589 8561
f 8561 8589 8590
f 8561 8590 8562
f 8562 8590 8591
f 8562 8591 8563
f 8563 8591 8592
f 8563 8592 8564
f 8564 8592 8593
f 8564 8593 8565
f 8565 8593 8594
f 8565 8594 8566
f 8566 8594 8595
f 8566 8595 8567
f 8567 8595 8596
f 8567 8596 8568
f 8568 8596 8569
f 8568 8569 8541
f 8569 8597 8598
f 8569 8598 8570
f 8570 8598 8599
f 8570 8599 8571
f 8571 8599 8600
f 8571 8600 8572
f 8572 8600 8601
f 8572 8601 8573
f 8573 8601 8602
f 8573 8602 8574
f 8574 8602 8603
f 8574 8603 8575
f 8575 8603 8604
f 8575 8604 8576
f 8576 8604 8605
f 8576 8605 8577
f 8577 8605 8606
f 8577 8606 8578
f 8578 8606 8607
f 8578 8607 8579
f 8579 8607 8608
f 8579 8608 8580
f 8580 8608 8609
f 8580 8609 8581
f 8581 8609 8610
f 8581 8610 8582
f 8582 8610 8611
f 8582 8611 8583
f 8583 8611 8612
f 8583 8612 8584
f 8584 8612 8613
f 8584 8613 8585
f 8585 8613 8614
f 8585 8614 8586
f 8586 8614 8615
f 8586 8615 8587
f 8587 8615 8616
f 8587 8616 8588
f 8588 8616 8617
f 8588 8617 8589
f 8589 8617 8618
f 8589 8618 8590
f 8590 8618 8619
f 8590 8619 8591
f 8591 8619 8620
f 8591 8620 8592
f 8592 8620 8621
f 8592 8621 8593
f 8593 8621 8622
f 8593 8622 8594
f 8594 8622 8623
f 8594 8623 8595
f 8595 8623 8624
f 8595 8624 8596
f 8596 8624 8597
f 8596 8597 8569
f 8597 8625 8626
f 8597 8626 8598
f 8598 8626 8627
f 8598 8627 8599
f 8599 8627 8628
f 8599 8628 8600
f 8600 8628 8629
f 8600 8629 8601
f 8601 8629 8630
f 8601 8630 8602
f 8602 8630 8631
f 8602 8631 8603
f 8603 8631 8632
f 8603 8632 8604
f 8604 8632 8633
f 8604 8633 8605
f 8605 8633 8634
f 8605 8634 8606
f 8606 8634 8635
f 8606 8635 8607
f 8607 8635 8636
f 8607 8636 8608
f 8608 8636 8637
f 8608 8637 8609
f 8609 8637 8638
f 8609 8638 8610
f 8610 8638 8639
f 8610 8639 8611
f 8611 8639 8640
f 8611 8640 8612
f 8612 8640 8641
f 8612 8641 8613
f 8613 8641 8642
f 8613 8642 8614
f 8614 8642 8643
f 8614 8643 8615
f 8615 8643 8644
f 8615 8644 8616
f 8616 8644 8645
f 8616 8645 8617
f 8617 8645 8646
f 8617 8646 8618
f 8618 8646 8647
f 8618 8647 8619
f 8619 8647 8648
f 8619 8648 8620
f 8620 8648 8649
f 8620 8649 8621
f 8621 8649 8650
f 8621 8650 8622
f 8622 8650 8651
f 8622 8651 8623
f 8623 8651 8652
f 8623 8652 8624
f 8624 8652 8625
f 8624 8625 8597
f 8625 8653 8654
f 8625 8654 8626
f 8626 8654 8655
f 8626 8655 8627
f 8627 8655 8656
f 8627 8656 8628
f 8628 8656 8657
f 8628 8657 8629
f 8629 8657 8658
f 8629 8658 8630
f 8630 8658 8659
f 8630 8659 8631
f 8631 8659 8660
f 8631 8660 8632
f 8632 8660 8661
f 8632 8661 8633
f 8633 8661 8662
f 8633 8662 8634
f 8634 8662 8663
f 8634 8663 8635
f 8635 8663 8664
f 8635 8664 8636
f 8636 8664 8665
f 8636 8665 8637
f 8637 8665 8666
f 8637 8666 8638
f 8638 8666 8667
f 8638 8667 8639
f 8639 8667 8668
f 8639 8668 8640
f 8640 8668 8669
f 8640 8669 8641
f 8641 8669 8670
f 8641 8670 8642
f 8642 8670 8671
f 8642 8671 8643
f 8643 8671 8672
f 8643 8672 8644
f 8644 8672 8673
f 8644 8673 8645
f 8645 8673 8674
f 8645 8674 8646
f 8646 8674 8675
f 8646 8675 8647
f 8647 8675 8676
f 8647 8676 8648
f 8648 8676 8677
f 8648 8677 8649
f 8649 8677 8678
f 8649 8678 8650
f 8650 8678 8679
f 8650 8679 8651
f 8651 8679 8680
f 8651 8680 8652
f 8652 8680 8653
f 8652 8653 8625
f 8653 8681 8682
f 8653 8682 8654
f 8654 8682 8683
f 8654 8683 8655
f 8655 8683 8684
f 8655 8684 8656
f 8656 8684 8685
f 8656 8685 8657
f 8657 8685 8686
f 8657 8686 8658
f 8658 8686 8687
f 8658 8687 8659
f 8659 8687 8688
f 8659 8688 8660
f 8660 8688 8689
f 8660 8689 8661
f 8661 8689 8690
f 8661 8690 8662
f 8662 8690 8691
f 8662 8691 8663
f 8663 8691 8692
f 8663 8692 8664
f 8664 8692 8693
f 8664 8693 8665
f 8665 8693 8694
f 8665 8694 8666
f 8666 8694 8695
f 8666 8695 8667
f 8667 8695 8696
f 8667 8696 8668
f 8668 8696 8697
f 8668 8697 8669
f 8669 8697 8698
f 8669 8698 8670
f 8670 8698 8699
f 8670 8699 8671
f 8671 8699 8700
f 8671 8700 8672
f 8672 8700 8701
f 8672 8701 8673
f 8673 8701 8702
f 8673 8702 8674
f 8674 8702 8703
f 8674 8703 8675
f 8675 8703 8704
f 8675 8704 8676
f 8676 8704 8705
f 8676 8705 8677
f 8677 8705 8706
f 8677 8706 8678
f 8678 8706 8707
f 8678 8707 8679
f 8679 8707 8708
f 8679 8708 8680
f 8680 8708 8681
f 8680 8681 8653
f 8681 8709 8710
f 8681 8710 8682
f 8682 8710 8711
f 8682 8711 8683
f 8683 8711 8712
f 8683 8712 8684
f 8684 8712 8713
f 8684 8713 8685
f 8685 8713 8714
f 8685 8714 8686
f 8686 8714 8715
f 8686 8715 8687
f 8687 8715 8716
f 8687 8716 8688
f 8688 8716 8717
f 8688 8717 8689
f 8689 8717 8718
f 8689 8718 8690
f 8690 8718 8719
f 8690 8719 8691
f 8691 8719 8720
f 8691 8720 8692
f 8692 8720 8721
f 8692 8721 8693
f 8693 8721 8722
f 8693 8722 8694
f 8694 8722 8723
f 8694 8723 8695
f 8695 8723 8724
f 8695 8724 8696
f 8696 8724 8725
f 8696 8725 8697
f 8697 8725 8726
f 8697 8726 8698
f 8698 8726 8727
f 8698 8727 8699
f 8699 8727 8728
f 8699 8728 8700
f 8700 8728 8729
f 8700 8729 8701
f 8701 8729 8730
f 8701 8730 8702
f 8702 8730 8731
f 8702 8731 8703
f 8703 8731 8732
f 8703 8732 8704
f 8704 8732 8733
f 8704 8733 8705
f 8705 8733 8734
f 8705 8734 8706
f 8706 8734 8735
f 8706 8735 8707
f 8707 8735 8736
f 8707 8736 8708
f 8708 8736 8709
f 8708 8709 8681
f 8709 8737 8738
f 8709 8738 8710
f 8710 8738 8739
f 8710 8739 8711
f 8711 8739 8740
f 8711 8740 8712
f 8712 8740 8741
f 8712 8741 8713
f 8713 8741 8742
f 8713 8742 8714
f 8714 8742 8743
f 8714 8743 8715
f 8715 8743 8744
f 8715 8744 8716
f 8716 8744 8745
f 8716 8745 8717
f 8717 8745 8746
f 8717 8746 8718
f 8718 8746 8747
f 8718 8747 8719
f 8719 8747 8748
f 8719 8748 8720
f 8720 8748 8749
f 8720 8749 8721
f 8721 8749 8750
f 8721 8750 8722
f 8722 8750 8751
f 8722 8751 8723
f 8723 8751 8752
f 8723 8752 8724
f 8724 8752 8753
f 8724 8753 8725
f 8725 8753 8754
f 8725 8754 8726
f 8726 8754 8755
f 8726 8755 8727
f 8727 8755 8756
f 8727 8756 8728
f 8728 8756 8757
f 8728 8757 8729
f 8729 8757 8758
f 8729 8758 8730
f 8730 8758 8759
f 8730 8759 8731
f 8731 8759 8760
f 8731 8760 8732
f 8732 8760 8761
f 8732 8761 8733
f 8733 8761 8762
f 8733 8762 8734
f 8734 8762 8763
f 8734 8763 8735
f 8735 8763 8764
f 8735 8764 8736
f 8736 8764 8737
f 8736 8737 8709
f 8737 8765 8766
f 8737 8766 8738
f 8738 8766 8767
f 8738 8767 8739
f 8739 8767 8768
f 8739 8768 8740
f 8740 8768 8769
f 8740 8769 8741
f 8741 8769 8770
f 8741 8770 8742
f 8742 8770 8771
f 8742 8771 8743
f 8743 8771 8772
f 8743 8772 8744
f 8744 8772 8773
f 8744 8773 8745
f 8745 8773 8774
f 8745 8774 8746
f 8746 8774 8775
f 8746 8775 8747
f 8747 8775 8776
f 8747 8776 8748
f 8748 8776 8777
f 8748 8777 8749
f 8749 8777 8778
f 8749 8778 8750
f 8750 8778 8779
f 8750 8779 8751
f 8751 8779 8780
f 8751 8780 8752
f 8752 8780 8781
f 8752 8781 8753
f 8753 8781 8782
f 8753 8782 8754
f 8754 8782 8783
f 8754 8783 8755
f 8755 8783 8784
f 8755 8784 8756
f 8756 8784 8785
f 8756 8785 8757
f 8757 8785 8786
f 8757 8786 8758
f 8758 8786 8787
f 8758 8787 8759
f 8759 8787 8788
f 8759 8788 8760
f 8760 8788 8789
f 8760 8789 8761
f 8761 8789 8790
f 8761 8790 8762
f 8762 8790 8791
f 8762 8791 8763
f 8763 8791 8792
f 8763 8792 8764
f 8764 8792 8765
f 8764 8765 8737
f 8765 8793 8794
f 8765 8794 8766
f 8766 8794 8795
f 8766 8795 8767
f 8767 8795 8796
f 8767 8796 8768
f 8768 8796 8797
f 8768 8797 8769
f 8769 8797 8798
f 8769 8798 8770
f 8770 8798 8799
f 8770 8799 8771
f 8771 8799 8800
f 8771 8800 8772
f 8772 8800 8801
f 8772 8801 8773
f 8773 8801 8802
f 8773 8802 8774
f 8774 8802 8803
f 8774 8803 8775
f 8775 8803 8804
f 8775 8804 8776
f 8776 8804 8805
f 8776 8805 8777
f 8777 8805 8806
f 8777 8806 8778
f 8778 8806 8807
f 8778 8807 8779
f 8779 8807 8808
f 8779 8808 8780
f 8780 8808 8809
f 8780 8809 8781
f 8781 8809 8810
f 8781 8810 8782
f 8782 8810 8811
f 8782 8811 8783
f 8783 8811 8812
f 8783 8812 8784
f 8784 8812 8813
f 8784 8813 8785
f 8785 8813 8814
f 8785 8814 8786
f 8786 8814 8815
f 8786 8815 8787
f 8787 8815 8816
f 8787 8816 8788
f 8788 8816 8817
f 8788 8817 8789
f 8789 8817 8818
f 8789 8818 8790
f 8790 8818 8819
f 8790 8819 8791
f 8791 8819 8820
f 8791 8820 8792
f 8792 8820 8793
f 8792 8793 8765
f 8793 8821 8822
f 8793 8822 8794
f 8794 8822 8823
f 8794 8823 8795
f 8795 8823 8824
f 8795 8824 8796
f 8796 8824 8825
f 8796 8825 8797
f 8797 8825 8826
f 8797 8826 8798
f 8798 8826 8827
f 8798 8827 8799
f 8799 8827 8828
f 8799 8828 8800
f 8800 8828 8829
f 8800 8829 8801
f 8801 8829 8830
f 8801 8830 8802
f 8802 8830 8831
f 8802 8831 8803
f 8803 8831 8832
f 8803 8832 8804
f 8804 8832 8833
f 8804 8833 8805
f 8805 8833 8834
f 8805 8834 8806
f 8806 8834 8835
f 8806 8835 8807
f 8807 8835 8836
f 8807 8836 8808
f 8808 8836 8837
f 8808 8837 8809
f 8809 8837 8838
f 8809 8838 8810
f 8810 8838 8839
f 8810 8839 8811
f 8811 8839 8840
f 8811 8840 8812
f 8812 8840 8841
f 8812 8841 8813
f 8813 8841 8842
f 8813 8842 8814
f 8814 8842 8843
f 8814 8843 8815
f 8815 8843 8844
f 8815 8844 8816
f 8816 8844 8845
f 8816 8845 8817
f 8817 8845 8846
f 8817 8846 8818
f 8818 8846 8847
f 8818 8847 8819
f 8819 8847 8848
f 8819 8848 8820
f 8820 8848 8821
f 8820 8821 8793
f 8821 8849 8850
f 8821 8850 8822
f 8822 8850 8851
f 8822 8851 8823
f 8823 8851 8852
f 8823 8852 8824
f 8824 8852 8853
f 8824 8853 8825
f 8825 8853 8854
f 8825 8854 8826
f 8826 8854 8855
f 8826 8855 8827
f 8827 8855 8856
f 8827 8856 8828
f 8828 8856 8857
f 8828 8857 8829
f 8829 8857 8858
f 8829 8858 8830
f 8830 8858 8859
f 8830 8859 8831
f 8831 8859 8860
f 8831 8860 8832
f 8832 8860 8861
f 8832 8861 8833
f 8833 8861 8862
f 8833 8862 8834
f 8834 8862 8863
f 8834 8863 8835
f 8835 8863 8864
f 8835 8864 8836
f 8836 8864 8865
f 8836 8865 8837
f 8837 8865 8866
f 8837 8866 8838
f 8838 8866 8867
f 8838 8867 8839
f 8839 8867 8868
f 8839 8868 8840
f 8840 8868 8869
f 8840 8869 8841
f 8841 8869 8870
f 8841 8870 8842
f 8842 8870 8871
f 8842 8871 8843
f 8843 8871 8872
f 8843 8872 8844
f 8844 8872 8873
f 8844 8873 8845
f 8845 8873 8874
f 8845 8874 8846
f 8846 8874 8875
f 8846 8875 8847
f 8847 8875 8876
f 8847 8876 8848
f 8848 8876 8849
f 8848 8849 8821
f 8849 8877 8878
f 8849 8878 8850
f 8850 8878 8879
f 8850 8879 8851
f 8851 8879 8880
f 8851 8880 8852
f 8852 8880 8881
f 8852 8881 8853
f 8853 8881 8882
f 8853 8882 8854
f 8854 8882 8883
f 8854 8883 8855
f 8855 8883 8884
f 8855 8884 8856
f 8856 8884 8885
f 8856 8885 8857
f 8857 8885 8886
f 8857 8886 8858
f 8858 8886 8887
f 8858 8887 8859
f 8859 8887 8888
f 8859 8888 8860
f 8860 8888 8889
f 8860 8889 8861
f 8861 8889 8890
f 8861 8890 8862
f 8862 8890 8891
f 8862 8891 8863
f 8863 8891 8892
f 8863 8892 8864
f 8864 8892 8893
f 8864 8893 8865
f 8865 8893 8894
f 8865 8894 8866
f 8866 8894 8895
f 8866 8895 8867
f 8867 8895 8896
f 8867 8896 8868
f 8868 8896 8897
f 8868 8897 8869
f 8869 8897 8898
f 8869 8898 8870
f 8870 8898 8899
f 8870 8899 8871
f 8871 8899 8900
f 8871 8900 8872
f 8872 8900 8901
f 8872 8901 8873
f 8873 8901 8902
f 8873 8902 8874
f 8874 8902 8903
f 8874 8903 8875
f 8875 8903 8904
f 8875 8904 8876
f 8876 8904 8877
f 8876 8877 8849
f 8877 8905 8906
f 8877 8906 8878
f 8878 8906 8907
f 8878 8907 8879
f 8879 8907 8908
f 8879 8908 8880
f 8880 8908 8909
f 8880 8909 8881
f 8881 8909 8910
f 8881 8910 8882
f 8882 8910 8911
f 8882 8911 8883
f 8883 8911 8912
f 8883 8912 8884
f 8884 8912 8913
f 8884 8913 8885
f 8885 8913 8914
f 8885 8914 8886
f 8886 8914 8915
f 8886 8915 8887
f 8887 8915 8916
f 8887 8916 8888
f 8888 8916 8917
f 8888 8917 8889
f 8889 8917 8918
f 8889 8918 8890
f 8890 8918 8919
f 8890 8919 8891
f 8891 8919 8920
f 8891 8920 8892
f 8892 8920 8921
f 8892 8921 8893
f 8893 8921 8922
f 8893 8922 8894
f 8894 8922 8923
f 8894 8923 8895
f 8895 8923 8924
f 8895 8924 8896
f 8896 8924 8925
f 8896 8925 8897
f 8897 8925 8926
f 8897 8926 8898
f 8898 8926 8927
f 8898 8927 8899
f 8899 8927 8928
f 8899 8928 8900
f 8900 8928 8929
f 8900 8929 8901
f 8901 8929 8930
f 8901 8930 8902
f 8902 8930 8931
f 8902 8931 8903
f 8903 8931 8932
f 8903 8932 8904
f 8904 8932 8905
f 8904 8905 8877
f 8905 8933 8934
f 8905 8934 8906
f 8906 8934 8935
f 8906 8935 8907
f 8907 8935 8936
f 8907 8936 8908
f 8908 8936 8937
f 8908 8937 8909
f 8909 8937 8938
f 8909 8938 8910
f 8910 8938 8939
f 8910 8939 8911
f 8911 8939 8940
f 8911 8940 8912
f 8912 8940 8941
f 8912 8941 8913
f 8913 8941 8942
f 8913 8942 8914
f 8914 8942 8943
f 8914 8943 8915
f 8915 8943 8944
f 8915 8944 8916
f 8916 8944 8945
f 8916 8945 8917
f 8917 8945 8946
f 8917 8946 8918
f 8918 8946 8947
f 8918 8947 8919
f 8919 8947 8948
f 8919 8948 8920
f 8920 8948 8949
f 8920 8949 8921
f 8921 8949 8950
f 8921 8950 8922
f 8922 8950 8951
f 8922 8951 8923
f 8923 8951 8952
f 8923 8952 8924
f 8924 8952 8953
f 8924 8953 8925
f 8925 8953 8954
f 8925 8954 8926
f 8926 8954 8955
f 8926 8955 8927
f 8927 8955 8956
f 8927 8956 8928
f 8928 8956 8957
f 8928 8957 8929
f 8929 8957 8958
f 8929 8958 8930
f 8930 8958 8959
f 8930 8959 8931
f 8931 8959 8960
f 8931 8960 8932
f 8932 8960 8933
f 8932 8933 8905
f 8933 8961 8962
f 8933 8962 8934
f 8934 8962 8963
f 8934 8963 8935
f 8935 8963 8964
f 8935 8964 8936
f 8936 8964 8965
f 8936 8965 8937
f 8937 8965 8966
f 8937 8966 8938
f 8938 8966 8967
f 8938 8967 8939
f 8939 8967 8968
f 8939 8968 8940
f 8940 8968 8969
f 8940 8969 8941
f 8941 8969 8970
f 8941 8970 8942
f 8942 8970 8971
f 8942 8971 8943
f 8943 8971 8972
f 8943 8972 8944
f 8944 8972 8973
f 8944 8973 8945
f 8945 8973 8974
f 8945 8974 8946
f 8946 8974 8975
f 8946 8975 8947
f 8947 8975 8976
f 8947 8976 8948
f 8948 8976 8977
f 8948 8977 8949
f 8949 8977 8978
f 8949 8978 8950
f 8950 8978 8979
f 8950 8979 8951
f 8951 8979 8980
f 8951 8980 8952
f 8952 8980 8981
f 8952 8981 8953
f 8953 8981 8982
f 8953 8982 8954
f 8954 8982 8983
f 8954 8983 8955
f 8955 8983 8984
f 8955 8984 8956
f 8956 8984 8985
f 8956 8985 8957
f 8957 8985 8986
f 8957 8986 8958
f 8958 8986 8987
f 8958 8987 8959
f 8959 8987 8988
f 8959 8988 8960
f 8960 8988 8961
f 8960 8961 8933
f 8961 8989 8990
f 8961 8990 8962
f 8962 8990 8991
f 8962 8991 8963
f 8963 8991 8992
f 8963 8992 8964
f 8964 8992 8993
f 8964 8993 8965
f 8965 8993 8994
f 8965 8994 8966
f 8966 8994 8995
f 8966 8995 8967
f 8967 8995 8996
f 8967 8996 8968
f 8968 8996 8997
f 8968 8997 8969
f 8969 8997 8998
f 8969 8998 8970
f 8970 8998 8999
f 8970 8999 8971
f 8971 8999 9000
f 8971 9000 8972
f 8972 9000 9001
f 8972 9001 8973
f 8973 9001 9002
f 8973 9002 8974
f 8974 9002 9003
f 8974 9003 8975
f 8975 9003 9004
f 8975 9004 8976
f 8976 9004 9005
f 8976 9005 8977
f 8977 9005 9006
f 8977 9006 8978
f 8978 9006 9007
f 8978 9007 8979
f 8979 9007 9008
f 8979 9008 8980
f 8980 9008 9009
f 8980 9009 8981
f 8981 9009 9010
f 8981 9010 8982
f 8982 9010 9011
f 8982 9011 8983
f 8983 9011 9012
f 8983 9012 8984
f 8984 9012 9013
f 8984 9013 8985
f 8985 9013 9014
f 8985 9014 8986
f 8986 9014 9015
f 8986 9015 8987
f 8987 9015 9016
f 8987 9016 8988
f 8988 9016 8989
f 8988 8989 8961
f 8989 9017 9018
f 8989 9018 8990
f 8990 9018 9019
f 8990 9019 8991
f 8991 9019 9020
f 8991 9020 8992
f 8992 9020 9021
f 8992 9021 8993
f 8993 9021 9022
f 8993 9022 8994
f 8994 9022 9023
f 8994 9023 8995
f 8995 9023 9024
f 8995 9024 8996
f 8996 9024 9025
f 8996 9025 8997
f 8997 9025 9026
f 8997 9026 8998
f 8998 9026 9027
f 8998 9027 8999
f 8999 9027 9028
f 8999 9028 9000
f 9000 9028 9029
f 9000 9029 9001
f 9001 9029 9030
f 9001 9030 9002
f 9002 9030 9031
f 9002 9031 9003
f 9003 9031 9032
f 9003 9032 9004
f 9004 9032 9033
f 9004 9033 9005
f 9005 9033 9034
f 9005 9034 9006
f 9006 9034 9035
f 9006 9035 9007
f 9007 9035 9036
f 9007 9036 9008
f 9008 9036 9037
f 9008 9037 9009
f 9009 9037 9038
f 9009 9038 9010
f 9010 9038 9039
f 9010 9039 9011
f 9011 9039 9040
f 9011 9040 9012
f 9012 9040 9041
f 9012 9041 9013
f 9013 9041 9042
f 9013 9042 9014
f 9014 9042 9043
f 9014 9043 9015
f 9015 9043 9044
f 9015 9044 9016
f 9016 9044 9017
f 9016 9017 8989
f 9017 9045 9046
f 9017 9046 9018
f 9018 9046 9047
f 9018 9047 9019
f 9019 9047 9048
f 9019 9048 9020
f 9020 9048 9049
f 9020 9049 9021
f 9021 9049 9050
f 9021 9050 9022
f 9022 9050 9051
f 9022 9051 9023
f 9023 9051 9052
f 9023 9052 9024
f 9024 9052 9053
f 9024 9053 9025
f 9025 9053 9054
f 9025 9054 9026
f 9026 9054 9055
f 9026 9055 9027
f 9027 9055 9056
f 9027 9056 9028
f 9028 9056 9057
f 9028 9057 9029
f 9029 9057 9058
f 9029 9058 9030
f 9030 9058 9059
f 9030 9059 9031
f 9031 9059 9060
f 9031 9060 9032
f 9032 9060 9061
f 9032 9061 9033
f 9033 9061 9062
f 9033 9062 9034
f 9034 9062 9063
f 9034 9063 9035
f 9035 9063 9064
f 9035 9064 9036
f 9036 9064 9065
f 9036 9065 9037
f 9037 9065 9066
f 9037 9066 9038
f 9038 9066 9067
f 9038 9067 9039
f 9039 9067 9068
f 9039 9068 9040
f 9040 9068 9069
f 9040 9069 9041
f 9041 9069 9070
f 9041 9070 9042
f 9042 9070 9071
f 9042 9071 9043
f 9043 9071 9072
f 9043 9072 9044
f 9044 9072 9045
f 9044 9045 9017
f 9045 9073 9074
f 9045 9074 9046
f 9046 9074 9075
f 9046 9075 9047
f 9047 9075 9076
f 9047 9076 9048
f 9048 9076 9077
f 9048 9077 9049
f 9049 9077 9078
f 9049 9078 9050
f 9050 9078 9079
f 9050 9079 9051
f 9051 9079 9080
f 9051 9080 9052
f 9052 9080 9081
f 9052 9081 9053
f 9053 9081 9082
f 9053 9082 9054
f 9054 9082 9083
f 9054 9083 9055
f 9055 9083 9084
f 9055 9084 9056
f 9056 9084 9085
f 9056 9085 9057
f 9057 9085 9086
f 9057 9086 9058
f 9058 9086 9087
f 9058 9087 9059
f 9059 9087 9088
f 9059 9088 9060
f 9060 9088 9089
f 9060 9089 9061
f 9061 9089 9090
f 9061 9090 9062
f 9062 9090 9091
f 9062 9091 9063
f 9063 9091 9092
f 9063 9092 9064
f 9064 9092 9093
f 9064 9093 9065
f 9065 9093 9094
f 9065 9094 9066
f 9066 9094 9095
f 9066 9095 9067
f 9067 9095 9096
f 9067 9096 9068
f 9068 9096 9097
f 9068 9097 9069
f 9069 9097 9098
f 9069 9098 9070
f 9070 9098 9099
f 9070 9099 9071
f 9071 9099 9100
f 9071 9100 9072
f 9072 9100 9073
f 9072 9073 9045
f 9073 9101 9102
f 9073 9102 9074
f 9074 9102 9103
f 9074 9103 9075
f 9075 9103 9104
f 9075 9104 9076
f 9076 9104 9105
f 9076 9105 9077
f 9077 9105 9106
f 9077 9106 9078
f 9078 9106 9107
f 9078 9107 9079
f 9079 9107 9108
f 9079 9108 9080
f 9080 9108 9109
f 9080 9109 9081
f 9081 9109 9110
f 9081 9110 9082
f 9082 9110 9111
f 9082 9111 9083
f 9083 9111 9112
f 9083 9112 9084
f 9084 9112 9113
f 9084 9113 9085
f 9085 9113 9114
f 9085 9114 9086
f 9086 9114 9115
f 9086 9115 9087
f 9087 9115 9116
f 9087 9116 9088
f 9088 9116 9117
f 9088 9117 9089
f 9089 9117 9118
f 9089 9118 9090
f 9090 9118 9119
f 9090 9119 9091
f 9091 9119 9120
f 9091 9120 9092
f 9092 9120 9121
f 9092 9121 9093
f 9093 9121 9122
f 9093 9122 9094
f 9094 9122 9123
f 9094 9123 9095
f 9095 9123 9124
f 9095 9124 9096
f 9096 9124 9125
f 9096 9125 9097
f 9097 9125 9126
f 9097 9126 9098
f 9098 9126 9127
f 9098 9127 9099
f 9099 9127 9128
f 9099 9128 9100
f 9100 9128 9101
f 9100 9101 9073
f 9101 9129 9130
f 9101 9130 9102
f 9102 9130 9131
f 9102 9131 9103
f 9103 9131 9132
f 9103 9132 9104
f 9104 9132 9133
f 9104 9133 9105
f 9105 9133 9134
f 9105 9134 9106
f 9106 9134 9135
f 9106 9135 9107
f 9107 9135 9136
f 9107 9136 9108
f 9108 9136 9137
f 9108 9137 9109
f 9109 9137 9138
f 9109 9138 9110
f 9110 9138 9139
f 9110 9139 9111
f 9111 9139 9140
f 9111 9140 9112
f 9112 9140 9141
f 9112 9141 9113
f 9113 9141 9142
f 9113 9142 9114
f 9114 9142 9143
f 9114 9143 9115
f 9115 9143 9144
f 9115 9144 9116
f 9116 9144 9145
f 9116 9145 9117
f 9117 9145 9146
f 9117 9146 9118
f 9118 9146 9147
f 9118 9147 9119
f 9119 9147 9148
f 9119 9148 9120
f 9120 9148 9149
f 9120 9149 9121
f 9121 9149 9150
f 9121 9150 9122
f 9122 9150 9151
f 9122 9151 9123
f 9123 9151 9152
f 9123 9152 9124
f 9124 9152 9153
f 9124 9153 9125
f 9125 9153 9154
f 9125 9154 9126
f 9126 9154 9155
f 9126 9155 9127
f 9127 9155 9156
f 9127 9156 9128
f 9128 9156 9129
f 9128 9129 9101
f 9129 9157 9158
f 9129 9158 9130
f 9130 9158 9159
f 9130 9159 9131
f 9131 9159 9160
f 9131 9160 9132
f 9132 9160 9161
f 9132 9161 9133
f 9133 9161 9162
f 9133 9162 9134
f 9134 9162 9163
f 9134 9163 9135
f 9135 9163 9164
f 9135 9164 9136
f 9136 9164 9165
f 9136 9165 9137
f 9137 9165 9166
f 9137 9166 9138
f 9138 9166 9167
f 9138 9167 9139
f 9139 9167 9168
f 9139 9168 9140
f 9140 9168 9169
f 9140 9169 9141
f 9141 9169 9170
f 9141 9170 9142
f 9142 9170 9171
f 9142 9171 9143
f 9143 9171 9172
f 9143 9172 9144
f 9144 9172 9173
f 9144 9173 9145
f 9145 9173 9174
f 9145 9174 9146
f 9146 9174 9175
f 9146 9175 9147
f 9147 9175 9176
f 9147 9176 9148
f 9148 9176 9177
f 9148 9177 9149
f 9149 9177 9178
f 9149 9178 9150
f 9150 9178 9179
f 9150 9179 9151
f 9151 9179 9180
f 9151 9180 9152
f 9152 9180 9181
f 9152 9181 9153
f 9153 9181 9182
f 9153 9182 9154
f 9154 9182 9183
f 9154 9183 9155
f 9155 9183 9184
f 9155 9184 9156
f 9156 9184 9157
f 9156 9157 9129
f 9157 9185 9186
f 9157 9186 9158
f 9158 9186 9187
f 9158 9187 9159
f 9159 9187 9188
f 9159 9188 9160
f 9160 9188 9189
f 9160 9189 9161
f 9161 9189 9190
f 9161 9190 9162
f 9162 9190 9191
f 9162 9191 9163
f 9163 9191 9192
f 9163 9192 9164
f 9164 9192 9193
f 9164 9193 9165
f 9165 9193 9194
f 9165 9194 9166
f 9166 9194 9195
f 9166 9195 9167
f 9167 9195 9196
f 9167 9196 9168
f 9168 9196 9197
f 9168 9197 9169
f 9169 9197 9198
f 9169 9198 9170
f 9170 9198 9199
f 9170 9199 9171
f 9171 9199 9200
f 9171 9200 9172
f 9172 9200 9201
f 9172 9201 9173
f 9173 9201 9202
f 9173 9202 9174
f 9174 9202 9203
f 9174 9203 9175
f 9175 9203 9204
f 9175 9204 9176
f 9176 9204 9205
f 9176 9205 9177
f 9177 9205 9206
f 9177 9206 9178
f 9178 9206 9207
f 9178 9207 9179
f 9179 9207 9208
f 9179 9208 9180
f 9180 9208 9209
f 9180 9209 9181
f 9181 9209 9210
f 9181 9210 9182
f 9182 9210 9211
f 9182 9211 9183
f 9183 9211 9212
f 9183 9212 9184
f 9184 9212 9185
f 9184 9185 9157
f 9185 9213 9214
f 9185 9214 9186
f 9186 9214 9215
f 9186 9215 9187
f 9187 9215 9216
f 9187 9216 9188
f 9188 9216 9217
f 9188 9217 9189
f 9189 9217 9218
f 9189 9218 9190
f 9190 9218 9219
f 9190 9219 9191
f 9191 9219 9220
f 9191 9220 9192
f 9192 9220 9221
f 9192 9221 9193
f 9193 9221 9222
f 9193 9222 9194
f 9194 9222 9223
f 9194 9223 9195
f 9195 9223 9224
f 9195 9224 9196
f 9196 9224 9225
f 9196 9225 9197
f 9197 9225 9226
f 9197 9226 9198
f 9198 9226 9227
f 9198 9227 9199
f 9199 9227 9228
f 9199 9228 9200
f 9200 9228 9229
f 9200 9229 9201
f 9201 9229 9230
f 9201 9230 9202
f 9202 9230 9231
f 9202 9231 9203
f 9203 9231 9232
f 9203 9232 9204
f 9204 9232 9233
f 9204 9233 9205
f 9205 9233 9234
f 9205 9234 9206
f 9206 9234 9235
f 9206 9235 9207
f 9207 9235 9236
f 9207 9236 9208
f 9208 9236 9237
f 9208 9237 9209
f 9209 9237 9238
f 9209 9238 9210
f 9210 9238 9239
f 9210 9239 9211
f 9211 9239 9240
f 9211 9240 9212
f 9212 9240 9213
f 9212 9213 9185
f 9213 9241 9242
f 9213 9242 9214
f 9214 9242 9243
f 9214 9243 9215
f 9215 9243 9244
f 9215 9244 9216
f 9216 9244 9245
f 9216 9245 9217
f 9217 9245 9246
f 9217 9246 9218
f 9218 9246 9247
f 9218 9247 9219
f 9219 9247 9248
f 9219 9248 9220
f 9220 9248 9249
f 9220 9249 9221
f 9221 9249 9250
f 9221 9250 9222
f 9222 9250 9251
f 9222 9251 9223
f 9223 9251 9252
f 9223 9252 9224
f 9224 9252 9253
f 9224 9253 9225
f 9225 9253 9254
f 9225 9254 9226
f 9226 9254 9255
f 9226 9255 9227
f 9227 9255 9256
f 9227 9256 9228
f 9228 9256 9257
f 9228 9257 9229
f 9229 9257 9258
f 9229 9258 9230
f 9230 9258 9259
f 9230 9259 9231
f 9231 9259 9260
f 9231 9260 9232
f 9232 9260 9261
f 9232 9261 9233
f 9233 9261 9262
f 9233 9262 9234
f 9234 9262 9263
f 9234 9263 9235
f 9235 9263 9264
f 9235 9264 9236
f 9236 9264 9265
f 9236 9265 9237
f 9237 9265 9266
f 9237 9266 9238
f 9238 9266 9267
f 9238 9267 9239
f 9239 9267 9268
f 9239 9268 9240
f 9240 9268 9241
f 9240 9241 9213
f 9241 9269 9270
f 9241 9270 9242
f 9242 9270 9271
f 9242 9271 9243
f 9243 9271 9272
f 9243 9272 9244
f 9244 9272 9273
f 9244 9273 9245
f 9245 9273 9274
f 9245 9274 9246
f 9246 9274 9275
f 9246 9275 9247
f 9247 9275 9276
f 9247 9276 9248
f 9248 9276 9277
f 9248 9277 9249
f 9249 9277 9278
f 9249 9278 9250
f 9250 9278 9279
f 9250 9279 9251
f 9251 9279 9280
f 9251 9280 9252
f 9252 9280 9281
f 9252 9281 9253
f 9253 9281 9282
f 9253 9282 9254
f 9254 9282 9283
f 9254 9283 9255
f 9255 9283 9284
f 9255 9284 9256
f 9256 9284 9285
f 9256 9285 9257
f 9257 9285 9286
f 9257 9286 9258
f 9258 9286 9287
f 9258 9287 9259
f 9259 9287 9288
f 9259 9288 9260
f 9260 9288 9289
f 9260 9289 9261
f 9261 9289 9290
f 9261 9290 9262
f 9262 9290 9291
f 9262 9291 9263
f 9263 9291 9292
f 9263 9292 9264
f 9264 9292 9293
f 9264 9293 9265
f 9265 9293 9294
f 9265 9294 9266
f 9266 9294 9295
f 9266 9295 9267
f 9267 9295 9296
f 9267 9296 9268
f 9268 9296 9269
f 9268 9269 9241
f 9269 9297 9298
f 9269 9298 9270
f 9270 9298 9299
f 9270 9299 9271
f 9271 9299 9300
f 9271 9300 9272
f 9272 9300 9301
f 9272 9301 9273
f 9273 9301 9302
f 9273 9302 9274
f 9274 9302 9303
f 9274 9303 9275
f 9275 9303 9304
f 9275 9304 9276
f 9276 9304 9305
f 9276 9305 9277
f 9277 9305 9306
f 9277 9306 9278
f 9278 9306 9307
f 9278 9307 9279
f 9279 9307 9308
f 9279 9308 9280
f 9280 9308 9309
f 9280 9309 9281
f 9281 9309 9310
f 9281 9310 9282
f 9282 9310 9311
f 9282 9311 9283
f 9283 9311 9312
f 9283 9312 9284
f 9284 9312 9313
f 9284 9313 9285
f 9285 9313 9314
f 9285 9314 9286
f 9286 9314 9315
f 9286 9315 9287
f 9287 9315 9316
f 9287 9316 9288
f 9288 9316 9317
f 9288 9317 9289
f 9289 9317 9318
f 9289 9318 9290
f 9290 9318 9319
f 9290 9319 9291
f 9291 9319 9320
f 9291 9320 9292
f 9292 9320 9321
f 9292 9321 9293
f 9293 9321 9322
f 9293 9322 9294
f 9294 9322 9323
f 9294 9323 9295
f 9295 9323 9324
f 9295 9324 9296
f 9296 9324 9297
f 9296 9297 9269
f 9297 9325 9326
f 9297 9326 9298
f 9298 9326 9327
f 9298 9327 9299
f 9299 9327 9328
f 9299 9328 9300
f 9300 9328 9329
f 9300 9329 9301
f 9301 9329 9330
f 9301 9330 9302
f 9302 9330 9331
f 9302 9331 9303
f 9303 9331 9332
f 9303 9332 9304
f 9304 9332 9333
f 9304 9333 9305
f 9305 9333 9334
f 9305 9334 9306
f 9306 9334 9335
f 9306 9335 9307
f 9307 9335 9336
f 9307 9336 9308
f 9308 9336 9337
f 9308 9337 9309
f 9309 9337 9338
f 9309 9338 9310
f 9310 9338 9339
f 9310 9339 9311
f 9311 9339 9340
f 9311 9340 9312
f 9312 9340 9341
f 9312 9341 9313
f 9313 9341 9342
f 9313 9342 9314
f 9314 9342 9343
f 9314 9343 9315
f 9315 9343 9344
f 9315 9344 9316
f 9316 9344 9345
f 9316 9345 9317
f 9317 9345 9346
f 9317 9346 9318
f 9318 9346 9347
f 9318 9347 9319
f 9319 9347 9348
f 9319 9348 9320
f 9320 9348 9349
f 9320 9349 9321
f 9321 9349 9350
f 9321 9350 9322
f 9322 9350 9351
f 9322 9351 9323
f 9323 9351 9352
f 9323 9352 9324
f 9324 9352 9325
f 9324 9325 9297
f 9325 9353 9354
f 9325 9354 9326
f 9326 9354 9355
f 9326 9355 9327
f 9327 9355 9356
f 9327 9356 9328
f 9328 9356 9357
f 9328 9357 9329
f 9329 9357 9358
f 9329 9358 9330
f 9330 9358 9359
f 9330 9359 9331
f 9331 9359 9360
f 9331 9360 9332
f 9332 9360 9361
f 9332 9361 9333
f 9333 9361 9362
f 9333 9362 9334
f 9334 9362 9363
f 9334 9363 9335
f 9335 9363 9364
f 9335 9364 9336
f 9336 9364 9365
f 9336 9365 9337
f 9337 9365 9366
f 9337 9366 9338
f 9338 9366 9367
f 9338 9367 9339
f 9339 9367 9368
f 9339 9368 9340
f 9340 9368 9369
f 9340 9369 9341
f 9341 9369 9370
f 9341 9370 9342
f 9342 9370 9371
f 9342 9371 9343
f 9343 9371 9372
f 9343 9372 9344
f 9344 9372 9373
f 9344 9373 9345
f 9345 9373 9374
f 9345 9374 9346
f 9346 9374 9375
f 9346 9375 9347
f 9347 9375 9376
f 9347 9376 9348
f 9348 9376 9377
f 9348 9377 9349
f 9349 9377 9378
f 9349 9378 9350
f 9350 9378 9379
f 9350 9379 9351
f 9351 9379 9380
f 9351 9380 9352
f 9352 9380 9353
f 9352 9353 9325
f 9353 9381 9382
f 9353 9382 9354
f 9354 9382 9383
f 9354 9383 9355
f 9355 9383 9384
f 9355 9384 9356
f 9356 9384 9385
f 9356 9385 9357
f 9357 9385 9386
f 9357 9386 9358
f 9358 9386 9387
f 9358 9387 9359
f 9359 9387 9388
f 9359 9388 9360
f 9360 9388 9389
f 9360 9389 9361
f 9361 9389 9390
f 9361 9390 9362
f 9362 9390 9391
f 9362 9391 9363
f 9363 9391 9392
f 9363 9392 9364
f 9364 9392 9393
f 9364 9393 9365
f 9365 9393 9394
f 9365 9394 9366
f 9366 9394 9395
f 9366 9395 9367
f 9367 9395 9396
f 9367 9396 9368
f 9368 9396 9397
f 9368 9397 9369
f 9369 9397 9398
f 9369 9398 9370
f 9370 9398 9399
f 9370 9399 9371
f 9371 9399 9400
f 9371 9400 9372
f 9372 9400 9401
f 9372 9401 9373
f 9373 9401 9402
f 9373 9402 9374
f 9374 9402 9403
f 9374 9403 9375
f 9375 9403 9404
f 9375 9404 9376
f 9376 9404 9405
f 9376 9405 9377
f 9377 9405 9406
f 9377 9406 9378
f 9378 9406 9407
f 9378 9407 9379
f 9379 9407 9408
f 9379 9408 9380
f 9380 9408 9381
f 9380 9381 9353
f 9381 9409 9410
f 9381 9410 9382
f 9382 9410 9411
f 9382 9411 9383
f 9383 9411 9412
f 9383 9412 9384
f 9384 9412 9413
f 9384 9413 9385
f 9385 9413 9414
f 9385 9414 9386
f 9386 9414 9415
f 9386 9415 9387
f 9387 9415 9416
f 9387 9416 9388
f 9388 9416 9417
f 9388 9417 9389
f 9389 9417 9418
f 9389 9418 9390
f 9390 9418 9419
f 9390 9419 9391
f 9391 9419 9420
f 9391 9420 9392
f 9392 9420 9421
f 9392 9421 9393
f 9393 9421 9422
f 9393 9422 9394
f 9394 9422 9423
f 9394 9423 9395
f 9395 9423 9424
f 9395 9424 9396
f 9396 9424 9425
f 9396 9425 9397
f 9397 9425 9426
f 9397 9426 9398
f 9398 9426 9427
f 9398 9427 9399
f 9399 9427 9428
f 9399 9428 9400
f 9400 9428 9429
f 9400 9429 9401
f 9401 9429 9430
f 9401 9430 9402
f 9402 9430 9431
f 9402 9431 9403
f 9403 9431 9432
f 9403 9432 9404
f 9404 9432 9433
f 9404 9433 9405
f 9405 9433 9434
f 9405 9434 9406
f 9406 9434 9435
f 9406 9435 9407
f 9407 9435 9436
f 9407 9436 9408
f 9408 9436 9409
f 9408 9409 9381
f 9409 9437 9438
f 9409 9438 9410
f 9410 9438 9439
f 9410 9439 9411
f 9411 9439 9440
f 9411 9440 9412
f 9412 9440 9441
f 9412 9441 9413
f 9413 9441 9442
f 9413 9442 9414
f 9414 9442 9443
f 9414 9443 9415
f 9415 9443 9444
f 9415 9444 9416
f 9416 9444 9445
f 9416 9445 9417
f 9417 9445 9446
f 9417 9446 9418
f 9418 9446 9447
f 9418 9447 9419
f 9419 9447 9448
f 9419 9448 9420
f 9420 9448 9449
f 9420 9449 9421
f 9421 9449 9450
f 9421 9450 9422
f 9422 9450 9451
f 9422 9451 9423
f 9423 9451 9452
f 9423 9452 9424
f 9424 9452 9453
f 9424 9453 9425
f 9425 9453 9454
f 9425 9454 9426
f 9426 9454 9455
f 9426 9455 9427
f 9427 9455 9456
f 9427 9456 9428
f 9428 9456 9457
f 9428 9457 9429
f 9429 9457 9458
f 9429 9458 9430
f 9430 9458 9459
f 9430 9459 9431
f 9431 9459 9460
f 9431 9460 9432
f 9432 9460 9461
f 9432 9461 9433
f 9433 9461 9462
f 9433 9462 9434
f 9434 9462 9463
f 9434 9463 9435
f 9435 9463 9464
f 9435 9464 9436
f 9436 9464 9437
f 9436 9437 9409
f 9437 9465 9466
f 9437 9466 9438
f 9438 9466 9467
f 9438 9467 9439
f 9439 9467 9468
f 9439 9468 9440
f 9440 9468 9469
f 9440 9469 9441
f 9441 9469 9470
f 9441 9470 9442
f 9442 9470 9471
f 9442 9471 9443
f 9443 9471 9472
f 9443 9472 9444
f 9444 9472 9473
f 9444 9473 9445
f 9445 9473 9474
f 9445 9474 9446
f 9446 9474 9475
f 9446 9475 9447
f 9447 9475 9476
f 9447 9476 9448
f 9448 9476 9477
f 9448 9477 9449
f 9449 9477 9478
f 9449 9478 9450
f 9450 9478 9479
f 9450 9479 9451
f 9451 9479 9480
f 9451 9480 9452
f 9452 9480 9481
f 9452 9481 9453
f 9453 9481 9482
f 9453 9482 9454
f 9454 9482 9483
f 9454 9483 9455
f 9455 9483 9484
f 9455 9484 9456
f 9456 9484 9485
f 9456 9485 9457
f 9457 9485 9486
f 9457 9486 9458
f 9458 9486 9487
f 9458 9487 9459
f 9459 9487 9488
f 9459 9488 9460
f 9460 9488 9489
f 9460 9489 9461
f 9461 9489 9490
f 9461 9490 9462
f 9462 9490 9491
f 9462 9491 9463
f 9463 9491 9492
f 9463 9492 9464
f 9464 9492 9465
f 9464 9465 9437
f 9465 9493 9494
f 9465 9494 9466
f 9466 9494 9495
f 9466 9495 9467
f 9467 9495 9496
f 9467 9496 9468
f 9468 9496 9497
f 9468 9497 9469
f 9469 9497 9498
f 9469 9498 9470
f 9470 9498 9499
f 9470 9499 9471
f 9471 9499 9500
f 9471 9500 9472
f 9472 9500 9501
f 9472 9501 9473
f 9473 9501 9502
f 9473 9502 9474
f 9474 9502 9503
f 9474 9503 9475
f 9475 9503 9504
f 9475 9504 9476
f 9476 9504 9505
f 9476 9505 9477
f 9477 9505 9506
f 9477 9506 9478
f 9478 9506 9507
f 9478 9507 9479
f 9479 9507 9508
f 9479 9508 9480
f 9480 9508 9509
f 9480 9509 9481
f 9481 9509 9510
f 9481 9510 9482
f 9482 9510 9511
f 9482 9511 9483
f 9483 9511 9512
f 9483 9512 9484
f 9484 9512 9513
f 9484 9513 9485
f 9485 9513 9514
f 9485 9514 9486
f 9486 9514 9515
f 9486 9515 9487
f 9487 9515 9516
f 9487 9516 9488
f 9488 9516 9517
f 9488 9517 9489
f 9489 9517 9518
f 9489 9518 9490
f 9490 9518 9519
f 9490 9519 9491
f 9491 9519 9520
f 9491 9520 9492
f 9492 9520 9493
f 9492 9493 9465
f 9493 9521 9522
f 9493 9522 9494
f 9494 9522 9523
f 9494 9523 9495
f 9495 9523 9524
f 9495 9524 9496
f 9496 9524 9525
f 9496 9525 9497
f 9497 9525 9526
f 9497 9526 9498
f 9498 9526 9527
f 9498 9527 9499
f 9499 9527 9528
f 9499 9528 9500
f 9500 9528 9529
f 9500 9529 9501
f 9501 9529 9530
f 9501 9530 9502
f 9502 9530 9531
f 9502 9531 9503
f 9503 9531 9532
f 9503 9532 9504
f 9504 9532 9533
f 9504 9533 9505
f 9505 9533 9534
f 9505 9534 9506
f 9506 9534 9535
f 9506 9535 9507
f 9507 9535 9536
f 9507 9536 9508
f 9508 9536 9537
f 9508 9537 9509
f 9509 9537 9538
f 9509 9538 9510
f 9510 9538 9539
f 9510 9539 9511
f 9511 9539 9540
f 9511 9540 9512
f 9512 9540 9541
f 9512 9541 9513
f 9513 9541 9542
f 9513 9542 9514
f 9514 9542 9543
f 9514 9543 9515
f 9515 9543 9544
f 9515 9544 9516
f 9516 9544 9545
f 9516 9545 9517
f 9517 9545 9546
f 9517 9546 9518
f 9518 9546 9547
f 9518 9547 9519
f 9519 9547 9548
f 9519 9548 9520
f 9520 9548 9521
f 9520 9521 9493
f 9521 9549 9550
f 9521 9550 9522
f 9522 9550 9551
f 9522 9551 9523
f 9523 9551 9552
f 9523 9552 9524
f 9524 9552 9553
f 9524 9553 9525
f 9525 9553 9554
f 9525 9554 9526
f 9526 9554 9555
f 9526 9555 9527
f 9527 9555 9556
f 9527 9556 9528
f 9528 9556 9557
f 9528 9557 9529
f 9529 9557 9558
f 9529 9558 9530
f 9530 9558 9559
f 9530 9559 9531
f 9531 9559 9560
f 9531 9560 9532
f 9532 9560 9561
f 9532 9561 9533
f 9533 9561 9562
f 9533 9562 9534
f 9534 9562 9563
f 9534 9563 9535
f 9535 9563 9564
f 9535 9564 9536
f 9536 9564 9565
f 9536 9565 9537
f 9537 9565 9566
f 9537 9566 9538
f 9538 9566 9567
f 9538 9567 9539
f 9539 9567 9568
f 9539 9568 9540
f 9540 9568 9569
f 9540 9569 9541
f 9541 9569 9570
f 9541 9570 9542
f 9542 9570 9571
f 9542 9571 9543
f 9543 9571 9572
f 9543 9572 9544
f 9544 9572 9573
f 9544 9573 9545
f 9545 9573 9574
f 9545 9574 9546
f 9546 9574 9575
f 9546 9575 9547
f 9547 9575 9576
f 9547 9576 9548
f 9548 9576 9549
f 9548 9549 9521
f 9549 9577 9578
f 9549 9578 9550
f 9550 9578 9579
f 9550 9579 9551
f 9551 9579 9580
f 9551 9580 9552
f 9552 9580 9581
f 9552 9581 9553
f 9553 9581 9582
f 9553 9582 9554
f 9554 9582 9583
f 9554 9583 9555
f 9555 9583 9584
f 9555 9584 9556
f 9556 9584 9585
f 9556 9585 9557
f 9557 9585 9586
f 9557 9586 9558
f 9558 9586 9587
f 9558 9587 9559
f 9559 9587 9588
f 9559 9588 9560
f 9560 9588 9589
f 9560 9589 9561
f 9561 9589 9590
f 9561 9590 9562
f 9562 9590 9591
f 9562 9591 9563
f 9563 9591 9592
f 9563 9592 9564
f 9564 9592 9593
f 9564 9593 9565
f 9565 9593 9594
f 9565 9594 9566
f 9566 9594 9595
f 9566 9595 9567
f 9567 9595 9596
f 9567 9596 9568
f 9568 9596 9597
f 9568 9597 9569
f 9569 9597 9598
f 9569 9598 9570
f 9570 9598 9599
f 9570 9599 9571
f 9571 9599 9600
f 9571 9600 9572
f 9572 9600 9601
f 9572 9601 9573
f 9573 9601 9602
f 9573 9602 9574
f 9574 9602 9603
f 9574 9603 9575
f 9575 9603 9604
f 9575 9604 9576
f 9576 9604 9577
f 9576 9577 9549
f 9577 9605 9606
f 9577 9606 9578
f 9578 9606 9607
f 9578 9607 9579
f 9579 9607 9608
f 9579 9608 9580
f 9580 9608 9609
f 9580 9609 9581
f 9581 9609 9610
f 9581 9610 9582
f 9582 9610 9611
f 9582 9611 9583
f 9583 9611 9612
f 9583 9612 9584
f 9584 9612 9613
f 9584 9613 9585
f 9585 9613 9614
f 9585 9614 9586
f 9586 9614 9615
f 9586 9615 9587
f 9587 9615 9616
f 9587 9616 9588
f 9588 9616 9617
f 9588 9617 9589
f 9589 9617 9618
f 9589 9618 9590
f 9590 9618 9619
f 9590 9619 9591
f 9591 9619 9620
f 9591 9620 9592
f 9592 9620 9621
f 9592 9621 9593
f 9593 9621 9622
f 9593 9622 9594
f 9594 9622 9623
f 9594 9623 9595
f 9595 9623 9624
f 9595 9624 9596
f 9596 9624 9625
f 9596 9625 9597
f 9597 9625 9626
f 9597 9626 9598
f 9598 9626 9627
f 9598 9627 9599
f 9599 9627 9628
f 9599 9628 9600
f 9600 9628 9629
f 9600 9629 9601
f 9601 9629 9630
f 9601 9630 9602
f 9602 9630 9631
f 9602 9631 9603
f 9603 9631 9632
f 9603 9632 9604
f 9604 9632 9605
f 9604 9605 9577
f 9605 9633 9634
f 9605 9634 9606
f 9606 9634 9635
f 9606 9635 9607
f 9607 9635 9636
f 9607 9636 9608
f 9608 9636 9637
f 9608 9637 9609
f 9609 9637 9638
f 9609 9638 9610
f 9610 9638 9639
f 9610 9639 9611
f 9611 9639 9640
f 9611 9640 9612
f 9612 9640 9641
f 9612 9641 9613
f 9613 9641 9642
f 9613 9642 9614
f 9614 9642 9643
f 9614 9643 9615
f 9615 9643 9644
f 9615 9644 9616
f 9616 9644 9645
f 9616 9645 9617
f 9617 9645 9646
f 9617 9646 9618
f 9618 9646 9647
f 9618 9647 9619
f 9619 9647 9648
f 9619 9648 9620
f 9620 9648 9649
f 9620 9649 9621
f 9621 9649 9650
f 9621 9650 9622
f 9622 9650 9651
f 9622 9651 9623
f 9623 9651 9652
f 9623 9652 9624
f 9624 9652 9653
f 9624 9653 9625
f 9625 9653 9654
f 9625 9654 9626
f 9626 9654 9655
f 9626 9655 9627
f 9627 9655 9656
f 9627 9656 9628
f 9628 9656 9657
f 9628 9657 9629
f 9629 9657 9658
f 9629 9658 9630
f 9630 9658 9659
f 9630 9659 9631
f 9631 9659 9660
f 9631 9660 9632
f 9632 9660 9633
f 9632 9633 9605
f 9633 9661 9662
f 9633 9662 9634
f 9634 9662 9663
f 9634 9663 9635
f 9635 9663 9664
f 9635 9664 9636
f 9636 9664 9665
f 9636 9665 9637
f 9637 9665 9666
f 9637 9666 9638
f 9638 9666 9667
f 9638 9667 9639
f 9639 9667 9668
f 9639 9668 9640
f 9640 9668 9669
f 9640 9669 9641
f 9641 9669 9670
f 9641 9670 9642
f 9642 9670 9671
f 9642 9671 9643
f 9643 9671 9672
f 9643 9672 9644
f 9644 9672 9673
f 9644 9673 9645
f 9645 9673 9674
f 9645 9674 9646
f 9646 9674 9675
f 9646 9675 9647
f 9647 9675 9676
f 9647 9676 9648
f 9648 9676 9677
f 9648 9677 9649
f 9649 9677 9678
f 9649 9678 9650
f 9650 9678 9679
f 9650 9679 9651
f 9651 9679 9680
f 9651 9680 9652
f 9652 9680 9681
f 9652 9681 9653
f 9653 9681 9682
f 9653 9682 9654
f 9654 9682 9683
f 9654 9683 9655
f 9655 9683 9684
f 9655 9684 9656
f 9656 9684 9685
f 9656 9685 9657
f 9657 9685 9686
f 9657 9686 9658
f 9658 9686 9687
f 9658 9687 9659
f 9659 9687 9688
f 9659 9688 9660
f 9660 9688 9661
f 9660 9661 9633
f 9661 9689 9690
f 9661 9690 9662
f 9662 9690 9691
f 9662 9691 9663
f 9663 9691 9692
f 9663 9692 9664
f 9664 9692 9693
f 9664 9693 9665
f 9665 9693 9694
f 9665 9694 9666
f 9666 9694 9695
f 9666 9695 9667
f 9667 9695 9696
f 9667 9696 9668
f 9668 9696 9697
f 9668 9697 9669
f 9669 9697 9698
f 9669 9698 9670
f 9670 9698 9699
f 9670 9699 9671
f 9671 9699 9700
f 9671 9700 9672
f 9672 9700 9701
f 9672 9701 9673
f 9673 9701 9702
f 9673 9702 9674
f 9674 9702 9703
f 9674 9703 9675
f 9675 9703 9704
f 9675 9704 9676
f 9676 9704 9705
f 9676 9705 9677
f 9677 9705 9706
f 9677 9706 9678
f 9678 9706 9707
f 9678 9707 9679
f 9679 9707 9708
f 9679 9708 9680
f 9680 9708 9709
f 9680 9709 9681
f 9681 9709 9710
f 9681 9710 9682
f 9682 9710 9711
f 9682 9711 9683
f 9683 9711 9712
f 9683 9712 9684
f 9684 9712 9713
f 9684 9713 9685
f 9685 9713 9714
f 9685 9714 9686
f 9686 9714 9715
f 9686 9715 9687
f 9687 9715 9716
f 9687 9716 9688
f 9688 9716 9689
f 9688 9689 9661
f 9689 9717 9718
f 9689 9718 9690
f 9690 9718 9719
f 9690 9719 9691
f 9691 9719 9720
f 9691 9720 9692
f 9692 9720 9721
f 9692 9721 9693
f 9693 9721 9722
f 9693 9722 9694
f 9694 9722 9723
f 9694 9723 9695
f 9695 9723 9724
f 9695 9724 9696
f 9696 9724 9725
f 9696 9725 9697
f 9697 9725 9726
f 9697 9726 9698
f 9698 9726 9727
f 9698 9727 9699
f 9699 9727 9728
f 9699 9728 9700
f 9700 9728 9729
f 9700 9729 9701
f 9701 9729 9730
f 9701 9730 9702
f 9702 9730 9731
f 9702 9731 9703
f 9703 9731 9732
f 9703 9732 9704
f 9704 9732 9733
f 9704 9733 9705
f 9705 9733 9734
f 9705 9734 9706
f 9706 9734 9735
f 9706 9735 9707
f 9707 9735 9736
f 9707 9736 9708
f 9708 9736 9737
f 9708 9737 9709
f 9709 9737 9738
f 9709 9738 9710
f 9710 9738 9739
f 9710 9739 9711
f 9711 9739 9740
f 9711 9740 9712
f 9712 9740 9741
f 9712 9741 9713
f 9713 9741 9742
f 9713 9742 9714
f 9714 9742 9743
f 9714 9743 9715
f 9715 9743 9744
f 9715 9744 9716
f 9716 9744 9717
f 9716 9717 9689
f 9717 9745 9746
f 9717 9746 9718
f 9718 9746 9747
f 9718 9747 9719
f 9719 9747 9748
f 9719 9748 9720
f 9720 9748 9749
f 9720 9749 9721
f 9721 9749 9750
f 9721 9750 9722
f 9722 9750 9751
f 9722 9751 9723
f 9723 9751 9752
f 9723 9752 9724
f 9724 9752 9753
f 9724 9753 9725
f 9725 9753 9754
f 9725 9754 9726
f 9726 9754 9755
f 9726 9755 9727
f 9727 9755 9756
f 9727 9756 9728
f 9728 9756 9757
f 9728 9757 9729
f 9729 9757 9758
f 9729 9758 9730
f 9730 9758 9759
f 9730 9759 9731
f 9731 9759 9760
f 9731 9760 9732
f 9732 9760 9761
f 9732 9761 9733
f 9733 9761 9762
f 9733 9762 9734
f 9734 9762 9763
f 9734 9763 9735
f 9735 9763 9764
f 9735 9764 9736
f 9736 9764 9765
f 9736 9765 9737
f 9737 9765 9766
f 9737 9766 9738
f 9738 9766 9767
f 9738 9767 9739
f 9739 9767 9768
f 9739 9768 9740
f 9740 9768 9769
f 9740 9769 9741
f 9741 9769 9770
f 9741 9770 9742
f 9742 9770 9771
f 9742 9771 9743
f 9743 9771 9772
f 9743 9772 9744
f 9744 9772 9745
f 9744 9745 9717
f 9745 9773 9774
f 9745 9774 9746
f 9746 9774 9775
f 9746 9775 9747
f 9747 9775 9776
f 9747 9776 9748
f 9748 9776 9777
f 9748 9777 9749
f 9749 9777 9778
f 9749 9778 9750
f 9750 9778 9779
f 9750 9779 9751
f 9751 9779 9780
f 9751 9780 9752
f 9752 9780 9781
f 9752 9781 9753
f 9753 9781 9782
f 9753 9782 9754
f 9754 9782 9783
f 9754 9783 9755
f 9755 9783 9784
f 9755 9784 9756
f 9756 9784 9785
f 9756 9785 9757
f 9757 9785 9786
f 9757 9786 9758
f 9758 9786 9787
f 9758 9787 9759
f 9759 9787 9788
f 9759 9788 9760
f 9760 9788 9789
f 9760 9789 9761
f 9761 9789 9790
f 9761 9790 9762
f 9762 9790 9791
f 9762 9791 9763
f 9763 9791 9792
f 9763 9792 9764
f 9764 9792 9793
f 9764 9793 9765
f 9765 9793 9794
f 9765 9794 9766
f 9766 9794 9795
f 9766 9795 9767
f 9767 9795 9796
f 9767 9796 9768
f 9768 9796 9797
f 9768 9797 9769
f 9769 9797 9798
f 9769 9798 9770
f 9770 9798 9799
f 9770 9799 9771
f 9771 9799 9800
f 9771 9800 9772
f 9772 9800 9773
f 9772 9773 9745
f 9773 9801 9802
f 9773 9802 9774
f 9774 9802 9803
f 9774 9803 9775
f 9775 9803 9804
f 9775 9804 9776
f 9776 9804 9805
f 9776 9805 9777
f 9777 9805 9806
f 9777 9806 9778
f 9778 9806 9807
f 9778 9807 9779
f 9779 9807 9808
f 9779 9808 9780
f 9780 9808 9809
f 9780 9809 9781
f 9781 9809 9810
f 9781 9810 9782
f 9782 9810 9811
f 9782 9811 9783
f 9783 9811 9812
f 9783 9812 9784
f 9784 9812 9813
f 9784 9813 9785
f 9785 9813 9814
f 9785 9814 9786
f 9786 9814 9815
f 9786 9815 9787
f 9787 9815 9816
f 9787 9816 9788
f 9788 9816 9817
f 9788 9817 9789
f 9789 9817 9818
f 9789 9818 9790
f 9790 9818 9819
f 9790 9819 9791
f 9791 9819 9820
f 9791 9820 9792
f 9792 9820 9821
f 9792 9821 9793
f 9793 9821 9822
f 9793 9822 9794
f 9794 9822 9823
f 9794 9823 9795
f 9795 9823 9824
f 9795 9824 9796
f 9796 9824 9825
f 9796 9825 9797
f 9797 9825 9826
f 9797 9826 9798
f 9798 9826 9827
f 9798 9827 9799
f 9799 9827 9828
f 9799 9828 9800
f 9800 9828 9801
f 9800 9801 9773
f 9801 9829 9830
f 9801 9830 9802
f 9802 9830 9831
f 9802 9831 9803
f 9803 9831 9832
f 9803 9832 9804
f 9804 9832 9833
f 9804 9833 9805
f 9805 9833 9834
f 9805 9834 9806
f 9806 9834 9835
f 9806 9835 9807
f 9807 9835 9836
f 9807 9836 9808
f 9808 9836 9837
f 9808 9837 9809
f 9809 9837 9838
f 9809 9838 9810
f 9810 9838 9839
f 9810 9839 9811
f 9811 9839 9840
f 9811 9840 9812
f 9812 9840 9841
f 9812 9841 9813
f 9813 9841 9842
f 9813 9842 9814
f 9814 9842 9843
f 9814 9843 9815
f 9815 9843 9844
f 9815 9844 9816
f 9816 9844 9845
f 9816 9845 9817
f 9817 9845 9846
f 9817 9846 9818
f 9818 9846 9847
f 9818 9847 9819
f 9819 9847 9848
f 9819 9848 9820
f 9820 9848 9849
f 9820 9849 9821
f 9821 9849 9850
f 9821 9850 9822
f 9822 9850 9851
f 9822 9851 9823
f 9823 9851 9852
f 9823 9852 9824
f 9824 9852 9853
f 9824 9853 9825
f 9825 9853 9854
f 9825 9854 9826
f 9826 9854 9855
f 9826 9855 9827
f 9827 9855 9856
f 9827 9856 9828
f 9828 9856 9829
f 9828 9829 9801
f 9829 9857 9858
f 9829 9858 9830
f 9830 9858 9859
f 9830 9859 9831
f 9831 9859 9860
f 9831 9860 9832
f 9832 9860 9861
f 9832 9861 9833
f 9833 9861 9862
f 9833 9862 9834
f 9834 9862 9863
f 9834 9863 9835
f 9835 9863 9864
f 9835 9864 9836
f 9836 9864 9865
f 9836 9865 9837
f 9837 9865 9866
f 9837 9866 9838
f 9838 9866 9867
f 9838 9867 9839
f 9839 9867 9868
f 9839 9868 9840
f 9840 9868 9869
f 9840 9869 9841
f 9841 9869 9870
f 9841 9870 9842
f 9842 9870 9871
f 9842 9871 9843
f 9843 9871 9872
f 9843 9872 9844
f 9844 9872 9873
f 9844 9873 9845
f 9845 9873 9874
f 9845 9874 9846
f 9846 9874 9875
f 9846 9875 9847
f 9847 9875 9876
f 9847 9876 9848
f 9848 9876 9877
f 9848 9877 9849
f 9849 9877 9878
f 9849 9878 9850
f 9850 9878 9879
f 9850 9879 9851
f 9851 9879 9880
f 9851 9880 9852
f 9852 9880 9881
f 9852 9881 9853
f 9853 9881 9882
f 9853 9882 9854
f 9854 9882 9883
f 9854 9883 9855
f 9855 9883 9884
f 9855 9884 9856
f 9856 9884 9857
f 9856 9857 9829
f 9857 9885 9886
f 9857 9886 9858
f 9858 9886 9887
f 9858 9887 9859
f 9859 9887 9888
f 9859 9888 9860
f 9860 9888 9889
f 9860 9889 9861
f 9861 9889 9890
f 9861 9890 9862
f 9862 9890 9891
f 9862 9891 9863
f 9863 9891 9892
f 9863 9892 9864
f 9864 9892 9893
f 9864 9893 9865
f 9865 9893 9894
f 9865 9894 9866
f 9866 9894 9895
f 9866 9895 9867
f 9867 9895 9896
f 9867 9896 9868
f 9868 9896 9897
f 9868 9897 9869
f 9869 9897 9898
f 9869 9898 9870
f 9870 9898 9899
f 9870 9899 9871
f 9871 9899 9900
f 9871 9900 9872
f 9872 9900 9901
f 9872 9901 9873
f 9873 9901 9902
f 9873 9902 9874
f 9874 9902 9903
f 9874 9903 9875
f 9875 9903 9904
f 9875 9904 9876
f 9876 9904 9905
f 9876 9905 9877
f 9877 9905 9906
f 9877 9906 9878
f 9878 9906 9907
f 9878 9907 9879
f 9879 9907 9908
f 9879 9908 9880
f 9880 9908 9909
f 9880 9909 9881
f 9881 9909 9910
f 9881 9910 9882
f 9882 9910 9911
f 9882 9911 9883
f 9883 9911 9912
f 9883 9912 9884
f 9884 9912 9885
f 9884 9885 9857
f 9885 9913 9914
f 9885 9914 9886
f 9886 9914 9915
f 9886 9915 9887
f 9887 9915 9916
f 9887 9916 9888
f 9888 9916 9917
f 9888 9917 9889
f 9889 9917 9918
f 9889 9918 9890
f 9890 9918 9919
f 9890 9919 9891
f 9891 9919 9920
f 9891 9920 9892
f 9892 9920 9921
f 9892 9921 9893
f 9893 9921 9922
f 9893 9922 9894
f 9894 9922 9923
f 9894 9923 9895
f 9895 9923 9924
f 9895 9924 9896
f 9896 9924 9925
f 9896 9925 9897
f 9897 9925 9926
f 9897 9926 9898
f 9898 9926 9927
f 9898 9927 9899
f 9899 9927 9928
f 9899 9928 9900
f 9900 9928 9929
f 9900 9929 9901
f 9901 9929 9930
f 9901 9930 9902
f 9902 9930 9931
f 9902 9931 9903
f 9903 9931 9932
f 9903 9932 9904
f 9904 9932 9933
f 9904 9933 9905
f 9905 9933 9934
f 9905 9934 9906
f 9906 9934 9935
f 9906 9935 9907
f 9907 9935 9936
f 9907 9936 9908
f 9908 9936 9937
f 9908 9937 9909
f 9909 9937 9938
f 9909 9938 9910
f 9910 9938 9939
f 9910 9939 9911
f 9911 9939 9940
f 9911 9940 9912
f 9912 9940 9913
f 9912 9913 9885
f 9913 9941 9942
f 9913 9942 9914
f 9914 9942 9943
f 9914 9943 9915
f 9915 9943 9944
f 9915 9944 9916
f 9916 9944 9945
f 9916 9945 9917
f 9917 9945 9946
f 9917 9946 9918
f 9918 9946 9947
f 9918 9947 9919
f 9919 9947 9948
f 9919 9948 9920
f 9920 9948 9949
f 9920 9949 9921
f 9921 9949 9950
f 9921 9950 9922
f 9922 9950 9951
f 9922 9951 9923
f 9923 9951 9952
f 9923 9952 9924
f 9924 9952 9953
f 9924 9953 9925
f 9925 9953 9954
f 9925 9954 9926
f 9926 9954 9955
f 9926 9955 9927
f 9927 9955 9956
f 9927 9956 9928
f 9928 9956 9957
f 9928 9957 9929
f 9929 9957 9958
f 9929 9958 9930
f 9930 9958 9959
f 9930 9959 9931
f 9931 9959 9960
f 9931 9960 9932
f 9932 9960 9961
f 9932 9961 9933
f 9933 9961 9962
f 9933 9962 9934
f 9934 9962 9963
f 9934 9963 9935
f 9935 9963 9964
f 9935 9964 9936
f 9936 9964 9965
f 9936 9965 9937
f 9937 9965 9966
f 9937 9966 9938
f 9938 9966 9967
f 9938 9967 9939
f 9939 9967 9968
f 9939 9968 9940
f 9940 9968 9941
f 9940 9941 9913
f 9941 9969 9970
f 9941 9970 9942
f 9942 9970 9971
f 9942 9971 9943
f 9943 9971 9972
f 9943 9972 9944
f 9944 9972 9973
f 9944 9973 9945
f 9945 9973 9974
f 9945 9974 9946
f 9946 9974 9975
f 9946 9975 9947
f 9947 9975 9976
f 9947 9976 9948
f 9948 9976 9977
f 9948 9977 9949
f 9949 9977 9978
f 9949 9978 9950
f 9950 9978 9979
f 9950 9979 9951
f 9951 9979 9980
f 9951 9980 9952
f 9952 9980 9981
f 9952 9981 9953
f 9953 9981 9982
f 9953 9982 9954
f 9954 9982 9983
f 9954 9983 9955
f 9955 9983 9984
f 9955 9984 9956
f 9956 9984 9985
f 9956 9985 9957
f 9957 9985 9986
f 9957 9986 9958
f 9958 9986 9987
f 9958 9987 9959
f 9959 9987 9988
f 9959 9988 9960
f 9960 9988 9989
f 9960 9989 9961
f 9961 9989 9990
f 9961 9990 9962
f 9962 9990 9991
f 9962 9991 9963
f 9963 9991 9992
f 9963 9992 9964
f 9964 9992 9993
f 9964 9993 9965
f 9965 9993 9994
f 9965 9994 9966
f 9966 9994 9995
f 9966 9995 9967
f 9967 9995 9996
f 9967 9996 9968
f 9968 9996 9969
f 9968 9969 9941
f 9969 9997 9998
f 9969 9998 9970
f 9970 9998 9999
f 9970 9999 9971
f 9971 9999 10000
f 9971 10000 9972
f 9972 10000 10001
f 9972 10001 9973
f 9973 10001 10002
f 9973 10002 9974
f 9974 10002 10003
f 9974 10003 9975
f 9975 10003 10004
f 9975 10004 9976
f 9976 10004 10005
f 9976 10005 9977
f 9977 10005 10006
f 9977 10006 9978
f 9978 10006 10007
f 9978 10007 9979
f 9979 10007 10008
f 9979 10008 9980
f 9980 10008 10009
f 9980 10009 9981
f 9981 10009 10010
f 9981 10010 9982
f 9982 10010 10011
f 9982 10011 9983
f 9983 10011 10012
f 9983 10012 9984
f 9984 10012 10013
f 9984 10013 9985
f 9985 10013 10014
f 9985 10014 9986
f 9986 10014 10015
f 9986 10015 9987
f 9987 10015 10016
f 9987 10016 9988
f 9988 10016 10017
f 9988 10017 9989
f 9989 10017 10018
f 9989 10018 9990
f 9990 10018 10019
f 9990 10019 9991
f 9991 10019 10020
f 9991 10020 9992
f 9992 10020 10021
f 9992 10021 9993
f 9993 10021 10022
f 9993 10022 9994
f 9994 10022 10023
f 9994 10023 9995
f 9995 10023 10024
f 9995 10024 9996
f 9996 10024 9997
f 9996 9997 9969
f 9997 10025 10026
f 9997 10026 9998
f 9998 10026 10027
f 9998 10027 9999
f 9999 10027 10028
f 9999 10028 10000
f 10000 10028 10029
f 10000 10029 10001
f 10001 10029 10030
f 10001 10030 10002
f 10002 10030 10031
f 10002 10031 10003
f 10003 10031 10032
f 10003 10032 10004
f 10004 10032 10033
f 10004 10033 10005
f 10005 10033 10034
f 10005 10034 10006
f 10006 10034 10035
f 10006 10035 10007
f 10007 10035 10036
f 10007 10036 10008
f 10008 10036 10037
f 10008 10037 10009
f 10009 10037 10038
f 10009 10038 10010
f 10010 10038 10039
f 10010 10039 10011
f 10011 10039 10040
f 10011 10040 10012
f 10012 10040 10041
f 10012 10041 10013
f 10013 10041 10042
f 10013 10042 10014
f 10014 10042 10043
f 10014 10043 10015
f 10015 10043 10044
f 10015 10044 10016
f 10016 10044 10045
f 10016 10045 10017
f 10017 10045 10046
f 10017 10046 10018
f 10018 10046 10047
f 10018 10047 10019
f 10019 10047 10048
f 10019 10048 10020
f 10020 10048 10049
f 10020 10049 10021
f 10021 10049 10050
f 10021 10050 10022
f 10022 10050 10051
f 10022 10051 10023
f 10023 10051 10052
f 10023 10052 10024
f 10024 10052 10025
f 10024 10025 9997
f 10025 10053 10054
f 10025 10054 10026
f 10026 10054 10055
f 10026 10055 10027
f 10027 10055 10056
f 10027 10056 10028
f 10028 10056 10057
f 10028 10057 10029
f 10029 10057 10058
f 10029 10058 10030
f 10030 10058 10059
f 10030 10059 10031
f 10031 10059 10060
f 10031 10060 10032
f 10032 10060 10061
f 10032 10061 10033
f 10033 10061 10062
f 10033 10062 10034
f 10034 10062 10063
f 10034 10063 10035
f 10035 10063 10064
f 10035 10064 10036
f 10036 10064 10065
f 10036 10065 10037
f 10037 10065 10066
f 10037 10066 10038
f 10038 10066 10067
f 10038 10067 10039
f 10039 10067 10068
f 10039 10068 10040
f 10040 10068 10069
f 10040 10069 10041
f 10041 10069 10070
f 10041 10070 10042
f 10042 10070 10071
f 10042 10071 10043
f 10043 10071 10072
f 10043 10072 10044
f 10044 10072 10073
f 10044 10073 10045
f 10045 10073 10074
f 10045 10074 10046
f 10046 10074 10075
f 10046 10075 10047
f 10047 10075 10076
f 10047 10076 10048
f 10048 10076 10077
f 10048 10077 10049
f 10049 10077 10078
f 10049 10078 10050
f 10050 10078 10079
f 10050 10079 10051
f 10051 10079 10080
f 10051 10080 10052
f 10052 10080 10053
f 10052 10053 10025
f 10053 10081 10082
f 10053 10082 10054
f 10054 10082 10083
f 10054 10083 10055
f 10055 10083 10084
f 10055 10084 10056
f 10056 10084 10085
f 10056 10085 10057
f 10057 10085 10086
f 10057 10086 10058
f 10058 10086 10087
f 10058 10087 10059
f 10059 10087 10088
f 10059 10088 10060
f 10060 10088 10089
f 10060 10089 10061
f 10061 10089 10090
f 10061 10090 10062
f 10062 10090 10091
f 10062 10091 10063
f 10063 10091 10092
f 10063 10092 10064
f 10064 10092 10093
f 10064 10093 10065
f 10065 10093 10094
f 10065 10094 10066
f 10066 10094 10095
f 10066 10095 10067
f 10067 10095 10096
f 10067 10096 10068
f 10068 10096 10097
f 10068 10097 10069
f 10069 10097 10098
f 10069 10098 10070
f 10070 10098 10099
f 10070 10099 10071
f 10071 10099 10100
f 10071 10100 10072
f 10072 10100 10101
f 10072 10101 10073
f 10073 10101 10102
f 10073 10102 10074
f 10074 10102 10103
f 10074 10103 10075
f 10075 10103 10104
f 10075 10104 10076
f 10076 10104 10105
f 10076 10105 10077
f 10077 10105 10106
f 10077 10106 10078
f 10078 10106 10107
f 10078 10107 10079
f 10079 10107 10108
f 10079 10108 10080
f 10080 10108 10081
f 10080 10081 10053
f 10081 10109 10110
f 10081 10110 10082
f 10082 10110 10111
f 10082 10111 10083
f 10083 10111 10112
f 10083 10112 10084
f 10084 10112 10113
f 10084 10113 10085
f 10085 10113 10114
f 10085 10114 10086
f 10086 10114 10115
f 10086 10115 10087
f 10087 10115 10116
f 10087 10116 10088
f 10088 10116 10117
f 10088 10117 10089
f 10089 10117 10118
f 10089 10118 10090
f 10090 10118 10119
f 10090 10119 10091
f 10091 10119 10120
f 10091 10120 10092
f 10092 10120 10121
f 10092 10121 10093
f 10093 10121 10122
f 10093 10122 10094
f 10094 10122 10123
f 10094 10123 10095
f 10095 10123 10124
f 10095 10124 10096
f 10096 10124 10125
f 10096 10125 10097
f 10097 10125 10126
f 10097 10126 10098
f 10098 10126 10127
f 10098 10127 10099
f 10099 10127 10128
f 10099 10128 10100
f 10100 10128 10129
f 10100 10129 10101
f 10101 10129 10130
f 10101 10130 10102
f 10102 10130 10131
f 10102 10131 10103
f 10103 10131 10132
f 10103 10132 10104
f 10104 10132 10133
f 10104 10133 10105
f 10105 10133 10134
f 10105 10134 10106
f 10106 10134 10135
f 10106 10135 10107
f 10107 10135 10136
f 10107 10136 10108
f 10108 10136 10109
f 10108 10109 10081
f 10109 10137 10138
f 10109 10138 10110
f 10110 10138 10139
f 10110 10139 10111
f 10111 10139 10140
f 10111 10140 10112
f 10112 10140 10141
f 10112 10141 10113
f 10113 10141 10142
f 10113 10142 10114
f 10114 10142 10143
f 10114 10143 10115
f 10115 10143 10144
f 10115 10144 10116
f 10116 10144 10145
f 10116 10145 10117
f 10117 10145 10146
f 10117 10146 10118
f 10118 10146 10147
f 10118 10147 10119
f 10119 10147 10148
f 10119 10148 10120
f 10120 10148 10149
f 10120 10149 10121
f 10121 10149 10150
f 10121 10150 10122
f 10122 10150 10151
f 10122 10151 10123
f 10123 10151 10152
f 10123 10152 10124
f 10124 10152 10153
f 10124 10153 10125
f 10125 10153 10154
f 10125 10154 10126
f 10126 10154 10155
f 10126 10155 10127
f 10127 10155 10156
f 10127 10156 10128
f 10128 10156 10157
f 10128 10157 10129
f 10129 10157 10158
f 10129 10158 10130
f 10130 10158 10159
f 10130 10159 10131
f 10131 10159 10160
f 10131 10160 10132
f 10132 10160 10161
f 10132 10161 10133
f 10133 10161 10162
f 10133 10162 10134
f 10134 10162 10163
f 10134 10163 10135
f 10135 10163 10164
f 10135 10164 10136
f 10136 10164 10137
f 10136 10137 10109
f 10137 10165 10166
f 10137 10166 10138
f 10138 10166 10167
f 10138 10167 10139
f 10139 10167 10168
f 10139 10168 10140
f 10140 10168 10169
f 10140 10169 10141
f 10141 10169 10170
f 10141 10170 10142
f 10142 10170 10171
f 10142 10171 10143
f 10143 10171 10172
f 10143 10172 10144
f 10144 10172 10173
f 10144 10173 10145
f 10145 10173 10174
f 10145 10174 10146
f 10146 10174 10175
f 10146 10175 10147
f 10147 10175 10176
f 10147 10176 10148
f 10148 10176 10177
f 10148 10177 10149
f 10149 10177 10178
f 10149 10178 10150
f 10150 10178 10179
f 10150 10179 10151
f 10151 10179 10180
f 10151 10180 10152
f 10152 10180 10181
f 10152 10181 10153
f 10153 10181 10182
f 10153 10182 10154
f 10154 10182 10183
f 10154 10183 10155
f 10155 10183 10184
f 10155 10184 10156
f 10156 10184 10185
f 10156 10185 10157
f 10157 10185 10186
f 10157 10186 10158
f 10158 10186 10187
f 10158 10187 10159
f 10159 10187 10188
f 10159 10188 10160
f 10160 10188 10189
f 10160 10189 10161
f 10161 10189 10190
f 10161 10190 10162
f 10162 10190 10191
f 10162 10191 10163
f 10163 10191 10192
f 10163 10192 10164
f 10164 10192 10165
f 10164 10165 10137
f 10165 10193 10194
f 10165 10194 10166
f 10166 10194 10195
f 10166 10195 10167
f 10167 10195 10196
f 10167 10196 10168
f 10168 10196 10197
f 10168 10197 10169
f 10169 10197 10198
f 10169 10198 10170
f 10170 10198 10199
f 10170 10199 10171
f 10171 10199 10200
f 10171 10200 10172
f 10172 10200 10201
f 10172 10201 10173
f 10173 10201 10202
f 10173 10202 10174
f 10174 10202 10203
f 10174 10203 10175
f 10175 10203 10204
f 10175 10204 10176
f 10176 10204 10205
f 10176 10205 10177
f 10177 10205 10206
f 10177 10206 10178
f 10178 10206 10207
f 10178 10207 10179
f 10179 10207 10208
f 10179 10208 10180
f 10180 10208 10209
f 10180 10209 10181
f 10181 10209 10210
f 10181 10210 10182
f 10182 10210 10211
f 10182 10211 10183
f 10183 10211 10212
f 10183 10212 10184
f 10184 10212 10213
f 10184 10213 10185
f 10185 10213 10214
f 10185 10214 10186
f 10186 10214 10215
f 10186 10215 10187
f 10187 10215 10216
f 10187 10216 10188
f 10188 10216 10217
f 10188 10217 10189
f 10189 10217 10218
f 10189 10218 10190
f 10190 10218 10219
f 10190 10219 10191
f 10191 10219 10220
f 10191 10220 10192
f 10192 10220 10193
f 10192 10193 10165
f 10193 10221 10222
f 10193 10222 10194
f 10194 10222 10223
f 10194 10223 10195
f 10195 10223 10224
f 10195 10224 10196
f 10196 10224 10225
f 10196 10225 10197
f 10197 10225 10226
f 10197 10226 10198
f 10198 10226 10227
f 10198 10227 10199
f 10199 10227 10228
f 10199 10228 10200
f 10200 10228 10229
f 10200 10229 10201
f 10201 10229 10230
f 10201 10230 10202
f 10202 10230 10231
f 10202 10231 10203
f 10203 10231 10232
f 10203 10232 10204
f 10204 10232 10233
f 10204 10233 10205
f 10205 10233 10234
f 10205 10234 10206
f 10206 10234 10235
f 10206 10235 10207
f 10207 10235 10236
f 10207 10236 10208
f 10208 10236 10237
f 10208 10237 10209
f 10209 10237 10238
f 10209 10238 10210
f 10210 10238 10239
f 10210 10239 10211
f 10211 10239 10240
f 10211 10240 10212
f 10212 10240 10241
f 10212 10241 10213
f 10213 10241 10242
f 10213 10242 10214
f 10214 10242 10243
f 10214 10243 10215
f 10215 10243 10244
f 10215 10244 10216
f 10216 10244 10245
f 10216 10245 10217
f 10217 10245 10246
f 10217 10246 10218
f 10218 10246 10247
f 10218 10247 10219
f 10219 10247 10248
f 10219 10248 10220
f 10220 10248 10221
f 10220 10221 10193
f 10221 10249 10250
f 10221 10250 10222
f 10222 10250 10251
f 10222 10251 10223
f 10223 10251 10252
f 10223 10252 10224
f 10224 10252 10253
f 10224 10253 10225
f 10225 10253 10254
f 10225 10254 10226
f 10226 10254 10255
f 10226 10255 10227
f 10227 10255 10256
f 10227 10256 10228
f 10228 10256 10257
f 10228 10257 10229
f 10229 10257 10258
f 10229 10258 10230
f 10230 10258 10259
f 10230 10259 10231
f 10231 10259 10260
f 10231 10260 10232
f 10232 10260 10261
f 10232 10261 10233
f 10233 10261 10262
f 10233 10262 10234
f 10234 10262 10263
f 10234 10263 10235
f 10235 10263 10264
f 10235 10264 10236
f 10236 10264 10265
f 10236 10265 10237
f 10237 10265 10266
f 10237 10266 10238
f 10238 10266 10267
f 10238 10267 10239
f 10239 10267 10268
f 10239 10268 10240
f 10240 10268 10269
f 10240 10269 10241
f 10241 10269 10270
f 10241 10270 10242
f 10242 10270 10271
f 10242 10271 10243
f 10243 10271 10272
f 10243 10272 10244
f 10244 10272 10273
f 10244 10273 10245
f 10245 10273 10274
f 10245 10274 10246
f 10246 10274 10275
f 10246 10275 10247
f 10247 10275 10276
f 10247 10276 10248
f 10248 10276 10249
f 10248 10249 10221
f 10249 10277 10278
f 10249 10278 10250
f 10250 10278 10279
f 10250 10279 10251
f 10251 10279 10280
f 10251 10280 10252
f 10252 10280 10281
f 10252 10281 10253
f 10253 10281 10282
f 10253 10282 10254
f 10254 10282 10283
f 10254 10283 10255
f 10255 10283 10284
f 10255 10284 10256
f 10256 10284 10285
f 10256 10285 10257
f 10257 10285 10286
f 10257 10286 10258
f 10258 10286 10287
f 10258 10287 10259
f 10259 10287 10288
f 10259 10288 10260
f 10260 10288 10289
f 10260 10289 10261
f 10261 10289 10290
f 10261 10290 10262
f 10262 10290 10291
f 10262 10291 10263
f 10263 10291 10292
f 10263 10292 10264
f 10264 10292 10293
f 10264 10293 10265
f 10265 10293 10294
f 10265 10294 10266
f 10266 10294 10295
f 10266 10295 10267
f 10267 10295 10296
f 10267 10296 10268
f 10268 10296 10297
f 10268 10297 10269
f 10269 10297 10298
f 10269 10298 10270
f 10270 10298 10299
f 10270 10299 10271
f 10271 10299 10300
f 10271 10300 10272
f 10272 10300 10301
f 10272 10301 10273
f 10273 10301 10302
f 10273 10302 10274
f 10274 10302 10303
f 10274 10303 10275
f 10275 10303 10304
f 10275 10304 10276
f 10276 10304 10277
f 10276 10277 10249
f 10277 10305 10306
f 10277 10306 10278
f 10278 10306 10307
f 10278 10307 10279
f 10279 10307 10308
f 10279 10308 10280
f 10280 10308 10309
f 10280 10309 10281
f 10281 10309 10310
f 10281 10310 10282
f 10282 10310 10311
f 10282 10311 10283
f 10283 10311 10312
f 10283 10312 10284
f 10284 10312 10313
f 10284 10313 10285
f 10285 10313 10314
f 10285 10314 10286
f 10286 10314 10315
f 10286 10315 10287
f 10287 10315 10316
f 10287 10316 10288
f 10288 10316 10317
f 10288 10317 10289
f 10289 10317 10318
f 10289 10318 10290
f 10290 10318 10319
f 10290 10319 10291
f 10291 10319 10320
f 10291 10320 10292
f 10292 10320 10321
f 10292 10321 10293
f 10293 10321 10322
f 10293 10322 10294
f 10294 10322 10323
f 10294 10323 10295
f 10295 10323 10324
f 10295 10324 10296
f 10296 10324 10325
f 10296 10325 10297
f 10297 10325 10326
f 10297 10326 10298
f 10298 10326 10327
f 10298 10327 10299
f 10299 10327 10328
f 10299 10328 10300
f 10300 10328 10329
f 10300 10329 10301
f 10301 10329 10330
f 10301 10330 10302
f 10302 10330 10331
f 10302 10331 10303
f 10303 10331 10332
f 10303 10332 10304
f 10304 10332 10305
f 10304 10305 10277
f 10305 10333 10334
f 10305 10334 10306
f 10306 10334 10335
f 10306 10335 10307
f 10307 10335 10336
f 10307 10336 10308
f 10308 10336 10337
f 10308 10337 10309
f 10309 10337 10338
f 10309 10338 10310
f 10310 10338 10339
f 10310 10339 10311
f 10311 10339 10340
f 10311 10340 10312
f 10312 10340 10341
f 10312 10341 10313
f 10313 10341 10342
f 10313 10342 10314
f 10314 10342 10343
f 10314 10343 10315
f 10315 10343 10344
f 10315 10344 10316
f 10316 10344 10345
f 10316 10345 10317
f 10317 10345 10346
f 10317 10346 10318
f 10318 10346 10347
f 10318 10347 10319
f 10319 10347 10348
f 10319 10348 10320
f 10320 10348 10349
f 10320 10349 10321
f 10321 10349 10350
f 10321 10350 10322
f 10322 10350 10351
f 10322 10351 10323
f 10323 10351 10352
f 10323 10352 10324
f 10324 10352 10353
f 10324 10353 10325
f 10325 10353 10354
f 10325 10354 10326
f 10326 10354 10355
f 10326 10355 10327
f 10327 10355 10356
f 10327 10356 10328
f 10328 10356 10357
f 10328 10357 10329
f 10329 10357 10358
f 10329 10358 10330
f 10330 10358 10359
f 10330 10359 10331
f 10331 10359 10360
f 10331 10360 10332
f 10332 10360 10333
f 10332 10333 10305
f 10333 10361 10362
f 10333 10362 10334
f 10334 10362 10363
f 10334 10363 10335
f 10335 10363 10364
f 10335 10364 10336
f 10336 10364 10365
f 10336 10365 10337
f 10337 10365 10366
f 10337 10366 10338
f 10338 10366 10367
f 10338 10367 10339
f 10339 10367 10368
f 10339 10368 10340
f 10340 10368 10369
f 10340 10369 10341
f 10341 10369 10370
f 10341 10370 10342
f 10342 10370 10371
f 10342 10371 10343
f 10343 10371 10372
f 10343 10372 10344
f 10344 10372 10373
f 10344 10373 10345
f 10345 10373 10374
f 10345 10374 10346
f 10346 10374 10375
f 10346 10375 10347
f 10347 10375 10376
f 10347 10376 10348
f 10348 10376 10377
f 10348 10377 10349
f 10349 10377 10378
f 10349 10378 10350
f 10350 10378 10379
f 10350 10379 10351
f 10351 10379 10380
f 10351 10380 10352
f 10352 10380 10381
f 10352 10381 10353
f 10353 10381 10382
f 10353 10382 10354
f 10354 10382 10383
f 10354 10383 10355
f 10355 10383 10384
f 10355 10384 10356
f 10356 10384 10385
f 10356 10385 10357
f 10357 10385 10386
f 10357 10386 10358
f 10358 10386 10387
f 10358 10387 10359
f 10359 10387 10388
f 10359 10388 10360
f 10360 10388 10361
f 10360 10361 10333
f 10361 10389 10390
f 10361 10390 10362
f 10362 10390 10391
f 10362 10391 10363
f 10363 10391 10392
f 10363 10392 10364
f 10364 10392 10393
f 10364 10393 10365
f 10365 10393 10394
f 10365 10394 10366
f 10366 10394 10395
f 10366 10395 10367
f 10367 10395 10396
f 10367 10396 10368
f 10368 10396 10397
f 10368 10397 10369
f 10369 10397 10398
f 10369 10398 10370
f 10370 10398 10399
f 10370 10399 10371
f 10371 10399 10400
f 10371 10400 10372
f 10372 10400 10401
f 10372 10401 10373
f 10373 10401 10402
f 10373 10402 10374
f 10374 10402 10403
f 10374 10403 10375
f 10375 10403 10404
f 10375 10404 10376
f 10376 10404 10405
f 10376 10405 10377
f 10377 10405 10406
f 10377 10406 10378
f 10378 10406 10407
f 10378 10407 10379
f 10379 10407 10408
f 10379 10408 10380
f 10380 10408 10409
f 10380 10409 10381
f 10381 10409 10410
f 10381 10410 10382
f 10382 10410 10411
f 10382 10411 10383
f 10383 10411 10412
f 10383 10412 10384
f 10384 10412 10413
f 10384 10413 10385
f 10385 10413 10414
f 10385 10414 10386
f 10386 10414 10415
f 10386 10415 10387
f 10387 10415 10416
f 10387 10416 10388
f 10388 10416 10389
f 10388 10389 10361
f 10389 10417 10418
f 10389 10418 10390
f 10390 10418 10419
f 10390 10419 10391
f 10391 10419 10420
f 10391 10420 10392
f 10392 10420 10421
f 10392 10421 10393
f 10393 10421 10422
f 10393 10422 10394
f 10394 10422 10423
f 10394 10423 10395
f 10395 10423 10424
f 10395 10424 10396
f 10396 10424 10425
f 10396 10425 10397
f 10397 10425 10426
f 10397 10426 10398
f 10398 10426 10427
f 10398 10427 10399
f 10399 10427 10428
f 10399 10428 10400
f 10400 10428 10429
f 10400 10429 10401
f 10401 10429 10430
f 10401 10430 10402
f 10402 10430 10431
f 10402 10431 10403
f 10403 10431 10432
f 10403 10432 10404
f 10404 10432 10433
f 10404 10433 10405
f 10405 10433 10434
f 10405 10434 10406
f 10406 10434 10435
f 10406 10435 10407
f 10407 10435 10436
f 10407 10436 10408
f 10408 10436 10437
f 10408 10437 10409
f 10409 10437 10438
f 10409 10438 10410
f 10410 10438 10439
f 10410 10439 10411
f 10411 10439 10440
f 10411 10440 10412
f 10412 10440 10441
f 10412 10441 10413
f 10413 10441 10442
f 10413 10442 10414
f 10414 10442 10443
f 10414 10443 10415
f 10415 10443 10444
f 10415 10444 10416
f 10416 10444 10417
f 10416 10417 10389
f 10417 10445 10446
f 10417 10446 10418
f 10418 10446 10447
f 10418 10447 10419
f 10419 10447 10448
f 10419 10448 10420
f 10420 10448 10449
f 10420 10449 10421
f 10421 10449 10450
f 10421 10450 10422
f 10422 10450 10451
f 10422 10451 10423
f 10423 10451 10452
f 10423 10452 10424
f 10424 10452 10453
f 10424 10453 10425
f 10425 10453 10454
f 10425 10454 10426
f 10426 10454 10455
f 10426 10455 10427
f 10427 10455 10456
f 10427 10456 10428
f 10428 10456 10457
f 10428 10457 10429
f 10429 10457 10458
f 10429 10458 10430
f 10430 10458 10459
f 10430 10459 10431
f 10431 10459 10460
f 10431 10460 10432
f 10432 10460 10461
f 10432 10461 10433
f 10433 10461 10462
f 10433 10462 10434
f 10434 10462 10463
f 10434 10463 10435
f 10435 10463 10464
f 10435 10464 10436
f 10436 10464 10465
f 10436 10465 10437
f 10437 10465 10466
f 10437 10466 10438
f 10438 10466 10467
f 10438 10467 10439
f 10439 10467 10468
f 10439 10468 10440
f 10440 10468 10469
f 10440 10469 10441
f 10441 10469 10470
f 10441 10470 10442
f 10442 10470 10471
f 10442 10471 10443
f 10443 10471 10472
f 10443 10472 10444
f 10444 10472 10445
f 10444 10445 10417
f 10445 10473 10474
f 10445 10474 10446
f 10446 10474 10475
f 10446 10475 10447
f 10447 10475 10476
f 10447 10476 10448
f 10448 10476 10477
f 10448 10477 10449
f 10449 10477 10478
f 10449 10478 10450
f 10450 10478 10479
f 10450 10479 10451
f 10451 10479 10480
f 10451 10480 10452
f 10452 10480 10481
f 10452 10481 10453
f 10453 10481 10482
f 10453 10482 10454
f 10454 10482 10483
f 10454 10483 10455
f 10455 10483 10484
f 10455 10484 10456
f 10456 10484 10485
f 10456 10485 10457
f 10457 10485 10486
f 10457 10486 10458
f 10458 10486 10487
f 10458 10487 10459
f 10459 10487 10488
f 10459 10488 10460
f 10460 10488 10489
f 10460 10489 10461
f 10461 10489 10490
f 10461 10490 10462
f 10462 10490 10491
f 10462 10491 10463
f 10463 10491 10492
f 10463 10492 10464
f 10464 10492 10493
f 10464 10493 10465
f 10465 10493 10494
f 10465 10494 10466
f 10466 10494 10495
f 10466 10495 10467
f 10467 10495 10496
f 10467 10496 10468
f 10468 10496 10497
f 10468 10497 10469
f 10469 10497 10498
f 10469 10498 10470
f 10470 10498 10499
f 10470 10499 10471
f 10471 10499 10500
f 10471 10500 10472
f 10472 10500 10473
f 10472 10473 10445
f 10473 10501 10502
f 10473 10502 10474
f 10474 10502 10503
f 10474 10503 10475
f 10475 10503 10504
f 10475 10504 10476
f 10476 10504 10505
f 10476 10505 10477
f 10477 10505 10506
f 10477 10506 10478
f 10478 10506 10507
f 10478 10507 10479
f 10479 10507 10508
f 10479 10508 10480
f 10480 10508 10509
f 10480 10509 10481
f 10481 10509 10510
f 10481 10510 10482
f 10482 10510 10511
f 10482 10511 10483
f 10483 10511 10512
f 10483 10512 10484
f 10484 10512 10513
f 10484 10513 10485
f 10485 10513 10514
f 10485 10514 10486
f 10486 10514 10515
f 10486 10515 10487
f 10487 10515 10516
f 10487 10516 10488
f 10488 10516 10517
f 10488 10517 10489
f 10489 10517 10518
f 10489 10518 10490
f 10490 10518 10519
f 10490 10519 10491
f 10491 10519 10520
f 10491 10520 10492
f 10492 10520 10521
f 10492 10521 10493
f 10493 10521 10522
f 10493 10522 10494
f 10494 10522 10523
f 10494 10523 10495
f 10495 10523 10524
f 10495 10524 10496
f 10496 10524 10525
f 10496 10525 10497
f 10497 10525 10526
f 10497 10526 10498
f 10498 10526 10527
f 10498 10527 10499
f 10499 10527 10528
f 10499 10528 10500
f 10500 10528 10501
f 10500 10501 10473
f 10501 10529 10530
f 10501 10530 10502
f 10502 10530 10531
f 10502 10531 10503
f 10503 10531 10532
f 10503 10532 10504
f 10504 10532 10533
f 10504 10533 10505
f 10505 10533 10534
f 10505 10534 10506
f 10506 10534 10535
f 10506 10535 10507
f 10507 10535 10536
f 10507 10536 10508
f 10508 10536 10537
f 10508 10537 10509
f 10509 10537 10538
f 10509 10538 10510
f 10510 10538 10539
f 10510 10539 10511
f 10511 10539 10540
f 10511 10540 10512
f 10512 10540 10541
f 10512 10541 10513
f 10513 10541 10542
f 10513 10542 10514
f 10514 10542 10543
f 10514 10543 10515
f 10515 10543 10544
f 10515 10544 10516
f 10516 10544 10545
f 10516 10545 10517
f 10517 10545 10546
f 10517 10546 10518
f 10518 10546 10547
f 10518 10547 10519
f 10519 10547 10548
f 10519 10548 10520
f 10520 10548 10549
f 10520 10549 10521
f 10521 10549 10550
f 10521 10550 10522
f 10522 10550 10551
f 10522 10551 10523
f 10523 10551 10552
f 10523 10552 10524
f 10524 10552 10553
f 10524 10553 10525
f 10525 10553 10554
f 10525 10554 10526
f 10526 10554 10555
f 10526 10555 10527
f 10527 10555 10556
f 10527 10556 10528
f 10528 10556 10529
f 10528 10529 10501
f 10529 10557 10558
f 10529 10558 10530
f 10530 10558 10559
f 10530 10559 10531
f 10531 10559 10560
f 10531 10560 10532
f 10532 10560 10561
f 10532 10561 10533
f 10533 10561 10562
f 10533 10562 10534
f 10534 10562 10563
f 10534 10563 10535
f 10535 10563 10564
f 10535 10564 10536
f 10536 10564 10565
f 10536 10565 10537
f 10537 10565 10566
f 10537 10566 10538
f 10538 10566 10567
f 10538 10567 10539
f 10539 10567 10568
f 10539 10568 10540
f 10540 10568 10569
f 10540 10569 10541
f 10541 10569 10570
f 10541 10570 10542
f 10542 10570 10571
f 10542 10571 10543
f 10543 10571 10572
f 10543 10572 10544
f 10544 10572 10573
f 10544 10573 10545
f 10545 10573 10574
f 10545 10574 10546
f 10546 10574 10575
f 10546 10575 10547
f 10547 10575 10576
f 10547 10576 10548
f 10548 10576 10577
f 10548 10577 10549
f 10549 10577 10578
f 10549 10578 10550
f 10550 10578 10579
f 10550 10579 10551
f 10551 10579 10580
f 10551 10580 10552
f 10552 10580 10581
f 10552 10581 10553
f 10553 10581 10582
f 10553 10582 10554
f 10554 10582 10583
f 10554 10583 10555
f 10555 10583 10584
f 10555 10584 10556
f 10556 10584 10557
f 10556 10557 10529
f 10557 10585 10586
f 10557 10586 10558
f 10558 10586 10587
f 10558 10587 10559
f 10559 10587 10588
f 10559 10588 10560
f 10560 10588 10589
f 10560 10589 10561
f 10561 10589 10590
f 10561 10590 10562
f 10562 10590 10591
f 10562 10591 10563
f 10563 10591 10592
f 10563 10592 10564
f 10564 10592 10593
f 10564 10593 10565
f 10565 10593 10594
f 10565 10594 10566
f 10566 10594 10595
f 10566 10595 10567
f 10567 10595 10596
f 10567 10596 10568
f 10568 10596 10597
f 10568 10597 10569
f 10569 10597 10598
f 10569 10598 10570
f 10570 10598 10599
f 10570 10599 10571
f 10571 10599 10600
f 10571 10600 10572
f 10572 10600 10601
f 10572 10601 10573
f 10573 10601 10602
f 10573 10602 10574
f 10574 10602 10603
f 10574 10603 10575
f 10575 10603 10604
f 10575 10604 10576
f 10576 10604 10605
f 10576 10605 10577
f 10577 10605 10606
f 10577 10606 10578
f 10578 10606 10607
f 10578 10607 10579
f 10579 10607 10608
f 10579 10608 10580
f 10580 10608 10609
f 10580 10609 10581
f 10581 10609 10610
f 10581 10610 10582
f 10582 10610 10611
f 10582 10611 10583
f 10583 10611 10612
f 10583 10612 10584
f 10584 10612 10585
f 10584 10585 10557
f 10585 10613 10614
f 10585 10614 10586
f 10586 10614 10615
f 10586 10615 10587
f 10587 10615 10616
f 10587 10616 10588
f 10588 10616 10617
f 10588 10617 10589
f 10589 10617 10618
f 10589 10618 10590
f 10590 10618 10619
f 10590 10619 10591
f 10591 10619 10620
f 10591 10620 10592
f 10592 10620 10621
f 10592 10621 10593
f 10593 10621 10622
f 10593 10622 10594
f 10594 10622 10623
f 10594 10623 10595
f 10595 10623 10624
f 10595 10624 10596
f 10596 10624 10625
f 10596 10625 10597
f 10597 10625 10626
f 10597 10626 10598
f 10598 10626 10627
f 10598 10627 10599
f 10599 10627 10628
f 10599 10628 10600
f 10600 10628 10629
f 10600 10629 10601
f 10601 10629 10630
f 10601 10630 10602
f 10602 10630 10631
f 10602 10631 10603
f 10603 10631 10632
f 10603 10632 10604
f 10604 10632 10633
f 10604 10633 10605
f 10605 10633 10634
f 10605 10634 10606
f 10606 10634 10635
f 10606 10635 10607
f 10607 10635 10636
f 10607 10636 10608
f 10608 10636 10637
f 10608 10637 10609
f 10609 10637 10638
f 10609 10638 10610
f 10610 10638 10639
f 10610 10639 10611
f 10611 10639 10640
f 10611 10640 10612
f 10612 10640 10613
f 10612 10613 10585
f 10613 10641 10642
f 10613 10642 10614
f 10614 10642 10643
f 10614 10643 10615
f 10615 10643 10644
f 10615 10644 10616
f 10616 10644 10645
f 10616 10645 10617
f 10617 10645 10646
f 10617 10646 10618
f 10618 10646 10647
f 10618 10647 10619
f 10619 10647 10648
f 10619 10648 10620
f 10620 10648 10649
f 10620 10649 10621
f 10621 10649 10650
f 10621 10650 10622
f 10622 10650 10651
f 10622 10651 10623
f 10623 10651 10652
f 10623 10652 10624
f 10624 10652 10653
f 10624 10653 10625
f 10625 10653 10654
f 10625 10654 10626
f 10626 10654 10655
f 10626 10655 10627
f 10627 10655 10656
f 10627 10656 10628
f 10628 10656 10657
f 10628 10657 10629
f 10629 10657 10658
f 10629 10658 10630
f 10630 10658 10659
f 10630 10659 10631
f 10631 10659 10660
f 10631 10660 10632
f 10632 10660 10661
f 10632 10661 10633
f 10633 10661 10662
f 10633 10662 10634
f 10634 10662 10663
f 10634 10663 10635
f 10635 10663 10664
f 10635 10664 10636
f 10636 10664 10665
f 10636 10665 10637
f 10637 10665 10666
f 10637 10666 10638
f 10638 10666 10667
f 10638 10667 10639
f 10639 10667 10668
f 10639 10668 10640
f 10640 10668 10641
f 10640 10641 10613
f 10641 10669 10670
f 10641 10670 10642
f 10642 10670 10671
f 10642 10671 10643
f 10643 10671 10672
f 10643 10672 10644
f 10644 10672 10673
f 10644 10673 10645
f 10645 10673 10674
f 10645 10674 10646
f 10646 10674 10675
f 10646 10675 10647
f 10647 10675 10676
f 10647 10676 10648
f 10648 10676 10677
f 10648 10677 10649
f 10649 10677 10678
f 10649 10678 10650
f 10650 10678 10679
f 10650 10679 10651
f 10651 10679 10680
f 10651 10680 10652
f 10652 10680 10681
f 10652 10681 10653
f 10653 10681 10682
f 10653 10682 10654
f 10654 10682 10683
f 10654 10683 10655
f 10655 10683 10684
f 10655 10684 10656
f 10656 10684 10685
f 10656 10685 10657
f 10657 10685 10686
f 10657 10686 10658
f 10658 10686 10687
f 10658 10687 10659
f 10659 10687 10688
f 10659 10688 10660
f 10660 10688 10689
f 10660 10689 10661
f 10661 10689 10690
f 10661 10690 10662
f 10662 10690 10691
f 10662 10691 10663
f 10663 10691 10692
f 10663 10692 10664
f 10664 10692 10693
f 10664 10693 10665
f 10665 10693 10694
f 10665 10694 10666
f 10666 10694 10695
f 10666 10695 10667
f 10667 10695 10696
f 10667 10696 10668
f 10668 10696 10669
f 10668 10669 10641
f 10669 10697 10698
f 10669 10698 10670
f 10670 10698 10699
f 10670 10699 10671
f 10671 10699 10700
f 10671 10700 10672
f 10672 10700 10701
f 10672 10701 10673
f 10673 10701 10702
f 10673 10702 10674
f 10674 10702 10703
f 10674 10703 10675
f 10675 10703 10704
f 10675 10704 10676
f 10676 10704 10705
f 10676 10705 10677
f 10677 10705 10706
f 10677 10706 10678
f 10678 10706 10707
f 10678 10707 10679
f 10679 10707 10708
f 10679 10708 10680
f 10680 10708 10709
f 10680 10709 10681
f 10681 10709 10710
f 10681 10710 10682
f 10682 10710 10711
f 10682 10711 10683
f 10683 10711 10712
f 10683 10712 10684
f 10684 10712 10713
f 10684 10713 10685
f 10685 10713 10714
f 10685 10714 10686
f 10686 10714 10715
f 10686 10715 10687
f 10687 10715 10716
f 10687 10716 10688
f 10688 10716 10717
f 10688 10717 10689
f 10689 10717 10718
f 10689 10718 10690
f 10690 10718 10719
f 10690 10719 10691
f 10691 10719 10720
f 10691 10720 10692
f 10692 10720 10721
f 10692 10721 10693
f 10693 10721 10722
f 10693 10722 10694
f 10694 10722 10723
f 10694 10723 10695
f 10695 10723 10724
f 10695 10724 10696
f 10696 10724 10697
f 10696 10697 10669
f 10697 10725 10726
f 10697 10726 10698
f 10698 10726 10727
f 10698 10727 10699
f 10699 10727 10728
f 10699 10728 10700
f 10700 10728 10729
f 10700 10729 10701
f 10701 10729 10730
f 10701 10730 10702
f 10702 10730 10731
f 10702 10731 10703
f 10703 10731 10732
f 10703 10732 10704
f 10704 10732 10733
f 10704 10733 10705
f 10705 10733 10734
f 10705 10734 10706
f 10706 10734 10735
f 10706 10735 10707
f 10707 10735 10736
f 10707 10736 10708
f 10708 10736 10737
f 10708 10737 10709
f 10709 10737 10738
f 10709 10738 10710
f 10710 10738 10739
f 10710 10739 10711
f 10711 10739 10740
f 10711 10740 10712
f 10712 10740 10741
f 10712 10741 10713
f 10713 10741 10742
f 10713 10742 10714
f 10714 10742 10743
f 10714 10743 10715
f 10715 10743 10744
f 10715 10744 10716
f 10716 10744 10745
f 10716 10745 10717
f 10717 10745 10746
f 10717 10746 10718
f 10718 10746 10747
f 10718 10747 10719
f 10719 10747 10748
f 10719 10748 10720
f 10720 10748 10749
f 10720 10749 10721
f 10721 10749 10750
f 10721 10750 10722
f 10722 10750 10751
f 10722 10751 10723
f 10723 10751 10752
f 10723 10752 10724
f 10724 10752 10725
f 10724 10725 10697
f 10725 10753 10754
f 10725 10754 10726
f 10726 10754 10755
f 10726 10755 10727
f 10727 10755 10756
f 10727 10756 10728
f 10728 10756 10757
f 10728 10757 10729
f 10729 10757 10758
f 10729 10758 10730
f 10730 10758 10759
f 10730 10759 10731
f 10731 10759 10760
f 10731 10760 10732
f 10732 10760 10761
f 10732 10761 10733
f 10733 10761 10762
f 10733 10762 10734
f 10734 10762 10763
f 10734 10763 10735
f 10735 10763 10764
f 10735 10764 10736
f 10736 10764 10765
f 10736 10765 10737
f 10737 10765 10766
f 10737 10766 10738
f 10738 10766 10767
f 10738 10767 10739
f 10739 10767 10768
f 10739 10768 10740
f 10740 10768 10769
f 10740 10769 10741
f 10741 10769 10770
f 10741 10770 10742
f 10742 10770 10771
f 10742 10771 10743
f 10743 10771 10772
f 10743 10772 10744
f 10744 10772 10773
f 10744 10773 10745
f 10745 10773 10774
f 10745 10774 10746
f 10746 10774 10775
f 10746 10775 10747
f 10747 10775 10776
f 10747 10776 10748
f 10748 10776 10777
f 10748 10777 10749
f 10749 10777 10778
f 10749 10778 10750
f 10750 10778 10779
f 10750 10779 10751
f 10751 10779 10780
f 10751 10780 10752
f 10752 10780 10753
f 10752 10753 10725
f 10753 10781 10782
f 10753 10782 10754
f 10754 10782 10783
f 10754 10783 10755
f 10755 10783 10784
f 10755 10784 10756
f 10756 10784 10785
f 10756 10785 10757
f 10757 10785 10786
f 10757 10786 10758
f 10758 10786 10787
f 10758 10787 10759
f 10759 10787 10788
f 10759 10788 10760
f 10760 10788 10789
f 10760 10789 10761
f 10761 10789 10790
f 10761 10790 10762
f 10762 10790 10791
f 10762 10791 10763
f 10763 10791 10792
f 10763 10792 10764
f 10764 10792 10793
f 10764 10793 10765
f 10765 10793 10794
f 10765 10794 10766
f 10766 10794 10795
f 10766 10795 10767
f 10767 10795 10796
f 10767 10796 10768
f 10768 10796 10797
f 10768 10797 10769
f 10769 10797 10798
f 10769 10798 10770
f 10770 10798 10799
f 10770 10799 10771
f 10771 10799 10800
f 10771 10800 10772
f 10772 10800 10801
f 10772 10801 10773
f 10773 10801 10802
f 10773 10802 10774
f 10774 10802 10803
f 10774 10803 10775
f 10775 10803 10804
f 10775 10804 10776
f 10776 10804 10805
f 10776 10805 10777
f 10777 10805 10806
f 10777 10806 10778
f 10778 10806 10807
f 10778 10807 10779
f 10779 10807 10808
f 10779 10808 10780
f 10780 10808 10781
f 10780 10781 10753
f 10781 10809 10810
f 10781 10810 10782
f 10782 10810 10811
f 10782 10811 10783
f 10783 10811 10812
f 10783 10812 10784
f 10784 10812 10813
f 10784 10813 10785
f 10785 10813 10814
f 10785 10814 10786
f 10786 10814 10815
f 10786 10815 10787
f 10787 10815 10816
f 10787 10816 10788
f 10788 10816 10817
f 10788 10817 10789
f 10789 10817 10818
f 10789 10818 10790
f 10790 10818 10819
f 10790 10819 10791
f 10791 10819 10820
f 10791 10820 10792
f 10792 10820 10821
f 10792 10821 10793
f 10793 10821 10822
f 10793 10822 10794
f 10794 10822 10823
f 10794 10823 10795
f 10795 10823 10824
f 10795 10824 10796
f 10796 10824 10825
f 10796 10825 10797
f 10797 10825 10826
f 10797 10826 10798
f 10798 10826 10827
f 10798 10827 10799
f 10799 10827 10828
f 10799 10828 10800
f 10800 10828 10829
f 10800 10829 10801
f 10801 10829 10830
f 10801 10830 10802
f 10802 10830 10831
f 10802 10831 10803
f 10803 10831 10832
f 10803 10832 10804
f 10804 10832 10833
f 10804 10833 10805
f 10805 10833 10834
f 10805 10834 10806
f 10806 10834 10835
f 10806 10835 10807
f 10807 10835 10836
f 10807 10836 10808
f 10808 10836 10809
f 10808 10809 10781
f 10809 10837 10838
f 10809 10838 10810
f 10810 10838 10839
f 10810 10839 10811
f 10811 10839 10840
f 10811 10840 10812
f 10812 10840 10841
f 10812 10841 10813
f 10813 10841 10842
f 10813 10842 10814
f 10814 10842 10843
f 10814 10843 10815
f 10815 10843 10844
f 10815 10844 10816
f 10816 10844 10845
f 10816 10845 10817
f 10817 10845 10846
f 10817 10846 10818
f 10818 10846 10847
f 10818 10847 10819
f 10819 10847 10848
f 10819 10848 10820
f 10820 10848 10849
f 10820 10849 10821
f 10821 10849 10850
f 10821 10850 10822
f 10822 10850 10851
f 10822 10851 10823
f 10823 10851 10852
f 10823 10852 10824
f 10824 10852 10853
f 10824 10853 10825
f 10825 10853 10854
f 10825 10854 10826
f 10826 10854 10855
f 10826 10855 10827
f 10827 10855 10856
f 10827 10856 10828
f 10828 10856 10857
f 10828 10857 10829
f 10829 10857 10858
f 10829 10858 10830
f 10830 10858 10859
f 10830 10859 10831
f 10831 10859 10860
f 10831 10860 10832
f 10832 10860 10861
f 10832 10861 10833
f 10833 10861 10862
f 10833 10862 10834
f 10834 10862 10863
f 10834 10863 10835
f 10835 10863 10864
f 10835 10864 10836
f 10836 10864 10837
f 10836 10837 10809
f 10837 10865 10866
f 10837 10866 10838
f 10838 10866 10867
f 10838 10867 10839
f 10839 10867 10868
f 10839 10868 10840
f 10840 10868 10869
f 10840 10869 10841
f 10841 10869 10870
f 10841 10870 10842
f 10842 10870 10871
f 10842 10871 10843
f 10843 10871 10872
f 10843 10872 10844
f 10844 10872 10873
f 10844 10873 10845
f 10845 10873 10874
f 10845 10874 10846
f 10846 10874 10875
f 10846 10875 10847
f 10847 10875 10876
f 10847 10876 10848
f 10848 10876 10877
f 10848 10877 10849
f 10849 10877 10878
f 10849 10878 10850
f 10850 10878 10879
f 10850 10879 10851
f 10851 10879 10880
f 10851 10880 10852
f 10852 10880 10881
f 10852 10881 10853
f 10853 10881 10882
f 10853 10882 10854
f 10854 10882 10883
f 10854 10883 10855
f 10855 10883 10884
f 10855 10884 10856
f 10856 10884 10885
f 10856 10885 10857
f 10857 10885 10886
f 10857 10886 10858
f 10858 10886 10887
f 10858 10887 10859
f 10859 10887 10888
f 10859 10888 10860
f 10860 10888 10889
f 10860 10889 10861
f 10861 10889 10890
f 10861 10890 10862
f 10862 10890 10891
f 10862 10891 10863
f 10863 10891 10892
f 10863 10892 10864
f 10864 10892 10865
f 10864 10865 10837
f 10865 10893 10894
f 10865 10894 10866
f 10866 10894 10895
f 10866 10895 10867
f 10867 10895 10896
f 10867 10896 10868
f 10868 10896 10897
f 10868 10897 10869
f 10869 10897 10898
f 10869 10898 10870
f 10870 10898 10899
f 10870 10899 10871
f 10871 10899 10900
f 10871 10900 10872
f 10872 10900 10901
f 10872 10901 10873
f 10873 10901 10902
f 10873 10902 10874
f 10874 10902 10903
f 10874 10903 10875
f 10875 10903 10904
f 10875 10904 10876
f 10876 10904 10905
f 10876 10905 10877
f 10877 10905 10906
f 10877 10906 10878
f 10878 10906 10907
f 10878 10907 10879
f 10879 10907 10908
f 10879 10908 10880
f 10880 10908 10909
f 10880 10909 10881
f 10881 10909 10910
f 10881 10910 10882
f 10882 10910 10911
f 10882 10911 10883
f 10883 10911 10912
f 10883 10912 10884
f 10884 10912 10913
f 10884 10913 10885
f 10885 10913 10914
f 10885 10914 10886
f 10886 10914 10915
f 10886 10915 10887
f 10887 10915 10916
f 10887 10916 10888
f 10888 10916 10917
f 10888 10917 10889
f 10889 10917 10918
f 10889 10918 10890
f 10890 10918 10919
f 10890 10919 10891
f 10891 10919 10920
f 10891 10920 10892
f 10892 10920 10893
f 10892 10893 10865
f 10893 10921 10922
f 10893 10922 10894
f 10894 10922 10923
f 10894 10923 10895
f 10895 10923 10924
f 10895 10924 10896
f 10896 10924 10925
f 10896 10925 10897
f 10897 10925 10926
f 10897 10926 10898
f 10898 10926 10927
f 10898 10927 10899
f 10899 10927 10928
f 10899 10928 10900
f 10900 10928 10929
f 10900 10929 10901
f 10901 10929 10930
f 10901 10930 10902
f 10902 10930 10931
f 10902 10931 10903
f 10903 10931 10932
f 10903 10932 10904
f 10904 10932 10933
f 10904 10933 10905
f 10905 10933 10934
f 10905 10934 10906
f 10906 10934 10935
f 10906 10935 10907
f 10907 10935 10936
f 10907 10936 10908
f 10908 10936 10937
f 10908 10937 10909
f 10909 10937 10938
f 10909 10938 10910
f 10910 10938 10939
f 10910 10939 10911
f 10911 10939 10940
f 10911 10940 10912
f 10912 10940 10941
f 10912 10941 10913
f 10913 10941 10942
f 10913 10942 10914
f 10914 10942 10943
f 10914 10943 10915
f 10915 10943 10944
f 10915 10944 10916
f 10916 10944 10945
f 10916 10945 10917
f 10917 10945 10946
f 10917 10946 10918
f 10918 10946 10947
f 10918 10947 10919
f 10919 10947 10948
f 10919 10948 10920
f 10920 10948 10921
f 10920 10921 10893
f 10921 10949 10950
f 10921 10950 10922
f 10922 10950 10951
f 10922 10951 10923
f 10923 10951 10952
f 10923 10952 10924
f 10924 10952 10953
f 10924 10953 10925
f 10925 10953 10954
f 10925 10954 10926
f 10926 10954 10955
f 10926 10955 10927
f 10927 10955 10956
f 10927 10956 10928
f 10928 10956 10957
f 10928 10957 10929
f 10929 10957 10958
f 10929 10958 10930
f 10930 10958 10959
f 10930 10959 10931
f 10931 10959 10960
f 10931 10960 10932
f 10932 10960 10961
f 10932 10961 10933
f 10933 10961 10962
f 10933 10962 10934
f 10934 10962 10963
f 10934 10963 10935
f 10935 10963 10964
f 10935 10964 10936
f 10936 10964 10965
f 10936 10965 10937
f 10937 10965 10966
f 10937 10966 10938
f 10938 10966 10967
f 10938 10967 10939
f 10939 10967 10968
f 10939 10968 10940
f 10940 10968 10969
f 10940 10969 10941
f 10941 10969 10970
f 10941 10970 10942
f 10942 10970 10971
f 10942 10971 10943
f 10943 10971 10972
f 10943 10972 10944
f 10944 10972 10973
f 10944 10973 10945
f 10945 10973 10974
f 10945 10974 10946
f 10946 10974 10975
f 10946 10975 10947
f 10947 10975 10976
f 10947 10976 10948
f 10948 10976 10949
f 10948 10949 10921
f 10949 10977 10978
f 10949 10978 10950
f 10950 10978 10979
f 10950 10979 10951
f 10951 10979 10980
f 10951 10980 10952
f 10952 10980 10981
f 10952 10981 10953
f 10953 10981 10982
f 10953 10982 10954
f 10954 10982 10983
f 10954 10983 10955
f 10955 10983 10984
f 10955 10984 10956
f 10956 10984 10985
f 10956 10985 10957
f 10957 10985 10986
f 10957 10986 10958
f 10958 10986 10987
f 10958 10987 10959
f 10959 10987 10988
f 10959 10988 10960
f 10960 10988 10989
f 10960 10989 10961
f 10961 10989 10990
f 10961 10990 10962
f 10962 10990 10991
f 10962 10991 10963
f 10963 10991 10992
f 10963 10992 10964
f 10964 10992 10993
f 10964 10993 10965
f 10965 10993 10994
f 10965 10994 10966
f 10966 10994 10995
f 10966 10995 10967
f 10967 10995 10996
f 10967 10996 10968
f 10968 10996 10997
f 10968 10997 10969
f 10969 10997 10998
f 10969 10998 10970
f 10970 10998 10999
f 10970 10999 10971
f 10971 10999 11000
f 10971 11000 10972
f 10972 11000 11001
f 10972 11001 10973
f 10973 11001 11002
f 10973 11002 10974
f 10974 11002 11003
f 10974 11003 10975
f 10975 11003 11004
f 10975 11004 10976
f 10976 11004 10977
f 10976 10977 10949
f 10977 11005 11006
f 10977 11006 10978
f 10978 11006 11007
f 10978 11007 10979
f 10979 11007 11008
f 10979 11008 10980
f 10980 11008 11009
f 10980 11009 10981
f 10981 11009 11010
f 10981 11010 10982
f 10982 11010 11011
f 10982 11011 10983
f 10983 11011 11012
f 10983 11012 10984
f 10984 11012 11013
f 10984 11013 10985
f 10985 11013 11014
f 10985 11014 10986
f 10986 11014 11015
f 10986 11015 10987
f 10987 11015 11016
f 10987 11016 10988
f 10988 11016 11017
f 10988 11017 10989
f 10989 11017 11018
f 10989 11018 10990
f 10990 11018 11019
f 10990 11019 10991
f 10991 11019 11020
f 10991 11020 10992
f 10992 11020 11021
f 10992 11021 10993
f 10993 11021 11022
f 10993 11022 10994
f 10994 11022 11023
f 10994 11023 10995
f 10995 11023 11024
f 10995 11024 10996
f 10996 11024 11025
f 10996 11025 10997
f 10997 11025 11026
f 10997 11026 10998
f 10998 11026 11027
f 10998 11027 10999
f 10999 11027 11028
f 10999 11028 11000
f 11000 11028 11029
f 11000 11029 11001
f 11001 11029 11030
f 11001 11030 11002
f 11002 11030 11031
f 11002 11031 11003
f 11003 11031 11032
f 11003 11032 11004
f 11004 11032 11005
f 11004 11005 10977
f 11005 11033 11034
f 11005 11034 11006
f 11006 11034 11035
f 11006 11035 11007
f 11007 11035 11036
f 11007 11036 11008
f 11008 11036 11037
f 11008 11037 11009
f 11009 11037 11038
f 11009 11038 11010
f 11010 11038 11039
f 11010 11039 11011
f 11011 11039 11040
f 11011 11040 11012
f 11012 11040 11041
f 11012 11041 11013
f 11013 11041 11042
f 11013 11042 11014
f 11014 11042 11043
f 11014 11043 11015
f 11015 11043 11044
f 11015 11044 11016
f 11016 11044 11045
f 11016 11045 11017
f 11017 11045 11046
f 11017 11046 11018
f 11018 11046 11047
f 11018 11047 11019
f 11019 11047 11048
f 11019 11048 11020
f 11020 11048 11049
f 11020 11049 11021
f 11021 11049 11050
f 11021 11050 11022
f 11022 11050 11051
f 11022 11051 11023
f 11023 11051 11052
f 11023 11052 11024
f 11024 11052 11053
f 11024 11053 11025
f 11025 11053 11054
f 11025 11054 11026
f 11026 11054 11055
f 11026 11055 11027
f 11027 11055 11056
f 11027 11056 11028
f 11028 11056 11057
f 11028 11057 11029
f 11029 11057 11058
f 11029 11058 11030
f 11030 11058 11059
f 11030 11059 11031
f 11031 11059 11060
f 11031 11060 11032
f 11032 11060 11033
f 11032 11033 11005
f 11033 11061 11062
f 11033 11062 11034
f 11034 11062 11063
f 11034 11063 11035
f 11035 11063 11064
f 11035 11064 11036
f 11036 11064 11065
f 11036 11065 11037
f 11037 11065 11066
f 11037 11066 11038
f 11038 11066 11067
f 11038 11067 11039
f 11039 11067 11068
f 11039 11068 11040
f 11040 11068 11069
f 11040 11069 11041
f 11041 11069 11070
f 11041 11070 11042
f 11042 11070 11071
f 11042 11071 11043
f 11043 11071 11072
f 11043 11072 11044
f 11044 11072 11073
f 11044 11073 11045
f 11045 11073 11074
f 11045 11074 11046
f 11046 11074 11075
f 11046 11075 11047
f 11047 11075 11076
f 11047 11076 11048
f 11048 11076 11077
f 11048 11077 11049
f 11049 11077 11078
f 11049 11078 11050
f 11050 11078 11079
f 11050 11079 11051
f 11051 11079 11080
f 11051 11080 11052
f 11052 11080 11081
f 11052 11081 11053
f 11053 11081 11082
f 11053 11082 11054
f 11054 11082 11083
f 11054 11083 11055
f 11055 11083 11084
f 11055 11084 11056
f 11056 11084 11085
f 11056 11085 11057
f 11057 11085 11086
f 11057 11086 11058
f 11058 11086 11087
f 11058 11087 11059
f 11059 11087 11088
f 11059 11088 11060
f 11060 11088 11061
f 11060 11061 11033
f 11061 11089 11090
f 11061 11090 11062
f 11062 11090 11091
f 11062 11091 11063
f 11063 11091 11092
f 11063 11092 11064
f 11064 11092 11093
f 11064 11093 11065
f 11065 11093 11094
f 11065 11094 11066
f 11066 11094 11095
f 11066 11095 11067
f 11067 11095 11096
f 11067 11096 11068
f 11068 11096 11097
f 11068 11097 11069
f 11069 11097 11098
f 11069 11098 11070
f 11070 11098 11099
f 11070 11099 11071
f 11071 11099 11100
f 11071 11100 11072
f 11072 11100 11101
f 11072 11101 11073
f 11073 11101 11102
f 11073 11102 11074
f 11074 11102 11103
f 11074 11103 11075
f 11075 11103 11104
f 11075 11104 11076
f 11076 11104 11105
f 11076 11105 11077
f 11077 11105 11106
f 11077 11106 11078
f 11078 11106 11107
f 11078 11107 11079
f 11079 11107 11108
f 11079 11108 11080
f 11080 11108 11109
f 11080 11109 11081
f 11081 11109 11110
f 11081 11110 11082
f 11082 11110 11111
f 11082 11111 11083
f 11083 11111 11112
f 11083 11112 11084
f 11084 11112 11113
f 11084 11113 11085
f 11085 11113 11114
f 11085 11114 11086
f 11086 11114 11115
f 11086 11115 11087
f 11087 11115 11116
f 11087 11116 11088
f 11088 11116 11089
f 11088 11089 11061
f 11089 11117 11118
f 11089 11118 11090
f 11090 11118 11119
f 11090 11119 11091
f 11091 11119 11120
f 11091 11120 11092
f 11092 11120 11121
f 11092 11121 11093
f 11093 11121 11122
f 11093 11122 11094
f 11094 11122 11123
f 11094 11123 11095
f 11095 11123 11124
f 11095 11124 11096
f 11096 11124 11125
f 11096 11125 11097
f 11097 11125 11126
f 11097 11126 11098
f 11098 11126 11127
f 11098 11127 11099
f 11099 11127 11128
f 11099 11128 11100
f 11100 11128 11129
f 11100 11129 11101
f 11101 11129 11130
f 11101 11130 11102
f 11102 11130 11131
f 11102 11131 11103
f 11103 11131 11132
f 11103 11132 11104
f 11104 11132 11133
f 11104 11133 11105
f 11105 11133 11134
f 11105 11134 11106
f 11106 11134 11135
f 11106 11135 11107
f 11107 11135 11136
f 11107 11136 11108
f 11108 11136 11137
f 11108 11137 11109
f 11109 11137 11138
f 11109 11138 11110
f 11110 11138 11139
f 11110 11139 11111
f 11111 11139 11140
f 11111 11140 11112
f 11112 11140 11141
f 11112 11141 11113
f 11113 11141 11142
f 11113 11142 11114
f 11114 11142 11143
f 11114 11143 11115
f 11115 11143 11144
f 11115 11144 11116
f 11116 11144 11117
f 11116 11117 11089
f 11117 11145 11146
f 11117 11146 11118
f 11118 11146 11147
f 11118 11147 11119
f 11119 11147 11148
f 11119 11148 11120
f 11120 11148 11149
f 11120 11149 11121
f 11121 11149 11150
f 11121 11150 11122
f 11122 11150 11151
f 11122 11151 11123
f 11123 11151 11152
f 11123 11152 11124
f 11124 11152 11153
f 11124 11153 11125
f 11125 11153 11154
f 11125 11154 11126
f 11126 11154 11155
f 11126 11155 11127
f 11127 11155 11156
f 11127 11156 11128
f 11128 11156 11157
f 11128 11157 11129
f 11129 11157 11158
f 11129 11158 11130
f 11130 11158 11159
f 11130 11159 11131
f 11131 11159 11160
f 11131 11160 11132
f 11132 11160 11161
f 11132 11161 11133
f 11133 11161 11162
f 11133 11162 11134
f 11134 11162 11163
f 11134 11163 11135
f 11135 11163 11164
f 11135 11164 11136
f 11136 11164 11165
f 11136 11165 11137
f 11137 11165 11166
f 11137 11166 11138
f 11138 11166 11167
f 11138 11167 11139
f 11139 11167 11168
f 11139 11168 11140
f 11140 11168 11169
f 11140 11169 11141
f 11141 11169 11170
f 11141 11170 11142
f 11142 11170 11171
f 11142 11171 11143
f 11143 11171 11172
f 11143 11172 11144
f 11144 11172 11145
f 11144 11145 11117
f 11145 11173 11174
f 11145 11174 11146
f 11146 11174 11175
f 11146 11175 11147
f 11147 11175 11176
f 11147 11176 11148
f 11148 11176 11177
f 11148 11177 11149
f 11149 11177 11178
f 11149 11178 11150
f 11150 11178 11179
f 11150 11179 11151
f 11151 11179 11180
f 11151 11180 11152
f 11152 11180 11181
f 11152 11181 11153
f 11153 11181 11182
f 11153 11182 11154
f 11154 11182 11183
f 11154 11183 11155
f 11155 11183 11184
f 11155 11184 11156
f 11156 11184 11185
f 11156 11185 11157
f 11157 11185 11186
f 11157 11186 11158
f 11158 11186 11187
f 11158 11187 11159
f 11159 11187 11188
f 11159 11188 11160
f 11160 11188 11189
f 11160 11189 11161
f 11161 11189 11190
f 11161 11190 11162
f 11162 11190 11191
f 11162 11191 11163
f 11163 11191 11192
f 11163 11192 11164
f 11164 11192 11193
f 11164 11193 11165
f 11165 11193 11194
f 11165 11194 11166
f 11166 11194 11195
f 11166 11195 11167
f 11167 11195 11196
f 11167 11196 11168
f 11168 11196 11197
f 11168 11197 11169
f 11169 11197 11198
f 11169 11198 11170
f 11170 11198 11199
f 11170 11199 11171
f 11171 11199 11200
f 11171 11200 11172
f 11172 11200 11173
f 11172 11173 11145
f 11173 11201 11202
f 11173 11202 11174
f 11174 11202 11203
f 11174 11203 11175
f 11175 11203 11204
f 11175 11204 11176
f 11176 11204 11205
f 11176 11205 11177
f 11177 11205 11206
f 11177 11206 11178
f 11178 11206 11207
f 11178 11207 11179
f 11179 11207 11208
f 11179 11208 11180
f 11180 11208 11209
f 11180 11209 11181
f 11181 11209 11210
f 11181 11210 11182
f 11182 11210 11211
f 11182 11211 11183
f 11183 11211 11212
f 11183 11212 11184
f 11184 11212 11213
f 11184 11213 11185
f 11185 11213 11214
f 11185 11214 11186
f 11186 11214 11215
f 11186 11215 11187
f 11187 11215 11216
f 11187 11216 11188
f 11188 11216 11217
f 11188 11217 11189
f 11189 11217 11218
f 11189 11218 11190
f 11190 11218 11219
f 11190 11219 11191
f 11191 11219 11220
f 11191 11220 11192
f 11192 11220 11221
f 11192 11221 11193
f 11193 11221 11222
f 11193 11222 11194
f 11194 11222 11223
f 11194 11223 11195
f 11195 11223 11224
f 11195 11224 11196
f 11196 11224 11225
f 11196 11225 11197
f 11197 11225 11226
f 11197 11226 11198
f 11198 11226 11227
f 11198 11227 11199
f 11199 11227 11228
f 11199 11228 11200
f 11200 11228 11201
f 11200 11201 11173
f 11201 11229 11230
f 11201 11230 11202
f 11202 11230 11231
f 11202 11231 11203
f 11203 11231 11232
f 11203 11232 11204
f 11204 11232 11233
f 11204 11233 11205
f 11205 11233 11234
f 11205 11234 11206
f 11206 11234 11235
f 11206 11235 11207
f 11207 11235 11236
f 11207 11236 11208
f 11208 11236 11237
f 11208 11237 11209
f 11209 11237 11238
f 11209 11238 11210
f 11210 11238 11239
f 11210 11239 11211
f 11211 11239 11240
f 11211 11240 11212
f 11212 11240 11241
f 11212 11241 11213
f 11213 11241 11242
f 11213 11242 11214
f 11214 11242 11243
f 11214 11243 11215
f 11215 11243 11244
f 11215 11244 11216
f 11216 11244 11245
f 11216 11245 11217
f 11217 11245 11246
f 11217 11246 11218
f 11218 11246 11247
f 11218 11247 11219
f 11219 11247 11248
f 11219 11248 11220
f 11220 11248 11249
f 11220 11249 11221
f 11221 11249 11250
f 11221 11250 11222
f 11222 11250 11251
f 11222 11251 11223
f 11223 11251 11252
f 11223 11252 11224
f 11224 11252 11253
f 11224 11253 11225
f 11225 11253 11254
f 11225 11254 11226
f 11226 11254 11255
f 11226 11255 11227
f 11227 11255 11256
f 11227 11256 11228
f 11228 11256 11229
f 11228 11229 11201
f 11229 11257 11258
f 11229 11258 11230
f 11230 11258 11259
f 11230 11259 11231
f 11231 11259 11260
f 11231 11260 11232
f 11232 11260 11261
f 11232 11261 11233
f 11233 11261 11262
f 11233 11262 11234
f 11234 11262 11263
f 11234 11263 11235
f 11235 11263 11264
f 11235 11264 11236
f 11236 11264 11265
f 11236 11265 11237
f 11237 11265 11266
f 11237 11266 11238
f 11238 11266 11267
f 11238 11267 11239
f 11239 11267 11268
f 11239 11268 11240
f 11240 11268 11269
f 11240 11269 11241
f 11241 11269 11270
f 11241 11270 11242
f 11242 11270 11271
f 11242 11271 11243
f 11243 11271 11272
f 11243 11272 11244
f 11244 11272 11273
f 11244 11273 11245
f 11245 11273 11274
f 11245 11274 11246
f 11246 11274 11275
f 11246 11275 11247
f 11247 11275 11276
f 11247 11276 11248
f 11248 11276 11277
f 11248 11277 11249
f 11249 11277 11278
f 11249 11278 11250
f 11250 11278 11279
f 11250 11279 11251
f 11251 11279 11280
f 11251 11280 11252
f 11252 11280 11281
f 11252 11281 11253
f 11253 11281 11282
f 11253 11282 11254
f 11254 11282 11283
f 11254 11283 11255
f 11255 11283 11284
f 11255 11284 11256
f 11256 11284 11257
f 11256 11257 11229
f 11257 11285 11286
f 11257 11286 11258
f 11258 11286 11287
f 11258 11287 11259
f 11259 11287 11288
f 11259 11288 11260
f 11260 11288 11289
f 11260 11289 11261
f 11261 11289 11290
f 11261 11290 11262
f 11262 11290 11291
f 11262 11291 11263
f 11263 11291 11292
f 11263 11292 11264
f 11264 11292 11293
f 11264 11293 11265
f 11265 11293 11294
f 11265 11294 11266
f 11266 11294 11295
f 11266 11295 11267
f 11267 11295 11296
f 11267 11296 11268
f 11268 11296 11297
f 11268 11297 11269
f 11269 11297 11298
f 11269 11298 11270
f 11270 11298 11299
f 11270 11299 11271
f 11271 11299 11300
f 11271 11300 11272
f 11272 11300 11301
f 11272 11301 11273
f 11273 11301 11302
f 11273 11302 11274
f 11274 11302 11303
f 11274 11303 11275
f 11275 11303 11304
f 11275 11304 11276
f 11276 11304 11305
f 11276 11305 11277
f 11277 11305 11306
f 11277 11306 11278
f 11278 11306 11307
f 11278 11307 11279
f 11279 11307 11308
f 11279 11308 11280
f 11280 11308 11309
f 11280 11309 11281
f 11281 11309 11310
f 11281 11310 11282
f 11282 11310 11311
f 11282 11311 11283
f 11283 11311 11312
f 11283 11312 11284
f 11284 11312 11285
f 11284 11285 11257
f 11285 11313 11314
f 11285 11314 11286
f 11286 11314 11315
f 11286 11315 11287
f 11287 11315 11316
f 11287 11316 11288
f 11288 11316 11317
f 11288 11317 11289
f 11289 11317 11318
f 11289 11318 11290
f 11290 11318 11319
f 11290 11319 11291
f 11291 11319 11320
f 11291 11320 11292
f 11292 11320 11321
f 11292 11321 11293
f 11293 11321 11322
f 11293 11322 11294
f 11294 11322 11323
f 11294 11323 11295
f 11295 11323 11324
f 11295 11324 11296
f 11296 11324 11325
f 11296 11325 11297
f 11297 11325 11326
f 11297 11326 11298
f 11298 11326 11327
f 11298 11327 11299
f 11299 11327 11328
f 11299 11328 11300
f 11300 11328 11329
f 11300 11329 11301
f 11301 11329 11330
f 11301 11330 11302
f 11302 11330 11331
f 11302 11331 11303
f 11303 11331 11332
f 11303 11332 11304
f 11304 11332 11333
f 11304 11333 11305
f 11305 11333 11334
f 11305 11334 11306
f 11306 11334 11335
f 11306 11335 11307
f 11307 11335 11336
f 11307 11336 11308
f 11308 11336 11337
f 11308 11337 11309
f 11309 11337 11338
f 11309 11338 11310
f 11310 11338 11339
f 11310 11339 11311
f 11311 11339 11340
f 11311 11340 11312
f 11312 11340 11313
f 11312 11313 11285
f 11313 11341 11342
f 11313 11342 11314
f 11314 11342 11343
f 11314 11343 11315
f 11315 11343 11344
f 11315 11344 11316
f 11316 11344 11345
f 11316 11345 11317
f 11317 11345 11346
f 11317 11346 11318
f 11318 11346 11347
f 11318 11347 11319
f 11319 11347 11348
f 11319 11348 11320
f 11320 11348 11349
f 11320 11349 11321
f 11321 11349 11350
f 11321 11350 11322
f 11322 11350 11351
f 11322 11351 11323
f 11323 11351 11352
f 11323 11352 11324
f 11324 11352 11353
f 11324 11353 11325
f 11325 11353 11354
f 11325 11354 11326
f 11326 11354 11355
f 11326 11355 11327
f 11327 11355 11356
f 11327 11356 11328
f 11328 11356 11357
f 11328 11357 11329
f 11329 11357 11358
f 11329 11358 11330
f 11330 11358 11359
f 11330 11359 11331
f 11331 11359 11360
f 11331 11360 11332
f 11332 11360 11361
f 11332 11361 11333
f 11333 11361 11362
f 11333 11362 11334
f 11334 11362 11363
f 11334 11363 11335
f 11335 11363 11364
f 11335 11364 11336
f 11336 11364 11365
f 11336 11365 11337
f 11337 11365 11366
f 11337 11366 11338
f 11338 11366 11367
f 11338 11367 11339
f 11339 11367 11368
f 11339 11368 11340
f 11340 11368 11341
f 11340 11341 11313
f 11341 11369 11370
f 11341 11370 11342
f 11342 11370 11371
f 11342 11371 11343
f 11343 11371 11372
f 11343 11372 11344
f 11344 11372 11373
f 11344 11373 11345
f 11345 11373 11374
f 11345 11374 11346
f 11346 11374 11375
f 11346 11375 11347
f 11347 11375 11376
f 11347 11376 11348
f 11348 11376 11377
f 11348 11377 11349
f 11349 11377 11378
f 11349 11378 11350
f 11350 11378 11379
f 11350 11379 11351
f 11351 11379 11380
f 11351 11380 11352
f 11352 11380 11381
f 11352 11381 11353
f 11353 11381 11382
f 11353 11382 11354
f 11354 11382 11383
f 11354 11383 11355
f 11355 11383 11384
f 11355 11384 11356
f 11356 11384 11385
f 11356 11385 11357
f 11357 11385 11386
f 11357 11386 11358
f 11358 11386 11387
f 11358 11387 11359
f 11359 11387 11388
f 11359 11388 11360
f 11360 11388 11389
f 11360 11389 11361
f 11361 11389 11390
f 11361 11390 11362
f 11362 11390 11391
f 11362 11391 11363
f 11363 11391 11392
f 11363 11392 11364
f 11364 11392 11393
f 11364 11393 11365
f 11365 11393 11394
f 11365 11394 11366
f 11366 11394 11395
f 11366 11395 11367
f 11367 11395 11396
f 11367 11396 11368
f 11368 11396 11369
f 11368 11369 11341
f 11369 11397 11398
f 11369 11398 11370
f 11370 11398 11399
f 11370 11399 11371
f 11371 11399 11400
f 11371 11400 11372
f 11372 11400 11401
f 11372 11401 11373
f 11373 11401 11402
f 11373 11402 11374
f 11374 11402 11403
f 11374 11403 11375
f 11375 11403 11404
f 11375 11404 11376
f 11376 11404 11405
f 11376 11405 11377
f 11377 11405 11406
f 11377 11406 11378
f 11378 11406 11407
f 11378 11407 11379
f 11379 11407 11408
f 11379 11408 11380
f 11380 11408 11409
f 11380 11409 11381
f 11381 11409 11410
f 11381 11410 11382
f 11382 11410 11411
f 11382 11411 11383
f 11383 11411 11412
f 11383 11412 11384
f 11384 11412 11413
f 11384 11413 11385
f 11385 11413 11414
f 11385 11414 11386
f 11386 11414 11415
f 11386 11415 11387
f 11387 11415 11416
f 11387 11416 11388
f 11388 11416 11417
f 11388 11417 11389
f 11389 11417 11418
f 11389 11418 11390
f 11390 11418 11419
f 11390 11419 11391
f 11391 11419 11420
f 11391 11420 11392
f 11392 11420 11421
f 11392 11421 11393
f 11393 11421 11422
f 11393 11422 11394
f 11394 11422 11423
f 11394 11423 11395
f 11395 11423 11424
f 11395 11424 11396
f 11396 11424 11397
f 11396 11397 11369
f 11397 11425 11426
f 11397 11426 11398
f 11398 11426 11427
f 11398 11427 11399
f 11399 11427 11428
f 11399 11428 11400
f 11400 11428 11429
f 11400 11429 11401
f 11401 11429 11430
f 11401 11430 11402
f 11402 11430 11431
f 11402 11431 11403
f 11403 11431 11432
f 11403 11432 11404
f 11404 11432 11433
f 11404 11433 11405
f 11405 11433 11434
f 11405 11434 11406
f 11406 11434 11435
f 11406 11435 11407
f 11407 11435 11436
f 11407 11436 11408
f 11408 11436 11437
f 11408 11437 11409
f 11409 11437 11438
f 11409 11438 11410
f 11410 11438 11439
f 11410 11439 11411
f 11411 11439 11440
f 11411 11440 11412
f 11412 11440 11441
f 11412 11441 11413
f 11413 11441 11442
f 11413 11442 11414
f 11414 11442 11443
f 11414 11443 11415
f 11415 11443 11444
f 11415 11444 11416
f 11416 11444 11445
f 11416 11445 11417
f 11417 11445 11446
f 11417 11446 11418
f 11418 11446 11447
f 11418 11447 11419
f 11419 11447 11448
f 11419 11448 11420
f 11420 11448 11449
f 11420 11449 11421
f 11421 11449 11450
f 11421 11450 11422
f 11422 11450 11451
f 11422 11451 11423
f 11423 11451 11452
f 11423 11452 11424
f 11424 11452 11425
f 11424 11425 11397
f 11425 11453 11454
f 11425 11454 11426
f 11426 11454 11455
f 11426 11455 11427
f 11427 11455 11456
f 11427 11456 11428
f 11428 11456 11457
f 11428 11457 11429
f 11429 11457 11458
f 11429 11458 11430
f 11430 11458 11459
f 11430 11459 11431
f 11431 11459 11460
f 11431 11460 11432
f 11432 11460 11461
f 11432 11461 11433
f 11433 11461 11462
f 11433 11462 11434
f 11434 11462 11463
f 11434 11463 11435
f 11435 11463 11464
f 11435 11464 11436
f 11436 11464 11465
f 11436 11465 11437
f 11437 11465 11466
f 11437 11466 11438
f 11438 11466 11467
f 11438 11467 11439
f 11439 11467 11468
f 11439 11468 11440
f 11440 11468 11469
f 11440 11469 11441
f 11441 11469 11470
f 11441 11470 11442
f 11442 11470 11471
f 11442 11471 11443
f 11443 11471 11472
f 11443 11472 11444
f 11444 11472 11473
f 11444 11473 11445
f 11445 11473 11474
f 11445 11474 11446
f 11446 11474 11475
f 11446 11475 11447
f 11447 11475 11476
f 11447 11476 11448
f 11448 11476 11477
f 11448 11477 11449
f 11449 11477 11478
f 11449 11478 11450
f 11450 11478 11479
f 11450 11479 11451
f 11451 11479 11480
f 11451 11480 11452
f 11452 11480 11453
f 11452 11453 11425
f 11453 11481 11482
f 11453 11482 11454
f 11454 11482 11483
f 11454 11483 11455
f 11455 11483 11484
f 11455 11484 11456
f 11456 11484 11485
f 11456 11485 11457
f 11457 11485 11486
f 11457 11486 11458
f 11458 11486 11487
f 11458 11487 11459
f 11459 11487 11488
f 11459 11488 11460
f 11460 11488 11489
f 11460 11489 11461
f 11461 11489 11490
f 11461 11490 11462
f 11462 11490 11491
f 11462 11491 11463
f 11463 11491 11492
f 11463 11492 11464
f 11464 11492 11493
f 11464 11493 11465
f 11465 11493 11494
f 11465 11494 11466
f 11466 11494 11495
f 11466 11495 11467
f 11467 11495 11496
f 11467 11496 11468
f 11468 11496 11497
f 11468 11497 11469
f 11469 11497 11498
f 11469 11498 11470
f 11470 11498 11499
f 11470 11499 11471
f 11471 11499 11500
f 11471 11500 11472
f 11472 11500 11501
f 11472 11501 11473
f 11473 11501 11502
f 11473 11502 11474
f 11474 11502 11503
f 11474 11503 11475
f 11475 11503 11504
f 11475 11504 11476
f 11476 11504 11505
f 11476 11505 11477
f 11477 11505 11506
f 11477 11506 11478
f 11478 11506 11507
f 11478 11507 11479
f 11479 11507 11508
f 11479 11508 11480
f 11480 11508 11481
f 11480 11481 11453
f 11481 11509 11510
f 11481 11510 11482
f 11482 11510 11511
f 11482 11511 11483
f 11483 11511 11512
f 11483 11512 11484
f 11484 11512 11513
f 11484 11513 11485
f 11485 11513 11514
f 11485 11514 11486
f 11486 11514 11515
f 11486 11515 11487
f 11487 11515 11516
f 11487 11516 11488
f 11488 11516 11517
f 11488 11517 11489
f 11489 11517 11518
f 11489 11518 11490
f 11490 11518 11519
f 11490 11519 11491
f 11491 11519 11520
f 11491 11520 11492
f 11492 11520 11521
f 11492 11521 11493
f 11493 11521 11522
f 11493 11522 11494
f 11494 11522 11523
f 11494 11523 11495
f 11495 11523 11524
f 11495 11524 11496
f 11496 11524 11525
f 11496 11525 11497
f 11497 11525 11526
f 11497 11526 11498
f 11498 11526 11527
f 11498 11527 11499
f 11499 11527 11528
f 11499 11528 11500
f 11500 11528 11529
f 11500 11529 11501
f 11501 11529 11530
f 11501 11530 11502
f 11502 11530 11531
f 11502 11531 11503
f 11503 11531 11532
f 11503 11532 11504
f 11504 11532 11533
f 11504 11533 11505
f 11505 11533 11534
f 11505 11534 11506
f 11506 11534 11535
f 11506 11535 11507
f 11507 11535 11536
f 11507 11536 11508
f 11508 11536 11509
f 11508 11509 11481
f 11509 11537 11538
f 11509 11538 11510
f 11510 11538 11539
f 11510 11539 11511
f 11511 11539 11540
f 11511 11540 11512
f 11512 11540 11541
f 11512 11541 11513
f 11513 11541 11542
f 11513 11542 11514
f 11514 11542 11543
f 11514 11543 11515
f 11515 11543 11544
f 11515 11544 11516
f 11516 11544 11545
f 11516 11545 11517
f 11517 11545 11546
f 11517 11546 11518
f 11518 11546 11547
f 11518 11547 11519
f 11519 11547 11548
f 11519 11548 11520
f 11520 11548 11549
f 11520 11549 11521
f 11521 11549 11550
f 11521 11550 11522
f 11522 11550 11551
f 11522 11551 11523
f 11523 11551 11552
f 11523 11552 11524
f 11524 11552 11553
f 11524 11553 11525
f 11525 11553 11554
f 11525 11554 11526
f 11526 11554 11555
f 11526 11555 11527
f 11527 11555 11556
f 11527 11556 11528
f 11528 11556 11557
f 11528 11557 11529
f 11529 11557 11558
f 11529 11558 11530
f 11530 11558 11559
f 11530 11559 11531
f 11531 11559 11560
f 11531 11560 11532
f 11532 11560 11561
f 11532 11561 11533
f 11533 11561 11562
f 11533 11562 11534
f 11534 11562 11563
f 11534 11563 11535
f 11535 11563 11564
f 11535 11564 11536
f 11536 11564 11537
f 11536 11537 11509
f 11537 11565 11566
f 11537 11566 11538
f 11538 11566 11567
f 11538 11567 11539
f 11539 11567 11568
f 11539 11568 11540
f 11540 11568 11569
f 11540 11569 11541
f 11541 11569 11570
f 11541 11570 11542
f 11542 11570 11571
f 11542 11571 11543
f 11543 11571 11572
f 11543 11572 11544
f 11544 11572 11573
f 11544 11573 11545
f 11545 11573 11574
f 11545 11574 11546
f 11546 11574 11575
f 11546 11575 11547
f 11547 11575 11576
f 11547 11576 11548
f 11548 11576 11577
f 11548 11577 11549
f 11549 11577 11578
f 11549 11578 11550
f 11550 11578 11579
f 11550 11579 11551
f 11551 11579 11580
f 11551 11580 11552
f 11552 11580 11581
f 11552 11581 11553
f 11553 11581 11582
f 11553 11582 11554
f 11554 11582 11583
f 11554 11583 11555
f 11555 11583 11584
f 11555 11584 11556
f 11556 11584 11585
f 11556 11585 11557
f 11557 11585 11586
f 11557 11586 11558
f 11558 11586 11587
f 11558 11587 11559
f 11559 11587 11588
f 11559 11588 11560
f 11560 11588 11589
f 11560 11589 11561
f 11561 11589 11590
f 11561 11590 11562
f 11562 11590 11591
f 11562 11591 11563
f 11563 11591 11592
f 11563 11592 11564
f 11564 11592 11565
f 11564 11565 11537
f 11565 11593 11594
f 11565 11594 11566
f 11566 11594 11595
f 11566 11595 11567
f 11567 11595 11596
f 11567 11596 11568
f 11568 11596 11597
f 11568 11597 11569
f 11569 11597 11598
f 11569 11598 11570
f 11570 11598 11599
f 11570 11599 11571
f 11571 11599 11600
f 11571 11600 11572
f 11572 11600 11601
f 11572 11601 11573
f 11573 11601 11602
f 11573 11602 11574
f 11574 11602 11603
f 11574 11603 11575
f 11575 11603 11604
f 11575 11604 11576
f 11576 11604 11605
f 11576 11605 11577
f 11577 11605 11606
f 11577 11606 11578
f 11578 11606 11607
f 11578 11607 11579
f 11579 11607 11608
f 11579 11608 11580
f 11580 11608 11609
f 11580 11609 11581
f 11581 11609 11610
f 11581 11610 11582
f 11582 11610 11611
f 11582 11611 11583
f 11583 11611 11612
f 11583 11612 11584
f 11584 11612 11613
f 11584 11613 11585
f 11585 11613 11614
f 11585 11614 11586
f 11586 11614 11615
f 11586 11615 11587
f 11587 11615 11616
f 11587 11616 11588
f 11588 11616 11617
f 11588 11617 11589
f 11589 11617 11618
f 11589 11618 11590
f 11590 11618 11619
f 11590 11619 11591
f 11591 11619 11620
f 11591 11620 11592
f 11592 11620 11593
f 11592 11593 11565
f 11593 11621 11622
f 11593 11622 11594
f 11594 11622 11623
f 11594 11623 11595
f 11595 11623 11624
f 11595 11624 11596
f 11596 11624 11625
f 11596 11625 11597
f 11597 11625 11626
f 11597 11626 11598
f 11598 11626 11627
f 11598 11627 11599
f 11599 11627 11628
f 11599 11628 11600
f 11600 11628 11629
f 11600 11629 11601
f 11601 11629 11630
f 11601 11630 11602
f 11602 11630 11631
f 11602 11631 11603
f 11603 11631 11632
f 11603 11632 11604
f 11604 11632 11633
f 11604 11633 11605
f 11605 11633 11634
f 11605 11634 11606
f 11606 11634 11635
f 11606 11635 11607
f 11607 11635 11636
f 11607 11636 11608
f 11608 11636 11637
f 11608 11637 11609
f 11609 11637 11638
f 11609 11638 11610
f 11610 11638 11639
f 11610 11639 11611
f 11611 11639 11640
f 11611 11640 11612
f 11612 11640 11641
f 11612 11641 11613
f 11613 11641 11642
f 11613 11642 11614
f 11614 11642 11643
f 11614 11643 11615
f 11615 11643 11644
f 11615 11644 11616
f 11616 11644 11645
f 11616 11645 11617
f 11617 11645 11646
f 11617 11646 11618
f 11618 11646 11647
f 11618 11647 11619
f 11619 11647 11648
f 11619 11648 11620
f 11620 11648 11621
f 11620 11621 11593
f 11621 11649 11650
f 11621 11650 11622
f 11622 11650 11651
f 11622 11651 11623
f 11623 11651 11652
f 11623 11652 11624
f 11624 11652 11653
f 11624 11653 11625
f 11625 11653 11654
f 11625 11654 11626
f 11626 11654 11655
f 11626 11655 11627
f 11627 11655 11656
f 11627 11656 11628
f 11628 11656 11657
f 11628 11657 11629
f 11629 11657 11658
f 11629 11658 11630
f 11630 11658 11659
f 11630 11659 11631
f 11631 11659 11660
f 11631 11660 11632
f 11632 11660 11661
f 11632 11661 11633
f 11633 11661 11662
f 11633 11662 11634
f 11634 11662 11663
f 11634 11663 11635
f 11635 11663 11664
f 11635 11664 11636
f 11636 11664 11665
f 11636 11665 11637
f 11637 11665 11666
f 11637 11666 11638
f 11638 11666 11667
f 11638 11667 11639
f 11639 11667 11668
f 11639 11668 11640
f 11640 11668 11669
f 11640 11669 11641
f 11641 11669 11670
f 11641 11670 11642
f 11642 11670 11671
f 11642 11671 11643
f 11643 11671 11672
f 11643 11672 11644
f 11644 11672 11673
f 11644 11673 11645
f 11645 11673 11674
f 11645 11674 11646
f 11646 11674 11675
f 11646 11675 11647
f 11647 11675 11676
f 11647 11676 11648
f 11648 11676 11649
f 11648 11649 11621
f 11649 11677 11678
f 11649 11678 11650
f 11650 11678 11679
f 11650 11679 11651
f 11651 11679 11680
f 11651 11680 11652
f 11652 11680 11681
f 11652 11681 11653
f 11653 11681 11682
f 11653 11682 11654
f 11654 11682 11683
f 11654 11683 11655
f 11655 11683 11684
f 11655 11684 11656
f 11656 11684 11685
f 11656 11685 11657
f 11657 11685 11686
f 11657 11686 11658
f 11658 11686 11687
f 11658 11687 11659
f 11659 11687 11688
f 11659 11688 11660
f 11660 11688 11689
f 11660 11689 11661
f 11661 11689 11690
f 11661 11690 11662
f 11662 11690 11691
f 11662 11691 11663
f 11663 11691 11692
f 11663 11692 11664
f 11664 11692 11693
f 11664 11693 11665
f 11665 11693 11694
f 11665 11694 11666
f 11666 11694 11695
f 11666 11695 11667
f 11667 11695 11696
f 11667 11696 11668
f 11668 11696 11697
f 11668 11697 11669
f 11669 11697 11698
f 11669 11698 11670
f 11670 11698 11699
f 11670 11699 11671
f 11671 11699 11700
f 11671 11700 11672
f 11672 11700 11701
f 11672 11701 11673
f 11673 11701 11702
f 11673 11702 11674
f 11674 11702 11703
f 11674 11703 11675
f 11675 11703 11704
f 11675 11704 11676
f 11676 11704 11677
f 11676 11677 11649
f 11677 11705 11706
f 11677 11706 11678
f 11678 11706 11707
f 11678 11707 11679
f 11679 11707 11708
f 11679 11708 11680
f 11680 11708 11709
f 11680 11709 11681
f 11681 11709 11710
f 11681 11710 11682
f 11682 11710 11711
f 11682 11711 11683
f 11683 11711 11712
f 11683 11712 11684
f 11684 11712 11713
f 11684 11713 11685
f 11685 11713 11714
f 11685 11714 11686
f 11686 11714 11715
f 11686 11715 11687
f 11687 11715 11716
f 11687 11716 11688
f 11688 11716 11717
f 11688 11717 11689
f 11689 11717 11718
f 11689 11718 11690
f 11690 11718 11719
f 11690 11719 11691
f 11691 11719 11720
f 11691 11720 11692
f 11692 11720 11721
f 11692 11721 11693
f 11693 11721 11722
f 11693 11722 11694
f 11694 11722 11723
f 11694 11723 11695
f 11695 11723 11724
f 11695 11724 11696
f 11696 11724 11725
f 11696 11725 11697
f 11697 11725 11726
f 11697 11726 11698
f 11698 11726 11727
f 11698 11727 11699
f 11699 11727 11728
f 11699 11728 11700
f 11700 11728 11729
f 11700 11729 11701
f 11701 11729 11730
f 11701 11730 11702
f 11702 11730 11731
f 11702 11731 11703
f 11703 11731 11732
f 11703 11732 11704
f 11704 11732 11705
f 11704 11705 11677
f 11705 11733 11734
f 11705 11734 11706
f 11706 11734 11735
f 11706 11735 11707
f 11707 11735 11736
f 11707 11736 11708
f 11708 11736 11737
f 11708 11737 11709
f 11709 11737 11738
f 11709 11738 11710
f 11710 11738 11739
f 11710 11739 11711
f 11711 11739 11740
f 11711 11740 11712
f 11712 11740 11741
f 11712 11741 11713
f 11713 11741 11742
f 11713 11742 11714
f 11714 11742 11743
f 11714 11743 11715
f 11715 11743 11744
f 11715 11744 11716
f 11716 11744 11745
f 11716 11745 11717
f 11717 11745 11746
f 11717 11746 11718
f 11718 11746 11747
f 11718 11747 11719
f 11719 11747 11748
f 11719 11748 11720
f 11720 11748 11749
f 11720 11749 11721
f 11721 11749 11750
f 11721 11750 11722
f 11722 11750 11751
f 11722 11751 11723
f 11723 11751 11752
f 11723 11752 11724
f 11724 11752 11753
f 11724 11753 11725
f 11725 11753 11754
f 11725 11754 11726
f 11726 11754 11755
f 11726 11755 11727
f 11727 11755 11756
f 11727 11756 11728
f 11728 11756 11757
f 11728 11757 11729
f 11729 11757 11758
f 11729 11758 11730
f 11730 11758 11759
f 11730 11759 11731
f 11731 11759 11760
f 11731 11760 11732
f 11732 11760 11733
f 11732 11733 11705
f 11733 11761 11762
f 11733 11762 11734
f 11734 11762 11763
f 11734 11763 11735
f 11735 11763 11764
f 11735 11764 11736
f 11736 11764 11765
f 11736 11765 11737
f 11737 11765 11766
f 11737 11766 11738
f 11738 11766 11767
f 11738 11767 11739
f 11739 11767 11768
f 11739 11768 11740
f 11740 11768 11769
f 11740 11769 11741
f 11741 11769 11770
f 11741 11770 11742
f 11742 11770 11771
f 11742 11771 11743
f 11743 11771 11772
f 11743 11772 11744
f 11744 11772 11773
f 11744 11773 11745
f 11745 11773 11774
f 11745 11774 11746
f 11746 11774 11775
f 11746 11775 11747
f 11747 11775 11776
f 11747 11776 11748
f 11748 11776 11777
f 11748 11777 11749
f 11749 11777 11778
f 11749 11778 11750
f 11750 11778 11779
f 11750 11779 11751
f 11751 11779 11780
f 11751 11780 11752
f 11752 11780 11781
f 11752 11781 11753
f 11753 11781 11782
f 11753 11782 11754
f 11754 11782 11783
f 11754 11783 11755
f 11755 11783 11784
f 11755 11784 11756
f 11756 11784 11785
f 11756 11785 11757
f 11757 11785 11786
f 11757 11786 11758
f 11758 11786 11787
f 11758 11787 11759
f 11759 11787 11788
f 11759 11788 11760
f 11760 11788 11761
f 11760 11761 11733
f 11761 11789 11790
f 11761 11790 11762
f 11762 11790 11791
f 11762 11791 11763
f 11763 11791 11792
f 11763 11792 11764
f 11764 11792 11793
f 11764 11793 11765
f 11765 11793 11794
f 11765 11794 11766
f 11766 11794 11795
f 11766 11795 11767
f 11767 11795 11796
f 11767 11796 11768
f 11768 11796 11797
f 11768 11797 11769
f 11769 11797 11798
f 11769 11798 11770
f 11770 11798 11799
f 11770 11799 11771
f 11771 11799 11800
f 11771 11800 11772
f 11772 11800 11801
f 11772 11801 11773
f 11773 11801 11802
f 11773 11802 11774
f 11774 11802 11803
f 11774 11803 11775
f 11775 11803 11804
f 11775 11804 11776
f 11776 11804 11805
f 11776 11805 11777
f 11777 11805 11806
f 11777 11806 11778
f 11778 11806 11807
f 11778 11807 11779
f 11779 11807 11808
f 11779 11808 11780
f 11780 11808 11809
f 11780 11809 11781
f 11781 11809 11810
f 11781 11810 11782
f 11782 11810 11811
f 11782 11811 11783
f 11783 11811 11812
f 11783 11812 11784
f 11784 11812 11813
f 11784 11813 11785
f 11785 11813 11814
f 11785 11814 11786
f 11786 11814 11815
f 11786 11815 11787
f 11787 11815 11816
f 11787 11816 11788
f 11788 11816 11789
f 11788 11789 11761
f 11789 11817 11818
f 11789 11818 11790
f 11790 11818 11819
f 11790 11819 11791
f 11791 11819 11820
f 11791 11820 11792
f 11792 11820 11821
f 11792 11821 11793
f 11793 11821 11822
f 11793 11822 11794
f 11794 11822 11823
f 11794 11823 11795
f 11795 11823 11824
f 11795 11824 11796
f 11796 11824 11825
f 11796 11825 11797
f 11797 11825 11826
f 11797 11826 11798
f 11798 11826 11827
f 11798 11827 11799
f 11799 11827 11828
f 11799 11828 11800
f 11800 11828 11829
f 11800 11829 11801
f 11801 11829 11830
f 11801 11830 11802
f 11802 11830 11831
f 11802 11831 11803
f 11803 11831 11832
f 11803 11832 11804
f 11804 11832 11833
f 11804 11833 11805
f 11805 11833 11834
f 11805 11834 11806
f 11806 11834 11835
f 11806 11835 11807
f 11807 11835 11836
f 11807 11836 11808
f 11808 11836 11837
f 11808 11837 11809
f 11809 11837 11838
f 11809 11838 11810
f 11810 11838 11839
f 11810 11839 11811
f 11811 11839 11840
f 11811 11840 11812
f 11812 11840 11841
f 11812 11841 11813
f 11813 11841 11842
f 11813 11842 11814
f 11814 11842 11843
f 11814 11843 11815
f 11815 11843 11844
f 11815 11844 11816
f 11816 11844 11817
f 11816 11817 11789
f 11817 11845 11846
f 11817 11846 11818
f 11818 11846 11847
f 11818 11847 11819
f 11819 11847 11848
f 11819 11848 11820
f 11820 11848 11849
f 11820 11849 11821
f 11821 11849 11850
f 11821 11850 11822
f 11822 11850 11851
f 11822 11851 11823
f 11823 11851 11852
f 11823 11852 11824
f 11824 11852 11853
f 11824 11853 11825
f 11825 11853 11854
f 11825 11854 11826
f 11826 11854 11855
f 11826 11855 11827
f 11827 11855 11856
f 11827 11856 11828
f 11828 11856 11857
f 11828 11857 11829
f 11829 11857 11858
f 11829 11858 11830
f 11830 11858 11859
f 11830 11859 11831
f 11831 11859 11860
f 11831 11860 11832
f 11832 11860 11861
f 11832 11861 11833
f 11833 11861 11862
f 11833 11862 11834
f 11834 11862 11863
f 11834 11863 11835
f 11835 11863 11864
f 11835 11864 11836
f 11836 11864 11865
f 11836 11865 11837
f 11837 11865 11866
f 11837 11866 11838
f 11838 11866 11867
f 11838 11867 11839
f 11839 11867 11868
f 11839 11868 11840
f 11840 11868 11869
f 11840 11869 11841
f 11841 11869 11870
f 11841 11870 11842
f 11842 11870 11871
f 11842 11871 11843
f 11843 11871 11872
f 11843 11872 11844
f 11844 11872 11845
f 11844 11845 11817
f 11845 11873 11874
f 11845 11874 11846
f 11846 11874 11875
f 11846 11875 11847
f 11847 11875 11876
f 11847 11876 11848
f 11848 11876 11877
f 11848 11877 11849
f 11849 11877 11878
f 11849 11878 11850
f 11850 11878 11879
f 11850 11879 11851
f 11851 11879 11880
f 11851 11880 11852
f 11852 11880 11881
f 11852 11881 11853
f 11853 11881 11882
f 11853 11882 11854
f 11854 11882 11883
f 11854 11883 11855
f 11855 11883 11884
f 11855 11884 11856
f 11856 11884 11885
f 11856 11885 11857
f 11857 11885 11886
f 11857 11886 11858
f 11858 11886 11887
f 11858 11887 11859
f 11859 11887 11888
f 11859 11888 11860
f 11860 11888 11889
f 11860 11889 11861
f 11861 11889 11890
f 11861 11890 11862
f 11862 11890 11891
f 11862 11891 11863
f 11863 11891 11892
f 11863 11892 11864
f 11864 11892 11893
f 11864 11893 11865
f 11865 11893 11894
f 11865 11894 11866
f 11866 11894 11895
f 11866 11895 11867
f 11867 11895 11896
f 11867 11896 11868
f 11868 11896 11897
f 11868 11897 11869
f 11869 11897 11898
f 11869 11898 11870
f 11870 11898 11899
f 11870 11899 11871
f 11871 11899 11900
f 11871 11900 11872
f 11872 11900 11873
f 11872 11873 11845
f 11873 11901 11902
f 11873 11902 11874
f 11874 11902 11903
f 11874 11903 11875
f 11875 11903 11904
f 11875 11904 11876
f 11876 11904 11905
f 11876 11905 11877
f 11877 11905 11906
f 11877 11906 11878
f 11878 11906 11907
f 11878 11907 11879
f 11879 11907 11908
f 11879 11908 11880
f 11880 11908 11909
f 11880 11909 11881
f 11881 11909 11910
f 11881 11910 11882
f 11882 11910 11911
f 11882 11911 11883
f 11883 11911 11912
f 11883 11912 11884
f 11884 11912 11913
f 11884 11913 11885
f 11885 11913 11914
f 11885 11914 11886
f 11886 11914 11915
f 11886 11915 11887
f 11887 11915 11916
f 11887 11916 11888
f 11888 11916 11917
f 11888 11917 11889
f 11889 11917 11918
f 11889 11918 11890
f 11890 11918 11919
f 11890 11919 11891
f 11891 11919 11920
f 11891 11920 11892
f 11892 11920 11921
f 11892 11921 11893
f 11893 11921 11922
f 11893 11922 11894
f 11894 11922 11923
f 11894 11923 11895
f 11895 11923 11924
f 11895 11924 11896
f 11896 11924 11925
f 11896 11925 11897
f 11897 11925 11926
f 11897 11926 11898
f 11898 11926 11927
f 11898 11927 11899
f 11899 11927 11928
f 11899 11928 11900
f 11900 11928 11901
f 11900 11901 11873
f 11901 11929 11930
f 11901 11930 11902
f 11902 11930 11931
f 11902 11931 11903
f 11903 11931 11932
f 11903 11932 11904
f 11904 11932 11933
f 11904 11933 11905
f 11905 11933 11934
f 11905 11934 11906
f 11906 11934 11935
f 11906 11935 11907
f 11907 11935 11936
f 11907 11936 11908
f 11908 11936 11937
f 11908 11937 11909
f 11909 11937 11938
f 11909 11938 11910
f 11910 11938 11939
f 11910 11939 11911
f 11911 11939 11940
f 11911 11940 11912
f 11912 11940 11941
f 11912 11941 11913
f 11913 11941 11942
f 11913 11942 11914
f 11914 11942 11943
f 11914 11943 11915
f 11915 11943 11944
f 11915 11944 11916
f 11916 11944 11945
f 11916 11945 11917
f 11917 11945 11946
f 11917 11946 11918
f 11918 11946 11947
f 11918 11947 11919
f 11919 11947 11948
f 11919 11948 11920
f 11920 11948 11949
f 11920 11949 11921
f 11921 11949 11950
f 11921 11950 11922
f 11922 11950 11951
f 11922 11951 11923
f 11923 11951 11952
f 11923 11952 11924
f 11924 11952 11953
f 11924 11953 11925
f 11925 11953 11954
f 11925 11954 11926
f 11926 11954 11955
f 11926 11955 11927
f 11927 11955 11956
f 11927 11956 11928
f 11928 11956 11929
f 11928 11929 11901
f 11929 11957 11958
f 11929 11958 11930
f 11930 11958 11959
f 11930 11959 11931
f 11931 11959 11960
f 11931 11960 11932
f 11932 11960 11961
f 11932 11961 11933
f 11933 11961 11962
f 11933 11962 11934
f 11934 11962 11963
f 11934 11963 11935
f 11935 11963 11964
f 11935 11964 11936
f 11936 11964 11965
f 11936 11965 11937
f 11937 11965 11966
f 11937 11966 11938
f 11938 11966 11967
f 11938 11967 11939
f 11939 11967 11968
f 11939 11968 11940
f 11940 11968 11969
f 11940 11969 11941
f 11941 11969 11970
f 11941 11970 11942
f 11942 11970 11971
f 11942 11971 11943
f 11943 11971 11972
f 11943 11972 11944
f 11944 11972 11973
f 11944 11973 11945
f 11945 11973 11974
f 11945 11974 11946
f 11946 11974 11975
f 11946 11975 11947
f 11947 11975 11976
f 11947 11976 11948
f 11948 11976 11977
f 11948 11977 11949
f 11949 11977 11978
f 11949 11978 11950
f 11950 11978 11979
f 11950 11979 11951
f 11951 11979 11980
f 11951 11980 11952
f 11952 11980 11981
f 11952 11981 11953
f 11953 11981 11982
f 11953 11982 11954
f 11954 11982 11983
f 11954 11983 11955
f 11955 11983 11984
f 11955 11984 11956
f 11956 11984 11957
f 11956 11957 11929
f 11957 11985 11986
f 11957 11986 11958
f 11958 11986 11987
f 11958 11987 11959
f 11959 11987 11988
f 11959 11988 11960
f 11960 11988 11989
f 11960 11989 11961
f 11961 11989 11990
f 11961 11990 11962
f 11962 11990 11991
f 11962 11991 11963
f 11963 11991 11992
f 11963 11992 11964
f 11964 11992 11993
f 11964 11993 11965
f 11965 11993 11994
f 11965 11994 11966
f 11966 11994 11995
f 11966 11995 11967
f 11967 11995 11996
f 11967 11996 11968
f 11968 11996 11997
f 11968 11997 11969
f 11969 11997 11998
f 11969 11998 11970
f 11970 11998 11999
f 11970 11999 11971
f 11971 11999 12000
f 11971 12000 11972
f 11972 12000 12001
f 11972 12001 11973
f 11973 12001 12002
f 11973 12002 11974
f 11974 12002 12003
f 11974 12003 11975
f 11975 12003 12004
f 11975 12004 11976
f 11976 12004 12005
f 11976 12005 11977
f 11977 12005 12006
f 11977 12006 11978
f 11978 12006 12007
f 11978 12007 11979
f 11979 12007 12008
f 11979 12008 11980
f 11980 12008 12009
f 11980 12009 11981
f 11981 12009 12010
f 11981 12010 11982
f 11982 12010 12011
f 11982 12011 11983
f 11983 12011 12012
f 11983 12012 11984
f 11984 12012 11985
f 11984 11985 11957
f 11985 12013 12014
f 11985 12014 11986
f 11986 12014 12015
f 11986 12015 11987
f 11987 12015 12016
f 11987 12016 11988
f 11988 12016 12017
f 11988 12017 11989
f 11989 12017 12018
f 11989 12018 11990
f 11990 12018 12019
f 11990 12019 11991
f 11991 12019 12020
f 11991 12020 11992
f 11992 12020 12021
f 11992 12021 11993
f 11993 12021 12022
f 11993 12022 11994
f 11994 12022 12023
f 11994 12023 11995
f 11995 12023 12024
f 11995 12024 11996
f 11996 12024 12025
f 11996 12025 11997
f 11997 12025 12026
f 11997 12026 11998
f 11998 12026 12027
f 11998 12027 11999
f 11999 12027 12028
f 11999 12028 12000
f 12000 12028 12029
f 12000 12029 12001
f 12001 12029 12030
f 12001 12030 12002
f 12002 12030 12031
f 12002 12031 12003
f 12003 12031 12032
f 12003 12032 12004
f 12004 12032 12033
f 12004 12033 12005
f 12005 12033 12034
f 12005 12034 12006
f 12006 12034 12035
f 12006 12035 12007
f 12007 12035 12036
f 12007 12036 12008
f 12008 12036 12037
f 12008 12037 12009
f 12009 12037 12038
f 12009 12038 12010
f 12010 12038 12039
f 12010 12039 12011
f 12011 12039 12040
f 12011 12040 12012
f 12012 12040 12013
f 12012 12013 11985
f 12013 12041 12042
f 12013 12042 12014
f 12014 12042 12043
f 12014 12043 12015
f 12015 12043 12044
f 12015 12044 12016
f 12016 12044 12045
f 12016 12045 12017
f 12017 12045 12046
f 12017 12046 12018
f 12018 12046 12047
f 12018 12047 12019
f 12019 12047 12048
f 12019 12048 12020
f 12020 12048 12049
f 12020 12049 12021
f 12021 12049 12050
f 12021 12050 12022
f 12022 12050 12051
f 12022 12051 12023
f 12023 12051 12052
f 12023 12052 12024
f 12024 12052 12053
f 12024 12053 12025
f 12025 12053 12054
f 12025 12054 12026
f 12026 12054 12055
f 12026 12055 12027
f 12027 12055 12056
f 12027 12056 12028
f 12028 12056 12057
f 12028 12057 12029
f 12029 12057 12058
f 12029 12058 12030
f 12030 12058 12059
f 12030 12059 12031
f 12031 12059 12060
f 12031 12060 12032
f 12032 12060 12061
f 12032 12061 12033
f 12033 12061 12062
f 12033 12062 12034
f 12034 12062 12063
f 12034 12063 12035
f 12035 12063 12064
f 12035 12064 12036
f 12036 12064 12065
f 12036 12065 12037
f 12037 12065 12066
f 12037 12066 12038
f 12038 12066 12067
f 12038 12067 12039
f 12039 12067 12068
f 12039 12068 12040
f 12040 12068 12041
f 12040 12041 12013
f 12041 12069 12070
f 12041 12070 12042
f 12042 12070 12071
f 12042 12071 12043
f 12043 12071 12072
f 12043 12072 12044
f 12044 12072 12073
f 12044 12073 12045
f 12045 12073 12074
f 12045 12074 12046
f 12046 12074 12075
f 12046 12075 12047
f 12047 12075 12076
f 12047 12076 12048
f 12048 12076 12077
f 12048 12077 12049
f 12049 12077 12078
f 12049 12078 12050
f 12050 12078 12079
f 12050 12079 12051
f 12051 12079 12080
f 12051 12080 12052
f 12052 12080 12081
f 12052 12081 12053
f 12053 12081 12082
f 12053 12082 12054
f 12054 12082 12083
f 12054 12083 12055
f 12055 12083 12084
f 12055 12084 12056
f 12056 12084 12085
f 12056 12085 12057
f 12057 12085 12086
f 12057 12086 12058
f 12058 12086 12087
f 12058 12087 12059
f 12059 12087 12088
f 12059 12088 12060
f 12060 12088 12089
f 12060 12089 12061
f 12061 12089 12090
f 12061 12090 12062
f 12062 12090 12091
f 12062 12091 12063
f 12063 12091 12092
f 12063 12092 12064
f 12064 12092 12093
f 12064 12093 12065
f 12065 12093 12094
f 12065 12094 12066
f 12066 12094 12095
f 12066 12095 12067
f 12067 12095 12096
f 12067 12096 12068
f 12068 12096 12069
f 12068 12069 12041
f 12069 12097 12098
f 12069 12098 12070
f 12070 12098 12099
f 12070 12099 12071
f 12071 12099 12100
f 12071 12100 12072
f 12072 12100 12101
f 12072 12101 12073
f 12073 12101 12102
f 12073 12102 12074
f 12074 12102 12103
f 12074 12103 12075
f 12075 12103 12104
f 12075 12104 12076
f 12076 12104 12105
f 12076 12105 12077
f 12077 12105 12106
f 12077 12106 12078
f 12078 12106 12107
f 12078 12107 12079
f 12079 12107 12108
f 12079 12108 12080
f 12080 12108 12109
f 12080 12109 12081
f 12081 12109 12110
f 12081 12110 12082
f 12082 12110 12111
f 12082 12111 12083
f 12083 12111 12112
f 12083 12112 12084
f 12084 12112 12113
f 12084 12113 12085
f 12085 12113 12114
f 12085 12114 12086
f 12086 12114 12115
f 12086 12115 12087
f 12087 12115 12116
f 12087 12116 12088
f 12088 12116 12117
f 12088 12117 12089
f 12089 12117 12118
f 12089 12118 12090
f 12090 12118 12119
f 12090 12119 12091
f 12091 12119 12120
f 12091 12120 12092
f 12092 12120 12121
f 12092 12121 12093
f 12093 12121 12122
f 12093 12122 12094
f 12094 12122 12123
f 12094 12123 12095
f 12095 12123 12124
f 12095 12124 12096
f 12096 12124 12097
f 12096 12097 12069
f 12097 12125 12126
f 12097 12126 12098
f 12098 12126 12127
f 12098 12127 12099
f 12099 12127 12128
f 12099 12128 12100
f 12100 12128 12129
f 12100 12129 12101
f 12101 12129 12130
f 12101 12130 12102
f 12102 12130 12131
f 12102 12131 12103
f 12103 12131 12132
f 12103 12132 12104
f 12104 12132 12133
f 12104 12133 12105
f 12105 12133 12134
f 12105 12134 12106
f 12106 12134 12135
f 12106 12135 12107
f 12107 12135 12136
f 12107 12136 12108
f 12108 12136 12137
f 12108 12137 12109
f 12109 12137 12138
f 12109 12138 12110
f 12110 12138 12139
f 12110 12139 12111
f 12111 12139 12140
f 12111 12140 12112
f 12112 12140 12141
f 12112 12141 12113
f 12113 12141 12142
f 12113 12142 12114
f 12114 12142 12143
f 12114 12143 12115
f 12115 12143 12144
f 12115 12144 12116
f 12116 12144 12145
f 12116 12145 12117
f 12117 12145 12146
f 12117 12146 12118
f 12118 12146 12147
f 12118 12147 12119
f 12119 12147 12148
f 12119 12148 12120
f 12120 12148 12149
f 12120 12149 12121
f 12121 12149 12150
f 12121 12150 12122
f 12122 12150 12151
f 12122 12151 12123
f 12123 12151 12152
f 12123 12152 12124
f 12124 12152 12125
f 12124 12125 12097
f 12125 12153 12154
f 12125 12154 12126
f 12126 12154 12155
f 12126 12155 12127
f 12127 12155 12156
f 12127 12156 12128
f 12128 12156 12157
f 12128 12157 12129
f 12129 12157 12158
f 12129 12158 12130
f 12130 12158 12159
f 12130 12159 12131
f 12131 12159 12160
f 12131 12160 12132
f 12132 12160 12161
f 12132 12161 12133
f 12133 12161 12162
f 12133 12162 12134
f 12134 12162 12163
f 12134 12163 12135
f 12135 12163 12164
f 12135 12164 12136
f 12136 12164 12165
f 12136 12165 12137
f 12137 12165 12166
f 12137 12166 12138
f 12138 12166 12167
f 12138 12167 12139
f 12139 12167 12168
f 12139 12168 12140
f 12140 12168 12169
f 12140 12169 12141
f 12141 12169 12170
f 12141 12170 12142
f 12142 12170 12171
f 12142 12171 12143
f 12143 12171 12172
f 12143 12172 12144
f 12144 12172 12173
f 12144 12173 12145
f 12145 12173 12174
f 12145 12174 12146
f 12146 12174 12175
f 12146 12175 12147
f 12147 12175 12176
f 12147 12176 12148
f 12148 12176 12177
f 12148 12177 12149
f 12149 12177 12178
f 12149 12178 12150
f 12150 12178 12179
f 12150 12179 12151
f 12151 12179 12180
f 12151 12180 12152
f 12152 12180 12153
f 12152 12153 12125
f 12153 12181 12182
f 12153 12182 12154
f 12154 12182 12183
f 12154 12183 12155
f 12155 12183 12184
f 12155 12184 12156
f 12156 12184 12185
f 12156 12185 12157
f 12157 12185 12186
f 12157 12186 12158
f 12158 12186 12187
f 12158 12187 12159
f 12159 12187 12188
f 12159 12188 12160
f 12160 12188 12189
f 12160 12189 12161
f 12161 12189 12190
f 12161 12190 12162
f 12162 12190 12191
f 12162 12191 12163
f 12163 12191 12192
f 12163 12192 12164
f 12164 12192 12193
f 12164 12193 12165
f 12165 12193 12194
f 12165 12194 12166
f 12166 12194 12195
f 12166 12195 12167
f 12167 12195 12196
f 12167 12196 12168
f 12168 12196 12197
f 12168 12197 12169
f 12169 12197 12198
f 12169 12198 12170
f 12170 12198 12199
f 12170 12199 12171
f 12171 12199 12200
f 12171 12200 12172
f 12172 12200 12201
f 12172 12201 12173
f 12173 12201 12202
f 12173 12202 12174
f 12174 12202 12203
f 12174 12203 12175
f 12175 12203 12204
f 12175 12204 12176
f 12176 12204 12205
f 12176 12205 12177
f 12177 12205 12206
f 12177 12206 12178
f 12178 12206 12207
f 12178 12207 12179
f 12179 12207 12208
f 12179 12208 12180
f 12180 12208 12181
f 12180 12181 12153
f 12181 12209 12210
f 12181 12210 12182
f 12182 12210 12211
f 12182 12211 12183
f 12183 12211 12212
f 12183 12212 12184
f 12184 12212 12213
f 12184 12213 12185
f 12185 12213 12214
f 12185 12214 12186
f 12186 12214 12215
f 12186 12215 12187
f 12187 12215 12216
f 12187 12216 12188
f 12188 12216 12217
f 12188 12217 12189
f 12189 12217 12218
f 12189 12218 12190
f 12190 12218 12219
f 12190 12219 12191
f 12191 12219 12220
f 12191 12220 12192
f 12192 12220 12221
f 12192 12221 12193
f 12193 12221 12222
f 12193 12222 12194
f 12194 12222 12223
f 12194 12223 12195
f 12195 12223 12224
f 12195 12224 12196
f 12196 12224 12225
f 12196 12225 12197
f 12197 12225 12226
f 12197 12226 12198
f 12198 12226 12227
f 12198 12227 12199
f 12199 12227 12228
f 12199 12228 12200
f 12200 12228 12229
f 12200 12229 12201
f 12201 12229 12230
f 12201 12230 12202
f 12202 12230 12231
f 12202 12231 12203
f 12203 12231 12232
f 12203 12232 12204
f 12204 12232 12233
f 12204 12233 12205
f 12205 12233 12234
f 12205 12234 12206
f 12206 12234 12235
f 12206 12235 12207
f 12207 12235 12236
f 12207 12236 12208
f 12208 12236 12209
f 12208 12209 12181
f 12209 12237 12238
f 12209 12238 12210
f 12210 12238 12239
f 12210 12239 12211
f 12211 12239 12240
f 12211 12240 12212
f 12212 12240 12241
f 12212 12241 12213
f 12213 12241 12242
f 12213 12242 12214
f 12214 12242 12243
f 12214 12243 12215
f 12215 12243 12244
f 12215 12244 12216
f 12216 12244 12245
f 12216 12245 12217
f 12217 12245 12246
f 12217 12246 12218
f 12218 12246 12247
f 12218 12247 12219
f 12219 12247 12248
f 12219 12248 12220
f 12220 12248 12249
f 12220 12249 12221
f 12221 12249 12250
f 12221 12250 12222
f 12222 12250 12251
f 12222 12251 12223
f 12223 12251 12252
f 12223 12252 12224
f 12224 12252 12253
f 12224 12253 12225
f 12225 12253 12254
f 12225 12254 12226
f 12226 12254 12255
f 12226 12255 12227
f 12227 12255 12256
f 12227 12256 12228
f 12228 12256 12257
f 12228 12257 12229
f 12229 12257 12258
f 12229 12258 12230
f 12230 12258 12259
f 12230 12259 12231
f 12231 12259 12260
f 12231 12260 12232
f 12232 12260 12261
f 12232 12261 12233
f 12233 12261 12262
f 12233 12262 12234
f 12234 12262 12263
f 12234 12263 12235
f 12235 12263 12264
f 12235 12264 12236
f 12236 12264 12237
f 12236 12237 12209
f 12237 12265 12266
f 12237 12266 12238
f 12238 12266 12267
f 12238 12267 12239
f 12239 12267 12268
f 12239 12268 12240
f 12240 12268 12269
f 12240 12269 12241
f 12241 12269 12270
f 12241 12270 12242
f 12242 12270 12271
f 12242 12271 12243
f 12243 12271 12272
f 12243 12272 12244
f 12244 12272 12273
f 12244 12273 12245
f 12245 12273 12274
f 12245 12274 12246
f 12246 12274 12275
f 12246 12275 12247
f 12247 12275 12276
f 12247 12276 12248
f 12248 12276 12277
f 12248 12277 12249
f 12249 12277 12278
f 12249 12278 12250
f 12250 12278 12279
f 12250 12279 12251
f 12251 12279 12280
f 12251 12280 12252
f 12252 12280 12281
f 12252 12281 12253
f 12253 12281 12282
f 12253 12282 12254
f 12254 12282 12283
f 12254 12283 12255
f 12255 12283 12284
f 12255 12284 12256
f 12256 12284 12285
f 12256 12285 12257
f 12257 12285 12286
f 12257 12286 12258
f 12258 12286 12287
f 12258 12287 12259
f 12259 12287 12288
f 12259 12288 12260
f 12260 12288 12289
f 12260 12289 12261
f 12261 12289 12290
f 12261 12290 12262
f 12262 12290 12291
f 12262 12291 12263
f 12263 12291 12292
f 12263 12292 12264
f 12264 12292 12265
f 12264 12265 12237
f 12265 12293 12294
f 12265 12294 12266
f 12266 12294 12295
f 12266 12295 12267
f 12267 12295 12296
f 12267 12296 12268
f 12268 12296 12297
f 12268 12297 12269
f 12269 12297 12298
f 12269 12298 12270
f 12270 12298 12299
f 12270 12299 12271
f 12271 12299 12300
f 12271 12300 12272
f 12272 12300 12301
f 12272 12301 12273
f 12273 12301 12302
f 12273 12302 12274
f 12274 12302 12303
f 12274 12303 12275
f 12275 12303 12304
f 12275 12304 12276
f 12276 12304 12305
f 12276 12305 12277
f 12277 12305 12306
f 12277 12306 12278
f 12278 12306 12307
f 12278 12307 12279
f 12279 12307 12308
f 12279 12308 12280
f 12280 12308 12309
f 12280 12309 12281
f 12281 12309 12310
f 12281 12310 12282
f 12282 12310 12311
f 12282 12311 12283
f 12283 12311 12312
f 12283 12312 12284
f 12284 12312 12313
f 12284 12313 12285
f 12285 12313 12314
f 12285 12314 12286
f 12286 12314 12315
f 12286 12315 12287
f 12287 12315 12316
f 12287 12316 12288
f 12288 12316 12317
f 12288 12317 12289
f 12289 12317 12318
f 12289 12318 12290
f 12290 12318 12319
f 12290 12319 12291
f 12291 12319 12320
f 12291 12320 12292
f 12292 12320 12293
f 12292 12293 12265
f 12293 12321 12322
f 12293 12322 12294
f 12294 12322 12323
f 12294 12323 12295
f 12295 12323 12324
f 12295 12324 12296
f 12296 12324 12325
f 12296 12325 12297
f 12297 12325 12326
f 12297 12326 12298
f 12298 12326 12327
f 12298 12327 12299
f 12299 12327 12328
f 12299 12328 12300
f 12300 12328 12329
f 12300 12329 12301
f 12301 12329 12330
f 12301 12330 12302
f 12302 12330 12331
f 12302 12331 12303
f 12303 12331 12332
f 12303 12332 12304
f 12304 12332 12333
f 12304 12333 12305
f 12305 12333 12334
f 12305 12334 12306
f 12306 12334 12335
f 12306 12335 12307
f 12307 12335 12336
f 12307 12336 12308
f 12308 12336 12337
f 12308 12337 12309
f 12309 12337 12338
f 12309 12338 12310
f 12310 12338 12339
f 12310 12339 12311
f 12311 12339 12340
f 12311 12340 12312
f 12312 12340 12341
f 12312 12341 12313
f 12313 12341 12342
f 12313 12342 12314
f 12314 12342 12343
f 12314 12343 12315
f 12315 12343 12344
f 12315 12344 12316
f 12316 12344 12345
f 12316 12345 12317
f 12317 12345 12346
f 12317 12346 12318
f 12318 12346 12347
f 12318 12347 12319
f 12319 12347 12348
f 12319 12348 12320
f 12320 12348 12321
f 12320 12321 12293
f 12321 12349 12350
f 12321 12350 12322
f 12322 12350 12351
f 12322 12351 12323
f 12323 12351 12352
f 12323 12352 12324
f 12324 12352 12353
f 12324 12353 12325
f 12325 12353 12354
f 12325 12354 12326
f 12326 12354 12355
f 12326 12355 12327
f 12327 12355 12356
f 12327 12356 12328
f 12328 12356 12357
f 12328 12357 12329
f 12329 12357 12358
f 12329 12358 12330
f 12330 12358 12359
f 12330 12359 12331
f 12331 12359 12360
f 12331 12360 12332
f 12332 12360 12361
f 12332 12361 12333
f 12333 12361 12362
f 12333 12362 12334
f 12334 12362 12363
f 12334 12363 12335
f 12335 12363 12364
f 12335 12364 12336
f 12336 12364 12365
f 12336 12365 12337
f 12337 12365 12366
f 12337 12366 12338
f 12338 12366 12367
f 12338 12367 12339
f 12339 12367 12368
f 12339 12368 12340
f 12340 12368 12369
f 12340 12369 12341
f 12341 12369 12370
f 12341 12370 12342
f 12342 12370 12371
f 12342 12371 12343
f 12343 12371 12372
f 12343 12372 12344
f 12344 12372 12373
f 12344 12373 12345
f 12345 12373 12374
f 12345 12374 12346
f 12346 12374 12375
f 12346 12375 12347
f 12347 12375 12376
f 12347 12376 12348
f 12348 12376 12349
f 12348 12349 12321
f 12349 12377 12378
f 12349 12378 12350
f 12350 12378 12379
f 12350 12379 12351
f 12351 12379 12380
f 12351 12380 12352
f 12352 12380 12381
f 12352 12381 12353
f 12353 12381 12382
f 12353 12382 12354
f 12354 12382 12383
f 12354 12383 12355
f 12355 12383 12384
f 12355 12384 12356
f 12356 12384 12385
f 12356 12385 12357
f 12357 12385 12386
f 12357 12386 12358
f 12358 12386 12387
f 12358 12387 12359
f 12359 12387 12388
f 12359 12388 12360
f 12360 12388 12389
f 12360 12389 12361
f 12361 12389 12390
f 12361 12390 12362
f 12362 12390 12391
f 12362 12391 12363
f 12363 12391 12392
f 12363 12392 12364
f 12364 12392 12393
f 12364 12393 12365
f 12365 12393 12394
f 12365 12394 12366
f 12366 12394 12395
f 12366 12395 12367
f 12367 12395 12396
f 12367 12396 12368
f 12368 12396 12397
f 12368 12397 12369
f 12369 12397 12398
f 12369 12398 12370
f 12370 12398 12399
f 12370 12399 12371
f 12371 12399 12400
f 12371 12400 12372
f 12372 12400 12401
f 12372 12401 12373
f 12373 12401 12402
f 12373 12402 12374
f 12374 12402 12403
f 12374 12403 12375
f 12375 12403 12404
f 12375 12404 12376
f 12376 12404 12377
f 12376 12377 12349
f 12377 12405 12406
f 12377 12406 12378
f 12378 12406 12407
f 12378 12407 12379
f 12379 12407 12408
f 12379 12408 12380
f 12380 12408 12409
f 12380 12409 12381
f 12381 12409 12410
f 12381 12410 12382
f 12382 12410 12411
f 12382 12411 12383
f 12383 12411 12412
f 12383 12412 12384
f 12384 12412 12413
f 12384 12413 12385
f 12385 12413 12414
f 12385 12414 12386
f 12386 12414 12415
f 12386 12415 12387
f 12387 12415 12416
f 12387 12416 12388
f 12388 12416 12417
f 12388 12417 12389
f 12389 12417 12418
f 12389 12418 12390
f 12390 12418 12419
f 12390 12419 12391
f 12391 12419 12420
f 12391 12420 12392
f 12392 12420 12421
f 12392 12421 12393
f 12393 12421 12422
f 12393 12422 12394
f 12394 12422 12423
f 12394 12423 12395
f 12395 12423 12424
f 12395 12424 12396
f 12396 12424 12425
f 12396 12425 12397
f 12397 12425 12426
f 12397 12426 12398
f 12398 12426 12427
f 12398 12427 12399
f 12399 12427 12428
f 12399 12428 12400
f 12400 12428 12429
f 12400 12429 12401
f 12401 12429 12430
f 12401 12430 12402
f 12402 12430 12431
f 12402 12431 12403
f 12403 12431 12432
f 12403 12432 12404
f 12404 12432 12405
f 12404 12405 12377
f 12405 12433 12434
f 12405 12434 12406
f 12406 12434 12435
f 12406 12435 12407
f 12407 12435 12436
f 12407 12436 12408
f 12408 12436 12437
f 12408 12437 12409
f 12409 12437 12438
f 12409 12438 12410
f 12410 12438 12439
f 12410 12439 12411
f 12411 12439 12440
f 12411 12440 12412
f 12412 12440 12441
f 12412 12441 12413
f 12413 12441 12442
f 12413 12442 12414
f 12414 12442 12443
f 12414 12443 12415
f 12415 12443 12444
f 12415 12444 12416
f 12416 12444 12445
f 12416 12445 12417
f 12417 12445 12446
f 12417 12446 12418
f 12418 12446 12447
f 12418 12447 12419
f 12419 12447 12448
f 12419 12448 12420
f 12420 12448 12449
f 12420 12449 12421
f 12421 12449 12450
f 12421 12450 12422
f 12422 12450 12451
f 12422 12451 12423
f 12423 12451 12452
f 12423 12452 12424
f 12424 12452 12453
f 12424 12453 12425
f 12425 12453 12454
f 12425 12454 12426
f 12426 12454 12455
f 12426 12455 12427
f 12427 12455 12456
f 12427 12456 12428
f 12428 12456 12457
f 12428 12457 12429
f 12429 12457 12458
f 12429 12458 12430
f 12430 12458 12459
f 12430 12459 12431
f 12431 12459 12460
f 12431 12460 12432
f 12432 12460 12433
f 12432 12433 12405
f 12433 12461 12462
f 12433 12462 12434
f 12434 12462 12463
f 12434 12463 12435
f 12435 12463 12464
f 12435 12464 12436
f 12436 12464 12465
f 12436 12465 12437
f 12437 12465 12466
f 12437 12466 12438
f 12438 12466 12467
f 12438 12467 12439
f 12439 12467 12468
f 12439 12468 12440
f 12440 12468 12469
f 12440 12469 12441
f 12441 12469 12470
f 12441 12470 12442
f 12442 12470 12471
f 12442 12471 12443
f 12443 12471 12472
f 12443 12472 12444
f 12444 12472 12473
f 12444 12473 12445
f 12445 12473 12474
f 12445 12474 12446
f 12446 12474 12475
f 12446 12475 12447
f 12447 12475 12476
f 12447 12476 12448
f 12448 12476 12477
f 12448 12477 12449
f 12449 12477 12478
f 12449 12478 12450
f 12450 12478 12479
f 12450 12479 12451
f 12451 12479 12480
f 12451 12480 12452
f 12452 12480 12481
f 12452 12481 12453
f 12453 12481 12482
f 12453 12482 12454
f 12454 12482 12483
f 12454 12483 12455
f 12455 12483 12484
f 12455 12484 12456
f 12456 12484 12485
f 12456 12485 12457
f 12457 12485 12486
f 12457 12486 12458
f 12458 12486 12487
f 12458 12487 12459
f 12459 12487 12488
f 12459 12488 12460
f 12460 12488 12461
f 12460 12461 12433
f 12461 12489 12490
f 12461 12490 12462
f 12462 12490 12491
f 12462 12491 12463
f 12463 12491 12492
f 12463 12492 12464
f 12464 12492 12493
f 12464 12493 12465
f 12465 12493 12494
f 12465 12494 12466
f 12466 12494 12495
f 12466 12495 12467
f 12467 12495 12496
f 12467 12496 12468
f 12468 12496 12497
f 12468 12497 12469
f 12469 12497 12498
f 12469 12498 12470
f 12470 12498 12499
f 12470 12499 12471
f 12471 12499 12500
f 12471 12500 12472
f 12472 12500 12501
f 12472 12501 12473
f 12473 12501 12502
f 12473 12502 12474
f 12474 12502 12503
f 12474 12503 12475
f 12475 12503 12504
f 12475 12504 12476
f 12476 12504 12505
f 12476 12505 12477
f 12477 12505 12506
f 12477 12506 12478
f 12478 12506 12507
f 12478 12507 12479
f 12479 12507 12508
f 12479 12508 12480
f 12480 12508 12509
f 12480 12509 12481
f 12481 12509 12510
f 12481 12510 12482
f 12482 12510 12511
f 12482 12511 12483
f 12483 12511 12512
f 12483 12512 12484
f 12484 12512 12513
f 12484 12513 12485
f 12485 12513 12514
f 12485 12514 12486
f 12486 12514 12515
f 12486 12515 12487
f 12487 12515 12516
f 12487 12516 12488
f 12488 12516 12489
f 12488 12489 12461
f 12489 12517 12518
f 12489 12518 12490
f 12490 12518 12519
f 12490 12519 12491
f 12491 12519 12520
f 12491 12520 12492
f 12492 12520 12521
f 12492 12521 12493
f 12493 12521 12522
f 12493 12522 12494
f 12494 12522 12523
f 12494 12523 12495
f 12495 12523 12524
f 12495 12524 12496
f 12496 12524 12525
f 12496 12525 12497
f 12497 12525 12526
f 12497 12526 12498
f 12498 12526 12527
f 12498 12527 12499
f 12499 12527 12528
f 12499 12528 12500
f 12500 12528 12529
f 12500 12529 12501
f 12501 12529 12530
f 12501 12530 12502
f 12502 12530 12531
f 12502 12531 12503
f 12503 12531 12532
f 12503 12532 12504
f 12504 12532 12533
f 12504 12533 12505
f 12505 12533 12534
f 12505 12534 12506
f 12506 12534 12535
f 12506 12535 12507
f 12507 12535 12536
f 12507 12536 12508
f 12508 12536 12537
f 12508 12537 12509
f 12509 12537 12538
f 12509 12538 12510
f 12510 12538 12539
f 12510 12539 12511
f 12511 12539 12540
f 12511 12540 12512
f 12512 12540 12541
f 12512 12541 12513
f 12513 12541 12542
f 12513 12542 12514
f 12514 12542 12543
f 12514 12543 12515
f 12515 12543 12544
f 12515 12544 12516
f 12516 12544 12517
f 12516 12517 12489
f 12517 12545 12546
f 12517 12546 12518
f 12518 12546 12547
f 12518 12547 12519
f 12519 12547 12548
f 12519 12548 12520
f 12520 12548 12549
f 12520 12549 12521
f 12521 12549 12550
f 12521 12550 12522
f 12522 12550 12551
f 12522 12551 12523
f 12523 12551 12552
f 12523 12552 12524
f 12524 12552 12553
f 12524 12553 12525
f 12525 12553 12554
f 12525 12554 12526
f 12526 12554 12555
f 12526 12555 12527
f 12527 12555 12556
f 12527 12556 12528
f 12528 12556 12557
f 12528 12557 12529
f 12529 12557 12558
f 12529 12558 12530
f 12530 12558 12559
f 12530 12559 12531
f 12531 12559 12560
f 12531 12560 12532
f 12532 12560 12561
f 12532 12561 12533
f 12533 12561 12562
f 12533 12562 12534
f 12534 12562 12563
f 12534 12563 12535
f 12535 12563 12564
f 12535 12564 12536
f 12536 12564 12565
f 12536 12565 12537
f 12537 12565 12566
f 12537 12566 12538
f 12538 12566 12567
f 12538 12567 12539
f 12539 12567 12568
f 12539 12568 12540
f 12540 12568 12569
f 12540 12569 12541
f 12541 12569 12570
f 12541 12570 12542
f 12542 12570 12571
f 12542 12571 12543
f 12543 12571 12572
f 12543 12572 12544
f 12544 12572 12545
f 12544 12545 12517
f 12545 12573 12574
f 12545 12574 12546
f 12546 12574 12575
f 12546 12575 12547
f 12547 12575 12576
f 12547 12576 12548
f 12548 12576 12577
f 12548 12577 12549
f 12549 12577 12578
f 12549 12578 12550
f 12550 12578 12579
f 12550 12579 12551
f 12551 12579 12580
f 12551 12580 12552
f 12552 12580 12581
f 12552 12581 12553
f 12553 12581 12582
f 12553 12582 12554
f 12554 12582 12583
f 12554 12583 12555
f 12555 12583 12584
f 12555 12584 12556
f 12556 12584 12585
f 12556 12585 12557
f 12557 12585 12586
f 12557 12586 12558
f 12558 12586 12587
f 12558 12587 12559
f 12559 12587 12588
f 12559 12588 12560
f 12560 12588 12589
f 12560 12589 12561
f 12561 12589 12590
f 12561 12590 12562
f 12562 12590 12591
f 12562 12591 12563
f 12563 12591 12592
f 12563 12592 12564
f 12564 12592 12593
f 12564 12593 12565
f 12565 12593 12594
f 12565 12594 12566
f 12566 12594 12595
f 12566 12595 12567
f 12567 12595 12596
f 12567 12596 12568
f 12568 12596 12597
f 12568 12597 12569
f 12569 12597 12598
f 12569 12598 12570
f 12570 12598 12599
f 12570 12599 12571
f 12571 12599 12600
f 12571 12600 12572
f 12572 12600 12573
f 12572 12573 12545
f 12573 12601 12602
f 12573 12602 12574
f 12574 12602 12603
f 12574 12603 12575
f 12575 12603 12604
f 12575 12604 12576
f 12576 12604 12605
f 12576 12605 12577
f 12577 12605 12606
f 12577 12606 12578
f 12578 12606 12607
f 12578 12607 12579
f 12579 12607 12608
f 12579 12608 12580
f 12580 12608 12609
f 12580 12609 12581
f 12581 12609 12610
f 12581 12610 12582
f 12582 12610 12611
f 12582 12611 12583
f 12583 12611 12612
f 12583 12612 12584
f 12584 12612 12613
f 12584 12613 12585
f 12585 12613 12614
f 12585 12614 12586
f 12586 12614 12615
f 12586 12615 12587
f 12587 12615 12616
f 12587 12616 12588
f 12588 12616 12617
f 12588 12617 12589
f 12589 12617 12618
f 12589 12618 12590
f 12590 12618 12619
f 12590 12619 12591
f 12591 12619 12620
f 12591 12620 12592
f 12592 12620 12621
f 12592 12621 12593
f 12593 12621 12622
f 12593 12622 12594
f 12594 12622 12623
f 12594 12623 12595
f 12595 12623 12624
f 12595 12624 12596
f 12596 12624 12625
f 12596 12625 12597
f 12597 12625 12626
f 12597 12626 12598
f 12598 12626 12627
f 12598 12627 12599
f 12599 12627 12628
f 12599 12628 12600
f 12600 12628 12601
f 12600 12601 12573
f 12601 12629 12630
f 12601 12630 12602
f 12602 12630 12631
f 12602 12631 12603
f 12603 12631 12632
f 12603 12632 12604
f 12604 12632 12633
f 12604 12633 12605
f 12605 12633 12634
f 12605 12634 12606
f 12606 12634 12635
f 12606 12635 12607
f 12607 12635 12636
f 12607 12636 12608
f 12608 12636 12637
f 12608 12637 12609
f 12609 12637 12638
f 12609 12638 12610
f 12610 12638 12639
f 12610 12639 12611
f 12611 12639 12640
f 12611 12640 12612
f 12612 12640 12641
f 12612 12641 12613
f 12613 12641 12642
f 12613 12642 12614
f 12614 12642 12643
f 12614 12643 12615
f 12615 12643 12644
f 12615 12644 12616
f 12616 12644 12645
f 12616 12645 12617
f 12617 12645 12646
f 12617 12646 12618
f 12618 12646 12647
f 12618 12647 12619
f 12619 12647 12648
f 12619 12648 12620
f 12620 12648 12649
f 12620 12649 12621
f 12621 12649 12650
f 12621 12650 12622
f 12622 12650 12651
f 12622 12651 12623
f 12623 12651 12652
f 12623 12652 12624
f 12624 12652 12653
f 12624 12653 12625
f 12625 12653 12654
f 12625 12654 12626
f 12626 12654 12655
f 12626 12655 12627
f 12627 12655 12656
f 12627 12656 12628
f 12628 12656 12629
f 12628 12629 12601
f 12629 12657 12658
f 12629 12658 12630
f 12630 12658 12659
f 12630 12659 12631
f 12631 12659 12660
f 12631 12660 12632
f 12632 12660 12661
f 12632 12661 12633
f 12633 12661 12662
f 12633 12662 12634
f 12634 12662 12663
f 12634 12663 12635
f 12635 12663 12664
f 12635 12664 12636
f 12636 12664 12665
f 12636 12665 12637
f 12637 12665 12666
f 12637 12666 12638
f 12638 12666 12667
f 12638 12667 12639
f 12639 12667 12668
f 12639 12668 12640
f 12640 12668 12669
f 12640 12669 12641
f 12641 12669 12670
f 12641 12670 12642
f 12642 12670 12671
f 12642 12671 12643
f 12643 12671 12672
f 12643 12672 12644
f 12644 12672 12673
f 12644 12673 12645
f 12645 12673 12674
f 12645 12674 12646
f 12646 12674 12675
f 12646 12675 12647
f 12647 12675 12676
f 12647 12676 12648
f 12648 12676 12677
f 12648 12677 12649
f 12649 12677 12678
f 12649 12678 12650
f 12650 12678 12679
f 12650 12679 12651
f 12651 12679 12680
f 12651 12680 12652
f 12652 12680 12681
f 12652 12681 12653
f 12653 12681 12682
f 12653 12682 12654
f 12654 12682 12683
f 12654 12683 12655
f 12655 12683 12684
f 12655 12684 12656
f 12656 12684 12657
f 12656 12657 12629
f 12657 12685 12686
f 12657 12686 12658
f 12658 12686 12687
f 12658 12687 12659
f 12659 12687 12688
f 12659 12688 12660
f 12660 12688 12689
f 12660 12689 12661
f 12661 12689 12690
f 12661 12690 12662
f 12662 12690 12691
f 12662 12691 12663
f 12663 12691 12692
f 12663 12692 12664
f 12664 12692 12693
f 12664 12693 12665
f 12665 12693 12694
f 12665 12694 12666
f 12666 12694 12695
f 12666 12695 12667
f 12667 12695 12696
f 12667 12696 12668
f 12668 12696 12697
f 12668 12697 12669
f 12669 12697 12698
f 12669 12698 12670
f 12670 12698 12699
f 12670 12699 12671
f 12671 12699 12700
f 12671 12700 12672
f 12672 12700 12701
f 12672 12701 12673
f 12673 12701 12702
f 12673 12702 12674
f 12674 12702 12703
f 12674 12703 12675
f 12675 12703 12704
f 12675 12704 12676
f 12676 12704 12705
f 12676 12705 12677
f 12677 12705 12706
f 12677 12706 12678
f 12678 12706 12707
f 12678 12707 12679
f 12679 12707 12708
f 12679 12708 12680
f 12680 12708 12709
f 12680 12709 12681
f 12681 12709 12710
f 12681 12710 12682
f 12682 12710 12711
f 12682 12711 12683
f 12683 12711 12712
f 12683 12712 12684
f 12684 12712 12685
f 12684 12685 12657
f 12685 12713 12714
f 12685 12714 12686
f 12686 12714 12715
f 12686 12715 12687
f 12687 12715 12716
f 12687 12716 12688
f 12688 12716 12717
f 12688 12717 12689
f 12689 12717 12718
f 12689 12718 12690
f 12690 12718 12719
f 12690 12719 12691
f 12691 12719 12720
f 12691 12720 12692
f 12692 12720 12721
f 12692 12721 12693
f 12693 12721 12722
f 12693 12722 12694
f 12694 12722 12723
f 12694 12723 12695
f 12695 12723 12724
f 12695 12724 12696
f 12696 12724 12725
f 12696 12725 12697
f 12697 12725 12726
f 12697 12726 12698
f 12698 12726 12727
f 12698 12727 12699
f 12699 12727 12728
f 12699 12728 12700
f 12700 12728 12729
f 12700 12729 12701
f 12701 12729 12730
f 12701 12730 12702
f 12702 12730 12731
f 12702 12731 12703
f 12703 12731 12732
f 12703 12732 12704
f 12704 12732 12733
f 12704 12733 12705
f 12705 12733 12734
f 12705 12734 12706
f 12706 12734 12735
f 12706 12735 12707
f 12707 12735 12736
f 12707 12736 12708
f 12708 12736 12737
f 12708 12737 12709
f 12709 12737 12738
f 12709 12738 12710
f 12710 12738 12739
f 12710 12739 12711
f 12711 12739 12740
f 12711 12740 12712
f 12712 12740 12713
f 12712 12713 12685
f 12713 12741 12742
f 12713 12742 12714
f 12714 12742 12743
f 12714 12743 12715
f 12715 12743 12744
f 12715 12744 12716
f 12716 12744 12745
f 12716 12745 12717
f 12717 12745 12746
f 12717 12746 12718
f 12718 12746 12747
f 12718 12747 12719
f 12719 12747 12748
f 12719 12748 12720
f 12720 12748 12749
f 12720 12749 12721
f 12721 12749 12750
f 12721 12750 12722
f 12722 12750 12751
f 12722 12751 12723
f 12723 12751 12752
f 12723 12752 12724
f 12724 12752 12753
f 12724 12753 12725
f 12725 12753 12754
f 12725 12754 12726
f 12726 12754 12755
f 12726 12755 12727
f 12727 12755 12756
f 12727 12756 12728
f 12728 12756 12757
f 12728 12757 12729
f 12729 12757 12758
f 12729 12758 12730
f 12730 12758 12759
f 12730 12759 12731
f 12731 12759 12760
f 12731 12760 12732
f 12732 12760 12761
f 12732 12761 12733
f 12733 12761 12762
f 12733 12762 12734
f 12734 12762 12763
f 12734 12763 12735
f 12735 12763 12764
f 12735 12764 12736
f 12736 12764 12765
f 12736 12765 12737
f 12737 12765 12766
f 12737 12766 12738
f 12738 12766 12767
f 12738 12767 12739
f 12739 12767 12768
f 12739 12768 12740
f 12740 12768 12741
f 12740 12741 12713
f 12741 12769 12770
f 12741 12770 12742
f 12742 12770 12771
f 12742 12771 12743
f 12743 12771 12772
f 12743 12772 12744
f 12744 12772 12773
f 12744 12773 12745
f 12745 12773 12774
f 12745 12774 12746
f 12746 12774 12775
f 12746 12775 12747
f 12747 12775 12776
f 12747 12776 12748
f 12748 12776 12777
f 12748 12777 12749
f 12749 12777 12778
f 12749 12778 12750
f 12750 12778 12779
f 12750 12779 12751
f 12751 12779 12780
f 12751 12780 12752
f 12752 12780 12781
f 12752 12781 12753
f 12753 12781 12782
f 12753 12782 12754
f 12754 12782 12783
f 12754 12783 12755
f 12755 12783 12784
f 12755 12784 12756
f 12756 12784 12785
f 12756 12785 12757
f 12757 12785 12786
f 12757 12786 12758
f 12758 12786 12787
f 12758 12787 12759
f 12759 12787 12788
f 12759 12788 12760
f 12760 12788 12789
f 12760 12789 12761
f 12761 12789 12790
f 12761 12790 12762
f 12762 12790 12791
f 12762 12791 12763
f 12763 12791 12792
f 12763 12792 12764
f 12764 12792 12793
f 12764 12793 12765
f 12765 12793 12794
f 12765 12794 12766
f 12766 12794 12795
f 12766 12795 12767
f 12767 12795 12796
f 12767 12796 12768
f 12768 12796 12769
f 12768 12769 12741
f 12769 12797 12798
f 12769 12798 12770
f 12770 12798 12799
f 12770 12799 12771
f 12771 12799 12800
f 12771 12800 12772
f 12772 12800 12801
f 12772 12801 12773
f 12773 12801 12802
f 12773 12802 12774
f 12774 12802 12803
f 12774 12803 12775
f 12775 12803 12804
f 12775 12804 12776
f 12776 12804 12805
f 12776 12805 12777
f 12777 12805 12806
f 12777 12806 12778
f 12778 12806 12807
f 12778 12807 12779
f 12779 12807 12808
f 12779 12808 12780
f 12780 12808 12809
f 12780 12809 12781
f 12781 12809 12810
f 12781 12810 12782
f 12782 12810 12811
f 12782 12811 12783
f 12783 12811 12812
f 12783 12812 12784
f 12784 12812 12813
f 12784 12813 12785
f 12785 12813 12814
f 12785 12814 12786
f 12786 12814 12815
f 12786 12815 12787
f 12787 12815 12816
f 12787 12816 12788
f 12788 12816 12817
f 12788 12817 12789
f 12789 12817 12818
f 12789 12818 12790
f 12790 12818 12819
f 12790 12819 12791
f 12791 12819 12820
f 12791 12820 12792
f 12792 12820 12821
f 12792 12821 12793
f 12793 12821 12822
f 12793 12822 12794
f 12794 12822 12823
f 12794 12823 12795
f 12795 12823 12824
f 12795 12824 12796
f 12796 12824 12797
f 12796 12797 12769
f 12797 12825 12826
f 12797 12826 12798
f 12798 12826 12827
f 12798 12827 12799
f 12799 12827 12828
f 12799 12828 12800
f 12800 12828 12829
f 12800 12829 12801
f 12801 12829 12830
f 12801 12830 12802
f 12802 12830 12831
f 12802 12831 12803
f 12803 12831 12832
f 12803 12832 12804
f 12804 12832 12833
f 12804 12833 12805
f 12805 12833 12834
f 12805 12834 12806
f 12806 12834 12835
f 12806 12835 12807
f 12807 12835 12836
f 12807 12836 12808
f 12808 12836 12837
f 12808 12837 12809
f 12809 12837 12838
f 12809 12838 12810
f 12810 12838 12839
f 12810 12839 12811
f 12811 12839 12840
f 12811 12840 12812
f 12812 12840 12841
f 12812 12841 12813
f 12813 12841 12842
f 12813 12842 12814
f 12814 12842 12843
f 12814 12843 12815
f 12815 12843 12844
f 12815 12844 12816
f 12816 12844 12845
f 12816 12845 12817
f 12817 12845 12846
f 12817 12846 12818
f 12818 12846 12847
f 12818 12847 12819
f 12819 12847 12848
f 12819 12848 12820
f 12820 12848 12849
f 12820 12849 12821
f 12821 12849 12850
f 12821 12850 12822
f 12822 12850 12851
f 12822 12851 12823
f 12823 12851 12852
f 12823 12852 12824
f 12824 12852 12825
f 12824 12825 12797
f 12825 12853 12854
f 12825 12854 12826
f 12826 12854 12855
f 12826 12855 12827
f 12827 12855 12856
f 12827 12856 12828
f 12828 12856 12857
f 12828 12857 12829
f 12829 12857 12858
f 12829 12858 12830
f 12830 12858 12859
f 12830 12859 12831
f 12831 12859 12860
f 12831 12860 12832
f 12832 12860 12861
f 12832 12861 12833
f 12833 12861 12862
f 12833 12862 12834
f 12834 12862 12863
f 12834 12863 12835
f 12835 12863 12864
f 12835 12864 12836
f 12836 12864 12865
f 12836 12865 12837
f 12837 12865 12866
f 12837 12866 12838
f 12838 12866 12867
f 12838 12867 12839
f 12839 12867 12868
f 12839 12868 12840
f 12840 12868 12869
f 12840 12869 12841
f 12841 12869 12870
f 12841 12870 12842
f 12842 12870 12871
f 12842 12871 12843
f 12843 12871 12872
f 12843 12872 12844
f 12844 12872 12873
f 12844 12873 12845
f 12845 12873 12874
f 12845 12874 12846
f 12846 12874 12875
f 12846 12875 12847
f 12847 12875 12876
f 12847 12876 12848
f 12848 12876 12877
f 12848 12877 12849
f 12849 12877 12878
f 12849 12878 12850
f 12850 12878 12879
f 12850 12879 12851
f 12851 12879 12880
f 12851 12880 12852
f 12852 12880 12853
f 12852 12853 12825
f 12853 12881 12882
f 12853 12882 12854
f 12854 12882 12883
f 12854 12883 12855
f 12855 12883 12884
f 12855 12884 12856
f 12856 12884 12885
f 12856 12885 12857
f 12857 12885 12886
f 12857 12886 12858
f 12858 12886 12887
f 12858 12887 12859
f 12859 12887 12888
f 12859 12888 12860
f 12860 12888 12889
f 12860 12889 12861
f 12861 12889 12890
f 12861 12890 12862
f 12862 12890 12891
f 12862 12891 12863
f 12863 12891 12892
f 12863 12892 12864
f 12864 12892 12893
f 12864 12893 12865
f 12865 12893 12894
f 12865 12894 12866
f 12866 12894 12895
f 12866 12895 12867
f 12867 12895 12896
f 12867 12896 12868
f 12868 12896 12897
f 12868 12897 12869
f 12869 12897 12898
f 12869 12898 12870
f 12870 12898 12899
f 12870 12899 12871
f 12871 12899 12900
f 12871 12900 12872
f 12872 12900 12901
f 12872 12901 12873
f 12873 12901 12902
f 12873 12902 12874
f 12874 12902 12903
f 12874 12903 12875
f 12875 12903 12904
f 12875 12904 12876
f 12876 12904 12905
f 12876 12905 12877
f 12877 12905 12906
f 12877 12906 12878
f 12878 12906 12907
f 12878 12907 12879
f 12879 12907 12908
f 12879 12908 12880
f 12880 12908 12881
f 12880 12881 12853
f 12881 12909 12910
f 12881 12910 12882
f 12882 12910 12911
f 12882 12911 12883
f 12883 12911 12912
f 12883 12912 12884
f 12884 12912 12913
f 12884 12913 12885
f 12885 12913 12914
f 12885 12914 12886
f 12886 12914 12915
f 12886 12915 12887
f 12887 12915 12916
f 12887 12916 12888
f 12888 12916 12917
f 12888 12917 12889
f 12889 12917 12918
f 12889 12918 12890
f 12890 12918 12919
f 12890 12919 12891
f 12891 12919 12920
f 12891 12920 12892
f 12892 12920 12921
f 12892 12921 12893
f 12893 12921 12922
f 12893 12922 12894
f 12894 12922 12923
f 12894 12923 12895
f 12895 12923 12924
f 12895 12924 12896
f 12896 12924 12925
f 12896 12925 12897
f 12897 12925 12926
f 12897 12926 12898
f 12898 12926 12927
f 12898 12927 12899
f 12899 12927 12928
f 12899 12928 12900
f 12900 12928 12929
f 12900 12929 12901
f 12901 12929 12930
f 12901 12930 12902
f 12902 12930 12931
f 12902 12931 12903
f 12903 12931 12932
f 12903 12932 12904
f 12904 12932 12933
f 12904 12933 12905
f 12905 12933 12934
f 12905 12934 12906
f 12906 12934 12935
f 12906 12935 12907
f 12907 12935 12936
f 12907 12936 12908
f 12908 12936 12909
f 12908 12909 12881
f 12909 12937 12938
f 12909 12938 12910
f 12910 12938 12939
f 12910 12939 12911
f 12911 12939 12940
f 12911 12940 12912
f 12912 12940 12941
f 12912 12941 12913
f 12913 12941 12942
f 12913 12942 12914
f 12914 12942 12943
f 12914 12943 12915
f 12915 12943 12944
f 12915 12944 12916
f 12916 12944 12945
f 12916 12945 12917
f 12917 12945 12946
f 12917 12946 12918
f 12918 12946 12947
f 12918 12947 12919
f 12919 12947 12948
f 12919 12948 12920
f 12920 12948 12949
f 12920 12949 12921
f 12921 12949 12950
f 12921 12950 12922
f 12922 12950 12951
f 12922 12951 12923
f 12923 12951 12952
f 12923 12952 12924
f 12924 12952 12953
f 12924 12953 12925
f 12925 12953 12954
f 12925 12954 12926
f 12926 12954 12955
f 12926 12955 12927
f 12927 12955 12956
f 12927 12956 12928
f 12928 12956 12957
f 12928 12957 12929
f 12929 12957 12958
f 12929 12958 12930
f 12930 12958 12959
f 12930 12959 12931
f 12931 12959 12960
f 12931 12960 12932
f 12932 12960 12961
f 12932 12961 12933
f 12933 12961 12962
f 12933 12962 12934
f 12934 12962 12963
f 12934 12963 12935
f 12935 12963 12964
f 12935 12964 12936
f 12936 12964 12937
f 12936 12937 12909
f 12937 12965 12966
f 12937 12966 12938
f 12938 12966 12967
f 12938 12967 12939
f 12939 12967 12968
f 12939 12968 12940
f 12940 12968 12969
f 12940 12969 12941
f 12941 12969 12970
f 12941 12970 12942
f 12942 12970 12971
f 12942 12971 12943
f 12943 12971 12972
f 12943 12972 12944
f 12944 12972 12973
f 12944 12973 12945
f 12945 12973 12974
f 12945 12974 12946
f 12946 12974 12975
f 12946 12975 12947
f 12947 12975 12976
f 12947 12976 12948
f 12948 12976 12977
f 12948 12977 12949
f 12949 12977 12978
f 12949 12978 12950
f 12950 12978 12979
f 12950 12979 12951
f 12951 12979 12980
f 12951 12980 12952
f 12952 12980 12981
f 12952 12981 12953
f 12953 12981 12982
f 12953 12982 12954
f 12954 12982 12983
f 12954 12983 12955
f 12955 12983 12984
f 12955 12984 12956
f 12956 12984 12985
f 12956 12985 12957
f 12957 12985 12986
f 12957 12986 12958
f 12958 12986 12987
f 12958 12987 12959
f 12959 12987 12988
f 12959 12988 12960
f 12960 12988 12989
f 12960 12989 12961
f 12961 12989 12990
f 12961 12990 12962
f 12962 12990 12991
f 12962 12991 12963
f 12963 12991 12992
f 12963 12992 12964
f 12964 12992 12965
f 12964 12965 12937
f 12965 12993 12994
f 12965 12994 12966
f 12966 12994 12995
f 12966 12995 12967
f 12967 12995 12996
f 12967 12996 12968
f 12968 12996 12997
f 12968 12997 12969
f 12969 12997 12998
f 12969 12998 12970
f 12970 12998 12999
f 12970 12999 12971
f 12971 12999 13000
f 12971 13000 12972
f 12972 13000 13001
f 12972 13001 12973
f 12973 13001 13002
f 12973 13002 12974
f 12974 13002 13003
f 12974 13003 12975
f 12975 13003 13004
f 12975 13004 12976
f 12976 13004 13005
f 12976 13005 12977
f 12977 13005 13006
f 12977 13006 12978
f 12978 13006 13007
f 12978 13007 12979
f 12979 13007 13008
f 12979 13008 12980
f 12980 13008 13009
f 12980 13009 12981
f 12981 13009 13010
f 12981 13010 12982
f 12982 13010 13011
f 12982 13011 12983
f 12983 13011 13012
f 12983 13012 12984
f 12984 13012 13013
f 12984 13013 12985
f 12985 13013 13014
f 12985 13014 12986
f 12986 13014 13015
f 12986 13015 12987
f 12987 13015 13016
f 12987 13016 12988
f 12988 13016 13017
f 12988 13017 12989
f 12989 13017 13018
f 12989 13018 12990
f 12990 13018 13019
f 12990 13019 12991
f 12991 13019 13020
f 12991 13020 12992
f 12992 13020 12993
f 12992 12993 12965
f 12993 13021 13022
f 12993 13022 12994
f 12994 13022 13023
f 12994 13023 12995
f 12995 13023 13024
f 12995 13024 12996
f 12996 13024 13025
f 12996 13025 12997
f 12997 13025 13026
f 12997 13026 12998
f 12998 13026 13027
f 12998 13027 12999
f 12999 13027 13028
f 12999 13028 13000
f 13000 13028 13029
f 13000 13029 13001
f 13001 13029 13030
f 13001 13030 13002
f 13002 13030 13031
f 13002 13031 13003
f 13003 13031 13032
f 13003 13032 13004
f 13004 13032 13033
f 13004 13033 13005
f 13005 13033 13034
f 13005 13034 13006
f 13006 13034 13035
f 13006 13035 13007
f 13007 13035 13036
f 13007 13036 13008
f 13008 13036 13037
f 13008 13037 13009
f 13009 13037 13038
f 13009 13038 13010
f 13010 13038 13039
f 13010 13039 13011
f 13011 13039 13040
f 13011 13040 13012
f 13012 13040 13041
f 13012 13041 13013
f 13013 13041 13042
f 13013 13042 13014
f 13014 13042 13043
f 13014 13043 13015
f 13015 13043 13044
f 13015 13044 13016
f 13016 13044 13045
f 13016 13045 13017
f 13017 13045 13046
f 13017 13046 13018
f 13018 13046 13047
f 13018 13047 13019
f 13019 13047 13048
f 13019 13048 13020
f 13020 13048 13021
f 13020 13021 12993
f 13021 13049 13050
f 13021 13050 13022
f 13022 13050 13051
f 13022 13051 13023
f 13023 13051 13052
f 13023 13052 13024
f 13024 13052 13053
f 13024 13053 13025
f 13025 13053 13054
f 13025 13054 13026
f 13026 13054 13055
f 13026 13055 13027
f 13027 13055 13056
f 13027 13056 13028
f 13028 13056 13057
f 13028 13057 13029
f 13029 13057 13058
f 13029 13058 13030
f 13030 13058 13059
f 13030 13059 13031
f 13031 13059 13060
f 13031 13060 13032
f 13032 13060 13061
f 13032 13061 13033
f 13033 13061 13062
f 13033 13062 13034
f 13034 13062 13063
f 13034 13063 13035
f 13035 13063 13064
f 13035 13064 13036
f 13036 13064 13065
f 13036 13065 13037
f 13037 13065 13066
f 13037 13066 13038
f 13038 13066 13067
f 13038 13067 13039
f 13039 13067 13068
f 13039 13068 13040
f 13040 13068 13069
f 13040 13069 13041
f 13041 13069 13070
f 13041 13070 13042
f 13042 13070 13071
f 13042 13071 13043
f 13043 13071 13072
f 13043 13072 13044
f 13044 13072 13073
f 13044 13073 13045
f 13045 13073 13074
f 13045 13074 13046
f 13046 13074 13075
f 13046 13075 13047
f 13047 13075 13076
f 13047 13076 13048
f 13048 13076 13049
f 13048 13049 13021
f 13049 13077 13078
f 13049 13078 13050
f 13050 13078 13079
f 13050 13079 13051
f 13051 13079 13080
f 13051 13080 13052
f 13052 13080 13081
f 13052 13081 13053
f 13053 13081 13082
f 13053 13082 13054
f 13054 13082 13083
f 13054 13083 13055
f 13055 13083 13084
f 13055 13084 13056
f 13056 13084 13085
f 13056 13085 13057
f 13057 13085 13086
f 13057 13086 13058
f 13058 13086 13087
f 13058 13087 13059
f 13059 13087 13088
f 13059 13088 13060
f 13060 13088 13089
f 13060 13089 13061
f 13061 13089 13090
f 13061 13090 13062
f 13062 13090 13091
f 13062 13091 13063
f 13063 13091 13092
f 13063 13092 13064
f 13064 13092 13093
f 13064 13093 13065
f 13065 13093 13094
f 13065 13094 13066
f 13066 13094 13095
f 13066 13095 13067
f 13067 13095 13096
f 13067 13096 13068
f 13068 13096 13097
f 13068 13097 13069
f 13069 13097 13098
f 13069 13098 13070
f 13070 13098 13099
f 13070 13099 13071
f 13071 13099 13100
f 13071 13100 13072
f 13072 13100 13101
f 13072 13101 13073
f 13073 13101 13102
f 13073 13102 13074
f 13074 13102 13103
f 13074 13103 13075
f 13075 13103 13104
f 13075 13104 13076
f 13076 13104 13077
f 13076 13077 13049
f 13077 13105 13106
f 13077 13106 13078
f 13078 13106 13107
f 13078 13107 13079
f 13079 13107 13108
f 13079 13108 13080
f 13080 13108 13109
f 13080 13109 13081
f 13081 13109 13110
f 13081 13110 13082
f 13082 13110 13111
f 13082 13111 13083
f 13083 13111 13112
f 13083 13112 13084
f 13084 13112 13113
f 13084 13113 13085
f 13085 13113 13114
f 13085 13114 13086
f 13086 13114 13115
f 13086 13115 13087
f 13087 13115 13116
f 13087 13116 13088
f 13088 13116 13117
f 13088 13117 13089
f 13089 13117 13118
f 13089 13118 13090
f 13090 13118 13119
f 13090 13119 13091
f 13091 13119 13120
f 13091 13120 13092
f 13092 13120 13121
f 13092 13121 13093
f 13093 13121 13122
f 13093 13122 13094
f 13094 13122 13123
f 13094 13123 13095
f 13095 13123 13124
f 13095 13124 13096
f 13096 13124 13125
f 13096 13125 13097
f 13097 13125 13126
f 13097 13126 13098
f 13098 13126 13127
f 13098 13127 13099
f 13099 13127 13128
f 13099 13128 13100
f 13100 13128 13129
f 13100 13129 13101
f 13101 13129 13130
f 13101 13130 13102
f 13102 13130 13131
f 13102 13131 13103
f 13103 13131 13132
f 13103 13132 13104
f 13104 13132 13105
f 13104 13105 13077
f 13105 13133 13134
f 13105 13134 13106
f 13106 13134 13135
f 13106 13135 13107
f 13107 13135 13136
f 13107 13136 13108
f 13108 13136 13137
f 13108 13137 13109
f 13109 13137 13138
f 13109 13138 13110
f 13110 13138 13139
f 13110 13139 13111
f 13111 13139 13140
f 13111 13140 13112
f 13112 13140 13141
f 13112 13141 13113
f 13113 13141 13142
f 13113 13142 13114
f 13114 13142 13143
f 13114 13143 13115
f 13115 13143 13144
f 13115 13144 13116
f 13116 13144 13145
f 13116 13145 13117
f 13117 13145 13146
f 13117 13146 13118
f 13118 13146 13147
f 13118 13147 13119
f 13119 13147 13148
f 13119 13148 13120
f 13120 13148 13149
f 13120 13149 13121
f 13121 13149 13150
f 13121 13150 13122
f 13122 13150 13151
f 13122 13151 13123
f 13123 13151 13152
f 13123 13152 13124
f 13124 13152 13153
f 13124 13153 13125
f 13125 13153 13154
f 13125 13154 13126
f 13126 13154 13155
f 13126 13155 13127
f 13127 13155 13156
f 13127 13156 13128
f 13128 13156 13157
f 13128 13157 13129
f 13129 13157 13158
f 13129 13158 13130
f 13130 13158 13159
f 13130 13159 13131
f 13131 13159 13160
f 13131 13160 13132
f 13132 13160 13133
f 13132 13133 13105
f 13133 13161 13162
f 13133 13162 13134
f 13134 13162 13163
f 13134 13163 13135
f 13135 13163 13164
f 13135 13164 13136
f 13136 13164 13165
f 13136 13165 13137
f 13137 13165 13166
f 13137 13166 13138
f 13138 13166 13167
f 13138 13167 13139
f 13139 13167 13168
f 13139 13168 13140
f 13140 13168 13169
f 13140 13169 13141
f 13141 13169 13170
f 13141 13170 13142
f 13142 13170 13171
f 13142 13171 13143
f 13143 13171 13172
f 13143 13172 13144
f 13144 13172 13173
f 13144 13173 13145
f 13145 13173 13174
f 13145 13174 13146
f 13146 13174 13175
f 13146 13175 13147
f 13147 13175 13176
f 13147 13176 13148
f 13148 13176 13177
f 13148 13177 13149
f 13149 13177 13178
f 13149 13178 13150
f 13150 13178 13179
f 13150 13179 13151
f 13151 13179 13180
f 13151 13180 13152
f 13152 13180 13181
f 13152 13181 13153
f 13153 13181 13182
f 13153 13182 13154
f 13154 13182 13183
f 13154 13183 13155
f 13155 13183 13184
f 13155 13184 13156
f 13156 13184 13185
f 13156 13185 13157
f 13157 13185 13186
f 13157 13186 13158
f 13158 13186 13187
f 13158 13187 13159
f 13159 13187 13188
f 13159 13188 13160
f 13160 13188 13161
f 13160 13161 13133
f 13161 13189 13190
f 13161 13190 13162
f 13162 13190 13191
f 13162 13191 13163
f 13163 13191 13192
f 13163 13192 13164
f 13164 13192 13193
f 13164 13193 13165
f 13165 13193 13194
f 13165 13194 13166
f 13166 13194 13195
f 13166 13195 13167
f 13167 13195 13196
f 13167 13196 13168
f 13168 13196 13197
f 13168 13197 13169
f 13169 13197 13198
f 13169 13198 13170
f 13170 13198 13199
f 13170 13199 13171
f 13171 13199 13200
f 13171 13200 13172
f 13172 13200 13201
f 13172 13201 13173
f 13173 13201 13202
f 13173 13202 13174
f 13174 13202 13203
f 13174 13203 13175
f 13175 13203 13204
f 13175 13204 13176
f 13176 13204 13205
f 13176 13205 13177
f 13177 13205 13206
f 13177 13206 13178
f 13178 13206 13207
f 13178 13207 13179
f 13179 13207 13208
f 13179 13208 13180
f 13180 13208 13209
f 13180 13209 13181
f 13181 13209 13210
f 13181 13210 13182
f 13182 13210 13211
f 13182 13211 13183
f 13183 13211 13212
f 13183 13212 13184
f 13184 13212 13213
f 13184 13213 13185
f 13185 13213 13214
f 13185 13214 13186
f 13186 13214 13215
f 13186 13215 13187
f 13187 13215 13216
f 13187 13216 13188
f 13188 13216 13189
f 13188 13189 13161
f 13189 13217 13218
f 13189 13218 13190
f 13190 13218 13219
f 13190 13219 13191
f 13191 13219 13220
f 13191 13220 13192
f 13192 13220 13221
f 13192 13221 13193
f 13193 13221 13222
f 13193 13222 13194
f 13194 13222 13223
f 13194 13223 13195
f 13195 13223 13224
f 13195 13224 13196
f 13196 13224 13225
f 13196 13225 13197
f 13197 13225 13226
f 13197 13226 13198
f 13198 13226 13227
f 13198 13227 13199
f 13199 13227 13228
f 13199 13228 13200
f 13200 13228 13229
f 13200 13229 13201
f 13201 13229 13230
f 13201 13230 13202
f 13202 13230 13231
f 13202 13231 13203
f 13203 13231 13232
f 13203 13232 13204
f 13204 13232 13233
f 13204 13233 13205
f 13205 13233 13234
f 13205 13234 13206
f 13206 13234 13235
f 13206 13235 13207
f 13207 13235 13236
f 13207 13236 13208
f 13208 13236 13237
f 13208 13237 13209
f 13209 13237 13238
f 13209 13238 13210
f 13210 13238 13239
f 13210 13239 13211
f 13211 13239 13240
f 13211 13240 13212
f 13212 13240 13241
f 13212 13241 13213
f 13213 13241 13242
f 13213 13242 13214
f 13214 13242 13243
f 13214 13243 13215
f 13215 13243 13244
f 13215 13244 13216
f 13216 13244 13217
f 13216 13217 13189
f 13217 13245 13246
f 13217 13246 13218
f 13218 13246 13247
f 13218 13247 13219
f 13219 13247 13248
f 13219 13248 13220
f 13220 13248 13249
f 13220 13249 13221
f 13221 13249 13250
f 13221 13250 13222
f 13222 13250 13251
f 13222 13251 13223
f 13223 13251 13252
f 13223 13252 13224
f 13224 13252 13253
f 13224 13253 13225
f 13225 13253 13254
f 13225 13254 13226
f 13226 13254 13255
f 13226 13255 13227
f 13227 13255 13256
f 13227 13256 13228
f 13228 13256 13257
f 13228 13257 13229
f 13229 13257 13258
f 13229 13258 13230
f 13230 13258 13259
f 13230 13259 13231
f 13231 13259 13260
f 13231 13260 13232
f 13232 13260 13261
f 13232 13261 13233
f 13233 13261 13262
f 13233 13262 13234
f 13234 13262 13263
f 13234 13263 13235
f 13235 13263 13264
f 13235 13264 13236
f 13236 13264 13265
f 13236 13265 13237
f 13237 13265 13266
f 13237 13266 13238
f 13238 13266 13267
f 13238 13267 13239
f 13239 13267 13268
f 13239 13268 13240
f 13240 13268 13269
f 13240 13269 13241
f 13241 13269 13270
f 13241 13270 13242
f 13242 13270 13271
f 13242 13271 13243
f 13243 13271 13272
f 13243 13272 13244
f 13244 13272 13245
f 13244 13245 13217
f 13245 13273 13274
f 13245 13274 13246
f 13246 13274 13275
f 13246 13275 13247
f 13247 13275 13276
f 13247 13276 13248
f 13248 13276 13277
f 13248 13277 13249
f 13249 13277 13278
f 13249 13278 13250
f 13250 13278 13279
f 13250 13279 13251
f 13251 13279 13280
f 13251 13280 13252
f 13252 13280 13281
f 13252 13281 13253
f 13253 13281 13282
f 13253 13282 13254
f 13254 13282 13283
f 13254 13283 13255
f 13255 13283 13284
f 13255 13284 13256
f 13256 13284 13285
f 13256 13285 13257
f 13257 13285 13286
f 13257 13286 13258
f 13258 13286 13287
f 13258 13287 13259
f 13259 13287 13288
f 13259 13288 13260
f 13260 13288 13289
f 13260 13289 13261
f 13261 13289 13290
f 13261 13290 13262
f 13262 13290 13291
f 13262 13291 13263
f 13263 13291 13292
f 13263 13292 13264
f 13264 13292 13293
f 13264 13293 13265
f 13265 13293 13294
f 13265 13294 13266
f 13266 13294 13295
f 13266 13295 13267
f 13267 13295 13296
f 13267 13296 13268
f 13268 13296 13297
f 13268 13297 13269
f 13269 13297 13298
f 13269 13298 13270
f 13270 13298 13299
f 13270 13299 13271
f 13271 13299 13300
f 13271 13300 13272
f 13272 13300 13273
f 13272 13273 13245
f 13273 13301 13302
f 13273 13302 13274
f 13274 13302 13303
f 13274 13303 13275
f 13275 13303 13304
f 13275 13304 13276
f 13276 13304 13305
f 13276 13305 13277
f 13277 13305 13306
f 13277 13306 13278
f 13278 13306 13307
f 13278 13307 13279
f 13279 13307 13308
f 13279 13308 13280
f 13280 13308 13309
f 13280 13309 13281
f 13281 13309 13310
f 13281 13310 13282
f 13282 13310 13311
f 13282 13311 13283
f 13283 13311 13312
f 13283 13312 13284
f 13284 13312 13313
f 13284 13313 13285
f 13285 13313 13314
f 13285 13314 13286
f 13286 13314 13315
f 13286 13315 13287
f 13287 13315 13316
f 13287 13316 13288
f 13288 13316 13317
f 13288 13317 13289
f 13289 13317 13318
f 13289 13318 13290
f 13290 13318 13319
f 13290 13319 13291
f 13291 13319 13320
f 13291 13320 13292
f 13292 13320 13321
f 13292 13321 13293
f 13293 13321 13322
f 13293 13322 13294
f 13294 13322 13323
f 13294 13323 13295
f 13295 13323 13324
f 13295 13324 13296
f 13296 13324 13325
f 13296 13325 13297
f 13297 13325 13326
f 13297 13326 13298
f 13298 13326 13327
f 13298 13327 13299
f 13299 13327 13328
f 13299 13328 13300
f 13300 13328 13301
f 13300 13301 13273
f 13301 13329 13330
f 13301 13330 13302
f 13302 13330 13331
f 13302 13331 13303
f 13303 13331 13332
f 13303 13332 13304
f 13304 13332 13333
f 13304 13333 13305
f 13305 13333 13334
f 13305 13334 13306
f 13306 13334 13335
f 13306 13335 13307
f 13307 13335 13336
f 13307 13336 13308
f 13308 13336 13337
f 13308 13337 13309
f 13309 13337 13338
f 13309 13338 13310
f 13310 13338 13339
f 13310 13339 13311
f 13311 13339 13340
f 13311 13340 13312
f 13312 13340 13341
f 13312 13341 13313
f 13313 13341 13342
f 13313 13342 13314
f 13314 13342 13343
f 13314 13343 13315
f 13315 13343 13344
f 13315 13344 13316
f 13316 13344 13345
f 13316 13345 13317
f 13317 13345 13346
f 13317 13346 13318
f 13318 13346 13347
f 13318 13347 13319
f 13319 13347 13348
f 13319 13348 13320
f 13320 13348 13349
f 13320 13349 13321
f 13321 13349 13350
f 13321 13350 13322
f 13322 13350 13351
f 13322 13351 13323
f 13323 13351 13352
f 13323 13352 13324
f 13324 13352 13353
f 13324 13353 13325
f 13325 13353 13354
f 13325 13354 13326
f 13326 13354 13355
f 13326 13355 13327
f 13327 13355 13356
f 13327 13356 13328
f 13328 13356 13329
f 13328 13329 13301
f 13329 13357 13358
f 13329 13358 13330
f 13330 13358 13359
f 13330 13359 13331
f 13331 13359 13360
f 13331 13360 13332
f 13332 13360 13361
f 13332 13361 13333
f 13333 13361 13362
f 13333 13362 13334
f 13334 13362 13363
f 13334 13363 13335
f 13335 13363 13364
f 13335 13364 13336
f 13336 13364 13365
f 13336 13365 13337
f 13337 13365 13366
f 13337 13366 13338
f 13338 13366 13367
f 13338 13367 13339
f 13339 13367 13368
f 13339 13368 13340
f 13340 13368 13369
f 13340 13369 13341
f 13341 13369 13370
f 13341 13370 13342
f 13342 13370 13371
f 13342 13371 13343
f 13343 13371 13372
f 13343 13372 13344
f 13344 13372 13373
f 13344 13373 13345
f 13345 13373 13374
f 13345 13374 13346
f 13346 13374 13375
f 13346 13375 13347
f 13347 13375 13376
f 13347 13376 13348
f 13348 13376 13377
f 13348 13377 13349
f 13349 13377 13378
f 13349 13378 13350
f 13350 13378 13379
f 13350 13379 13351
f 13351 13379 13380
f 13351 13380 13352
f 13352 13380 13381
f 13352 13381 13353
f 13353 13381 13382
f 13353 13382 13354
f 13354 13382 13383
f 13354 13383 13355
f 13355 13383 13384
f 13355 13384 13356
f 13356 13384 13357
f 13356 13357 13329
f 13357 13385 13386
f 13357 13386 13358
f 13358 13386 13387
f 13358 13387 13359
f 13359 13387 13388
f 13359 13388 13360
f 13360 13388 13389
f 13360 13389 13361
f 13361 13389 13390
f 13361 13390 13362
f 13362 13390 13391
f 13362 13391 13363
f 13363 13391 13392
f 13363 13392 13364
f 13364 13392 13393
f 13364 13393 13365
f 13365 13393 13394
f 13365 13394 13366
f 13366 13394 13395
f 13366 13395 13367
f 13367 13395 13396
f 13367 13396 13368
f 13368 13396 13397
f 13368 13397 13369
f 13369 13397 13398
f 13369 13398 13370
f 13370 13398 13399
f 13370 13399 13371
f 13371 13399 13400
f 13371 13400 13372
f 13372 13400 13401
f 13372 13401 13373
f 13373 13401 13402
f 13373 13402 13374
f 13374 13402 13403
f 13374 13403 13375
f 13375 13403 13404
f 13375 13404 13376
f 13376 13404 13405
f 13376 13405 13377
f 13377 13405 13406
f 13377 13406 13378
f 13378 13406 13407
f 13378 13407 13379
f 13379 13407 13408
f 13379 13408 13380
f 13380 13408 13409
f 13380 13409 13381
f 13381 13409 13410
f 13381 13410 13382
f 13382 13410 13411
f 13382 13411 13383
f 13383 13411 13412
f 13383 13412 13384
f 13384 13412 13385
f 13384 13385 13357
f 13385 13413 13414
f 13385 13414 13386
f 13386 13414 13415
f 13386 13415 13387
f 13387 13415 13416
f 13387 13416 13388
f 13388 13416 13417
f 13388 13417 13389
f 13389 13417 13418
f 13389 13418 13390
f 13390 13418 13419
f 13390 13419 13391
f 13391 13419 13420
f 13391 13420 13392
f 13392 13420 13421
f 13392 13421 13393
f 13393 13421 13422
f 13393 13422 13394
f 13394 13422 13423
f 13394 13423 13395
f 13395 13423 13424
f 13395 13424 13396
f 13396 13424 13425
f 13396 13425 13397
f 13397 13425 13426
f 13397 13426 13398
f 13398 13426 13427
f 13398 13427 13399
f 13399 13427 13428
f 13399 13428 13400
f 13400 13428 13429
f 13400 13429 13401
f 13401 13429 13430
f 13401 13430 13402
f 13402 13430 13431
f 13402 13431 13403
f 13403 13431 13432
f 13403 13432 13404
f 13404 13432 13433
f 13404 13433 13405
f 13405 13433 13434
f 13405 13434 13406
f 13406 13434 13435
f 13406 13435 13407
f 13407 13435 13436
f 13407 13436 13408
f 13408 13436 13437
f 13408 13437 13409
f 13409 13437 13438
f 13409 13438 13410
f 13410 13438 13439
f 13410 13439 13411
f 13411 13439 13440
f 13411 13440 13412
f 13412 13440 13413
f 13412 13413 13385
f 13413 6721 6722
f 13413 6722 13414
f 13414 6722 6723
f 13414 6723 13415
f 13415 6723 6724
f 13415 6724 13416
f 13416 6724 6725
f 13416 6725 13417
f 13417 6725 6726
f 13417 6726 13418
f 13418 6726 6727
f 13418 6727 13419
f 13419 6727 6728
f 13419 6728 13420
f 13420 6728 6729
f 13420 6729 13421
f 13421 6729 6730
f 13421 6730 13422
f 13422 6730 6731
f 13422 6731 13423
f 13423 6731 6732
f 13423 6732 13424
f 13424 6732 6733
f 13424 6733 13425
f 13425 6733 6734
f 13425 6734 13426
f 13426 6734 6735
f 13426 6735 13427
f 13427 6735 6736
f 13427 6736 13428
f 13428 6736 6737
f 13428 6737 13429
f 13429 6737 6738
f 13429 6738 13430
f 13430 6738 6739
f 13430 6739 13431
f 13431 6739 6740
f 13431 6740 13432
f 13432 6740 6741
f 13432 6741 13433
f 13433 6741 6742
f 13433 6742 13434
f 13434 6742 6743
f 13434 6743 13435
f 13435 6743 6744
f 13435 6744 13436
f 13436 6744 6745
f 13436 6745 13437
f 13437 6745 6746
f 13437 6746 13438
f 13438 6746 6747
f 13438 6747 13439
f 13439 6747 6748
f 13439 6748 13440
f 13440 6748 6721
f 13440 6721 13413
f 13441 13442 13443
f 13444 13445 13446
f 13447 13448 13449
f 13450 13451 13452
f 13453 13454 13455
f 13456 13457 13458
f 13459 13460 13461
f 13462 13463 13464
f 13465 13466 13467
f 13468 13469 13470
f 13471 13472 13473
f 13474 13475 13476
f 13477 13478 13479
f 13480 13481 13482
f 13483 13484 13485
f 13486 13487 13488
f 13489 13490 13491
f 13492 13493 13494
f 13495 13496 13497
f 13498 13499 13500
f 13501 13502 13503
f 13504 13505 13506
f 13507 13508 13509
f 13510 13511 13512
f 13513 13514 13515
f 13516 13517 13518
f 13519 13520 13521
f 13522 13523 13524
f 13525 13526 13527
f 13528 13529 13530
f 13531 13532 13533
f 13534 13535 13536
f 13537 13538 13539
f 13540 13541 13542
f 13543 13544 13545
f 13546 13547 13548
f 13549 13550 13551
f 13552 13553 13554
f 13555 13556 13557
f 13558 13559 13560
f 13561 13562 13563
f 13564 13565 13566
f 13567 13568 13569
f 13570 13571 13572
f 13573 13574 13575
f 13576 13577 13578
f 13579 13580 13581
f 13582 13583 13584
f 13585 13586 13587
f 13588 13589 13590
f 13591 13592 13593
f 13594 13595 13596
f 13597 13598 13599
f 13600 13601 13602
f 13603 13604 13605
f 13606 13607 13608
f 13609 13610 13611
f 13612 13613 13614
f 13615 13616 13617
f 13618 13619 13620
f 13621 13622 13623
f 13624 13625 13626
f 13627 13628 13629
f 13630 13631 13632
f 13633 13634 13635
f 13636 13637 13638
f 13639 13640 13641
f 13642 13643 13644
f 13645 13646 13647
f 13648 13649 13650
f 13651 13652 13653
f 13654 13655 13656
f 13657 13658 13659
f 13660 13661 13662
f 13663 13664 13665
f 13666 13667 13668
f 13669 13670 13671
f 13672 13673 13674
f 13675 13676 13677
f 13678 13679 13680
